ISO-10303-21;
HEADER;
FILE_DESCRIPTION(('Open CASCADE Model'),'2;1');
FILE_NAME('Open CASCADE Shape Model','2026-09-29T11:12:02',('Author'),(
    'Open CASCADE'),'Open CASCADE STEP processor 7.9','Open CASCADE 7.9'
  ,'Unknown');
FILE_SCHEMA(('AUTOMOTIVE_DESIGN { 1 0 10303 214 1 1 1 1 }'));
ENDSEC;
DATA;
#1 = APPLICATION_PROTOCOL_DEFINITION('international standard',
  'automotive_design',2000,#2);
#2 = APPLICATION_CONTEXT(
  'core data for automotive mechanical design processes');
#3 = SHAPE_DEFINITION_REPRESENTATION(#4,#10);
#4 = PRODUCT_DEFINITION_SHAPE('','',#5);
#5 = PRODUCT_DEFINITION('design','',#6,#9);
#6 = PRODUCT_DEFINITION_FORMATION('','',#7);
#7 = PRODUCT('Open CASCADE STEP translator 7.9 1',
  'Open CASCADE STEP translator 7.9 1','',(#8));
#8 = PRODUCT_CONTEXT('',#2,'mechanical');
#9 = PRODUCT_DEFINITION_CONTEXT('part definition',#2,'design');
#10 = ADVANCED_BREP_SHAPE_REPRESENTATION('',(#11,#15),#6552);
#11 = AXIS2_PLACEMENT_3D('',#12,#13,#14);
#12 = CARTESIAN_POINT('',(0.,0.,0.));
#13 = DIRECTION('',(0.,0.,1.));
#14 = DIRECTION('',(1.,0.,-0.));
#15 = MANIFOLD_SOLID_BREP('',#16);
#16 = CLOSED_SHELL('',(#17,#468,#879,#974,#1000,#1027,#1133,#1313,#1441,
    #1490,#1516,#1567,#1911,#2036,#2067,#2099,#2105,#2181,#2365,#2392,
    #2603,#2646,#2653,#2759,#2859,#2908,#2935,#2984,#3148,#3334,#3362,
    #3441,#3520,#3569,#3648,#3743,#3792,#3841,#3868,#3927,#4007,#4056,
    #4110,#4159,#4212,#4239,#4294,#4349,#4420,#4470,#4520,#4547,#4574,
    #4703,#4730,#4781,#4857,#4906,#4955,#4982,#5058,#5107,#5156,#5183,
    #5211,#5239,#5246,#5256,#5327,#5334,#5389,#5444,#5451,#5458,#5947,
    #6436,#6466,#6496,#6524));
#17 = ADVANCED_FACE('',(#18),#32,.T.);
#18 = FACE_BOUND('',#19,.T.);
#19 = EDGE_LOOP('',(#20,#55,#83,#111,#139,#167,#195,#223,#251,#279,#307,
    #335,#363,#391,#419,#447));
#20 = ORIENTED_EDGE('',*,*,#21,.T.);
#21 = EDGE_CURVE('',#22,#24,#26,.T.);
#22 = VERTEX_POINT('',#23);
#23 = CARTESIAN_POINT('',(31.05,-4.2175,25.6));
#24 = VERTEX_POINT('',#25);
#25 = CARTESIAN_POINT('',(31.05,-4.2175,0.));
#26 = SURFACE_CURVE('',#27,(#31,#43),.PCURVE_S1.);
#27 = LINE('',#28,#29);
#28 = CARTESIAN_POINT('',(31.05,-4.2175,25.6));
#29 = VECTOR('',#30,1.);
#30 = DIRECTION('',(0.,0.,-1.));
#31 = PCURVE('',#32,#37);
#32 = PLANE('',#33);
#33 = AXIS2_PLACEMENT_3D('',#34,#35,#36);
#34 = CARTESIAN_POINT('',(-59.986,-4.2175,-53.224));
#35 = DIRECTION('',(-0.,1.,0.));
#36 = DIRECTION('',(0.,0.,1.));
#37 = DEFINITIONAL_REPRESENTATION('',(#38),#42);
#38 = LINE('',#39,#40);
#39 = CARTESIAN_POINT('',(78.824,91.036));
#40 = VECTOR('',#41,1.);
#41 = DIRECTION('',(-1.,0.));
#42 = ( GEOMETRIC_REPRESENTATION_CONTEXT(2) 
PARAMETRIC_REPRESENTATION_CONTEXT() REPRESENTATION_CONTEXT('2D SPACE',''
  ) );
#43 = PCURVE('',#44,#49);
#44 = PLANE('',#45);
#45 = AXIS2_PLACEMENT_3D('',#46,#47,#48);
#46 = CARTESIAN_POINT('',(31.05,-20.869,23.2));
#47 = DIRECTION('',(1.,0.,-0.));
#48 = DIRECTION('',(0.,0.,1.));
#49 = DEFINITIONAL_REPRESENTATION('',(#50),#54);
#50 = LINE('',#51,#52);
#51 = CARTESIAN_POINT('',(2.4,-16.6515));
#52 = VECTOR('',#53,1.);
#53 = DIRECTION('',(-1.,0.));
#54 = ( GEOMETRIC_REPRESENTATION_CONTEXT(2) 
PARAMETRIC_REPRESENTATION_CONTEXT() REPRESENTATION_CONTEXT('2D SPACE',''
  ) );
#55 = ORIENTED_EDGE('',*,*,#56,.F.);
#56 = EDGE_CURVE('',#57,#24,#59,.T.);
#57 = VERTEX_POINT('',#58);
#58 = CARTESIAN_POINT('',(19.19906231343,-4.2175,0.));
#59 = SURFACE_CURVE('',#60,(#64,#71),.PCURVE_S1.);
#60 = LINE('',#61,#62);
#61 = CARTESIAN_POINT('',(18.,-4.2175,0.));
#62 = VECTOR('',#63,1.);
#63 = DIRECTION('',(1.,0.,-0.));
#64 = PCURVE('',#32,#65);
#65 = DEFINITIONAL_REPRESENTATION('',(#66),#70);
#66 = LINE('',#67,#68);
#67 = CARTESIAN_POINT('',(53.224,77.986));
#68 = VECTOR('',#69,1.);
#69 = DIRECTION('',(0.,1.));
#70 = ( GEOMETRIC_REPRESENTATION_CONTEXT(2) 
PARAMETRIC_REPRESENTATION_CONTEXT() REPRESENTATION_CONTEXT('2D SPACE',''
  ) );
#71 = PCURVE('',#72,#77);
#72 = PLANE('',#73);
#73 = AXIS2_PLACEMENT_3D('',#74,#75,#76);
#74 = CARTESIAN_POINT('',(18.,-20.869,0.));
#75 = DIRECTION('',(0.,0.,1.));
#76 = DIRECTION('',(1.,0.,-0.));
#77 = DEFINITIONAL_REPRESENTATION('',(#78),#82);
#78 = LINE('',#79,#80);
#79 = CARTESIAN_POINT('',(0.,16.6515));
#80 = VECTOR('',#81,1.);
#81 = DIRECTION('',(1.,0.));
#82 = ( GEOMETRIC_REPRESENTATION_CONTEXT(2) 
PARAMETRIC_REPRESENTATION_CONTEXT() REPRESENTATION_CONTEXT('2D SPACE',''
  ) );
#83 = ORIENTED_EDGE('',*,*,#84,.T.);
#84 = EDGE_CURVE('',#57,#85,#87,.T.);
#85 = VERTEX_POINT('',#86);
#86 = CARTESIAN_POINT('',(19.19906231343,-4.2175,-8.445209939367E-05));
#87 = SURFACE_CURVE('',#88,(#92,#99),.PCURVE_S1.);
#88 = LINE('',#89,#90);
#89 = CARTESIAN_POINT('',(19.19906231343,-4.2175,-53.26734592237));
#90 = VECTOR('',#91,1.);
#91 = DIRECTION('',(0.,0.,-1.));
#92 = PCURVE('',#32,#93);
#93 = DEFINITIONAL_REPRESENTATION('',(#94),#98);
#94 = LINE('',#95,#96);
#95 = CARTESIAN_POINT('',(-4.334592237E-02,79.18506231343));
#96 = VECTOR('',#97,1.);
#97 = DIRECTION('',(-1.,0.));
#98 = ( GEOMETRIC_REPRESENTATION_CONTEXT(2) 
PARAMETRIC_REPRESENTATION_CONTEXT() REPRESENTATION_CONTEXT('2D SPACE',''
  ) );
#99 = PCURVE('',#100,#105);
#100 = PLANE('',#101);
#101 = AXIS2_PLACEMENT_3D('',#102,#103,#104);
#102 = CARTESIAN_POINT('',(19.19906231343,68.985680113233,
    -53.31069184474));
#103 = DIRECTION('',(-1.,0.,0.));
#104 = DIRECTION('',(0.,-1.,0.));
#105 = DEFINITIONAL_REPRESENTATION('',(#106),#110);
#106 = LINE('',#107,#108);
#107 = CARTESIAN_POINT('',(73.203180113233,4.334592237E-02));
#108 = VECTOR('',#109,1.);
#109 = DIRECTION('',(0.,-1.));
#110 = ( GEOMETRIC_REPRESENTATION_CONTEXT(2) 
PARAMETRIC_REPRESENTATION_CONTEXT() REPRESENTATION_CONTEXT('2D SPACE',''
  ) );
#111 = ORIENTED_EDGE('',*,*,#112,.F.);
#112 = EDGE_CURVE('',#113,#85,#115,.T.);
#113 = VERTEX_POINT('',#114);
#114 = CARTESIAN_POINT('',(18.199292945755,-4.2175,-8.445209942209E-05)
  );
#115 = SURFACE_CURVE('',#116,(#120,#127),.PCURVE_S1.);
#116 = LINE('',#117,#118);
#117 = CARTESIAN_POINT('',(-20.89346884328,-4.2175,-8.445209941144E-05)
  );
#118 = VECTOR('',#119,1.);
#119 = DIRECTION('',(1.,0.,0.));
#120 = PCURVE('',#32,#121);
#121 = DEFINITIONAL_REPRESENTATION('',(#122),#126);
#122 = LINE('',#123,#124);
#123 = CARTESIAN_POINT('',(53.223915547901,39.09253115672));
#124 = VECTOR('',#125,1.);
#125 = DIRECTION('',(0.,1.));
#126 = ( GEOMETRIC_REPRESENTATION_CONTEXT(2) 
PARAMETRIC_REPRESENTATION_CONTEXT() REPRESENTATION_CONTEXT('2D SPACE',''
  ) );
#127 = PCURVE('',#128,#133);
#128 = PLANE('',#129);
#129 = AXIS2_PLACEMENT_3D('',#130,#131,#132);
#130 = CARTESIAN_POINT('',(18.19906231343,-4.217148812192,
    -3.150844244999E-04));
#131 = DIRECTION('',(0.,-0.548931455238,-0.835867368337));
#132 = DIRECTION('',(-1.,-0.,0.));
#133 = DEFINITIONAL_REPRESENTATION('',(#134),#138);
#134 = LINE('',#135,#136);
#135 = CARTESIAN_POINT('',(39.09253115671,-4.201477667013E-04));
#136 = VECTOR('',#137,1.);
#137 = DIRECTION('',(-1.,0.));
#138 = ( GEOMETRIC_REPRESENTATION_CONTEXT(2) 
PARAMETRIC_REPRESENTATION_CONTEXT() REPRESENTATION_CONTEXT('2D SPACE',''
  ) );
#139 = ORIENTED_EDGE('',*,*,#140,.F.);
#140 = EDGE_CURVE('',#141,#113,#143,.T.);
#141 = VERTEX_POINT('',#142);
#142 = CARTESIAN_POINT('',(18.19906231343,-4.2175,-3.150844244999E-04));
#143 = SURFACE_CURVE('',#144,(#148,#155),.PCURVE_S1.);
#144 = LINE('',#145,#146);
#145 = CARTESIAN_POINT('',(-14.40312449382,-4.2175,-32.60250189167));
#146 = VECTOR('',#147,1.);
#147 = DIRECTION('',(0.707106781187,0.,0.707106781187));
#148 = PCURVE('',#32,#149);
#149 = DEFINITIONAL_REPRESENTATION('',(#150),#154);
#150 = LINE('',#151,#152);
#151 = CARTESIAN_POINT('',(20.62149810833,45.58287550618));
#152 = VECTOR('',#153,1.);
#153 = DIRECTION('',(0.707106781187,0.707106781187));
#154 = ( GEOMETRIC_REPRESENTATION_CONTEXT(2) 
PARAMETRIC_REPRESENTATION_CONTEXT() REPRESENTATION_CONTEXT('2D SPACE',''
  ) );
#155 = PCURVE('',#156,#161);
#156 = PLANE('',#157);
#157 = AXIS2_PLACEMENT_3D('',#158,#159,#160);
#158 = CARTESIAN_POINT('',(18.69906231343,-16.07094710269,0.499684915576
    ));
#159 = DIRECTION('',(0.707106781187,0.,-0.707106781187));
#160 = DIRECTION('',(0.707106781187,0.,0.707106781187));
#161 = DEFINITIONAL_REPRESENTATION('',(#162),#166);
#162 = LINE('',#163,#164);
#163 = CARTESIAN_POINT('',(-46.81356152701,-11.85344710269));
#164 = VECTOR('',#165,1.);
#165 = DIRECTION('',(1.,0.));
#166 = ( GEOMETRIC_REPRESENTATION_CONTEXT(2) 
PARAMETRIC_REPRESENTATION_CONTEXT() REPRESENTATION_CONTEXT('2D SPACE',''
  ) );
#167 = ORIENTED_EDGE('',*,*,#168,.F.);
#168 = EDGE_CURVE('',#169,#141,#171,.T.);
#169 = VERTEX_POINT('',#170);
#170 = CARTESIAN_POINT('',(-18.19948216244,-4.2175,-3.150844244999E-04)
  );
#171 = SURFACE_CURVE('',#172,(#176,#183),.PCURVE_S1.);
#172 = LINE('',#173,#174);
#173 = CARTESIAN_POINT('',(-20.39346884328,-4.2175,-3.150844244981E-04)
  );
#174 = VECTOR('',#175,1.);
#175 = DIRECTION('',(1.,0.,0.));
#176 = PCURVE('',#32,#177);
#177 = DEFINITIONAL_REPRESENTATION('',(#178),#182);
#178 = LINE('',#179,#180);
#179 = CARTESIAN_POINT('',(53.223684915575,39.59253115672));
#180 = VECTOR('',#181,1.);
#181 = DIRECTION('',(0.,1.));
#182 = ( GEOMETRIC_REPRESENTATION_CONTEXT(2) 
PARAMETRIC_REPRESENTATION_CONTEXT() REPRESENTATION_CONTEXT('2D SPACE',''
  ) );
#183 = PCURVE('',#184,#189);
#184 = PLANE('',#185);
#185 = AXIS2_PLACEMENT_3D('',#186,#187,#188);
#186 = CARTESIAN_POINT('',(19.19906231343,-24.21714881219,
    -3.150844244999E-04));
#187 = DIRECTION('',(0.,0.,-1.));
#188 = DIRECTION('',(0.,1.,0.));
#189 = DEFINITIONAL_REPRESENTATION('',(#190),#194);
#190 = LINE('',#191,#192);
#191 = CARTESIAN_POINT('',(19.99964881219,-39.59253115671));
#192 = VECTOR('',#193,1.);
#193 = DIRECTION('',(0.,1.));
#194 = ( GEOMETRIC_REPRESENTATION_CONTEXT(2) 
PARAMETRIC_REPRESENTATION_CONTEXT() REPRESENTATION_CONTEXT('2D SPACE',''
  ) );
#195 = ORIENTED_EDGE('',*,*,#196,.F.);
#196 = EDGE_CURVE('',#197,#169,#199,.T.);
#197 = VERTEX_POINT('',#198);
#198 = CARTESIAN_POINT('',(-18.19971279476,-4.2175,-8.445209935815E-05)
  );
#199 = SURFACE_CURVE('',#200,(#204,#211),.PCURVE_S1.);
#200 = LINE('',#201,#202);
#201 = CARTESIAN_POINT('',(-15.59019039293,-4.2175,-2.60960685393));
#202 = VECTOR('',#203,1.);
#203 = DIRECTION('',(0.707106781186,0.,-0.707106781187));
#204 = PCURVE('',#32,#205);
#205 = DEFINITIONAL_REPRESENTATION('',(#206),#210);
#206 = LINE('',#207,#208);
#207 = CARTESIAN_POINT('',(50.61439314607,44.39580960707));
#208 = VECTOR('',#209,1.);
#209 = DIRECTION('',(-0.707106781187,0.707106781186));
#210 = ( GEOMETRIC_REPRESENTATION_CONTEXT(2) 
PARAMETRIC_REPRESENTATION_CONTEXT() REPRESENTATION_CONTEXT('2D SPACE',''
  ) );
#211 = PCURVE('',#212,#217);
#212 = PLANE('',#213);
#213 = AXIS2_PLACEMENT_3D('',#214,#215,#216);
#214 = CARTESIAN_POINT('',(-18.69948216244,-16.07094710269,
    0.499684915576));
#215 = DIRECTION('',(-0.707106781187,0.,-0.707106781186));
#216 = DIRECTION('',(-0.707106781186,0.,0.707106781187));
#217 = DEFINITIONAL_REPRESENTATION('',(#218),#222);
#218 = LINE('',#219,#220);
#219 = CARTESIAN_POINT('',(-4.397202589813,11.85344710269));
#220 = VECTOR('',#221,1.);
#221 = DIRECTION('',(-1.,0.));
#222 = ( GEOMETRIC_REPRESENTATION_CONTEXT(2) 
PARAMETRIC_REPRESENTATION_CONTEXT() REPRESENTATION_CONTEXT('2D SPACE',''
  ) );
#223 = ORIENTED_EDGE('',*,*,#224,.F.);
#224 = EDGE_CURVE('',#225,#197,#227,.T.);
#225 = VERTEX_POINT('',#226);
#226 = CARTESIAN_POINT('',(-19.19948216244,-4.2175,-8.445209940788E-05)
  );
#227 = SURFACE_CURVE('',#228,(#232,#239),.PCURVE_S1.);
#228 = LINE('',#229,#230);
#229 = CARTESIAN_POINT('',(-20.89346884328,-4.2175,-8.445209941144E-05)
  );
#230 = VECTOR('',#231,1.);
#231 = DIRECTION('',(1.,0.,0.));
#232 = PCURVE('',#32,#233);
#233 = DEFINITIONAL_REPRESENTATION('',(#234),#238);
#234 = LINE('',#235,#236);
#235 = CARTESIAN_POINT('',(53.223915547901,39.09253115672));
#236 = VECTOR('',#237,1.);
#237 = DIRECTION('',(0.,1.));
#238 = ( GEOMETRIC_REPRESENTATION_CONTEXT(2) 
PARAMETRIC_REPRESENTATION_CONTEXT() REPRESENTATION_CONTEXT('2D SPACE',''
  ) );
#239 = PCURVE('',#240,#245);
#240 = PLANE('',#241);
#241 = AXIS2_PLACEMENT_3D('',#242,#243,#244);
#242 = CARTESIAN_POINT('',(18.19906231343,-4.217148812192,
    -3.150844244999E-04));
#243 = DIRECTION('',(0.,-0.548931455238,-0.835867368337));
#244 = DIRECTION('',(-1.,-0.,0.));
#245 = DEFINITIONAL_REPRESENTATION('',(#246),#250);
#246 = LINE('',#247,#248);
#247 = CARTESIAN_POINT('',(39.09253115671,-4.201477667013E-04));
#248 = VECTOR('',#249,1.);
#249 = DIRECTION('',(-1.,0.));
#250 = ( GEOMETRIC_REPRESENTATION_CONTEXT(2) 
PARAMETRIC_REPRESENTATION_CONTEXT() REPRESENTATION_CONTEXT('2D SPACE',''
  ) );
#251 = ORIENTED_EDGE('',*,*,#252,.F.);
#252 = EDGE_CURVE('',#253,#225,#255,.T.);
#253 = VERTEX_POINT('',#254);
#254 = CARTESIAN_POINT('',(-19.19948216244,-4.2175,0.));
#255 = SURFACE_CURVE('',#256,(#260,#267),.PCURVE_S1.);
#256 = LINE('',#257,#258);
#257 = CARTESIAN_POINT('',(-19.19948216244,-4.2175,-32.28918431191));
#258 = VECTOR('',#259,1.);
#259 = DIRECTION('',(0.,0.,-1.));
#260 = PCURVE('',#32,#261);
#261 = DEFINITIONAL_REPRESENTATION('',(#262),#266);
#262 = LINE('',#263,#264);
#263 = CARTESIAN_POINT('',(20.93481568809,40.78651783756));
#264 = VECTOR('',#265,1.);
#265 = DIRECTION('',(-1.,0.));
#266 = ( GEOMETRIC_REPRESENTATION_CONTEXT(2) 
PARAMETRIC_REPRESENTATION_CONTEXT() REPRESENTATION_CONTEXT('2D SPACE',''
  ) );
#267 = PCURVE('',#268,#273);
#268 = PLANE('',#269);
#269 = AXIS2_PLACEMENT_3D('',#270,#271,#272);
#270 = CARTESIAN_POINT('',(-19.19948216244,28.630405450773,
    -11.35436862383));
#271 = DIRECTION('',(-1.,0.,0.));
#272 = DIRECTION('',(0.,0.96592663781,0.258816016447));
#273 = DEFINITIONAL_REPRESENTATION('',(#274),#278);
#274 = LINE('',#275,#276);
#275 = CARTESIAN_POINT('',(-37.14693247259,11.71993209336));
#276 = VECTOR('',#277,1.);
#277 = DIRECTION('',(-0.258816016447,0.96592663781));
#278 = ( GEOMETRIC_REPRESENTATION_CONTEXT(2) 
PARAMETRIC_REPRESENTATION_CONTEXT() REPRESENTATION_CONTEXT('2D SPACE',''
  ) );
#279 = ORIENTED_EDGE('',*,*,#280,.F.);
#280 = EDGE_CURVE('',#281,#253,#283,.T.);
#281 = VERTEX_POINT('',#282);
#282 = CARTESIAN_POINT('',(-31.05,-4.2175,0.));
#283 = SURFACE_CURVE('',#284,(#288,#295),.PCURVE_S1.);
#284 = LINE('',#285,#286);
#285 = CARTESIAN_POINT('',(-31.05,-4.2175,0.));
#286 = VECTOR('',#287,1.);
#287 = DIRECTION('',(1.,0.,-0.));
#288 = PCURVE('',#32,#289);
#289 = DEFINITIONAL_REPRESENTATION('',(#290),#294);
#290 = LINE('',#291,#292);
#291 = CARTESIAN_POINT('',(53.224,28.936));
#292 = VECTOR('',#293,1.);
#293 = DIRECTION('',(0.,1.));
#294 = ( GEOMETRIC_REPRESENTATION_CONTEXT(2) 
PARAMETRIC_REPRESENTATION_CONTEXT() REPRESENTATION_CONTEXT('2D SPACE',''
  ) );
#295 = PCURVE('',#296,#301);
#296 = PLANE('',#297);
#297 = AXIS2_PLACEMENT_3D('',#298,#299,#300);
#298 = CARTESIAN_POINT('',(-31.05,-20.869,0.));
#299 = DIRECTION('',(0.,0.,1.));
#300 = DIRECTION('',(1.,0.,-0.));
#301 = DEFINITIONAL_REPRESENTATION('',(#302),#306);
#302 = LINE('',#303,#304);
#303 = CARTESIAN_POINT('',(0.,16.6515));
#304 = VECTOR('',#305,1.);
#305 = DIRECTION('',(1.,0.));
#306 = ( GEOMETRIC_REPRESENTATION_CONTEXT(2) 
PARAMETRIC_REPRESENTATION_CONTEXT() REPRESENTATION_CONTEXT('2D SPACE',''
  ) );
#307 = ORIENTED_EDGE('',*,*,#308,.T.);
#308 = EDGE_CURVE('',#281,#309,#311,.T.);
#309 = VERTEX_POINT('',#310);
#310 = CARTESIAN_POINT('',(-31.05,-4.2175,25.6));
#311 = SURFACE_CURVE('',#312,(#316,#323),.PCURVE_S1.);
#312 = LINE('',#313,#314);
#313 = CARTESIAN_POINT('',(-31.05,-4.2175,0.));
#314 = VECTOR('',#315,1.);
#315 = DIRECTION('',(0.,0.,1.));
#316 = PCURVE('',#32,#317);
#317 = DEFINITIONAL_REPRESENTATION('',(#318),#322);
#318 = LINE('',#319,#320);
#319 = CARTESIAN_POINT('',(53.224,28.936));
#320 = VECTOR('',#321,1.);
#321 = DIRECTION('',(1.,0.));
#322 = ( GEOMETRIC_REPRESENTATION_CONTEXT(2) 
PARAMETRIC_REPRESENTATION_CONTEXT() REPRESENTATION_CONTEXT('2D SPACE',''
  ) );
#323 = PCURVE('',#324,#329);
#324 = PLANE('',#325);
#325 = AXIS2_PLACEMENT_3D('',#326,#327,#328);
#326 = CARTESIAN_POINT('',(-31.05,-21.5,25.6));
#327 = DIRECTION('',(1.,0.,-0.));
#328 = DIRECTION('',(0.,0.,1.));
#329 = DEFINITIONAL_REPRESENTATION('',(#330),#334);
#330 = LINE('',#331,#332);
#331 = CARTESIAN_POINT('',(-25.6,-17.2825));
#332 = VECTOR('',#333,1.);
#333 = DIRECTION('',(1.,0.));
#334 = ( GEOMETRIC_REPRESENTATION_CONTEXT(2) 
PARAMETRIC_REPRESENTATION_CONTEXT() REPRESENTATION_CONTEXT('2D SPACE',''
  ) );
#335 = ORIENTED_EDGE('',*,*,#336,.F.);
#336 = EDGE_CURVE('',#337,#309,#339,.T.);
#337 = VERTEX_POINT('',#338);
#338 = CARTESIAN_POINT('',(-18.,-4.2175,25.6));
#339 = SURFACE_CURVE('',#340,(#344,#351),.PCURVE_S1.);
#340 = LINE('',#341,#342);
#341 = CARTESIAN_POINT('',(-31.05,-4.2175,25.6));
#342 = VECTOR('',#343,1.);
#343 = DIRECTION('',(-1.,-0.,0.));
#344 = PCURVE('',#32,#345);
#345 = DEFINITIONAL_REPRESENTATION('',(#346),#350);
#346 = LINE('',#347,#348);
#347 = CARTESIAN_POINT('',(78.824,28.936));
#348 = VECTOR('',#349,1.);
#349 = DIRECTION('',(0.,-1.));
#350 = ( GEOMETRIC_REPRESENTATION_CONTEXT(2) 
PARAMETRIC_REPRESENTATION_CONTEXT() REPRESENTATION_CONTEXT('2D SPACE',''
  ) );
#351 = PCURVE('',#352,#357);
#352 = PLANE('',#353);
#353 = AXIS2_PLACEMENT_3D('',#354,#355,#356);
#354 = CARTESIAN_POINT('',(-31.05,-21.5,25.6));
#355 = DIRECTION('',(0.,0.,1.));
#356 = DIRECTION('',(1.,0.,-0.));
#357 = DEFINITIONAL_REPRESENTATION('',(#358),#362);
#358 = LINE('',#359,#360);
#359 = CARTESIAN_POINT('',(0.,17.2825));
#360 = VECTOR('',#361,1.);
#361 = DIRECTION('',(-1.,0.));
#362 = ( GEOMETRIC_REPRESENTATION_CONTEXT(2) 
PARAMETRIC_REPRESENTATION_CONTEXT() REPRESENTATION_CONTEXT('2D SPACE',''
  ) );
#363 = ORIENTED_EDGE('',*,*,#364,.F.);
#364 = EDGE_CURVE('',#365,#337,#367,.T.);
#365 = VERTEX_POINT('',#366);
#366 = CARTESIAN_POINT('',(-18.,-4.2175,24.037163281334));
#367 = SURFACE_CURVE('',#368,(#372,#379),.PCURVE_S1.);
#368 = LINE('',#369,#370);
#369 = CARTESIAN_POINT('',(-18.,-4.2175,23.2));
#370 = VECTOR('',#371,1.);
#371 = DIRECTION('',(0.,0.,1.));
#372 = PCURVE('',#32,#373);
#373 = DEFINITIONAL_REPRESENTATION('',(#374),#378);
#374 = LINE('',#375,#376);
#375 = CARTESIAN_POINT('',(76.424,41.986));
#376 = VECTOR('',#377,1.);
#377 = DIRECTION('',(1.,0.));
#378 = ( GEOMETRIC_REPRESENTATION_CONTEXT(2) 
PARAMETRIC_REPRESENTATION_CONTEXT() REPRESENTATION_CONTEXT('2D SPACE',''
  ) );
#379 = PCURVE('',#380,#385);
#380 = PLANE('',#381);
#381 = AXIS2_PLACEMENT_3D('',#382,#383,#384);
#382 = CARTESIAN_POINT('',(-18.,-20.869,23.2));
#383 = DIRECTION('',(1.,0.,-0.));
#384 = DIRECTION('',(0.,0.,1.));
#385 = DEFINITIONAL_REPRESENTATION('',(#386),#390);
#386 = LINE('',#387,#388);
#387 = CARTESIAN_POINT('',(0.,-16.6515));
#388 = VECTOR('',#389,1.);
#389 = DIRECTION('',(1.,0.));
#390 = ( GEOMETRIC_REPRESENTATION_CONTEXT(2) 
PARAMETRIC_REPRESENTATION_CONTEXT() REPRESENTATION_CONTEXT('2D SPACE',''
  ) );
#391 = ORIENTED_EDGE('',*,*,#392,.F.);
#392 = EDGE_CURVE('',#393,#365,#395,.T.);
#393 = VERTEX_POINT('',#394);
#394 = CARTESIAN_POINT('',(18.,-4.2175,24.037163281334));
#395 = SURFACE_CURVE('',#396,(#400,#407),.PCURVE_S1.);
#396 = LINE('',#397,#398);
#397 = CARTESIAN_POINT('',(19.19906231343,-4.2175,24.037163281334));
#398 = VECTOR('',#399,1.);
#399 = DIRECTION('',(-1.,0.,0.));
#400 = PCURVE('',#32,#401);
#401 = DEFINITIONAL_REPRESENTATION('',(#402),#406);
#402 = LINE('',#403,#404);
#403 = CARTESIAN_POINT('',(77.261163281334,79.18506231343));
#404 = VECTOR('',#405,1.);
#405 = DIRECTION('',(0.,-1.));
#406 = ( GEOMETRIC_REPRESENTATION_CONTEXT(2) 
PARAMETRIC_REPRESENTATION_CONTEXT() REPRESENTATION_CONTEXT('2D SPACE',''
  ) );
#407 = PCURVE('',#408,#413);
#408 = CYLINDRICAL_SURFACE('',#409,2.);
#409 = AXIS2_PLACEMENT_3D('',#410,#411,#412);
#410 = CARTESIAN_POINT('',(19.19906231343,-6.217148812192,
    23.999684915575));
#411 = DIRECTION('',(-1.,0.,0.));
#412 = DIRECTION('',(0.,0.707106781187,0.707106781187));
#413 = DEFINITIONAL_REPRESENTATION('',(#414),#418);
#414 = LINE('',#415,#416);
#415 = CARTESIAN_POINT('',(0.766657883612,0.));
#416 = VECTOR('',#417,1.);
#417 = DIRECTION('',(0.,1.));
#418 = ( GEOMETRIC_REPRESENTATION_CONTEXT(2) 
PARAMETRIC_REPRESENTATION_CONTEXT() REPRESENTATION_CONTEXT('2D SPACE',''
  ) );
#419 = ORIENTED_EDGE('',*,*,#420,.T.);
#420 = EDGE_CURVE('',#393,#421,#423,.T.);
#421 = VERTEX_POINT('',#422);
#422 = CARTESIAN_POINT('',(18.,-4.2175,25.6));
#423 = SURFACE_CURVE('',#424,(#428,#435),.PCURVE_S1.);
#424 = LINE('',#425,#426);
#425 = CARTESIAN_POINT('',(18.,-4.2175,23.2));
#426 = VECTOR('',#427,1.);
#427 = DIRECTION('',(0.,0.,1.));
#428 = PCURVE('',#32,#429);
#429 = DEFINITIONAL_REPRESENTATION('',(#430),#434);
#430 = LINE('',#431,#432);
#431 = CARTESIAN_POINT('',(76.424,77.986));
#432 = VECTOR('',#433,1.);
#433 = DIRECTION('',(1.,0.));
#434 = ( GEOMETRIC_REPRESENTATION_CONTEXT(2) 
PARAMETRIC_REPRESENTATION_CONTEXT() REPRESENTATION_CONTEXT('2D SPACE',''
  ) );
#435 = PCURVE('',#436,#441);
#436 = PLANE('',#437);
#437 = AXIS2_PLACEMENT_3D('',#438,#439,#440);
#438 = CARTESIAN_POINT('',(18.,-20.869,23.2));
#439 = DIRECTION('',(1.,0.,-0.));
#440 = DIRECTION('',(0.,0.,1.));
#441 = DEFINITIONAL_REPRESENTATION('',(#442),#446);
#442 = LINE('',#443,#444);
#443 = CARTESIAN_POINT('',(0.,-16.6515));
#444 = VECTOR('',#445,1.);
#445 = DIRECTION('',(1.,0.));
#446 = ( GEOMETRIC_REPRESENTATION_CONTEXT(2) 
PARAMETRIC_REPRESENTATION_CONTEXT() REPRESENTATION_CONTEXT('2D SPACE',''
  ) );
#447 = ORIENTED_EDGE('',*,*,#448,.F.);
#448 = EDGE_CURVE('',#22,#421,#449,.T.);
#449 = SURFACE_CURVE('',#450,(#454,#461),.PCURVE_S1.);
#450 = LINE('',#451,#452);
#451 = CARTESIAN_POINT('',(-6.525,-4.2175,25.6));
#452 = VECTOR('',#453,1.);
#453 = DIRECTION('',(-1.,-0.,0.));
#454 = PCURVE('',#32,#455);
#455 = DEFINITIONAL_REPRESENTATION('',(#456),#460);
#456 = LINE('',#457,#458);
#457 = CARTESIAN_POINT('',(78.824,53.461));
#458 = VECTOR('',#459,1.);
#459 = DIRECTION('',(0.,-1.));
#460 = ( GEOMETRIC_REPRESENTATION_CONTEXT(2) 
PARAMETRIC_REPRESENTATION_CONTEXT() REPRESENTATION_CONTEXT('2D SPACE',''
  ) );
#461 = PCURVE('',#352,#462);
#462 = DEFINITIONAL_REPRESENTATION('',(#463),#467);
#463 = LINE('',#464,#465);
#464 = CARTESIAN_POINT('',(24.525,17.2825));
#465 = VECTOR('',#466,1.);
#466 = DIRECTION('',(-1.,0.));
#467 = ( GEOMETRIC_REPRESENTATION_CONTEXT(2) 
PARAMETRIC_REPRESENTATION_CONTEXT() REPRESENTATION_CONTEXT('2D SPACE',''
  ) );
#468 = ADVANCED_FACE('',(#469),#44,.T.);
#469 = FACE_BOUND('',#470,.T.);
#470 = EDGE_LOOP('',(#471,#501,#529,#557,#585,#613,#634,#635,#658,#686,
    #713,#741,#769,#797,#825,#853));
#471 = ORIENTED_EDGE('',*,*,#472,.F.);
#472 = EDGE_CURVE('',#473,#475,#477,.T.);
#473 = VERTEX_POINT('',#474);
#474 = CARTESIAN_POINT('',(31.05,-20.869,23.2));
#475 = VERTEX_POINT('',#476);
#476 = CARTESIAN_POINT('',(31.05,-20.869,25.6));
#477 = SURFACE_CURVE('',#478,(#482,#489),.PCURVE_S1.);
#478 = LINE('',#479,#480);
#479 = CARTESIAN_POINT('',(31.05,-20.869,23.2));
#480 = VECTOR('',#481,1.);
#481 = DIRECTION('',(0.,0.,1.));
#482 = PCURVE('',#44,#483);
#483 = DEFINITIONAL_REPRESENTATION('',(#484),#488);
#484 = LINE('',#485,#486);
#485 = CARTESIAN_POINT('',(0.,0.));
#486 = VECTOR('',#487,1.);
#487 = DIRECTION('',(1.,0.));
#488 = ( GEOMETRIC_REPRESENTATION_CONTEXT(2) 
PARAMETRIC_REPRESENTATION_CONTEXT() REPRESENTATION_CONTEXT('2D SPACE',''
  ) );
#489 = PCURVE('',#490,#495);
#490 = PLANE('',#491);
#491 = AXIS2_PLACEMENT_3D('',#492,#493,#494);
#492 = CARTESIAN_POINT('',(18.,-20.869,23.2));
#493 = DIRECTION('',(-0.,1.,0.));
#494 = DIRECTION('',(0.,0.,1.));
#495 = DEFINITIONAL_REPRESENTATION('',(#496),#500);
#496 = LINE('',#497,#498);
#497 = CARTESIAN_POINT('',(0.,13.05));
#498 = VECTOR('',#499,1.);
#499 = DIRECTION('',(1.,0.));
#500 = ( GEOMETRIC_REPRESENTATION_CONTEXT(2) 
PARAMETRIC_REPRESENTATION_CONTEXT() REPRESENTATION_CONTEXT('2D SPACE',''
  ) );
#501 = ORIENTED_EDGE('',*,*,#502,.T.);
#502 = EDGE_CURVE('',#473,#503,#505,.T.);
#503 = VERTEX_POINT('',#504);
#504 = CARTESIAN_POINT('',(31.05,-10.717,23.2));
#505 = SURFACE_CURVE('',#506,(#510,#517),.PCURVE_S1.);
#506 = LINE('',#507,#508);
#507 = CARTESIAN_POINT('',(31.05,-20.869,23.2));
#508 = VECTOR('',#509,1.);
#509 = DIRECTION('',(-0.,1.,0.));
#510 = PCURVE('',#44,#511);
#511 = DEFINITIONAL_REPRESENTATION('',(#512),#516);
#512 = LINE('',#513,#514);
#513 = CARTESIAN_POINT('',(0.,0.));
#514 = VECTOR('',#515,1.);
#515 = DIRECTION('',(0.,-1.));
#516 = ( GEOMETRIC_REPRESENTATION_CONTEXT(2) 
PARAMETRIC_REPRESENTATION_CONTEXT() REPRESENTATION_CONTEXT('2D SPACE',''
  ) );
#517 = PCURVE('',#518,#523);
#518 = PLANE('',#519);
#519 = AXIS2_PLACEMENT_3D('',#520,#521,#522);
#520 = CARTESIAN_POINT('',(18.,-20.869,23.2));
#521 = DIRECTION('',(0.,0.,1.));
#522 = DIRECTION('',(1.,0.,-0.));
#523 = DEFINITIONAL_REPRESENTATION('',(#524),#528);
#524 = LINE('',#525,#526);
#525 = CARTESIAN_POINT('',(13.05,0.));
#526 = VECTOR('',#527,1.);
#527 = DIRECTION('',(0.,1.));
#528 = ( GEOMETRIC_REPRESENTATION_CONTEXT(2) 
PARAMETRIC_REPRESENTATION_CONTEXT() REPRESENTATION_CONTEXT('2D SPACE',''
  ) );
#529 = ORIENTED_EDGE('',*,*,#530,.F.);
#530 = EDGE_CURVE('',#531,#503,#533,.T.);
#531 = VERTEX_POINT('',#532);
#532 = CARTESIAN_POINT('',(31.05,-10.717,2.8));
#533 = SURFACE_CURVE('',#534,(#538,#545),.PCURVE_S1.);
#534 = LINE('',#535,#536);
#535 = CARTESIAN_POINT('',(31.05,-10.717,2.7));
#536 = VECTOR('',#537,1.);
#537 = DIRECTION('',(0.,0.,1.));
#538 = PCURVE('',#44,#539);
#539 = DEFINITIONAL_REPRESENTATION('',(#540),#544);
#540 = LINE('',#541,#542);
#541 = CARTESIAN_POINT('',(-20.5,-10.152));
#542 = VECTOR('',#543,1.);
#543 = DIRECTION('',(1.,0.));
#544 = ( GEOMETRIC_REPRESENTATION_CONTEXT(2) 
PARAMETRIC_REPRESENTATION_CONTEXT() REPRESENTATION_CONTEXT('2D SPACE',''
  ) );
#545 = PCURVE('',#546,#551);
#546 = PLANE('',#547);
#547 = AXIS2_PLACEMENT_3D('',#548,#549,#550);
#548 = CARTESIAN_POINT('',(18.,-10.717,2.7));
#549 = DIRECTION('',(-0.,1.,0.));
#550 = DIRECTION('',(0.,0.,1.));
#551 = DEFINITIONAL_REPRESENTATION('',(#552),#556);
#552 = LINE('',#553,#554);
#553 = CARTESIAN_POINT('',(0.,13.05));
#554 = VECTOR('',#555,1.);
#555 = DIRECTION('',(1.,0.));
#556 = ( GEOMETRIC_REPRESENTATION_CONTEXT(2) 
PARAMETRIC_REPRESENTATION_CONTEXT() REPRESENTATION_CONTEXT('2D SPACE',''
  ) );
#557 = ORIENTED_EDGE('',*,*,#558,.F.);
#558 = EDGE_CURVE('',#559,#531,#561,.T.);
#559 = VERTEX_POINT('',#560);
#560 = CARTESIAN_POINT('',(31.05,-20.869,2.8));
#561 = SURFACE_CURVE('',#562,(#566,#573),.PCURVE_S1.);
#562 = LINE('',#563,#564);
#563 = CARTESIAN_POINT('',(31.05,-20.869,2.8));
#564 = VECTOR('',#565,1.);
#565 = DIRECTION('',(-0.,1.,0.));
#566 = PCURVE('',#44,#567);
#567 = DEFINITIONAL_REPRESENTATION('',(#568),#572);
#568 = LINE('',#569,#570);
#569 = CARTESIAN_POINT('',(-20.4,0.));
#570 = VECTOR('',#571,1.);
#571 = DIRECTION('',(0.,-1.));
#572 = ( GEOMETRIC_REPRESENTATION_CONTEXT(2) 
PARAMETRIC_REPRESENTATION_CONTEXT() REPRESENTATION_CONTEXT('2D SPACE',''
  ) );
#573 = PCURVE('',#574,#579);
#574 = PLANE('',#575);
#575 = AXIS2_PLACEMENT_3D('',#576,#577,#578);
#576 = CARTESIAN_POINT('',(18.,-20.869,2.8));
#577 = DIRECTION('',(0.,0.,1.));
#578 = DIRECTION('',(1.,0.,-0.));
#579 = DEFINITIONAL_REPRESENTATION('',(#580),#584);
#580 = LINE('',#581,#582);
#581 = CARTESIAN_POINT('',(13.05,0.));
#582 = VECTOR('',#583,1.);
#583 = DIRECTION('',(0.,1.));
#584 = ( GEOMETRIC_REPRESENTATION_CONTEXT(2) 
PARAMETRIC_REPRESENTATION_CONTEXT() REPRESENTATION_CONTEXT('2D SPACE',''
  ) );
#585 = ORIENTED_EDGE('',*,*,#586,.F.);
#586 = EDGE_CURVE('',#587,#559,#589,.T.);
#587 = VERTEX_POINT('',#588);
#588 = CARTESIAN_POINT('',(31.05,-20.869,0.));
#589 = SURFACE_CURVE('',#590,(#594,#601),.PCURVE_S1.);
#590 = LINE('',#591,#592);
#591 = CARTESIAN_POINT('',(31.05,-20.869,0.));
#592 = VECTOR('',#593,1.);
#593 = DIRECTION('',(0.,0.,1.));
#594 = PCURVE('',#44,#595);
#595 = DEFINITIONAL_REPRESENTATION('',(#596),#600);
#596 = LINE('',#597,#598);
#597 = CARTESIAN_POINT('',(-23.2,0.));
#598 = VECTOR('',#599,1.);
#599 = DIRECTION('',(1.,0.));
#600 = ( GEOMETRIC_REPRESENTATION_CONTEXT(2) 
PARAMETRIC_REPRESENTATION_CONTEXT() REPRESENTATION_CONTEXT('2D SPACE',''
  ) );
#601 = PCURVE('',#602,#607);
#602 = PLANE('',#603);
#603 = AXIS2_PLACEMENT_3D('',#604,#605,#606);
#604 = CARTESIAN_POINT('',(18.,-20.869,0.));
#605 = DIRECTION('',(-0.,1.,0.));
#606 = DIRECTION('',(0.,0.,1.));
#607 = DEFINITIONAL_REPRESENTATION('',(#608),#612);
#608 = LINE('',#609,#610);
#609 = CARTESIAN_POINT('',(0.,13.05));
#610 = VECTOR('',#611,1.);
#611 = DIRECTION('',(1.,0.));
#612 = ( GEOMETRIC_REPRESENTATION_CONTEXT(2) 
PARAMETRIC_REPRESENTATION_CONTEXT() REPRESENTATION_CONTEXT('2D SPACE',''
  ) );
#613 = ORIENTED_EDGE('',*,*,#614,.T.);
#614 = EDGE_CURVE('',#587,#24,#615,.T.);
#615 = SURFACE_CURVE('',#616,(#620,#627),.PCURVE_S1.);
#616 = LINE('',#617,#618);
#617 = CARTESIAN_POINT('',(31.05,-20.869,0.));
#618 = VECTOR('',#619,1.);
#619 = DIRECTION('',(-0.,1.,0.));
#620 = PCURVE('',#44,#621);
#621 = DEFINITIONAL_REPRESENTATION('',(#622),#626);
#622 = LINE('',#623,#624);
#623 = CARTESIAN_POINT('',(-23.2,0.));
#624 = VECTOR('',#625,1.);
#625 = DIRECTION('',(0.,-1.));
#626 = ( GEOMETRIC_REPRESENTATION_CONTEXT(2) 
PARAMETRIC_REPRESENTATION_CONTEXT() REPRESENTATION_CONTEXT('2D SPACE',''
  ) );
#627 = PCURVE('',#72,#628);
#628 = DEFINITIONAL_REPRESENTATION('',(#629),#633);
#629 = LINE('',#630,#631);
#630 = CARTESIAN_POINT('',(13.05,0.));
#631 = VECTOR('',#632,1.);
#632 = DIRECTION('',(0.,1.));
#633 = ( GEOMETRIC_REPRESENTATION_CONTEXT(2) 
PARAMETRIC_REPRESENTATION_CONTEXT() REPRESENTATION_CONTEXT('2D SPACE',''
  ) );
#634 = ORIENTED_EDGE('',*,*,#21,.F.);
#635 = ORIENTED_EDGE('',*,*,#636,.F.);
#636 = EDGE_CURVE('',#637,#22,#639,.T.);
#637 = VERTEX_POINT('',#638);
#638 = CARTESIAN_POINT('',(31.05,27.5,25.6));
#639 = SURFACE_CURVE('',#640,(#644,#651),.PCURVE_S1.);
#640 = LINE('',#641,#642);
#641 = CARTESIAN_POINT('',(31.05,27.5,25.6));
#642 = VECTOR('',#643,1.);
#643 = DIRECTION('',(0.,-1.,0.));
#644 = PCURVE('',#44,#645);
#645 = DEFINITIONAL_REPRESENTATION('',(#646),#650);
#646 = LINE('',#647,#648);
#647 = CARTESIAN_POINT('',(2.4,-48.369));
#648 = VECTOR('',#649,1.);
#649 = DIRECTION('',(0.,1.));
#650 = ( GEOMETRIC_REPRESENTATION_CONTEXT(2) 
PARAMETRIC_REPRESENTATION_CONTEXT() REPRESENTATION_CONTEXT('2D SPACE',''
  ) );
#651 = PCURVE('',#352,#652);
#652 = DEFINITIONAL_REPRESENTATION('',(#653),#657);
#653 = LINE('',#654,#655);
#654 = CARTESIAN_POINT('',(62.1,49.));
#655 = VECTOR('',#656,1.);
#656 = DIRECTION('',(0.,-1.));
#657 = ( GEOMETRIC_REPRESENTATION_CONTEXT(2) 
PARAMETRIC_REPRESENTATION_CONTEXT() REPRESENTATION_CONTEXT('2D SPACE',''
  ) );
#658 = ORIENTED_EDGE('',*,*,#659,.T.);
#659 = EDGE_CURVE('',#637,#660,#662,.T.);
#660 = VERTEX_POINT('',#661);
#661 = CARTESIAN_POINT('',(31.05,27.5,30.));
#662 = SURFACE_CURVE('',#663,(#667,#674),.PCURVE_S1.);
#663 = LINE('',#664,#665);
#664 = CARTESIAN_POINT('',(31.05,27.5,25.6));
#665 = VECTOR('',#666,1.);
#666 = DIRECTION('',(0.,0.,1.));
#667 = PCURVE('',#44,#668);
#668 = DEFINITIONAL_REPRESENTATION('',(#669),#673);
#669 = LINE('',#670,#671);
#670 = CARTESIAN_POINT('',(2.4,-48.369));
#671 = VECTOR('',#672,1.);
#672 = DIRECTION('',(1.,0.));
#673 = ( GEOMETRIC_REPRESENTATION_CONTEXT(2) 
PARAMETRIC_REPRESENTATION_CONTEXT() REPRESENTATION_CONTEXT('2D SPACE',''
  ) );
#674 = PCURVE('',#675,#680);
#675 = PLANE('',#676);
#676 = AXIS2_PLACEMENT_3D('',#677,#678,#679);
#677 = CARTESIAN_POINT('',(-31.05,27.5,25.6));
#678 = DIRECTION('',(-0.,1.,0.));
#679 = DIRECTION('',(0.,0.,1.));
#680 = DEFINITIONAL_REPRESENTATION('',(#681),#685);
#681 = LINE('',#682,#683);
#682 = CARTESIAN_POINT('',(0.,62.1));
#683 = VECTOR('',#684,1.);
#684 = DIRECTION('',(1.,0.));
#685 = ( GEOMETRIC_REPRESENTATION_CONTEXT(2) 
PARAMETRIC_REPRESENTATION_CONTEXT() REPRESENTATION_CONTEXT('2D SPACE',''
  ) );
#686 = ORIENTED_EDGE('',*,*,#687,.T.);
#687 = EDGE_CURVE('',#660,#688,#690,.T.);
#688 = VERTEX_POINT('',#689);
#689 = CARTESIAN_POINT('',(31.05,26.5,30.));
#690 = SURFACE_CURVE('',#691,(#695,#702),.PCURVE_S1.);
#691 = LINE('',#692,#693);
#692 = CARTESIAN_POINT('',(31.05,1.5605,30.));
#693 = VECTOR('',#694,1.);
#694 = DIRECTION('',(0.,-1.,0.));
#695 = PCURVE('',#44,#696);
#696 = DEFINITIONAL_REPRESENTATION('',(#697),#701);
#697 = LINE('',#698,#699);
#698 = CARTESIAN_POINT('',(6.8,-22.4295));
#699 = VECTOR('',#700,1.);
#700 = DIRECTION('',(0.,1.));
#701 = ( GEOMETRIC_REPRESENTATION_CONTEXT(2) 
PARAMETRIC_REPRESENTATION_CONTEXT() REPRESENTATION_CONTEXT('2D SPACE',''
  ) );
#702 = PCURVE('',#703,#708);
#703 = PLANE('',#704);
#704 = AXIS2_PLACEMENT_3D('',#705,#706,#707);
#705 = CARTESIAN_POINT('',(-31.06,23.99,30.));
#706 = DIRECTION('',(0.,0.,1.));
#707 = DIRECTION('',(1.,0.,-0.));
#708 = DEFINITIONAL_REPRESENTATION('',(#709),#712);
#709 = B_SPLINE_CURVE_WITH_KNOTS('',1,(#710,#711),.UNSPECIFIED.,.F.,.F.,
  (2,2),(-25.9395,-22.4295),.PIECEWISE_BEZIER_KNOTS.);
#710 = CARTESIAN_POINT('',(62.11,3.51));
#711 = CARTESIAN_POINT('',(62.11,0.));
#712 = ( GEOMETRIC_REPRESENTATION_CONTEXT(2) 
PARAMETRIC_REPRESENTATION_CONTEXT() REPRESENTATION_CONTEXT('2D SPACE',''
  ) );
#713 = ORIENTED_EDGE('',*,*,#714,.T.);
#714 = EDGE_CURVE('',#688,#715,#717,.T.);
#715 = VERTEX_POINT('',#716);
#716 = CARTESIAN_POINT('',(31.05,26.5,44.));
#717 = SURFACE_CURVE('',#718,(#722,#729),.PCURVE_S1.);
#718 = LINE('',#719,#720);
#719 = CARTESIAN_POINT('',(31.05,26.5,29.8));
#720 = VECTOR('',#721,1.);
#721 = DIRECTION('',(0.,0.,1.));
#722 = PCURVE('',#44,#723);
#723 = DEFINITIONAL_REPRESENTATION('',(#724),#728);
#724 = LINE('',#725,#726);
#725 = CARTESIAN_POINT('',(6.6,-47.369));
#726 = VECTOR('',#727,1.);
#727 = DIRECTION('',(1.,0.));
#728 = ( GEOMETRIC_REPRESENTATION_CONTEXT(2) 
PARAMETRIC_REPRESENTATION_CONTEXT() REPRESENTATION_CONTEXT('2D SPACE',''
  ) );
#729 = PCURVE('',#730,#735);
#730 = PLANE('',#731);
#731 = AXIS2_PLACEMENT_3D('',#732,#733,#734);
#732 = CARTESIAN_POINT('',(-31.05,26.5,29.8));
#733 = DIRECTION('',(-0.,1.,0.));
#734 = DIRECTION('',(0.,0.,1.));
#735 = DEFINITIONAL_REPRESENTATION('',(#736),#740);
#736 = LINE('',#737,#738);
#737 = CARTESIAN_POINT('',(0.,62.1));
#738 = VECTOR('',#739,1.);
#739 = DIRECTION('',(1.,0.));
#740 = ( GEOMETRIC_REPRESENTATION_CONTEXT(2) 
PARAMETRIC_REPRESENTATION_CONTEXT() REPRESENTATION_CONTEXT('2D SPACE',''
  ) );
#741 = ORIENTED_EDGE('',*,*,#742,.F.);
#742 = EDGE_CURVE('',#743,#715,#745,.T.);
#743 = VERTEX_POINT('',#744);
#744 = CARTESIAN_POINT('',(31.05,23.,44.));
#745 = SURFACE_CURVE('',#746,(#750,#757),.PCURVE_S1.);
#746 = LINE('',#747,#748);
#747 = CARTESIAN_POINT('',(31.05,23.,44.));
#748 = VECTOR('',#749,1.);
#749 = DIRECTION('',(-0.,1.,0.));
#750 = PCURVE('',#44,#751);
#751 = DEFINITIONAL_REPRESENTATION('',(#752),#756);
#752 = LINE('',#753,#754);
#753 = CARTESIAN_POINT('',(20.8,-43.869));
#754 = VECTOR('',#755,1.);
#755 = DIRECTION('',(0.,-1.));
#756 = ( GEOMETRIC_REPRESENTATION_CONTEXT(2) 
PARAMETRIC_REPRESENTATION_CONTEXT() REPRESENTATION_CONTEXT('2D SPACE',''
  ) );
#757 = PCURVE('',#758,#763);
#758 = PLANE('',#759);
#759 = AXIS2_PLACEMENT_3D('',#760,#761,#762);
#760 = CARTESIAN_POINT('',(-31.05,23.,44.));
#761 = DIRECTION('',(0.,0.,1.));
#762 = DIRECTION('',(1.,0.,-0.));
#763 = DEFINITIONAL_REPRESENTATION('',(#764),#768);
#764 = LINE('',#765,#766);
#765 = CARTESIAN_POINT('',(62.1,0.));
#766 = VECTOR('',#767,1.);
#767 = DIRECTION('',(0.,1.));
#768 = ( GEOMETRIC_REPRESENTATION_CONTEXT(2) 
PARAMETRIC_REPRESENTATION_CONTEXT() REPRESENTATION_CONTEXT('2D SPACE',''
  ) );
#769 = ORIENTED_EDGE('',*,*,#770,.F.);
#770 = EDGE_CURVE('',#771,#743,#773,.T.);
#771 = VERTEX_POINT('',#772);
#772 = CARTESIAN_POINT('',(31.05,23.,30.));
#773 = SURFACE_CURVE('',#774,(#778,#785),.PCURVE_S1.);
#774 = LINE('',#775,#776);
#775 = CARTESIAN_POINT('',(31.05,23.,29.8));
#776 = VECTOR('',#777,1.);
#777 = DIRECTION('',(0.,0.,1.));
#778 = PCURVE('',#44,#779);
#779 = DEFINITIONAL_REPRESENTATION('',(#780),#784);
#780 = LINE('',#781,#782);
#781 = CARTESIAN_POINT('',(6.6,-43.869));
#782 = VECTOR('',#783,1.);
#783 = DIRECTION('',(1.,0.));
#784 = ( GEOMETRIC_REPRESENTATION_CONTEXT(2) 
PARAMETRIC_REPRESENTATION_CONTEXT() REPRESENTATION_CONTEXT('2D SPACE',''
  ) );
#785 = PCURVE('',#786,#791);
#786 = PLANE('',#787);
#787 = AXIS2_PLACEMENT_3D('',#788,#789,#790);
#788 = CARTESIAN_POINT('',(-31.05,23.,29.8));
#789 = DIRECTION('',(-0.,1.,0.));
#790 = DIRECTION('',(0.,0.,1.));
#791 = DEFINITIONAL_REPRESENTATION('',(#792),#796);
#792 = LINE('',#793,#794);
#793 = CARTESIAN_POINT('',(0.,62.1));
#794 = VECTOR('',#795,1.);
#795 = DIRECTION('',(1.,0.));
#796 = ( GEOMETRIC_REPRESENTATION_CONTEXT(2) 
PARAMETRIC_REPRESENTATION_CONTEXT() REPRESENTATION_CONTEXT('2D SPACE',''
  ) );
#797 = ORIENTED_EDGE('',*,*,#798,.T.);
#798 = EDGE_CURVE('',#771,#799,#801,.T.);
#799 = VERTEX_POINT('',#800);
#800 = CARTESIAN_POINT('',(31.05,-21.5,30.));
#801 = SURFACE_CURVE('',#802,(#806,#813),.PCURVE_S1.);
#802 = LINE('',#803,#804);
#803 = CARTESIAN_POINT('',(31.05,24.,30.));
#804 = VECTOR('',#805,1.);
#805 = DIRECTION('',(0.,-1.,0.));
#806 = PCURVE('',#44,#807);
#807 = DEFINITIONAL_REPRESENTATION('',(#808),#812);
#808 = LINE('',#809,#810);
#809 = CARTESIAN_POINT('',(6.8,-44.869));
#810 = VECTOR('',#811,1.);
#811 = DIRECTION('',(0.,1.));
#812 = ( GEOMETRIC_REPRESENTATION_CONTEXT(2) 
PARAMETRIC_REPRESENTATION_CONTEXT() REPRESENTATION_CONTEXT('2D SPACE',''
  ) );
#813 = PCURVE('',#814,#819);
#814 = PLANE('',#815);
#815 = AXIS2_PLACEMENT_3D('',#816,#817,#818);
#816 = CARTESIAN_POINT('',(-31.05,-21.5,30.));
#817 = DIRECTION('',(0.,0.,1.));
#818 = DIRECTION('',(1.,0.,-0.));
#819 = DEFINITIONAL_REPRESENTATION('',(#820),#824);
#820 = LINE('',#821,#822);
#821 = CARTESIAN_POINT('',(62.1,45.5));
#822 = VECTOR('',#823,1.);
#823 = DIRECTION('',(0.,-1.));
#824 = ( GEOMETRIC_REPRESENTATION_CONTEXT(2) 
PARAMETRIC_REPRESENTATION_CONTEXT() REPRESENTATION_CONTEXT('2D SPACE',''
  ) );
#825 = ORIENTED_EDGE('',*,*,#826,.F.);
#826 = EDGE_CURVE('',#827,#799,#829,.T.);
#827 = VERTEX_POINT('',#828);
#828 = CARTESIAN_POINT('',(31.05,-21.5,25.6));
#829 = SURFACE_CURVE('',#830,(#834,#841),.PCURVE_S1.);
#830 = LINE('',#831,#832);
#831 = CARTESIAN_POINT('',(31.05,-21.5,25.6));
#832 = VECTOR('',#833,1.);
#833 = DIRECTION('',(0.,0.,1.));
#834 = PCURVE('',#44,#835);
#835 = DEFINITIONAL_REPRESENTATION('',(#836),#840);
#836 = LINE('',#837,#838);
#837 = CARTESIAN_POINT('',(2.4,0.631));
#838 = VECTOR('',#839,1.);
#839 = DIRECTION('',(1.,0.));
#840 = ( GEOMETRIC_REPRESENTATION_CONTEXT(2) 
PARAMETRIC_REPRESENTATION_CONTEXT() REPRESENTATION_CONTEXT('2D SPACE',''
  ) );
#841 = PCURVE('',#842,#847);
#842 = PLANE('',#843);
#843 = AXIS2_PLACEMENT_3D('',#844,#845,#846);
#844 = CARTESIAN_POINT('',(-31.05,-21.5,25.6));
#845 = DIRECTION('',(-0.,1.,0.));
#846 = DIRECTION('',(0.,0.,1.));
#847 = DEFINITIONAL_REPRESENTATION('',(#848),#852);
#848 = LINE('',#849,#850);
#849 = CARTESIAN_POINT('',(0.,62.1));
#850 = VECTOR('',#851,1.);
#851 = DIRECTION('',(1.,0.));
#852 = ( GEOMETRIC_REPRESENTATION_CONTEXT(2) 
PARAMETRIC_REPRESENTATION_CONTEXT() REPRESENTATION_CONTEXT('2D SPACE',''
  ) );
#853 = ORIENTED_EDGE('',*,*,#854,.F.);
#854 = EDGE_CURVE('',#475,#827,#855,.T.);
#855 = SURFACE_CURVE('',#856,(#860,#867),.PCURVE_S1.);
#856 = LINE('',#857,#858);
#857 = CARTESIAN_POINT('',(31.05,27.5,25.6));
#858 = VECTOR('',#859,1.);
#859 = DIRECTION('',(0.,-1.,0.));
#860 = PCURVE('',#44,#861);
#861 = DEFINITIONAL_REPRESENTATION('',(#862),#866);
#862 = LINE('',#863,#864);
#863 = CARTESIAN_POINT('',(2.4,-48.369));
#864 = VECTOR('',#865,1.);
#865 = DIRECTION('',(0.,1.));
#866 = ( GEOMETRIC_REPRESENTATION_CONTEXT(2) 
PARAMETRIC_REPRESENTATION_CONTEXT() REPRESENTATION_CONTEXT('2D SPACE',''
  ) );
#867 = PCURVE('',#868,#873);
#868 = PLANE('',#869);
#869 = AXIS2_PLACEMENT_3D('',#870,#871,#872);
#870 = CARTESIAN_POINT('',(-31.05,-21.5,25.6));
#871 = DIRECTION('',(0.,0.,1.));
#872 = DIRECTION('',(1.,0.,-0.));
#873 = DEFINITIONAL_REPRESENTATION('',(#874),#878);
#874 = LINE('',#875,#876);
#875 = CARTESIAN_POINT('',(62.1,49.));
#876 = VECTOR('',#877,1.);
#877 = DIRECTION('',(0.,-1.));
#878 = ( GEOMETRIC_REPRESENTATION_CONTEXT(2) 
PARAMETRIC_REPRESENTATION_CONTEXT() REPRESENTATION_CONTEXT('2D SPACE',''
  ) );
#879 = ADVANCED_FACE('',(#880),#72,.F.);
#880 = FACE_BOUND('',#881,.F.);
#881 = EDGE_LOOP('',(#882,#883,#906,#929,#952,#973));
#882 = ORIENTED_EDGE('',*,*,#56,.F.);
#883 = ORIENTED_EDGE('',*,*,#884,.F.);
#884 = EDGE_CURVE('',#885,#57,#887,.T.);
#885 = VERTEX_POINT('',#886);
#886 = CARTESIAN_POINT('',(19.19906231343,-4.217628596664,0.));
#887 = SURFACE_CURVE('',#888,(#892,#899),.PCURVE_S1.);
#888 = LINE('',#889,#890);
#889 = CARTESIAN_POINT('',(19.19906231343,24.058340056617,0.));
#890 = VECTOR('',#891,1.);
#891 = DIRECTION('',(0.,1.,-0.));
#892 = PCURVE('',#72,#893);
#893 = DEFINITIONAL_REPRESENTATION('',(#894),#898);
#894 = LINE('',#895,#896);
#895 = CARTESIAN_POINT('',(1.19906231343,44.927340056617));
#896 = VECTOR('',#897,1.);
#897 = DIRECTION('',(0.,1.));
#898 = ( GEOMETRIC_REPRESENTATION_CONTEXT(2) 
PARAMETRIC_REPRESENTATION_CONTEXT() REPRESENTATION_CONTEXT('2D SPACE',''
  ) );
#899 = PCURVE('',#100,#900);
#900 = DEFINITIONAL_REPRESENTATION('',(#901),#905);
#901 = LINE('',#902,#903);
#902 = CARTESIAN_POINT('',(44.927340056616,53.31069184474));
#903 = VECTOR('',#904,1.);
#904 = DIRECTION('',(-1.,0.));
#905 = ( GEOMETRIC_REPRESENTATION_CONTEXT(2) 
PARAMETRIC_REPRESENTATION_CONTEXT() REPRESENTATION_CONTEXT('2D SPACE',''
  ) );
#906 = ORIENTED_EDGE('',*,*,#907,.T.);
#907 = EDGE_CURVE('',#885,#908,#910,.T.);
#908 = VERTEX_POINT('',#909);
#909 = CARTESIAN_POINT('',(18.199377397854,-4.217628596664,0.));
#910 = SURFACE_CURVE('',#911,(#915,#922),.PCURVE_S1.);
#911 = LINE('',#912,#913);
#912 = CARTESIAN_POINT('',(18.099531156715,-4.217628596664,
    5.421010862428E-20));
#913 = VECTOR('',#914,1.);
#914 = DIRECTION('',(-1.,-0.,0.));
#915 = PCURVE('',#72,#916);
#916 = DEFINITIONAL_REPRESENTATION('',(#917),#921);
#917 = LINE('',#918,#919);
#918 = CARTESIAN_POINT('',(9.9531156715E-02,16.651371403336));
#919 = VECTOR('',#920,1.);
#920 = DIRECTION('',(-1.,0.));
#921 = ( GEOMETRIC_REPRESENTATION_CONTEXT(2) 
PARAMETRIC_REPRESENTATION_CONTEXT() REPRESENTATION_CONTEXT('2D SPACE',''
  ) );
#922 = PCURVE('',#128,#923);
#923 = DEFINITIONAL_REPRESENTATION('',(#924),#928);
#924 = LINE('',#925,#926);
#925 = CARTESIAN_POINT('',(9.9531156715E-02,-5.739959356434E-04));
#926 = VECTOR('',#927,1.);
#927 = DIRECTION('',(1.,0.));
#928 = ( GEOMETRIC_REPRESENTATION_CONTEXT(2) 
PARAMETRIC_REPRESENTATION_CONTEXT() REPRESENTATION_CONTEXT('2D SPACE',''
  ) );
#929 = ORIENTED_EDGE('',*,*,#930,.T.);
#930 = EDGE_CURVE('',#908,#931,#933,.T.);
#931 = VERTEX_POINT('',#932);
#932 = CARTESIAN_POINT('',(18.199377397854,-20.869,0.));
#933 = SURFACE_CURVE('',#934,(#938,#945),.PCURVE_S1.);
#934 = LINE('',#935,#936);
#935 = CARTESIAN_POINT('',(18.199377397854,-18.46997355134,
    -1.110223024625E-16));
#936 = VECTOR('',#937,1.);
#937 = DIRECTION('',(0.,-1.,0.));
#938 = PCURVE('',#72,#939);
#939 = DEFINITIONAL_REPRESENTATION('',(#940),#944);
#940 = LINE('',#941,#942);
#941 = CARTESIAN_POINT('',(0.199377397854,2.39902644866));
#942 = VECTOR('',#943,1.);
#943 = DIRECTION('',(0.,-1.));
#944 = ( GEOMETRIC_REPRESENTATION_CONTEXT(2) 
PARAMETRIC_REPRESENTATION_CONTEXT() REPRESENTATION_CONTEXT('2D SPACE',''
  ) );
#945 = PCURVE('',#156,#946);
#946 = DEFINITIONAL_REPRESENTATION('',(#947),#951);
#947 = LINE('',#948,#949);
#948 = CARTESIAN_POINT('',(-0.706661184521,2.39902644865));
#949 = VECTOR('',#950,1.);
#950 = DIRECTION('',(0.,1.));
#951 = ( GEOMETRIC_REPRESENTATION_CONTEXT(2) 
PARAMETRIC_REPRESENTATION_CONTEXT() REPRESENTATION_CONTEXT('2D SPACE',''
  ) );
#952 = ORIENTED_EDGE('',*,*,#953,.T.);
#953 = EDGE_CURVE('',#931,#587,#954,.T.);
#954 = SURFACE_CURVE('',#955,(#959,#966),.PCURVE_S1.);
#955 = LINE('',#956,#957);
#956 = CARTESIAN_POINT('',(18.,-20.869,0.));
#957 = VECTOR('',#958,1.);
#958 = DIRECTION('',(1.,0.,-0.));
#959 = PCURVE('',#72,#960);
#960 = DEFINITIONAL_REPRESENTATION('',(#961),#965);
#961 = LINE('',#962,#963);
#962 = CARTESIAN_POINT('',(0.,0.));
#963 = VECTOR('',#964,1.);
#964 = DIRECTION('',(1.,0.));
#965 = ( GEOMETRIC_REPRESENTATION_CONTEXT(2) 
PARAMETRIC_REPRESENTATION_CONTEXT() REPRESENTATION_CONTEXT('2D SPACE',''
  ) );
#966 = PCURVE('',#602,#967);
#967 = DEFINITIONAL_REPRESENTATION('',(#968),#972);
#968 = LINE('',#969,#970);
#969 = CARTESIAN_POINT('',(0.,0.));
#970 = VECTOR('',#971,1.);
#971 = DIRECTION('',(0.,1.));
#972 = ( GEOMETRIC_REPRESENTATION_CONTEXT(2) 
PARAMETRIC_REPRESENTATION_CONTEXT() REPRESENTATION_CONTEXT('2D SPACE',''
  ) );
#973 = ORIENTED_EDGE('',*,*,#614,.T.);
#974 = ADVANCED_FACE('',(#975),#100,.F.);
#975 = FACE_BOUND('',#976,.F.);
#976 = EDGE_LOOP('',(#977,#978,#979));
#977 = ORIENTED_EDGE('',*,*,#884,.T.);
#978 = ORIENTED_EDGE('',*,*,#84,.T.);
#979 = ORIENTED_EDGE('',*,*,#980,.T.);
#980 = EDGE_CURVE('',#85,#885,#981,.T.);
#981 = SURFACE_CURVE('',#982,(#986,#993),.PCURVE_S1.);
#982 = LINE('',#983,#984);
#983 = CARTESIAN_POINT('',(19.19906231343,33.585621055964,
    -24.82617892578));
#984 = VECTOR('',#985,1.);
#985 = DIRECTION('',(0.,-0.835867368337,0.548931455238));
#986 = PCURVE('',#100,#987);
#987 = DEFINITIONAL_REPRESENTATION('',(#988),#992);
#988 = LINE('',#989,#990);
#989 = CARTESIAN_POINT('',(35.400059057269,28.48451291896));
#990 = VECTOR('',#991,1.);
#991 = DIRECTION('',(0.835867368337,0.548931455238));
#992 = ( GEOMETRIC_REPRESENTATION_CONTEXT(2) 
PARAMETRIC_REPRESENTATION_CONTEXT() REPRESENTATION_CONTEXT('2D SPACE',''
  ) );
#993 = PCURVE('',#128,#994);
#994 = DEFINITIONAL_REPRESENTATION('',(#995),#999);
#995 = LINE('',#996,#997);
#996 = CARTESIAN_POINT('',(-1.,45.225799331513));
#997 = VECTOR('',#998,1.);
#998 = DIRECTION('',(0.,-1.));
#999 = ( GEOMETRIC_REPRESENTATION_CONTEXT(2) 
PARAMETRIC_REPRESENTATION_CONTEXT() REPRESENTATION_CONTEXT('2D SPACE',''
  ) );
#1000 = ADVANCED_FACE('',(#1001),#128,.T.);
#1001 = FACE_BOUND('',#1002,.T.);
#1002 = EDGE_LOOP('',(#1003,#1024,#1025,#1026));
#1003 = ORIENTED_EDGE('',*,*,#1004,.T.);
#1004 = EDGE_CURVE('',#908,#113,#1005,.T.);
#1005 = SURFACE_CURVE('',#1006,(#1010,#1017),.PCURVE_S1.);
#1006 = LINE('',#1007,#1008);
#1007 = CARTESIAN_POINT('',(20.404601613192,-7.57556143851,
    2.205224215338));
#1008 = VECTOR('',#1009,1.);
#1009 = DIRECTION('',(-0.481199433327,0.732730653604,-0.481199433327));
#1010 = PCURVE('',#128,#1011);
#1011 = DEFINITIONAL_REPRESENTATION('',(#1012),#1016);
#1012 = LINE('',#1013,#1014);
#1013 = CARTESIAN_POINT('',(-2.205539299762,-4.017877421153));
#1014 = VECTOR('',#1015,1.);
#1015 = DIRECTION('',(0.481199433327,0.876611148324));
#1016 = ( GEOMETRIC_REPRESENTATION_CONTEXT(2) 
PARAMETRIC_REPRESENTATION_CONTEXT() REPRESENTATION_CONTEXT('2D SPACE',''
  ) );
#1017 = PCURVE('',#156,#1018);
#1018 = DEFINITIONAL_REPRESENTATION('',(#1019),#1023);
#1019 = LINE('',#1020,#1021);
#1020 = CARTESIAN_POINT('',(2.411996808884,-8.49538566418));
#1021 = VECTOR('',#1022,1.);
#1022 = DIRECTION('',(-0.680518764817,-0.732730653604));
#1023 = ( GEOMETRIC_REPRESENTATION_CONTEXT(2) 
PARAMETRIC_REPRESENTATION_CONTEXT() REPRESENTATION_CONTEXT('2D SPACE',''
  ) );
#1024 = ORIENTED_EDGE('',*,*,#112,.T.);
#1025 = ORIENTED_EDGE('',*,*,#980,.T.);
#1026 = ORIENTED_EDGE('',*,*,#907,.T.);
#1027 = ADVANCED_FACE('',(#1028),#156,.T.);
#1028 = FACE_BOUND('',#1029,.T.);
#1029 = EDGE_LOOP('',(#1030,#1031,#1032,#1055,#1083,#1111,#1132));
#1030 = ORIENTED_EDGE('',*,*,#1004,.F.);
#1031 = ORIENTED_EDGE('',*,*,#930,.T.);
#1032 = ORIENTED_EDGE('',*,*,#1033,.T.);
#1033 = EDGE_CURVE('',#931,#1034,#1036,.T.);
#1034 = VERTEX_POINT('',#1035);
#1035 = CARTESIAN_POINT('',(19.19906231343,-20.869,0.999684915576));
#1036 = SURFACE_CURVE('',#1037,(#1041,#1048),.PCURVE_S1.);
#1037 = LINE('',#1038,#1039);
#1038 = CARTESIAN_POINT('',(18.399375506178,-20.869,0.199998108324));
#1039 = VECTOR('',#1040,1.);
#1040 = DIRECTION('',(0.707106781187,0.,0.707106781187));
#1041 = PCURVE('',#156,#1042);
#1042 = DEFINITIONAL_REPRESENTATION('',(#1043),#1047);
#1043 = LINE('',#1044,#1045);
#1044 = CARTESIAN_POINT('',(-0.42382114728,4.79805289731));
#1045 = VECTOR('',#1046,1.);
#1046 = DIRECTION('',(1.,0.));
#1047 = ( GEOMETRIC_REPRESENTATION_CONTEXT(2) 
PARAMETRIC_REPRESENTATION_CONTEXT() REPRESENTATION_CONTEXT('2D SPACE',''
  ) );
#1048 = PCURVE('',#602,#1049);
#1049 = DEFINITIONAL_REPRESENTATION('',(#1050),#1054);
#1050 = LINE('',#1051,#1052);
#1051 = CARTESIAN_POINT('',(0.199998108324,0.399375506178));
#1052 = VECTOR('',#1053,1.);
#1053 = DIRECTION('',(0.707106781187,0.707106781187));
#1054 = ( GEOMETRIC_REPRESENTATION_CONTEXT(2) 
PARAMETRIC_REPRESENTATION_CONTEXT() REPRESENTATION_CONTEXT('2D SPACE',''
  ) );
#1055 = ORIENTED_EDGE('',*,*,#1056,.T.);
#1056 = EDGE_CURVE('',#1034,#1057,#1059,.T.);
#1057 = VERTEX_POINT('',#1058);
#1058 = CARTESIAN_POINT('',(19.19906231343,-20.86940764386,
    0.999684915576));
#1059 = SURFACE_CURVE('',#1060,(#1064,#1071),.PCURVE_S1.);
#1060 = LINE('',#1061,#1062);
#1061 = CARTESIAN_POINT('',(19.19906231343,-10.75191951097,
    0.999684915576));
#1062 = VECTOR('',#1063,1.);
#1063 = DIRECTION('',(0.,-1.,0.));
#1064 = PCURVE('',#156,#1065);
#1065 = DEFINITIONAL_REPRESENTATION('',(#1066),#1070);
#1066 = LINE('',#1067,#1068);
#1067 = CARTESIAN_POINT('',(0.707106781187,-5.31902759172));
#1068 = VECTOR('',#1069,1.);
#1069 = DIRECTION('',(0.,1.));
#1070 = ( GEOMETRIC_REPRESENTATION_CONTEXT(2) 
PARAMETRIC_REPRESENTATION_CONTEXT() REPRESENTATION_CONTEXT('2D SPACE',''
  ) );
#1071 = PCURVE('',#1072,#1077);
#1072 = PLANE('',#1073);
#1073 = AXIS2_PLACEMENT_3D('',#1074,#1075,#1076);
#1074 = CARTESIAN_POINT('',(19.19906231343,68.985680113233,
    -53.31069184474));
#1075 = DIRECTION('',(-1.,0.,0.));
#1076 = DIRECTION('',(0.,-1.,0.));
#1077 = DEFINITIONAL_REPRESENTATION('',(#1078),#1082);
#1078 = LINE('',#1079,#1080);
#1079 = CARTESIAN_POINT('',(79.737599624203,54.310376760316));
#1080 = VECTOR('',#1081,1.);
#1081 = DIRECTION('',(1.,0.));
#1082 = ( GEOMETRIC_REPRESENTATION_CONTEXT(2) 
PARAMETRIC_REPRESENTATION_CONTEXT() REPRESENTATION_CONTEXT('2D SPACE',''
  ) );
#1083 = ORIENTED_EDGE('',*,*,#1084,.F.);
#1084 = EDGE_CURVE('',#1085,#1057,#1087,.T.);
#1085 = VERTEX_POINT('',#1086);
#1086 = CARTESIAN_POINT('',(18.19906231343,-20.86940764386,
    -3.150844244999E-04));
#1087 = SURFACE_CURVE('',#1088,(#1092,#1099),.PCURVE_S1.);
#1088 = LINE('',#1089,#1090);
#1089 = CARTESIAN_POINT('',(18.19906231343,-20.86940764386,
    -3.150844244999E-04));
#1090 = VECTOR('',#1091,1.);
#1091 = DIRECTION('',(0.707106781187,0.,0.707106781187));
#1092 = PCURVE('',#156,#1093);
#1093 = DEFINITIONAL_REPRESENTATION('',(#1094),#1098);
#1094 = LINE('',#1095,#1096);
#1095 = CARTESIAN_POINT('',(-0.707106781187,4.79846054117));
#1096 = VECTOR('',#1097,1.);
#1097 = DIRECTION('',(1.,0.));
#1098 = ( GEOMETRIC_REPRESENTATION_CONTEXT(2) 
PARAMETRIC_REPRESENTATION_CONTEXT() REPRESENTATION_CONTEXT('2D SPACE',''
  ) );
#1099 = PCURVE('',#1100,#1105);
#1100 = PLANE('',#1101);
#1101 = AXIS2_PLACEMENT_3D('',#1102,#1103,#1104);
#1102 = CARTESIAN_POINT('',(42.43913116562,-20.86940764386,
    14.999684915576));
#1103 = DIRECTION('',(0.,1.,0.));
#1104 = DIRECTION('',(-1.,0.,0.));
#1105 = DEFINITIONAL_REPRESENTATION('',(#1106),#1110);
#1106 = LINE('',#1107,#1108);
#1107 = CARTESIAN_POINT('',(24.24006885219,-15.));
#1108 = VECTOR('',#1109,1.);
#1109 = DIRECTION('',(-0.707106781187,0.707106781187));
#1110 = ( GEOMETRIC_REPRESENTATION_CONTEXT(2) 
PARAMETRIC_REPRESENTATION_CONTEXT() REPRESENTATION_CONTEXT('2D SPACE',''
  ) );
#1111 = ORIENTED_EDGE('',*,*,#1112,.F.);
#1112 = EDGE_CURVE('',#141,#1085,#1113,.T.);
#1113 = SURFACE_CURVE('',#1114,(#1118,#1125),.PCURVE_S1.);
#1114 = LINE('',#1115,#1116);
#1115 = CARTESIAN_POINT('',(18.19906231343,-11.27248656152,
    -3.150844244999E-04));
#1116 = VECTOR('',#1117,1.);
#1117 = DIRECTION('',(0.,-1.,0.));
#1118 = PCURVE('',#156,#1119);
#1119 = DEFINITIONAL_REPRESENTATION('',(#1120),#1124);
#1120 = LINE('',#1121,#1122);
#1121 = CARTESIAN_POINT('',(-0.707106781187,-4.79846054117));
#1122 = VECTOR('',#1123,1.);
#1123 = DIRECTION('',(0.,1.));
#1124 = ( GEOMETRIC_REPRESENTATION_CONTEXT(2) 
PARAMETRIC_REPRESENTATION_CONTEXT() REPRESENTATION_CONTEXT('2D SPACE',''
  ) );
#1125 = PCURVE('',#184,#1126);
#1126 = DEFINITIONAL_REPRESENTATION('',(#1127),#1131);
#1127 = LINE('',#1128,#1129);
#1128 = CARTESIAN_POINT('',(12.94466225067,-1.));
#1129 = VECTOR('',#1130,1.);
#1130 = DIRECTION('',(-1.,0.));
#1131 = ( GEOMETRIC_REPRESENTATION_CONTEXT(2) 
PARAMETRIC_REPRESENTATION_CONTEXT() REPRESENTATION_CONTEXT('2D SPACE',''
  ) );
#1132 = ORIENTED_EDGE('',*,*,#140,.T.);
#1133 = ADVANCED_FACE('',(#1134,#1243,#1278),#184,.T.);
#1134 = FACE_BOUND('',#1135,.T.);
#1135 = EDGE_LOOP('',(#1136,#1166,#1187,#1188,#1189,#1212));
#1136 = ORIENTED_EDGE('',*,*,#1137,.F.);
#1137 = EDGE_CURVE('',#1138,#1140,#1142,.T.);
#1138 = VERTEX_POINT('',#1139);
#1139 = CARTESIAN_POINT('',(-18.19948216244,-20.86940764386,
    -3.150844244999E-04));
#1140 = VERTEX_POINT('',#1141);
#1141 = CARTESIAN_POINT('',(-15.10093768657,-20.86940764386,
    -3.150844244999E-04));
#1142 = SURFACE_CURVE('',#1143,(#1147,#1154),.PCURVE_S1.);
#1143 = LINE('',#1144,#1145);
#1144 = CARTESIAN_POINT('',(-18.19948216244,-20.86940764386,
    -3.150844244999E-04));
#1145 = VECTOR('',#1146,1.);
#1146 = DIRECTION('',(1.,0.,0.));
#1147 = PCURVE('',#184,#1148);
#1148 = DEFINITIONAL_REPRESENTATION('',(#1149),#1153);
#1149 = LINE('',#1150,#1151);
#1150 = CARTESIAN_POINT('',(3.34774116833,-37.39854447587));
#1151 = VECTOR('',#1152,1.);
#1152 = DIRECTION('',(0.,1.));
#1153 = ( GEOMETRIC_REPRESENTATION_CONTEXT(2) 
PARAMETRIC_REPRESENTATION_CONTEXT() REPRESENTATION_CONTEXT('2D SPACE',''
  ) );
#1154 = PCURVE('',#1155,#1160);
#1155 = PLANE('',#1156);
#1156 = AXIS2_PLACEMENT_3D('',#1157,#1158,#1159);
#1157 = CARTESIAN_POINT('',(42.43913116562,-20.86940764386,
    14.999684915576));
#1158 = DIRECTION('',(0.,1.,0.));
#1159 = DIRECTION('',(-1.,0.,0.));
#1160 = DEFINITIONAL_REPRESENTATION('',(#1161),#1165);
#1161 = LINE('',#1162,#1163);
#1162 = CARTESIAN_POINT('',(60.63861332806,-15.));
#1163 = VECTOR('',#1164,1.);
#1164 = DIRECTION('',(-1.,0.));
#1165 = ( GEOMETRIC_REPRESENTATION_CONTEXT(2) 
PARAMETRIC_REPRESENTATION_CONTEXT() REPRESENTATION_CONTEXT('2D SPACE',''
  ) );
#1166 = ORIENTED_EDGE('',*,*,#1167,.T.);
#1167 = EDGE_CURVE('',#1138,#169,#1168,.T.);
#1168 = SURFACE_CURVE('',#1169,(#1173,#1180),.PCURVE_S1.);
#1169 = LINE('',#1170,#1171);
#1170 = CARTESIAN_POINT('',(-18.19948216244,-20.86940764386,
    -3.150844244999E-04));
#1171 = VECTOR('',#1172,1.);
#1172 = DIRECTION('',(0.,1.,0.));
#1173 = PCURVE('',#184,#1174);
#1174 = DEFINITIONAL_REPRESENTATION('',(#1175),#1179);
#1175 = LINE('',#1176,#1177);
#1176 = CARTESIAN_POINT('',(3.34774116833,-37.39854447587));
#1177 = VECTOR('',#1178,1.);
#1178 = DIRECTION('',(1.,0.));
#1179 = ( GEOMETRIC_REPRESENTATION_CONTEXT(2) 
PARAMETRIC_REPRESENTATION_CONTEXT() REPRESENTATION_CONTEXT('2D SPACE',''
  ) );
#1180 = PCURVE('',#212,#1181);
#1181 = DEFINITIONAL_REPRESENTATION('',(#1182),#1186);
#1182 = LINE('',#1183,#1184);
#1183 = CARTESIAN_POINT('',(-0.707106781187,-4.79846054117));
#1184 = VECTOR('',#1185,1.);
#1185 = DIRECTION('',(0.,1.));
#1186 = ( GEOMETRIC_REPRESENTATION_CONTEXT(2) 
PARAMETRIC_REPRESENTATION_CONTEXT() REPRESENTATION_CONTEXT('2D SPACE',''
  ) );
#1187 = ORIENTED_EDGE('',*,*,#168,.T.);
#1188 = ORIENTED_EDGE('',*,*,#1112,.T.);
#1189 = ORIENTED_EDGE('',*,*,#1190,.F.);
#1190 = EDGE_CURVE('',#1191,#1085,#1193,.T.);
#1191 = VERTEX_POINT('',#1192);
#1192 = CARTESIAN_POINT('',(15.09906231343,-20.86940764386,
    -3.150844244999E-04));
#1193 = SURFACE_CURVE('',#1194,(#1198,#1205),.PCURVE_S1.);
#1194 = LINE('',#1195,#1196);
#1195 = CARTESIAN_POINT('',(15.09906231343,-20.86940764386,
    -3.150844244999E-04));
#1196 = VECTOR('',#1197,1.);
#1197 = DIRECTION('',(1.,0.,0.));
#1198 = PCURVE('',#184,#1199);
#1199 = DEFINITIONAL_REPRESENTATION('',(#1200),#1204);
#1200 = LINE('',#1201,#1202);
#1201 = CARTESIAN_POINT('',(3.34774116833,-4.1));
#1202 = VECTOR('',#1203,1.);
#1203 = DIRECTION('',(0.,1.));
#1204 = ( GEOMETRIC_REPRESENTATION_CONTEXT(2) 
PARAMETRIC_REPRESENTATION_CONTEXT() REPRESENTATION_CONTEXT('2D SPACE',''
  ) );
#1205 = PCURVE('',#1100,#1206);
#1206 = DEFINITIONAL_REPRESENTATION('',(#1207),#1211);
#1207 = LINE('',#1208,#1209);
#1208 = CARTESIAN_POINT('',(27.34006885219,-15.));
#1209 = VECTOR('',#1210,1.);
#1210 = DIRECTION('',(-1.,0.));
#1211 = ( GEOMETRIC_REPRESENTATION_CONTEXT(2) 
PARAMETRIC_REPRESENTATION_CONTEXT() REPRESENTATION_CONTEXT('2D SPACE',''
  ) );
#1212 = ORIENTED_EDGE('',*,*,#1213,.T.);
#1213 = EDGE_CURVE('',#1191,#1140,#1214,.T.);
#1214 = SURFACE_CURVE('',#1215,(#1220,#1231),.PCURVE_S1.);
#1215 = CIRCLE('',#1216,28.65);
#1216 = AXIS2_PLACEMENT_3D('',#1217,#1218,#1219);
#1217 = CARTESIAN_POINT('',(-9.37686570375E-04,-45.21714881219,
    -3.150844244999E-04));
#1218 = DIRECTION('',(0.,-0.,1.));
#1219 = DIRECTION('',(0.52705061082,0.849833897673,0.));
#1220 = PCURVE('',#184,#1221);
#1221 = DEFINITIONAL_REPRESENTATION('',(#1222),#1230);
#1222 = ( BOUNDED_CURVE() B_SPLINE_CURVE(2,(#1223,#1224,#1225,#1226,
#1227,#1228,#1229),.UNSPECIFIED.,.T.,.F.) B_SPLINE_CURVE_WITH_KNOTS((1,2
    ,2,2,2,1),(-2.094395102393,0.,2.094395102393,4.188790204786,
6.28318530718,8.377580409573),.UNSPECIFIED.) CURVE() 
GEOMETRIC_REPRESENTATION_ITEM() RATIONAL_B_SPLINE_CURVE((1.,0.5,1.,0.5,
1.,0.5,1.)) REPRESENTATION_ITEM('') );
#1223 = CARTESIAN_POINT('',(3.347741168334,-4.100000000006));
#1224 = CARTESIAN_POINT('',(29.501708362614,-46.27152475309));
#1225 = CARTESIAN_POINT('',(-20.09688698702,-47.83576237654));
#1226 = CARTESIAN_POINT('',(-69.69548233666,-49.39999999998));
#1227 = CARTESIAN_POINT('',(-46.2508541813,-5.664237623452));
#1228 = CARTESIAN_POINT('',(-22.80622602594,38.071524753084));
#1229 = CARTESIAN_POINT('',(3.347741168334,-4.100000000006));
#1230 = ( GEOMETRIC_REPRESENTATION_CONTEXT(2) 
PARAMETRIC_REPRESENTATION_CONTEXT() REPRESENTATION_CONTEXT('2D SPACE',''
  ) );
#1231 = PCURVE('',#1232,#1237);
#1232 = CYLINDRICAL_SURFACE('',#1233,28.65);
#1233 = AXIS2_PLACEMENT_3D('',#1234,#1235,#1236);
#1234 = CARTESIAN_POINT('',(-9.37686570375E-04,-45.21714881219,
    14.999684915576));
#1235 = DIRECTION('',(0.,0.,1.));
#1236 = DIRECTION('',(1.,0.,-0.));
#1237 = DEFINITIONAL_REPRESENTATION('',(#1238),#1242);
#1238 = LINE('',#1239,#1240);
#1239 = CARTESIAN_POINT('',(1.015670059278,-15.));
#1240 = VECTOR('',#1241,1.);
#1241 = DIRECTION('',(1.,0.));
#1242 = ( GEOMETRIC_REPRESENTATION_CONTEXT(2) 
PARAMETRIC_REPRESENTATION_CONTEXT() REPRESENTATION_CONTEXT('2D SPACE',''
  ) );
#1243 = FACE_BOUND('',#1244,.T.);
#1244 = EDGE_LOOP('',(#1245));
#1245 = ORIENTED_EDGE('',*,*,#1246,.T.);
#1246 = EDGE_CURVE('',#1247,#1247,#1249,.T.);
#1247 = VERTEX_POINT('',#1248);
#1248 = CARTESIAN_POINT('',(-11.00093768657,-11.56714881219,
    -3.150844224997E-04));
#1249 = SURFACE_CURVE('',#1250,(#1255,#1266),.PCURVE_S1.);
#1250 = CIRCLE('',#1251,3.15);
#1251 = AXIS2_PLACEMENT_3D('',#1252,#1253,#1254);
#1252 = CARTESIAN_POINT('',(-11.00093768657,-14.71714881219,
    -3.150844244999E-04));
#1253 = DIRECTION('',(0.,0.,1.));
#1254 = DIRECTION('',(1.,0.,-0.));
#1255 = PCURVE('',#184,#1256);
#1256 = DEFINITIONAL_REPRESENTATION('',(#1257),#1265);
#1257 = ( BOUNDED_CURVE() B_SPLINE_CURVE(2,(#1258,#1259,#1260,#1261,
#1262,#1263,#1264),.UNSPECIFIED.,.T.,.F.) B_SPLINE_CURVE_WITH_KNOTS((1,2
    ,2,2,2,1),(-2.094395102393,0.,2.094395102393,4.188790204786,
6.28318530718,8.377580409573),.UNSPECIFIED.) CURVE() 
GEOMETRIC_REPRESENTATION_ITEM() RATIONAL_B_SPLINE_CURVE((1.,0.5,1.,0.5,
1.,0.5,1.)) REPRESENTATION_ITEM('') );
#1258 = CARTESIAN_POINT('',(9.5,-27.05));
#1259 = CARTESIAN_POINT('',(14.955960043842,-27.05));
#1260 = CARTESIAN_POINT('',(12.227980021921,-31.775));
#1261 = CARTESIAN_POINT('',(9.5,-36.5));
#1262 = CARTESIAN_POINT('',(6.772019978079,-31.775));
#1263 = CARTESIAN_POINT('',(4.044039956158,-27.05));
#1264 = CARTESIAN_POINT('',(9.5,-27.05));
#1265 = ( GEOMETRIC_REPRESENTATION_CONTEXT(2) 
PARAMETRIC_REPRESENTATION_CONTEXT() REPRESENTATION_CONTEXT('2D SPACE',''
  ) );
#1266 = PCURVE('',#1267,#1272);
#1267 = CONICAL_SURFACE('',#1268,2.399999997624,0.785398163397);
#1268 = AXIS2_PLACEMENT_3D('',#1269,#1270,#1271);
#1269 = CARTESIAN_POINT('',(-11.00093768657,-14.71714881219,
    0.749684917956));
#1270 = DIRECTION('',(0.,0.,-1.));
#1271 = DIRECTION('',(0.,-1.,0.));
#1272 = DEFINITIONAL_REPRESENTATION('',(#1273),#1277);
#1273 = LINE('',#1274,#1275);
#1274 = CARTESIAN_POINT('',(4.712388980385,0.750000002378));
#1275 = VECTOR('',#1276,1.);
#1276 = DIRECTION('',(-1.,0.));
#1277 = ( GEOMETRIC_REPRESENTATION_CONTEXT(2) 
PARAMETRIC_REPRESENTATION_CONTEXT() REPRESENTATION_CONTEXT('2D SPACE',''
  ) );
#1278 = FACE_BOUND('',#1279,.T.);
#1279 = EDGE_LOOP('',(#1280));
#1280 = ORIENTED_EDGE('',*,*,#1281,.T.);
#1281 = EDGE_CURVE('',#1282,#1282,#1284,.T.);
#1282 = VERTEX_POINT('',#1283);
#1283 = CARTESIAN_POINT('',(10.99906231343,-11.56714881219,
    -3.150844224997E-04));
#1284 = SURFACE_CURVE('',#1285,(#1290,#1301),.PCURVE_S1.);
#1285 = CIRCLE('',#1286,3.15);
#1286 = AXIS2_PLACEMENT_3D('',#1287,#1288,#1289);
#1287 = CARTESIAN_POINT('',(10.99906231343,-14.71714881219,
    -3.150844244999E-04));
#1288 = DIRECTION('',(0.,0.,1.));
#1289 = DIRECTION('',(1.,0.,-0.));
#1290 = PCURVE('',#184,#1291);
#1291 = DEFINITIONAL_REPRESENTATION('',(#1292),#1300);
#1292 = ( BOUNDED_CURVE() B_SPLINE_CURVE(2,(#1293,#1294,#1295,#1296,
#1297,#1298,#1299),.UNSPECIFIED.,.T.,.F.) B_SPLINE_CURVE_WITH_KNOTS((1,2
    ,2,2,2,1),(-2.094395102393,0.,2.094395102393,4.188790204786,
6.28318530718,8.377580409573),.UNSPECIFIED.) CURVE() 
GEOMETRIC_REPRESENTATION_ITEM() RATIONAL_B_SPLINE_CURVE((1.,0.5,1.,0.5,
1.,0.5,1.)) REPRESENTATION_ITEM('') );
#1293 = CARTESIAN_POINT('',(9.5,-5.05));
#1294 = CARTESIAN_POINT('',(14.955960043842,-5.05));
#1295 = CARTESIAN_POINT('',(12.227980021921,-9.775));
#1296 = CARTESIAN_POINT('',(9.5,-14.5));
#1297 = CARTESIAN_POINT('',(6.772019978079,-9.775));
#1298 = CARTESIAN_POINT('',(4.044039956158,-5.05));
#1299 = CARTESIAN_POINT('',(9.5,-5.05));
#1300 = ( GEOMETRIC_REPRESENTATION_CONTEXT(2) 
PARAMETRIC_REPRESENTATION_CONTEXT() REPRESENTATION_CONTEXT('2D SPACE',''
  ) );
#1301 = PCURVE('',#1302,#1307);
#1302 = CONICAL_SURFACE('',#1303,2.399999997624,0.785398163397);
#1303 = AXIS2_PLACEMENT_3D('',#1304,#1305,#1306);
#1304 = CARTESIAN_POINT('',(10.99906231343,-14.71714881219,
    0.749684917956));
#1305 = DIRECTION('',(0.,0.,-1.));
#1306 = DIRECTION('',(0.,-1.,0.));
#1307 = DEFINITIONAL_REPRESENTATION('',(#1308),#1312);
#1308 = LINE('',#1309,#1310);
#1309 = CARTESIAN_POINT('',(4.712388980385,0.750000002378));
#1310 = VECTOR('',#1311,1.);
#1311 = DIRECTION('',(-1.,0.));
#1312 = ( GEOMETRIC_REPRESENTATION_CONTEXT(2) 
PARAMETRIC_REPRESENTATION_CONTEXT() REPRESENTATION_CONTEXT('2D SPACE',''
  ) );
#1313 = ADVANCED_FACE('',(#1314),#212,.T.);
#1314 = FACE_BOUND('',#1315,.T.);
#1315 = EDGE_LOOP('',(#1316,#1339,#1340,#1341,#1364,#1392,#1420));
#1316 = ORIENTED_EDGE('',*,*,#1317,.F.);
#1317 = EDGE_CURVE('',#197,#1318,#1320,.T.);
#1318 = VERTEX_POINT('',#1319);
#1319 = CARTESIAN_POINT('',(-18.19979724686,-4.217628596664,0.));
#1320 = SURFACE_CURVE('',#1321,(#1325,#1332),.PCURVE_S1.);
#1321 = LINE('',#1322,#1323);
#1322 = CARTESIAN_POINT('',(-16.19092729526,-1.158687769444,
    -2.008869951599));
#1323 = VECTOR('',#1324,1.);
#1324 = DIRECTION('',(-0.481199433327,-0.732730653604,0.481199433327));
#1325 = PCURVE('',#212,#1326);
#1326 = DEFINITIONAL_REPRESENTATION('',(#1327),#1331);
#1327 = LINE('',#1328,#1329);
#1328 = CARTESIAN_POINT('',(-3.547632315119,14.912259333246));
#1329 = VECTOR('',#1330,1.);
#1330 = DIRECTION('',(0.680518764817,-0.732730653604));
#1331 = ( GEOMETRIC_REPRESENTATION_CONTEXT(2) 
PARAMETRIC_REPRESENTATION_CONTEXT() REPRESENTATION_CONTEXT('2D SPACE',''
  ) );
#1332 = PCURVE('',#240,#1333);
#1333 = DEFINITIONAL_REPRESENTATION('',(#1334),#1338);
#1334 = LINE('',#1335,#1336);
#1335 = CARTESIAN_POINT('',(34.38998960869,3.659026729126));
#1336 = VECTOR('',#1337,1.);
#1337 = DIRECTION('',(0.481199433327,-0.876611148324));
#1338 = ( GEOMETRIC_REPRESENTATION_CONTEXT(2) 
PARAMETRIC_REPRESENTATION_CONTEXT() REPRESENTATION_CONTEXT('2D SPACE',''
  ) );
#1339 = ORIENTED_EDGE('',*,*,#196,.T.);
#1340 = ORIENTED_EDGE('',*,*,#1167,.F.);
#1341 = ORIENTED_EDGE('',*,*,#1342,.F.);
#1342 = EDGE_CURVE('',#1343,#1138,#1345,.T.);
#1343 = VERTEX_POINT('',#1344);
#1344 = CARTESIAN_POINT('',(-19.19948216244,-20.86940764386,
    0.999684915576));
#1345 = SURFACE_CURVE('',#1346,(#1350,#1357),.PCURVE_S1.);
#1346 = LINE('',#1347,#1348);
#1347 = CARTESIAN_POINT('',(-19.19948216244,-20.86940764386,
    0.999684915576));
#1348 = VECTOR('',#1349,1.);
#1349 = DIRECTION('',(0.707106781187,0.,-0.707106781187));
#1350 = PCURVE('',#212,#1351);
#1351 = DEFINITIONAL_REPRESENTATION('',(#1352),#1356);
#1352 = LINE('',#1353,#1354);
#1353 = CARTESIAN_POINT('',(0.707106781187,-4.79846054117));
#1354 = VECTOR('',#1355,1.);
#1355 = DIRECTION('',(-1.,0.));
#1356 = ( GEOMETRIC_REPRESENTATION_CONTEXT(2) 
PARAMETRIC_REPRESENTATION_CONTEXT() REPRESENTATION_CONTEXT('2D SPACE',''
  ) );
#1357 = PCURVE('',#1155,#1358);
#1358 = DEFINITIONAL_REPRESENTATION('',(#1359),#1363);
#1359 = LINE('',#1360,#1361);
#1360 = CARTESIAN_POINT('',(61.63861332806,-14.));
#1361 = VECTOR('',#1362,1.);
#1362 = DIRECTION('',(-0.707106781187,-0.707106781187));
#1363 = ( GEOMETRIC_REPRESENTATION_CONTEXT(2) 
PARAMETRIC_REPRESENTATION_CONTEXT() REPRESENTATION_CONTEXT('2D SPACE',''
  ) );
#1364 = ORIENTED_EDGE('',*,*,#1365,.T.);
#1365 = EDGE_CURVE('',#1343,#1366,#1368,.T.);
#1366 = VERTEX_POINT('',#1367);
#1367 = CARTESIAN_POINT('',(-19.19948216244,-20.869,0.999684915576));
#1368 = SURFACE_CURVE('',#1369,(#1373,#1380),.PCURVE_S1.);
#1369 = LINE('',#1370,#1371);
#1370 = CARTESIAN_POINT('',(-19.19948216244,-20.86940764386,
    0.999684915576));
#1371 = VECTOR('',#1372,1.);
#1372 = DIRECTION('',(0.,1.,0.));
#1373 = PCURVE('',#212,#1374);
#1374 = DEFINITIONAL_REPRESENTATION('',(#1375),#1379);
#1375 = LINE('',#1376,#1377);
#1376 = CARTESIAN_POINT('',(0.707106781187,-4.79846054117));
#1377 = VECTOR('',#1378,1.);
#1378 = DIRECTION('',(0.,1.));
#1379 = ( GEOMETRIC_REPRESENTATION_CONTEXT(2) 
PARAMETRIC_REPRESENTATION_CONTEXT() REPRESENTATION_CONTEXT('2D SPACE',''
  ) );
#1380 = PCURVE('',#1381,#1386);
#1381 = PLANE('',#1382);
#1382 = AXIS2_PLACEMENT_3D('',#1383,#1384,#1385);
#1383 = CARTESIAN_POINT('',(-19.19948216244,28.630405450773,
    -11.35436862383));
#1384 = DIRECTION('',(-1.,0.,0.));
#1385 = DIRECTION('',(0.,0.96592663781,0.258816016447));
#1386 = DEFINITIONAL_REPRESENTATION('',(#1387),#1391);
#1387 = LINE('',#1388,#1389);
#1388 = CARTESIAN_POINT('',(-44.61576111067,-24.74445383866));
#1389 = VECTOR('',#1390,1.);
#1390 = DIRECTION('',(0.96592663781,0.258816016447));
#1391 = ( GEOMETRIC_REPRESENTATION_CONTEXT(2) 
PARAMETRIC_REPRESENTATION_CONTEXT() REPRESENTATION_CONTEXT('2D SPACE',''
  ) );
#1392 = ORIENTED_EDGE('',*,*,#1393,.T.);
#1393 = EDGE_CURVE('',#1366,#1394,#1396,.T.);
#1394 = VERTEX_POINT('',#1395);
#1395 = CARTESIAN_POINT('',(-18.19979724686,-20.869,0.));
#1396 = SURFACE_CURVE('',#1397,(#1401,#1408),.PCURVE_S1.);
#1397 = LINE('',#1398,#1399);
#1398 = CARTESIAN_POINT('',(-21.66219039293,-20.869,3.462393146072));
#1399 = VECTOR('',#1400,1.);
#1400 = DIRECTION('',(0.707106781186,0.,-0.707106781187));
#1401 = PCURVE('',#212,#1402);
#1402 = DEFINITIONAL_REPRESENTATION('',(#1403),#1407);
#1403 = LINE('',#1404,#1405);
#1404 = CARTESIAN_POINT('',(4.189902160918,-4.79805289731));
#1405 = VECTOR('',#1406,1.);
#1406 = DIRECTION('',(-1.,0.));
#1407 = ( GEOMETRIC_REPRESENTATION_CONTEXT(2) 
PARAMETRIC_REPRESENTATION_CONTEXT() REPRESENTATION_CONTEXT('2D SPACE',''
  ) );
#1408 = PCURVE('',#1409,#1414);
#1409 = PLANE('',#1410);
#1410 = AXIS2_PLACEMENT_3D('',#1411,#1412,#1413);
#1411 = CARTESIAN_POINT('',(-31.05,-20.869,0.));
#1412 = DIRECTION('',(-0.,1.,0.));
#1413 = DIRECTION('',(0.,0.,1.));
#1414 = DEFINITIONAL_REPRESENTATION('',(#1415),#1419);
#1415 = LINE('',#1416,#1417);
#1416 = CARTESIAN_POINT('',(3.462393146072,9.38780960707));
#1417 = VECTOR('',#1418,1.);
#1418 = DIRECTION('',(-0.707106781187,0.707106781186));
#1419 = ( GEOMETRIC_REPRESENTATION_CONTEXT(2) 
PARAMETRIC_REPRESENTATION_CONTEXT() REPRESENTATION_CONTEXT('2D SPACE',''
  ) );
#1420 = ORIENTED_EDGE('',*,*,#1421,.T.);
#1421 = EDGE_CURVE('',#1394,#1318,#1422,.T.);
#1422 = SURFACE_CURVE('',#1423,(#1427,#1434),.PCURVE_S1.);
#1423 = LINE('',#1424,#1425);
#1424 = CARTESIAN_POINT('',(-18.19979724686,-18.46997355134,0.));
#1425 = VECTOR('',#1426,1.);
#1426 = DIRECTION('',(0.,1.,-0.));
#1427 = PCURVE('',#212,#1428);
#1428 = DEFINITIONAL_REPRESENTATION('',(#1429),#1433);
#1429 = LINE('',#1430,#1431);
#1430 = CARTESIAN_POINT('',(-0.706661184524,-2.39902644865));
#1431 = VECTOR('',#1432,1.);
#1432 = DIRECTION('',(0.,1.));
#1433 = ( GEOMETRIC_REPRESENTATION_CONTEXT(2) 
PARAMETRIC_REPRESENTATION_CONTEXT() REPRESENTATION_CONTEXT('2D SPACE',''
  ) );
#1434 = PCURVE('',#296,#1435);
#1435 = DEFINITIONAL_REPRESENTATION('',(#1436),#1440);
#1436 = LINE('',#1437,#1438);
#1437 = CARTESIAN_POINT('',(12.85020275314,2.39902644866));
#1438 = VECTOR('',#1439,1.);
#1439 = DIRECTION('',(0.,1.));
#1440 = ( GEOMETRIC_REPRESENTATION_CONTEXT(2) 
PARAMETRIC_REPRESENTATION_CONTEXT() REPRESENTATION_CONTEXT('2D SPACE',''
  ) );
#1441 = ADVANCED_FACE('',(#1442),#240,.T.);
#1442 = FACE_BOUND('',#1443,.T.);
#1443 = EDGE_LOOP('',(#1444,#1467,#1468,#1469));
#1444 = ORIENTED_EDGE('',*,*,#1445,.F.);
#1445 = EDGE_CURVE('',#225,#1446,#1448,.T.);
#1446 = VERTEX_POINT('',#1447);
#1447 = CARTESIAN_POINT('',(-19.19948216244,-4.217628596664,0.));
#1448 = SURFACE_CURVE('',#1449,(#1453,#1460),.PCURVE_S1.);
#1449 = LINE('',#1450,#1451);
#1450 = CARTESIAN_POINT('',(-19.19948216244,9.862533761086,
    -9.246734955584));
#1451 = VECTOR('',#1452,1.);
#1452 = DIRECTION('',(0.,-0.835867368337,0.548931455238));
#1453 = PCURVE('',#240,#1454);
#1454 = DEFINITIONAL_REPRESENTATION('',(#1455),#1459);
#1455 = LINE('',#1456,#1457);
#1456 = CARTESIAN_POINT('',(37.39854447587,16.844397935161));
#1457 = VECTOR('',#1458,1.);
#1458 = DIRECTION('',(0.,-1.));
#1459 = ( GEOMETRIC_REPRESENTATION_CONTEXT(2) 
PARAMETRIC_REPRESENTATION_CONTEXT() REPRESENTATION_CONTEXT('2D SPACE',''
  ) );
#1460 = PCURVE('',#268,#1461);
#1461 = DEFINITIONAL_REPRESENTATION('',(#1462),#1466);
#1462 = LINE('',#1463,#1464);
#1463 = CARTESIAN_POINT('',(-17.58289784992,-6.893245290816));
#1464 = VECTOR('',#1465,1.);
#1465 = DIRECTION('',(-0.665314304205,-0.746563377497));
#1466 = ( GEOMETRIC_REPRESENTATION_CONTEXT(2) 
PARAMETRIC_REPRESENTATION_CONTEXT() REPRESENTATION_CONTEXT('2D SPACE',''
  ) );
#1467 = ORIENTED_EDGE('',*,*,#224,.T.);
#1468 = ORIENTED_EDGE('',*,*,#1317,.T.);
#1469 = ORIENTED_EDGE('',*,*,#1470,.T.);
#1470 = EDGE_CURVE('',#1318,#1446,#1471,.T.);
#1471 = SURFACE_CURVE('',#1472,(#1476,#1483),.PCURVE_S1.);
#1472 = LINE('',#1473,#1474);
#1473 = CARTESIAN_POINT('',(-6.425468843285,-4.217628596664,
    5.421010862428E-20));
#1474 = VECTOR('',#1475,1.);
#1475 = DIRECTION('',(-1.,-0.,0.));
#1476 = PCURVE('',#240,#1477);
#1477 = DEFINITIONAL_REPRESENTATION('',(#1478),#1482);
#1478 = LINE('',#1479,#1480);
#1479 = CARTESIAN_POINT('',(24.624531156715,-5.739959356434E-04));
#1480 = VECTOR('',#1481,1.);
#1481 = DIRECTION('',(1.,0.));
#1482 = ( GEOMETRIC_REPRESENTATION_CONTEXT(2) 
PARAMETRIC_REPRESENTATION_CONTEXT() REPRESENTATION_CONTEXT('2D SPACE',''
  ) );
#1483 = PCURVE('',#296,#1484);
#1484 = DEFINITIONAL_REPRESENTATION('',(#1485),#1489);
#1485 = LINE('',#1486,#1487);
#1486 = CARTESIAN_POINT('',(24.624531156715,16.651371403336));
#1487 = VECTOR('',#1488,1.);
#1488 = DIRECTION('',(-1.,0.));
#1489 = ( GEOMETRIC_REPRESENTATION_CONTEXT(2) 
PARAMETRIC_REPRESENTATION_CONTEXT() REPRESENTATION_CONTEXT('2D SPACE',''
  ) );
#1490 = ADVANCED_FACE('',(#1491),#268,.T.);
#1491 = FACE_BOUND('',#1492,.T.);
#1492 = EDGE_LOOP('',(#1493,#1514,#1515));
#1493 = ORIENTED_EDGE('',*,*,#1494,.T.);
#1494 = EDGE_CURVE('',#1446,#253,#1495,.T.);
#1495 = SURFACE_CURVE('',#1496,(#1500,#1507),.PCURVE_S1.);
#1496 = LINE('',#1497,#1498);
#1497 = CARTESIAN_POINT('',(-19.19948216244,3.880702725387,0.));
#1498 = VECTOR('',#1499,1.);
#1499 = DIRECTION('',(0.,1.,-0.));
#1500 = PCURVE('',#268,#1501);
#1501 = DEFINITIONAL_REPRESENTATION('',(#1502),#1506);
#1502 = LINE('',#1503,#1504);
#1503 = CARTESIAN_POINT('',(-20.96770468383,-17.3731065769));
#1504 = VECTOR('',#1505,1.);
#1505 = DIRECTION('',(0.96592663781,0.258816016447));
#1506 = ( GEOMETRIC_REPRESENTATION_CONTEXT(2) 
PARAMETRIC_REPRESENTATION_CONTEXT() REPRESENTATION_CONTEXT('2D SPACE',''
  ) );
#1507 = PCURVE('',#296,#1508);
#1508 = DEFINITIONAL_REPRESENTATION('',(#1509),#1513);
#1509 = LINE('',#1510,#1511);
#1510 = CARTESIAN_POINT('',(11.85051783756,24.749702725387));
#1511 = VECTOR('',#1512,1.);
#1512 = DIRECTION('',(0.,1.));
#1513 = ( GEOMETRIC_REPRESENTATION_CONTEXT(2) 
PARAMETRIC_REPRESENTATION_CONTEXT() REPRESENTATION_CONTEXT('2D SPACE',''
  ) );
#1514 = ORIENTED_EDGE('',*,*,#252,.T.);
#1515 = ORIENTED_EDGE('',*,*,#1445,.T.);
#1516 = ADVANCED_FACE('',(#1517),#296,.F.);
#1517 = FACE_BOUND('',#1518,.F.);
#1518 = EDGE_LOOP('',(#1519,#1520,#1543,#1564,#1565,#1566));
#1519 = ORIENTED_EDGE('',*,*,#280,.F.);
#1520 = ORIENTED_EDGE('',*,*,#1521,.F.);
#1521 = EDGE_CURVE('',#1522,#281,#1524,.T.);
#1522 = VERTEX_POINT('',#1523);
#1523 = CARTESIAN_POINT('',(-31.05,-20.869,0.));
#1524 = SURFACE_CURVE('',#1525,(#1529,#1536),.PCURVE_S1.);
#1525 = LINE('',#1526,#1527);
#1526 = CARTESIAN_POINT('',(-31.05,-20.869,0.));
#1527 = VECTOR('',#1528,1.);
#1528 = DIRECTION('',(-0.,1.,0.));
#1529 = PCURVE('',#296,#1530);
#1530 = DEFINITIONAL_REPRESENTATION('',(#1531),#1535);
#1531 = LINE('',#1532,#1533);
#1532 = CARTESIAN_POINT('',(0.,0.));
#1533 = VECTOR('',#1534,1.);
#1534 = DIRECTION('',(0.,1.));
#1535 = ( GEOMETRIC_REPRESENTATION_CONTEXT(2) 
PARAMETRIC_REPRESENTATION_CONTEXT() REPRESENTATION_CONTEXT('2D SPACE',''
  ) );
#1536 = PCURVE('',#324,#1537);
#1537 = DEFINITIONAL_REPRESENTATION('',(#1538),#1542);
#1538 = LINE('',#1539,#1540);
#1539 = CARTESIAN_POINT('',(-25.6,-0.631));
#1540 = VECTOR('',#1541,1.);
#1541 = DIRECTION('',(0.,-1.));
#1542 = ( GEOMETRIC_REPRESENTATION_CONTEXT(2) 
PARAMETRIC_REPRESENTATION_CONTEXT() REPRESENTATION_CONTEXT('2D SPACE',''
  ) );
#1543 = ORIENTED_EDGE('',*,*,#1544,.T.);
#1544 = EDGE_CURVE('',#1522,#1394,#1545,.T.);
#1545 = SURFACE_CURVE('',#1546,(#1550,#1557),.PCURVE_S1.);
#1546 = LINE('',#1547,#1548);
#1547 = CARTESIAN_POINT('',(-31.05,-20.869,0.));
#1548 = VECTOR('',#1549,1.);
#1549 = DIRECTION('',(1.,0.,-0.));
#1550 = PCURVE('',#296,#1551);
#1551 = DEFINITIONAL_REPRESENTATION('',(#1552),#1556);
#1552 = LINE('',#1553,#1554);
#1553 = CARTESIAN_POINT('',(0.,0.));
#1554 = VECTOR('',#1555,1.);
#1555 = DIRECTION('',(1.,0.));
#1556 = ( GEOMETRIC_REPRESENTATION_CONTEXT(2) 
PARAMETRIC_REPRESENTATION_CONTEXT() REPRESENTATION_CONTEXT('2D SPACE',''
  ) );
#1557 = PCURVE('',#1409,#1558);
#1558 = DEFINITIONAL_REPRESENTATION('',(#1559),#1563);
#1559 = LINE('',#1560,#1561);
#1560 = CARTESIAN_POINT('',(0.,0.));
#1561 = VECTOR('',#1562,1.);
#1562 = DIRECTION('',(0.,1.));
#1563 = ( GEOMETRIC_REPRESENTATION_CONTEXT(2) 
PARAMETRIC_REPRESENTATION_CONTEXT() REPRESENTATION_CONTEXT('2D SPACE',''
  ) );
#1564 = ORIENTED_EDGE('',*,*,#1421,.T.);
#1565 = ORIENTED_EDGE('',*,*,#1470,.T.);
#1566 = ORIENTED_EDGE('',*,*,#1494,.T.);
#1567 = ADVANCED_FACE('',(#1568),#324,.F.);
#1568 = FACE_BOUND('',#1569,.F.);
#1569 = EDGE_LOOP('',(#1570,#1595,#1618,#1641,#1669,#1697,#1725,#1753,
    #1774,#1775,#1776,#1799,#1822,#1844,#1867,#1890));
#1570 = ORIENTED_EDGE('',*,*,#1571,.F.);
#1571 = EDGE_CURVE('',#1572,#1574,#1576,.T.);
#1572 = VERTEX_POINT('',#1573);
#1573 = CARTESIAN_POINT('',(-31.05,-21.5,30.));
#1574 = VERTEX_POINT('',#1575);
#1575 = CARTESIAN_POINT('',(-31.05,23.,30.));
#1576 = SURFACE_CURVE('',#1577,(#1581,#1588),.PCURVE_S1.);
#1577 = LINE('',#1578,#1579);
#1578 = CARTESIAN_POINT('',(-31.05,-21.5,30.));
#1579 = VECTOR('',#1580,1.);
#1580 = DIRECTION('',(0.,1.,0.));
#1581 = PCURVE('',#324,#1582);
#1582 = DEFINITIONAL_REPRESENTATION('',(#1583),#1587);
#1583 = LINE('',#1584,#1585);
#1584 = CARTESIAN_POINT('',(4.4,0.));
#1585 = VECTOR('',#1586,1.);
#1586 = DIRECTION('',(0.,-1.));
#1587 = ( GEOMETRIC_REPRESENTATION_CONTEXT(2) 
PARAMETRIC_REPRESENTATION_CONTEXT() REPRESENTATION_CONTEXT('2D SPACE',''
  ) );
#1588 = PCURVE('',#814,#1589);
#1589 = DEFINITIONAL_REPRESENTATION('',(#1590),#1594);
#1590 = LINE('',#1591,#1592);
#1591 = CARTESIAN_POINT('',(0.,0.));
#1592 = VECTOR('',#1593,1.);
#1593 = DIRECTION('',(0.,1.));
#1594 = ( GEOMETRIC_REPRESENTATION_CONTEXT(2) 
PARAMETRIC_REPRESENTATION_CONTEXT() REPRESENTATION_CONTEXT('2D SPACE',''
  ) );
#1595 = ORIENTED_EDGE('',*,*,#1596,.F.);
#1596 = EDGE_CURVE('',#1597,#1572,#1599,.T.);
#1597 = VERTEX_POINT('',#1598);
#1598 = CARTESIAN_POINT('',(-31.05,-21.5,25.6));
#1599 = SURFACE_CURVE('',#1600,(#1604,#1611),.PCURVE_S1.);
#1600 = LINE('',#1601,#1602);
#1601 = CARTESIAN_POINT('',(-31.05,-21.5,25.6));
#1602 = VECTOR('',#1603,1.);
#1603 = DIRECTION('',(0.,0.,1.));
#1604 = PCURVE('',#324,#1605);
#1605 = DEFINITIONAL_REPRESENTATION('',(#1606),#1610);
#1606 = LINE('',#1607,#1608);
#1607 = CARTESIAN_POINT('',(0.,0.));
#1608 = VECTOR('',#1609,1.);
#1609 = DIRECTION('',(1.,0.));
#1610 = ( GEOMETRIC_REPRESENTATION_CONTEXT(2) 
PARAMETRIC_REPRESENTATION_CONTEXT() REPRESENTATION_CONTEXT('2D SPACE',''
  ) );
#1611 = PCURVE('',#842,#1612);
#1612 = DEFINITIONAL_REPRESENTATION('',(#1613),#1617);
#1613 = LINE('',#1614,#1615);
#1614 = CARTESIAN_POINT('',(0.,0.));
#1615 = VECTOR('',#1616,1.);
#1616 = DIRECTION('',(1.,0.));
#1617 = ( GEOMETRIC_REPRESENTATION_CONTEXT(2) 
PARAMETRIC_REPRESENTATION_CONTEXT() REPRESENTATION_CONTEXT('2D SPACE',''
  ) );
#1618 = ORIENTED_EDGE('',*,*,#1619,.T.);
#1619 = EDGE_CURVE('',#1597,#1620,#1622,.T.);
#1620 = VERTEX_POINT('',#1621);
#1621 = CARTESIAN_POINT('',(-31.05,-20.869,25.6));
#1622 = SURFACE_CURVE('',#1623,(#1627,#1634),.PCURVE_S1.);
#1623 = LINE('',#1624,#1625);
#1624 = CARTESIAN_POINT('',(-31.05,-21.5,25.6));
#1625 = VECTOR('',#1626,1.);
#1626 = DIRECTION('',(0.,1.,0.));
#1627 = PCURVE('',#324,#1628);
#1628 = DEFINITIONAL_REPRESENTATION('',(#1629),#1633);
#1629 = LINE('',#1630,#1631);
#1630 = CARTESIAN_POINT('',(0.,0.));
#1631 = VECTOR('',#1632,1.);
#1632 = DIRECTION('',(0.,-1.));
#1633 = ( GEOMETRIC_REPRESENTATION_CONTEXT(2) 
PARAMETRIC_REPRESENTATION_CONTEXT() REPRESENTATION_CONTEXT('2D SPACE',''
  ) );
#1634 = PCURVE('',#868,#1635);
#1635 = DEFINITIONAL_REPRESENTATION('',(#1636),#1640);
#1636 = LINE('',#1637,#1638);
#1637 = CARTESIAN_POINT('',(0.,0.));
#1638 = VECTOR('',#1639,1.);
#1639 = DIRECTION('',(0.,1.));
#1640 = ( GEOMETRIC_REPRESENTATION_CONTEXT(2) 
PARAMETRIC_REPRESENTATION_CONTEXT() REPRESENTATION_CONTEXT('2D SPACE',''
  ) );
#1641 = ORIENTED_EDGE('',*,*,#1642,.F.);
#1642 = EDGE_CURVE('',#1643,#1620,#1645,.T.);
#1643 = VERTEX_POINT('',#1644);
#1644 = CARTESIAN_POINT('',(-31.05,-20.869,23.2));
#1645 = SURFACE_CURVE('',#1646,(#1650,#1657),.PCURVE_S1.);
#1646 = LINE('',#1647,#1648);
#1647 = CARTESIAN_POINT('',(-31.05,-20.869,23.2));
#1648 = VECTOR('',#1649,1.);
#1649 = DIRECTION('',(0.,0.,1.));
#1650 = PCURVE('',#324,#1651);
#1651 = DEFINITIONAL_REPRESENTATION('',(#1652),#1656);
#1652 = LINE('',#1653,#1654);
#1653 = CARTESIAN_POINT('',(-2.4,-0.631));
#1654 = VECTOR('',#1655,1.);
#1655 = DIRECTION('',(1.,0.));
#1656 = ( GEOMETRIC_REPRESENTATION_CONTEXT(2) 
PARAMETRIC_REPRESENTATION_CONTEXT() REPRESENTATION_CONTEXT('2D SPACE',''
  ) );
#1657 = PCURVE('',#1658,#1663);
#1658 = PLANE('',#1659);
#1659 = AXIS2_PLACEMENT_3D('',#1660,#1661,#1662);
#1660 = CARTESIAN_POINT('',(-31.05,-20.869,23.2));
#1661 = DIRECTION('',(-0.,1.,0.));
#1662 = DIRECTION('',(0.,0.,1.));
#1663 = DEFINITIONAL_REPRESENTATION('',(#1664),#1668);
#1664 = LINE('',#1665,#1666);
#1665 = CARTESIAN_POINT('',(0.,0.));
#1666 = VECTOR('',#1667,1.);
#1667 = DIRECTION('',(1.,0.));
#1668 = ( GEOMETRIC_REPRESENTATION_CONTEXT(2) 
PARAMETRIC_REPRESENTATION_CONTEXT() REPRESENTATION_CONTEXT('2D SPACE',''
  ) );
#1669 = ORIENTED_EDGE('',*,*,#1670,.T.);
#1670 = EDGE_CURVE('',#1643,#1671,#1673,.T.);
#1671 = VERTEX_POINT('',#1672);
#1672 = CARTESIAN_POINT('',(-31.05,-10.717,23.2));
#1673 = SURFACE_CURVE('',#1674,(#1678,#1685),.PCURVE_S1.);
#1674 = LINE('',#1675,#1676);
#1675 = CARTESIAN_POINT('',(-31.05,-20.869,23.2));
#1676 = VECTOR('',#1677,1.);
#1677 = DIRECTION('',(-0.,1.,0.));
#1678 = PCURVE('',#324,#1679);
#1679 = DEFINITIONAL_REPRESENTATION('',(#1680),#1684);
#1680 = LINE('',#1681,#1682);
#1681 = CARTESIAN_POINT('',(-2.4,-0.631));
#1682 = VECTOR('',#1683,1.);
#1683 = DIRECTION('',(0.,-1.));
#1684 = ( GEOMETRIC_REPRESENTATION_CONTEXT(2) 
PARAMETRIC_REPRESENTATION_CONTEXT() REPRESENTATION_CONTEXT('2D SPACE',''
  ) );
#1685 = PCURVE('',#1686,#1691);
#1686 = PLANE('',#1687);
#1687 = AXIS2_PLACEMENT_3D('',#1688,#1689,#1690);
#1688 = CARTESIAN_POINT('',(-31.05,-20.869,23.2));
#1689 = DIRECTION('',(0.,0.,1.));
#1690 = DIRECTION('',(1.,0.,-0.));
#1691 = DEFINITIONAL_REPRESENTATION('',(#1692),#1696);
#1692 = LINE('',#1693,#1694);
#1693 = CARTESIAN_POINT('',(0.,0.));
#1694 = VECTOR('',#1695,1.);
#1695 = DIRECTION('',(0.,1.));
#1696 = ( GEOMETRIC_REPRESENTATION_CONTEXT(2) 
PARAMETRIC_REPRESENTATION_CONTEXT() REPRESENTATION_CONTEXT('2D SPACE',''
  ) );
#1697 = ORIENTED_EDGE('',*,*,#1698,.F.);
#1698 = EDGE_CURVE('',#1699,#1671,#1701,.T.);
#1699 = VERTEX_POINT('',#1700);
#1700 = CARTESIAN_POINT('',(-31.05,-10.717,2.8));
#1701 = SURFACE_CURVE('',#1702,(#1706,#1713),.PCURVE_S1.);
#1702 = LINE('',#1703,#1704);
#1703 = CARTESIAN_POINT('',(-31.05,-10.717,2.7));
#1704 = VECTOR('',#1705,1.);
#1705 = DIRECTION('',(0.,0.,1.));
#1706 = PCURVE('',#324,#1707);
#1707 = DEFINITIONAL_REPRESENTATION('',(#1708),#1712);
#1708 = LINE('',#1709,#1710);
#1709 = CARTESIAN_POINT('',(-22.9,-10.783));
#1710 = VECTOR('',#1711,1.);
#1711 = DIRECTION('',(1.,0.));
#1712 = ( GEOMETRIC_REPRESENTATION_CONTEXT(2) 
PARAMETRIC_REPRESENTATION_CONTEXT() REPRESENTATION_CONTEXT('2D SPACE',''
  ) );
#1713 = PCURVE('',#1714,#1719);
#1714 = PLANE('',#1715);
#1715 = AXIS2_PLACEMENT_3D('',#1716,#1717,#1718);
#1716 = CARTESIAN_POINT('',(-31.05,-10.717,2.7));
#1717 = DIRECTION('',(-0.,1.,0.));
#1718 = DIRECTION('',(0.,0.,1.));
#1719 = DEFINITIONAL_REPRESENTATION('',(#1720),#1724);
#1720 = LINE('',#1721,#1722);
#1721 = CARTESIAN_POINT('',(0.,0.));
#1722 = VECTOR('',#1723,1.);
#1723 = DIRECTION('',(1.,0.));
#1724 = ( GEOMETRIC_REPRESENTATION_CONTEXT(2) 
PARAMETRIC_REPRESENTATION_CONTEXT() REPRESENTATION_CONTEXT('2D SPACE',''
  ) );
#1725 = ORIENTED_EDGE('',*,*,#1726,.F.);
#1726 = EDGE_CURVE('',#1727,#1699,#1729,.T.);
#1727 = VERTEX_POINT('',#1728);
#1728 = CARTESIAN_POINT('',(-31.05,-20.869,2.8));
#1729 = SURFACE_CURVE('',#1730,(#1734,#1741),.PCURVE_S1.);
#1730 = LINE('',#1731,#1732);
#1731 = CARTESIAN_POINT('',(-31.05,-20.869,2.8));
#1732 = VECTOR('',#1733,1.);
#1733 = DIRECTION('',(-0.,1.,0.));
#1734 = PCURVE('',#324,#1735);
#1735 = DEFINITIONAL_REPRESENTATION('',(#1736),#1740);
#1736 = LINE('',#1737,#1738);
#1737 = CARTESIAN_POINT('',(-22.8,-0.631));
#1738 = VECTOR('',#1739,1.);
#1739 = DIRECTION('',(0.,-1.));
#1740 = ( GEOMETRIC_REPRESENTATION_CONTEXT(2) 
PARAMETRIC_REPRESENTATION_CONTEXT() REPRESENTATION_CONTEXT('2D SPACE',''
  ) );
#1741 = PCURVE('',#1742,#1747);
#1742 = PLANE('',#1743);
#1743 = AXIS2_PLACEMENT_3D('',#1744,#1745,#1746);
#1744 = CARTESIAN_POINT('',(-31.05,-20.869,2.8));
#1745 = DIRECTION('',(0.,0.,1.));
#1746 = DIRECTION('',(1.,0.,-0.));
#1747 = DEFINITIONAL_REPRESENTATION('',(#1748),#1752);
#1748 = LINE('',#1749,#1750);
#1749 = CARTESIAN_POINT('',(0.,0.));
#1750 = VECTOR('',#1751,1.);
#1751 = DIRECTION('',(0.,1.));
#1752 = ( GEOMETRIC_REPRESENTATION_CONTEXT(2) 
PARAMETRIC_REPRESENTATION_CONTEXT() REPRESENTATION_CONTEXT('2D SPACE',''
  ) );
#1753 = ORIENTED_EDGE('',*,*,#1754,.F.);
#1754 = EDGE_CURVE('',#1522,#1727,#1755,.T.);
#1755 = SURFACE_CURVE('',#1756,(#1760,#1767),.PCURVE_S1.);
#1756 = LINE('',#1757,#1758);
#1757 = CARTESIAN_POINT('',(-31.05,-20.869,0.));
#1758 = VECTOR('',#1759,1.);
#1759 = DIRECTION('',(0.,0.,1.));
#1760 = PCURVE('',#324,#1761);
#1761 = DEFINITIONAL_REPRESENTATION('',(#1762),#1766);
#1762 = LINE('',#1763,#1764);
#1763 = CARTESIAN_POINT('',(-25.6,-0.631));
#1764 = VECTOR('',#1765,1.);
#1765 = DIRECTION('',(1.,0.));
#1766 = ( GEOMETRIC_REPRESENTATION_CONTEXT(2) 
PARAMETRIC_REPRESENTATION_CONTEXT() REPRESENTATION_CONTEXT('2D SPACE',''
  ) );
#1767 = PCURVE('',#1409,#1768);
#1768 = DEFINITIONAL_REPRESENTATION('',(#1769),#1773);
#1769 = LINE('',#1770,#1771);
#1770 = CARTESIAN_POINT('',(0.,0.));
#1771 = VECTOR('',#1772,1.);
#1772 = DIRECTION('',(1.,0.));
#1773 = ( GEOMETRIC_REPRESENTATION_CONTEXT(2) 
PARAMETRIC_REPRESENTATION_CONTEXT() REPRESENTATION_CONTEXT('2D SPACE',''
  ) );
#1774 = ORIENTED_EDGE('',*,*,#1521,.T.);
#1775 = ORIENTED_EDGE('',*,*,#308,.T.);
#1776 = ORIENTED_EDGE('',*,*,#1777,.T.);
#1777 = EDGE_CURVE('',#309,#1778,#1780,.T.);
#1778 = VERTEX_POINT('',#1779);
#1779 = CARTESIAN_POINT('',(-31.05,27.5,25.6));
#1780 = SURFACE_CURVE('',#1781,(#1785,#1792),.PCURVE_S1.);
#1781 = LINE('',#1782,#1783);
#1782 = CARTESIAN_POINT('',(-31.05,-21.5,25.6));
#1783 = VECTOR('',#1784,1.);
#1784 = DIRECTION('',(0.,1.,0.));
#1785 = PCURVE('',#324,#1786);
#1786 = DEFINITIONAL_REPRESENTATION('',(#1787),#1791);
#1787 = LINE('',#1788,#1789);
#1788 = CARTESIAN_POINT('',(0.,0.));
#1789 = VECTOR('',#1790,1.);
#1790 = DIRECTION('',(0.,-1.));
#1791 = ( GEOMETRIC_REPRESENTATION_CONTEXT(2) 
PARAMETRIC_REPRESENTATION_CONTEXT() REPRESENTATION_CONTEXT('2D SPACE',''
  ) );
#1792 = PCURVE('',#352,#1793);
#1793 = DEFINITIONAL_REPRESENTATION('',(#1794),#1798);
#1794 = LINE('',#1795,#1796);
#1795 = CARTESIAN_POINT('',(0.,0.));
#1796 = VECTOR('',#1797,1.);
#1797 = DIRECTION('',(0.,1.));
#1798 = ( GEOMETRIC_REPRESENTATION_CONTEXT(2) 
PARAMETRIC_REPRESENTATION_CONTEXT() REPRESENTATION_CONTEXT('2D SPACE',''
  ) );
#1799 = ORIENTED_EDGE('',*,*,#1800,.F.);
#1800 = EDGE_CURVE('',#1801,#1778,#1803,.T.);
#1801 = VERTEX_POINT('',#1802);
#1802 = CARTESIAN_POINT('',(-31.05,27.5,30.));
#1803 = SURFACE_CURVE('',#1804,(#1808,#1815),.PCURVE_S1.);
#1804 = LINE('',#1805,#1806);
#1805 = CARTESIAN_POINT('',(-31.05,27.5,44.));
#1806 = VECTOR('',#1807,1.);
#1807 = DIRECTION('',(0.,0.,-1.));
#1808 = PCURVE('',#324,#1809);
#1809 = DEFINITIONAL_REPRESENTATION('',(#1810),#1814);
#1810 = LINE('',#1811,#1812);
#1811 = CARTESIAN_POINT('',(18.4,-49.));
#1812 = VECTOR('',#1813,1.);
#1813 = DIRECTION('',(-1.,0.));
#1814 = ( GEOMETRIC_REPRESENTATION_CONTEXT(2) 
PARAMETRIC_REPRESENTATION_CONTEXT() REPRESENTATION_CONTEXT('2D SPACE',''
  ) );
#1815 = PCURVE('',#675,#1816);
#1816 = DEFINITIONAL_REPRESENTATION('',(#1817),#1821);
#1817 = LINE('',#1818,#1819);
#1818 = CARTESIAN_POINT('',(18.4,0.));
#1819 = VECTOR('',#1820,1.);
#1820 = DIRECTION('',(-1.,0.));
#1821 = ( GEOMETRIC_REPRESENTATION_CONTEXT(2) 
PARAMETRIC_REPRESENTATION_CONTEXT() REPRESENTATION_CONTEXT('2D SPACE',''
  ) );
#1822 = ORIENTED_EDGE('',*,*,#1823,.T.);
#1823 = EDGE_CURVE('',#1801,#1824,#1826,.T.);
#1824 = VERTEX_POINT('',#1825);
#1825 = CARTESIAN_POINT('',(-31.05,26.5,30.));
#1826 = SURFACE_CURVE('',#1827,(#1831,#1838),.PCURVE_S1.);
#1827 = LINE('',#1828,#1829);
#1828 = CARTESIAN_POINT('',(-31.05,1.245,30.));
#1829 = VECTOR('',#1830,1.);
#1830 = DIRECTION('',(0.,-1.,0.));
#1831 = PCURVE('',#324,#1832);
#1832 = DEFINITIONAL_REPRESENTATION('',(#1833),#1837);
#1833 = LINE('',#1834,#1835);
#1834 = CARTESIAN_POINT('',(4.4,-22.745));
#1835 = VECTOR('',#1836,1.);
#1836 = DIRECTION('',(0.,1.));
#1837 = ( GEOMETRIC_REPRESENTATION_CONTEXT(2) 
PARAMETRIC_REPRESENTATION_CONTEXT() REPRESENTATION_CONTEXT('2D SPACE',''
  ) );
#1838 = PCURVE('',#703,#1839);
#1839 = DEFINITIONAL_REPRESENTATION('',(#1840),#1843);
#1840 = B_SPLINE_CURVE_WITH_KNOTS('',1,(#1841,#1842),.UNSPECIFIED.,.F.,
  .F.,(2,2),(-26.255,-22.745),.PIECEWISE_BEZIER_KNOTS.);
#1841 = CARTESIAN_POINT('',(9.999999999998E-03,3.51));
#1842 = CARTESIAN_POINT('',(9.999999999998E-03,0.));
#1843 = ( GEOMETRIC_REPRESENTATION_CONTEXT(2) 
PARAMETRIC_REPRESENTATION_CONTEXT() REPRESENTATION_CONTEXT('2D SPACE',''
  ) );
#1844 = ORIENTED_EDGE('',*,*,#1845,.T.);
#1845 = EDGE_CURVE('',#1824,#1846,#1848,.T.);
#1846 = VERTEX_POINT('',#1847);
#1847 = CARTESIAN_POINT('',(-31.05,26.5,44.));
#1848 = SURFACE_CURVE('',#1849,(#1853,#1860),.PCURVE_S1.);
#1849 = LINE('',#1850,#1851);
#1850 = CARTESIAN_POINT('',(-31.05,26.5,29.8));
#1851 = VECTOR('',#1852,1.);
#1852 = DIRECTION('',(0.,0.,1.));
#1853 = PCURVE('',#324,#1854);
#1854 = DEFINITIONAL_REPRESENTATION('',(#1855),#1859);
#1855 = LINE('',#1856,#1857);
#1856 = CARTESIAN_POINT('',(4.2,-48.));
#1857 = VECTOR('',#1858,1.);
#1858 = DIRECTION('',(1.,0.));
#1859 = ( GEOMETRIC_REPRESENTATION_CONTEXT(2) 
PARAMETRIC_REPRESENTATION_CONTEXT() REPRESENTATION_CONTEXT('2D SPACE',''
  ) );
#1860 = PCURVE('',#730,#1861);
#1861 = DEFINITIONAL_REPRESENTATION('',(#1862),#1866);
#1862 = LINE('',#1863,#1864);
#1863 = CARTESIAN_POINT('',(0.,0.));
#1864 = VECTOR('',#1865,1.);
#1865 = DIRECTION('',(1.,0.));
#1866 = ( GEOMETRIC_REPRESENTATION_CONTEXT(2) 
PARAMETRIC_REPRESENTATION_CONTEXT() REPRESENTATION_CONTEXT('2D SPACE',''
  ) );
#1867 = ORIENTED_EDGE('',*,*,#1868,.F.);
#1868 = EDGE_CURVE('',#1869,#1846,#1871,.T.);
#1869 = VERTEX_POINT('',#1870);
#1870 = CARTESIAN_POINT('',(-31.05,23.,44.));
#1871 = SURFACE_CURVE('',#1872,(#1876,#1883),.PCURVE_S1.);
#1872 = LINE('',#1873,#1874);
#1873 = CARTESIAN_POINT('',(-31.05,23.,44.));
#1874 = VECTOR('',#1875,1.);
#1875 = DIRECTION('',(-0.,1.,0.));
#1876 = PCURVE('',#324,#1877);
#1877 = DEFINITIONAL_REPRESENTATION('',(#1878),#1882);
#1878 = LINE('',#1879,#1880);
#1879 = CARTESIAN_POINT('',(18.4,-44.5));
#1880 = VECTOR('',#1881,1.);
#1881 = DIRECTION('',(0.,-1.));
#1882 = ( GEOMETRIC_REPRESENTATION_CONTEXT(2) 
PARAMETRIC_REPRESENTATION_CONTEXT() REPRESENTATION_CONTEXT('2D SPACE',''
  ) );
#1883 = PCURVE('',#758,#1884);
#1884 = DEFINITIONAL_REPRESENTATION('',(#1885),#1889);
#1885 = LINE('',#1886,#1887);
#1886 = CARTESIAN_POINT('',(0.,0.));
#1887 = VECTOR('',#1888,1.);
#1888 = DIRECTION('',(0.,1.));
#1889 = ( GEOMETRIC_REPRESENTATION_CONTEXT(2) 
PARAMETRIC_REPRESENTATION_CONTEXT() REPRESENTATION_CONTEXT('2D SPACE',''
  ) );
#1890 = ORIENTED_EDGE('',*,*,#1891,.F.);
#1891 = EDGE_CURVE('',#1574,#1869,#1892,.T.);
#1892 = SURFACE_CURVE('',#1893,(#1897,#1904),.PCURVE_S1.);
#1893 = LINE('',#1894,#1895);
#1894 = CARTESIAN_POINT('',(-31.05,23.,29.8));
#1895 = VECTOR('',#1896,1.);
#1896 = DIRECTION('',(0.,0.,1.));
#1897 = PCURVE('',#324,#1898);
#1898 = DEFINITIONAL_REPRESENTATION('',(#1899),#1903);
#1899 = LINE('',#1900,#1901);
#1900 = CARTESIAN_POINT('',(4.2,-44.5));
#1901 = VECTOR('',#1902,1.);
#1902 = DIRECTION('',(1.,0.));
#1903 = ( GEOMETRIC_REPRESENTATION_CONTEXT(2) 
PARAMETRIC_REPRESENTATION_CONTEXT() REPRESENTATION_CONTEXT('2D SPACE',''
  ) );
#1904 = PCURVE('',#786,#1905);
#1905 = DEFINITIONAL_REPRESENTATION('',(#1906),#1910);
#1906 = LINE('',#1907,#1908);
#1907 = CARTESIAN_POINT('',(0.,0.));
#1908 = VECTOR('',#1909,1.);
#1909 = DIRECTION('',(1.,0.));
#1910 = ( GEOMETRIC_REPRESENTATION_CONTEXT(2) 
PARAMETRIC_REPRESENTATION_CONTEXT() REPRESENTATION_CONTEXT('2D SPACE',''
  ) );
#1911 = ADVANCED_FACE('',(#1912,#2005),#352,.F.);
#1912 = FACE_BOUND('',#1913,.F.);
#1913 = EDGE_LOOP('',(#1914,#1915,#1916,#1937,#1938,#1939,#1962,#1984));
#1914 = ORIENTED_EDGE('',*,*,#448,.F.);
#1915 = ORIENTED_EDGE('',*,*,#636,.F.);
#1916 = ORIENTED_EDGE('',*,*,#1917,.F.);
#1917 = EDGE_CURVE('',#1778,#637,#1918,.T.);
#1918 = SURFACE_CURVE('',#1919,(#1923,#1930),.PCURVE_S1.);
#1919 = LINE('',#1920,#1921);
#1920 = CARTESIAN_POINT('',(-31.05,27.5,25.6));
#1921 = VECTOR('',#1922,1.);
#1922 = DIRECTION('',(1.,0.,-0.));
#1923 = PCURVE('',#352,#1924);
#1924 = DEFINITIONAL_REPRESENTATION('',(#1925),#1929);
#1925 = LINE('',#1926,#1927);
#1926 = CARTESIAN_POINT('',(0.,49.));
#1927 = VECTOR('',#1928,1.);
#1928 = DIRECTION('',(1.,0.));
#1929 = ( GEOMETRIC_REPRESENTATION_CONTEXT(2) 
PARAMETRIC_REPRESENTATION_CONTEXT() REPRESENTATION_CONTEXT('2D SPACE',''
  ) );
#1930 = PCURVE('',#675,#1931);
#1931 = DEFINITIONAL_REPRESENTATION('',(#1932),#1936);
#1932 = LINE('',#1933,#1934);
#1933 = CARTESIAN_POINT('',(0.,0.));
#1934 = VECTOR('',#1935,1.);
#1935 = DIRECTION('',(0.,1.));
#1936 = ( GEOMETRIC_REPRESENTATION_CONTEXT(2) 
PARAMETRIC_REPRESENTATION_CONTEXT() REPRESENTATION_CONTEXT('2D SPACE',''
  ) );
#1937 = ORIENTED_EDGE('',*,*,#1777,.F.);
#1938 = ORIENTED_EDGE('',*,*,#336,.F.);
#1939 = ORIENTED_EDGE('',*,*,#1940,.F.);
#1940 = EDGE_CURVE('',#1941,#337,#1943,.T.);
#1941 = VERTEX_POINT('',#1942);
#1942 = CARTESIAN_POINT('',(-18.,-5.017569039703,25.6));
#1943 = SURFACE_CURVE('',#1944,(#1948,#1955),.PCURVE_S1.);
#1944 = LINE('',#1945,#1946);
#1945 = CARTESIAN_POINT('',(-18.,-21.1845,25.6));
#1946 = VECTOR('',#1947,1.);
#1947 = DIRECTION('',(-0.,1.,0.));
#1948 = PCURVE('',#352,#1949);
#1949 = DEFINITIONAL_REPRESENTATION('',(#1950),#1954);
#1950 = LINE('',#1951,#1952);
#1951 = CARTESIAN_POINT('',(13.05,0.3155));
#1952 = VECTOR('',#1953,1.);
#1953 = DIRECTION('',(0.,1.));
#1954 = ( GEOMETRIC_REPRESENTATION_CONTEXT(2) 
PARAMETRIC_REPRESENTATION_CONTEXT() REPRESENTATION_CONTEXT('2D SPACE',''
  ) );
#1955 = PCURVE('',#380,#1956);
#1956 = DEFINITIONAL_REPRESENTATION('',(#1957),#1961);
#1957 = LINE('',#1958,#1959);
#1958 = CARTESIAN_POINT('',(2.4,0.3155));
#1959 = VECTOR('',#1960,1.);
#1960 = DIRECTION('',(0.,-1.));
#1961 = ( GEOMETRIC_REPRESENTATION_CONTEXT(2) 
PARAMETRIC_REPRESENTATION_CONTEXT() REPRESENTATION_CONTEXT('2D SPACE',''
  ) );
#1962 = ORIENTED_EDGE('',*,*,#1963,.F.);
#1963 = EDGE_CURVE('',#1964,#1941,#1966,.T.);
#1964 = VERTEX_POINT('',#1965);
#1965 = CARTESIAN_POINT('',(18.,-5.017569039703,25.6));
#1966 = SURFACE_CURVE('',#1967,(#1971,#1978),.PCURVE_S1.);
#1967 = LINE('',#1968,#1969);
#1968 = CARTESIAN_POINT('',(19.19906231343,-5.017569039703,25.6));
#1969 = VECTOR('',#1970,1.);
#1970 = DIRECTION('',(-1.,0.,0.));
#1971 = PCURVE('',#352,#1972);
#1972 = DEFINITIONAL_REPRESENTATION('',(#1973),#1977);
#1973 = LINE('',#1974,#1975);
#1974 = CARTESIAN_POINT('',(50.24906231343,16.482430960297));
#1975 = VECTOR('',#1976,1.);
#1976 = DIRECTION('',(-1.,0.));
#1977 = ( GEOMETRIC_REPRESENTATION_CONTEXT(2) 
PARAMETRIC_REPRESENTATION_CONTEXT() REPRESENTATION_CONTEXT('2D SPACE',''
  ) );
#1978 = PCURVE('',#408,#1979);
#1979 = DEFINITIONAL_REPRESENTATION('',(#1980),#1983);
#1980 = B_SPLINE_CURVE_WITH_KNOTS('',1,(#1981,#1982),.UNSPECIFIED.,.F.,
  .F.,(2,2),(-5.999999999062E-07,38.39854507587),
  .PIECEWISE_BEZIER_KNOTS.);
#1981 = CARTESIAN_POINT('',(-0.142159670939,-5.999999999062E-07));
#1982 = CARTESIAN_POINT('',(-0.142159670939,38.39854507587));
#1983 = ( GEOMETRIC_REPRESENTATION_CONTEXT(2) 
PARAMETRIC_REPRESENTATION_CONTEXT() REPRESENTATION_CONTEXT('2D SPACE',''
  ) );
#1984 = ORIENTED_EDGE('',*,*,#1985,.T.);
#1985 = EDGE_CURVE('',#1964,#421,#1986,.T.);
#1986 = SURFACE_CURVE('',#1987,(#1991,#1998),.PCURVE_S1.);
#1987 = LINE('',#1988,#1989);
#1988 = CARTESIAN_POINT('',(18.,-21.1845,25.6));
#1989 = VECTOR('',#1990,1.);
#1990 = DIRECTION('',(-0.,1.,0.));
#1991 = PCURVE('',#352,#1992);
#1992 = DEFINITIONAL_REPRESENTATION('',(#1993),#1997);
#1993 = LINE('',#1994,#1995);
#1994 = CARTESIAN_POINT('',(49.05,0.3155));
#1995 = VECTOR('',#1996,1.);
#1996 = DIRECTION('',(0.,1.));
#1997 = ( GEOMETRIC_REPRESENTATION_CONTEXT(2) 
PARAMETRIC_REPRESENTATION_CONTEXT() REPRESENTATION_CONTEXT('2D SPACE',''
  ) );
#1998 = PCURVE('',#436,#1999);
#1999 = DEFINITIONAL_REPRESENTATION('',(#2000),#2004);
#2000 = LINE('',#2001,#2002);
#2001 = CARTESIAN_POINT('',(2.4,0.3155));
#2002 = VECTOR('',#2003,1.);
#2003 = DIRECTION('',(0.,-1.));
#2004 = ( GEOMETRIC_REPRESENTATION_CONTEXT(2) 
PARAMETRIC_REPRESENTATION_CONTEXT() REPRESENTATION_CONTEXT('2D SPACE',''
  ) );
#2005 = FACE_BOUND('',#2006,.F.);
#2006 = EDGE_LOOP('',(#2007));
#2007 = ORIENTED_EDGE('',*,*,#2008,.F.);
#2008 = EDGE_CURVE('',#2009,#2009,#2011,.T.);
#2009 = VERTEX_POINT('',#2010);
#2010 = CARTESIAN_POINT('',(16.15,5.,25.6));
#2011 = SURFACE_CURVE('',#2012,(#2017,#2024),.PCURVE_S1.);
#2012 = CIRCLE('',#2013,3.4);
#2013 = AXIS2_PLACEMENT_3D('',#2014,#2015,#2016);
#2014 = CARTESIAN_POINT('',(12.75,5.,25.6));
#2015 = DIRECTION('',(0.,0.,1.));
#2016 = DIRECTION('',(1.,0.,-0.));
#2017 = PCURVE('',#352,#2018);
#2018 = DEFINITIONAL_REPRESENTATION('',(#2019),#2023);
#2019 = CIRCLE('',#2020,3.4);
#2020 = AXIS2_PLACEMENT_2D('',#2021,#2022);
#2021 = CARTESIAN_POINT('',(43.8,26.5));
#2022 = DIRECTION('',(1.,0.));
#2023 = ( GEOMETRIC_REPRESENTATION_CONTEXT(2) 
PARAMETRIC_REPRESENTATION_CONTEXT() REPRESENTATION_CONTEXT('2D SPACE',''
  ) );
#2024 = PCURVE('',#2025,#2030);
#2025 = CYLINDRICAL_SURFACE('',#2026,3.4);
#2026 = AXIS2_PLACEMENT_3D('',#2027,#2028,#2029);
#2027 = CARTESIAN_POINT('',(12.75,5.,24.));
#2028 = DIRECTION('',(0.,0.,1.));
#2029 = DIRECTION('',(1.,0.,-0.));
#2030 = DEFINITIONAL_REPRESENTATION('',(#2031),#2035);
#2031 = LINE('',#2032,#2033);
#2032 = CARTESIAN_POINT('',(0.,1.6));
#2033 = VECTOR('',#2034,1.);
#2034 = DIRECTION('',(1.,0.));
#2035 = ( GEOMETRIC_REPRESENTATION_CONTEXT(2) 
PARAMETRIC_REPRESENTATION_CONTEXT() REPRESENTATION_CONTEXT('2D SPACE',''
  ) );
#2036 = ADVANCED_FACE('',(#2037),#380,.T.);
#2037 = FACE_BOUND('',#2038,.T.);
#2038 = EDGE_LOOP('',(#2039,#2040,#2041));
#2039 = ORIENTED_EDGE('',*,*,#364,.T.);
#2040 = ORIENTED_EDGE('',*,*,#1940,.F.);
#2041 = ORIENTED_EDGE('',*,*,#2042,.T.);
#2042 = EDGE_CURVE('',#1941,#365,#2043,.T.);
#2043 = SURFACE_CURVE('',#2044,(#2049,#2060),.PCURVE_S1.);
#2044 = CIRCLE('',#2045,2.);
#2045 = AXIS2_PLACEMENT_3D('',#2046,#2047,#2048);
#2046 = CARTESIAN_POINT('',(-18.,-6.217148812192,23.999684915575));
#2047 = DIRECTION('',(-1.,0.,0.));
#2048 = DIRECTION('',(0.,0.707106781187,0.707106781187));
#2049 = PCURVE('',#380,#2050);
#2050 = DEFINITIONAL_REPRESENTATION('',(#2051),#2059);
#2051 = ( BOUNDED_CURVE() B_SPLINE_CURVE(2,(#2052,#2053,#2054,#2055,
#2056,#2057,#2058),.UNSPECIFIED.,.T.,.F.) B_SPLINE_CURVE_WITH_KNOTS((1,2
    ,2,2,2,1),(-2.094395102393,0.,2.094395102393,4.188790204786,
6.28318530718,8.377580409573),.UNSPECIFIED.) CURVE() 
GEOMETRIC_REPRESENTATION_ITEM() RATIONAL_B_SPLINE_CURVE((1.,0.5,1.,0.5,
1.,0.5,1.)) REPRESENTATION_ITEM('') );
#2052 = CARTESIAN_POINT('',(2.213898477948,-16.06606475018));
#2053 = CARTESIAN_POINT('',(-0.235591264835,-18.51555449296));
#2054 = CARTESIAN_POINT('',(-1.132166737003,-15.16948927801));
#2055 = CARTESIAN_POINT('',(-2.028742209171,-11.82342406306));
#2056 = CARTESIAN_POINT('',(1.31732300578,-12.71999953523));
#2057 = CARTESIAN_POINT('',(4.663388220731,-13.61657500739));
#2058 = CARTESIAN_POINT('',(2.213898477948,-16.06606475018));
#2059 = ( GEOMETRIC_REPRESENTATION_CONTEXT(2) 
PARAMETRIC_REPRESENTATION_CONTEXT() REPRESENTATION_CONTEXT('2D SPACE',''
  ) );
#2060 = PCURVE('',#408,#2061);
#2061 = DEFINITIONAL_REPRESENTATION('',(#2062),#2066);
#2062 = LINE('',#2063,#2064);
#2063 = CARTESIAN_POINT('',(-6.28318530718,37.19906231343));
#2064 = VECTOR('',#2065,1.);
#2065 = DIRECTION('',(1.,0.));
#2066 = ( GEOMETRIC_REPRESENTATION_CONTEXT(2) 
PARAMETRIC_REPRESENTATION_CONTEXT() REPRESENTATION_CONTEXT('2D SPACE',''
  ) );
#2067 = ADVANCED_FACE('',(#2068),#408,.T.);
#2068 = FACE_BOUND('',#2069,.T.);
#2069 = EDGE_LOOP('',(#2070,#2071,#2097,#2098));
#2070 = ORIENTED_EDGE('',*,*,#1963,.F.);
#2071 = ORIENTED_EDGE('',*,*,#2072,.T.);
#2072 = EDGE_CURVE('',#1964,#393,#2073,.T.);
#2073 = SURFACE_CURVE('',#2074,(#2079,#2086),.PCURVE_S1.);
#2074 = CIRCLE('',#2075,2.);
#2075 = AXIS2_PLACEMENT_3D('',#2076,#2077,#2078);
#2076 = CARTESIAN_POINT('',(18.,-6.217148812192,23.999684915575));
#2077 = DIRECTION('',(-1.,0.,0.));
#2078 = DIRECTION('',(0.,0.707106781187,0.707106781187));
#2079 = PCURVE('',#408,#2080);
#2080 = DEFINITIONAL_REPRESENTATION('',(#2081),#2085);
#2081 = LINE('',#2082,#2083);
#2082 = CARTESIAN_POINT('',(-6.28318530718,1.19906231343));
#2083 = VECTOR('',#2084,1.);
#2084 = DIRECTION('',(1.,0.));
#2085 = ( GEOMETRIC_REPRESENTATION_CONTEXT(2) 
PARAMETRIC_REPRESENTATION_CONTEXT() REPRESENTATION_CONTEXT('2D SPACE',''
  ) );
#2086 = PCURVE('',#436,#2087);
#2087 = DEFINITIONAL_REPRESENTATION('',(#2088),#2096);
#2088 = ( BOUNDED_CURVE() B_SPLINE_CURVE(2,(#2089,#2090,#2091,#2092,
#2093,#2094,#2095),.UNSPECIFIED.,.T.,.F.) B_SPLINE_CURVE_WITH_KNOTS((1,2
    ,2,2,2,1),(-2.094395102393,0.,2.094395102393,4.188790204786,
6.28318530718,8.377580409573),.UNSPECIFIED.) CURVE() 
GEOMETRIC_REPRESENTATION_ITEM() RATIONAL_B_SPLINE_CURVE((1.,0.5,1.,0.5,
1.,0.5,1.)) REPRESENTATION_ITEM('') );
#2089 = CARTESIAN_POINT('',(2.213898477948,-16.06606475018));
#2090 = CARTESIAN_POINT('',(-0.235591264835,-18.51555449296));
#2091 = CARTESIAN_POINT('',(-1.132166737003,-15.16948927801));
#2092 = CARTESIAN_POINT('',(-2.028742209171,-11.82342406306));
#2093 = CARTESIAN_POINT('',(1.31732300578,-12.71999953523));
#2094 = CARTESIAN_POINT('',(4.663388220731,-13.61657500739));
#2095 = CARTESIAN_POINT('',(2.213898477948,-16.06606475018));
#2096 = ( GEOMETRIC_REPRESENTATION_CONTEXT(2) 
PARAMETRIC_REPRESENTATION_CONTEXT() REPRESENTATION_CONTEXT('2D SPACE',''
  ) );
#2097 = ORIENTED_EDGE('',*,*,#392,.T.);
#2098 = ORIENTED_EDGE('',*,*,#2042,.F.);
#2099 = ADVANCED_FACE('',(#2100),#436,.F.);
#2100 = FACE_BOUND('',#2101,.F.);
#2101 = EDGE_LOOP('',(#2102,#2103,#2104));
#2102 = ORIENTED_EDGE('',*,*,#420,.T.);
#2103 = ORIENTED_EDGE('',*,*,#1985,.F.);
#2104 = ORIENTED_EDGE('',*,*,#2072,.T.);
#2105 = ADVANCED_FACE('',(#2106),#490,.F.);
#2106 = FACE_BOUND('',#2107,.F.);
#2107 = EDGE_LOOP('',(#2108,#2131,#2159,#2180));
#2108 = ORIENTED_EDGE('',*,*,#2109,.F.);
#2109 = EDGE_CURVE('',#2110,#473,#2112,.T.);
#2110 = VERTEX_POINT('',#2111);
#2111 = CARTESIAN_POINT('',(19.19906231343,-20.869,23.2));
#2112 = SURFACE_CURVE('',#2113,(#2117,#2124),.PCURVE_S1.);
#2113 = LINE('',#2114,#2115);
#2114 = CARTESIAN_POINT('',(18.,-20.869,23.2));
#2115 = VECTOR('',#2116,1.);
#2116 = DIRECTION('',(1.,0.,-0.));
#2117 = PCURVE('',#490,#2118);
#2118 = DEFINITIONAL_REPRESENTATION('',(#2119),#2123);
#2119 = LINE('',#2120,#2121);
#2120 = CARTESIAN_POINT('',(0.,0.));
#2121 = VECTOR('',#2122,1.);
#2122 = DIRECTION('',(0.,1.));
#2123 = ( GEOMETRIC_REPRESENTATION_CONTEXT(2) 
PARAMETRIC_REPRESENTATION_CONTEXT() REPRESENTATION_CONTEXT('2D SPACE',''
  ) );
#2124 = PCURVE('',#518,#2125);
#2125 = DEFINITIONAL_REPRESENTATION('',(#2126),#2130);
#2126 = LINE('',#2127,#2128);
#2127 = CARTESIAN_POINT('',(0.,0.));
#2128 = VECTOR('',#2129,1.);
#2129 = DIRECTION('',(1.,0.));
#2130 = ( GEOMETRIC_REPRESENTATION_CONTEXT(2) 
PARAMETRIC_REPRESENTATION_CONTEXT() REPRESENTATION_CONTEXT('2D SPACE',''
  ) );
#2131 = ORIENTED_EDGE('',*,*,#2132,.F.);
#2132 = EDGE_CURVE('',#2133,#2110,#2135,.T.);
#2133 = VERTEX_POINT('',#2134);
#2134 = CARTESIAN_POINT('',(19.19906231343,-20.869,25.6));
#2135 = SURFACE_CURVE('',#2136,(#2140,#2147),.PCURVE_S1.);
#2136 = LINE('',#2137,#2138);
#2137 = CARTESIAN_POINT('',(19.19906231343,-20.869,-15.05534592237));
#2138 = VECTOR('',#2139,1.);
#2139 = DIRECTION('',(0.,0.,-1.));
#2140 = PCURVE('',#490,#2141);
#2141 = DEFINITIONAL_REPRESENTATION('',(#2142),#2146);
#2142 = LINE('',#2143,#2144);
#2143 = CARTESIAN_POINT('',(-38.25534592237,1.19906231343));
#2144 = VECTOR('',#2145,1.);
#2145 = DIRECTION('',(-1.,0.));
#2146 = ( GEOMETRIC_REPRESENTATION_CONTEXT(2) 
PARAMETRIC_REPRESENTATION_CONTEXT() REPRESENTATION_CONTEXT('2D SPACE',''
  ) );
#2147 = PCURVE('',#2148,#2153);
#2148 = PLANE('',#2149);
#2149 = AXIS2_PLACEMENT_3D('',#2150,#2151,#2152);
#2150 = CARTESIAN_POINT('',(19.19906231343,68.985680113233,
    -53.31069184474));
#2151 = DIRECTION('',(-1.,0.,0.));
#2152 = DIRECTION('',(0.,-1.,0.));
#2153 = DEFINITIONAL_REPRESENTATION('',(#2154),#2158);
#2154 = LINE('',#2155,#2156);
#2155 = CARTESIAN_POINT('',(89.854680113233,38.25534592237));
#2156 = VECTOR('',#2157,1.);
#2157 = DIRECTION('',(0.,-1.));
#2158 = ( GEOMETRIC_REPRESENTATION_CONTEXT(2) 
PARAMETRIC_REPRESENTATION_CONTEXT() REPRESENTATION_CONTEXT('2D SPACE',''
  ) );
#2159 = ORIENTED_EDGE('',*,*,#2160,.F.);
#2160 = EDGE_CURVE('',#475,#2133,#2161,.T.);
#2161 = SURFACE_CURVE('',#2162,(#2166,#2173),.PCURVE_S1.);
#2162 = LINE('',#2163,#2164);
#2163 = CARTESIAN_POINT('',(-6.525,-20.869,25.6));
#2164 = VECTOR('',#2165,1.);
#2165 = DIRECTION('',(-1.,-0.,0.));
#2166 = PCURVE('',#490,#2167);
#2167 = DEFINITIONAL_REPRESENTATION('',(#2168),#2172);
#2168 = LINE('',#2169,#2170);
#2169 = CARTESIAN_POINT('',(2.4,-24.525));
#2170 = VECTOR('',#2171,1.);
#2171 = DIRECTION('',(0.,-1.));
#2172 = ( GEOMETRIC_REPRESENTATION_CONTEXT(2) 
PARAMETRIC_REPRESENTATION_CONTEXT() REPRESENTATION_CONTEXT('2D SPACE',''
  ) );
#2173 = PCURVE('',#868,#2174);
#2174 = DEFINITIONAL_REPRESENTATION('',(#2175),#2179);
#2175 = LINE('',#2176,#2177);
#2176 = CARTESIAN_POINT('',(24.525,0.631));
#2177 = VECTOR('',#2178,1.);
#2178 = DIRECTION('',(-1.,0.));
#2179 = ( GEOMETRIC_REPRESENTATION_CONTEXT(2) 
PARAMETRIC_REPRESENTATION_CONTEXT() REPRESENTATION_CONTEXT('2D SPACE',''
  ) );
#2180 = ORIENTED_EDGE('',*,*,#472,.F.);
#2181 = ADVANCED_FACE('',(#2182),#868,.F.);
#2182 = FACE_BOUND('',#2183,.F.);
#2183 = EDGE_LOOP('',(#2184,#2185,#2206,#2207,#2208,#2231,#2259,#2288,
    #2316,#2344));
#2184 = ORIENTED_EDGE('',*,*,#1619,.F.);
#2185 = ORIENTED_EDGE('',*,*,#2186,.T.);
#2186 = EDGE_CURVE('',#1597,#827,#2187,.T.);
#2187 = SURFACE_CURVE('',#2188,(#2192,#2199),.PCURVE_S1.);
#2188 = LINE('',#2189,#2190);
#2189 = CARTESIAN_POINT('',(-31.05,-21.5,25.6));
#2190 = VECTOR('',#2191,1.);
#2191 = DIRECTION('',(1.,0.,-0.));
#2192 = PCURVE('',#868,#2193);
#2193 = DEFINITIONAL_REPRESENTATION('',(#2194),#2198);
#2194 = LINE('',#2195,#2196);
#2195 = CARTESIAN_POINT('',(0.,0.));
#2196 = VECTOR('',#2197,1.);
#2197 = DIRECTION('',(1.,0.));
#2198 = ( GEOMETRIC_REPRESENTATION_CONTEXT(2) 
PARAMETRIC_REPRESENTATION_CONTEXT() REPRESENTATION_CONTEXT('2D SPACE',''
  ) );
#2199 = PCURVE('',#842,#2200);
#2200 = DEFINITIONAL_REPRESENTATION('',(#2201),#2205);
#2201 = LINE('',#2202,#2203);
#2202 = CARTESIAN_POINT('',(0.,0.));
#2203 = VECTOR('',#2204,1.);
#2204 = DIRECTION('',(0.,1.));
#2205 = ( GEOMETRIC_REPRESENTATION_CONTEXT(2) 
PARAMETRIC_REPRESENTATION_CONTEXT() REPRESENTATION_CONTEXT('2D SPACE',''
  ) );
#2206 = ORIENTED_EDGE('',*,*,#854,.F.);
#2207 = ORIENTED_EDGE('',*,*,#2160,.T.);
#2208 = ORIENTED_EDGE('',*,*,#2209,.F.);
#2209 = EDGE_CURVE('',#2210,#2133,#2212,.T.);
#2210 = VERTEX_POINT('',#2211);
#2211 = CARTESIAN_POINT('',(19.19906231343,-20.86940764386,25.6));
#2212 = SURFACE_CURVE('',#2213,(#2217,#2224),.PCURVE_S1.);
#2213 = LINE('',#2214,#2215);
#2214 = CARTESIAN_POINT('',(19.19906231343,23.742840056617,25.6));
#2215 = VECTOR('',#2216,1.);
#2216 = DIRECTION('',(0.,1.,-0.));
#2217 = PCURVE('',#868,#2218);
#2218 = DEFINITIONAL_REPRESENTATION('',(#2219),#2223);
#2219 = LINE('',#2220,#2221);
#2220 = CARTESIAN_POINT('',(50.24906231343,45.242840056617));
#2221 = VECTOR('',#2222,1.);
#2222 = DIRECTION('',(0.,1.));
#2223 = ( GEOMETRIC_REPRESENTATION_CONTEXT(2) 
PARAMETRIC_REPRESENTATION_CONTEXT() REPRESENTATION_CONTEXT('2D SPACE',''
  ) );
#2224 = PCURVE('',#2148,#2225);
#2225 = DEFINITIONAL_REPRESENTATION('',(#2226),#2230);
#2226 = LINE('',#2227,#2228);
#2227 = CARTESIAN_POINT('',(45.242840056616,78.91069184474));
#2228 = VECTOR('',#2229,1.);
#2229 = DIRECTION('',(-1.,0.));
#2230 = ( GEOMETRIC_REPRESENTATION_CONTEXT(2) 
PARAMETRIC_REPRESENTATION_CONTEXT() REPRESENTATION_CONTEXT('2D SPACE',''
  ) );
#2231 = ORIENTED_EDGE('',*,*,#2232,.F.);
#2232 = EDGE_CURVE('',#2233,#2210,#2235,.T.);
#2233 = VERTEX_POINT('',#2234);
#2234 = CARTESIAN_POINT('',(15.09906231343,-20.86940764386,25.6));
#2235 = SURFACE_CURVE('',#2236,(#2240,#2247),.PCURVE_S1.);
#2236 = LINE('',#2237,#2238);
#2237 = CARTESIAN_POINT('',(5.69456558281,-20.86940764386,25.6));
#2238 = VECTOR('',#2239,1.);
#2239 = DIRECTION('',(1.,0.,0.));
#2240 = PCURVE('',#868,#2241);
#2241 = DEFINITIONAL_REPRESENTATION('',(#2242),#2246);
#2242 = LINE('',#2243,#2244);
#2243 = CARTESIAN_POINT('',(36.74456558281,0.63059235614));
#2244 = VECTOR('',#2245,1.);
#2245 = DIRECTION('',(1.,0.));
#2246 = ( GEOMETRIC_REPRESENTATION_CONTEXT(2) 
PARAMETRIC_REPRESENTATION_CONTEXT() REPRESENTATION_CONTEXT('2D SPACE',''
  ) );
#2247 = PCURVE('',#2248,#2253);
#2248 = PLANE('',#2249);
#2249 = AXIS2_PLACEMENT_3D('',#2250,#2251,#2252);
#2250 = CARTESIAN_POINT('',(42.43913116562,-20.86940764386,
    14.999684915576));
#2251 = DIRECTION('',(0.,1.,0.));
#2252 = DIRECTION('',(-1.,0.,0.));
#2253 = DEFINITIONAL_REPRESENTATION('',(#2254),#2258);
#2254 = LINE('',#2255,#2256);
#2255 = CARTESIAN_POINT('',(36.74456558281,10.600315084424));
#2256 = VECTOR('',#2257,1.);
#2257 = DIRECTION('',(-1.,0.));
#2258 = ( GEOMETRIC_REPRESENTATION_CONTEXT(2) 
PARAMETRIC_REPRESENTATION_CONTEXT() REPRESENTATION_CONTEXT('2D SPACE',''
  ) );
#2259 = ORIENTED_EDGE('',*,*,#2260,.T.);
#2260 = EDGE_CURVE('',#2233,#2261,#2263,.T.);
#2261 = VERTEX_POINT('',#2262);
#2262 = CARTESIAN_POINT('',(-15.10093768657,-20.86940764386,25.6));
#2263 = SURFACE_CURVE('',#2264,(#2269,#2276),.PCURVE_S1.);
#2264 = CIRCLE('',#2265,28.65);
#2265 = AXIS2_PLACEMENT_3D('',#2266,#2267,#2268);
#2266 = CARTESIAN_POINT('',(-9.37686570375E-04,-45.21714881219,25.6));
#2267 = DIRECTION('',(0.,0.,1.));
#2268 = DIRECTION('',(0.52705061082,0.849833897673,-0.));
#2269 = PCURVE('',#868,#2270);
#2270 = DEFINITIONAL_REPRESENTATION('',(#2271),#2275);
#2271 = CIRCLE('',#2272,28.65);
#2272 = AXIS2_PLACEMENT_2D('',#2273,#2274);
#2273 = CARTESIAN_POINT('',(31.04906231343,-23.71714881219));
#2274 = DIRECTION('',(0.52705061082,0.849833897673));
#2275 = ( GEOMETRIC_REPRESENTATION_CONTEXT(2) 
PARAMETRIC_REPRESENTATION_CONTEXT() REPRESENTATION_CONTEXT('2D SPACE',''
  ) );
#2276 = PCURVE('',#2277,#2282);
#2277 = CYLINDRICAL_SURFACE('',#2278,28.65);
#2278 = AXIS2_PLACEMENT_3D('',#2279,#2280,#2281);
#2279 = CARTESIAN_POINT('',(-9.37686570375E-04,-45.21714881219,
    2.999684915576));
#2280 = DIRECTION('',(0.,0.,1.));
#2281 = DIRECTION('',(0.52705061082,0.849833897673,-0.));
#2282 = DEFINITIONAL_REPRESENTATION('',(#2283),#2287);
#2283 = LINE('',#2284,#2285);
#2284 = CARTESIAN_POINT('',(0.,22.600315084425));
#2285 = VECTOR('',#2286,1.);
#2286 = DIRECTION('',(1.,0.));
#2287 = ( GEOMETRIC_REPRESENTATION_CONTEXT(2) 
PARAMETRIC_REPRESENTATION_CONTEXT() REPRESENTATION_CONTEXT('2D SPACE',''
  ) );
#2288 = ORIENTED_EDGE('',*,*,#2289,.F.);
#2289 = EDGE_CURVE('',#2290,#2261,#2292,.T.);
#2290 = VERTEX_POINT('',#2291);
#2291 = CARTESIAN_POINT('',(-19.19948216244,-20.86940764386,25.6));
#2292 = SURFACE_CURVE('',#2293,(#2297,#2304),.PCURVE_S1.);
#2293 = LINE('',#2294,#2295);
#2294 = CARTESIAN_POINT('',(5.69456558281,-20.86940764386,25.6));
#2295 = VECTOR('',#2296,1.);
#2296 = DIRECTION('',(1.,0.,0.));
#2297 = PCURVE('',#868,#2298);
#2298 = DEFINITIONAL_REPRESENTATION('',(#2299),#2303);
#2299 = LINE('',#2300,#2301);
#2300 = CARTESIAN_POINT('',(36.74456558281,0.63059235614));
#2301 = VECTOR('',#2302,1.);
#2302 = DIRECTION('',(1.,0.));
#2303 = ( GEOMETRIC_REPRESENTATION_CONTEXT(2) 
PARAMETRIC_REPRESENTATION_CONTEXT() REPRESENTATION_CONTEXT('2D SPACE',''
  ) );
#2304 = PCURVE('',#2305,#2310);
#2305 = PLANE('',#2306);
#2306 = AXIS2_PLACEMENT_3D('',#2307,#2308,#2309);
#2307 = CARTESIAN_POINT('',(42.43913116562,-20.86940764386,
    14.999684915576));
#2308 = DIRECTION('',(0.,1.,0.));
#2309 = DIRECTION('',(-1.,0.,0.));
#2310 = DEFINITIONAL_REPRESENTATION('',(#2311),#2315);
#2311 = LINE('',#2312,#2313);
#2312 = CARTESIAN_POINT('',(36.74456558281,10.600315084424));
#2313 = VECTOR('',#2314,1.);
#2314 = DIRECTION('',(-1.,0.));
#2315 = ( GEOMETRIC_REPRESENTATION_CONTEXT(2) 
PARAMETRIC_REPRESENTATION_CONTEXT() REPRESENTATION_CONTEXT('2D SPACE',''
  ) );
#2316 = ORIENTED_EDGE('',*,*,#2317,.T.);
#2317 = EDGE_CURVE('',#2290,#2318,#2320,.T.);
#2318 = VERTEX_POINT('',#2319);
#2319 = CARTESIAN_POINT('',(-19.19948216244,-20.869,25.6));
#2320 = SURFACE_CURVE('',#2321,(#2325,#2332),.PCURVE_S1.);
#2321 = LINE('',#2322,#2323);
#2322 = CARTESIAN_POINT('',(-19.19948216244,3.565202725387,25.6));
#2323 = VECTOR('',#2324,1.);
#2324 = DIRECTION('',(0.,1.,-0.));
#2325 = PCURVE('',#868,#2326);
#2326 = DEFINITIONAL_REPRESENTATION('',(#2327),#2331);
#2327 = LINE('',#2328,#2329);
#2328 = CARTESIAN_POINT('',(11.85051783756,25.065202725387));
#2329 = VECTOR('',#2330,1.);
#2330 = DIRECTION('',(0.,1.));
#2331 = ( GEOMETRIC_REPRESENTATION_CONTEXT(2) 
PARAMETRIC_REPRESENTATION_CONTEXT() REPRESENTATION_CONTEXT('2D SPACE',''
  ) );
#2332 = PCURVE('',#2333,#2338);
#2333 = PLANE('',#2334);
#2334 = AXIS2_PLACEMENT_3D('',#2335,#2336,#2337);
#2335 = CARTESIAN_POINT('',(-19.19948216244,28.630405450773,
    -11.35436862383));
#2336 = DIRECTION('',(-1.,0.,0.));
#2337 = DIRECTION('',(0.,0.96592663781,0.258816016447));
#2338 = DEFINITIONAL_REPRESENTATION('',(#2339),#2343);
#2339 = LINE('',#2340,#2341);
#2340 = CARTESIAN_POINT('',(-14.64676451702,-42.18248495801));
#2341 = VECTOR('',#2342,1.);
#2342 = DIRECTION('',(0.96592663781,0.258816016447));
#2343 = ( GEOMETRIC_REPRESENTATION_CONTEXT(2) 
PARAMETRIC_REPRESENTATION_CONTEXT() REPRESENTATION_CONTEXT('2D SPACE',''
  ) );
#2344 = ORIENTED_EDGE('',*,*,#2345,.T.);
#2345 = EDGE_CURVE('',#2318,#1620,#2346,.T.);
#2346 = SURFACE_CURVE('',#2347,(#2351,#2358),.PCURVE_S1.);
#2347 = LINE('',#2348,#2349);
#2348 = CARTESIAN_POINT('',(-31.05,-20.869,25.6));
#2349 = VECTOR('',#2350,1.);
#2350 = DIRECTION('',(-1.,-0.,0.));
#2351 = PCURVE('',#868,#2352);
#2352 = DEFINITIONAL_REPRESENTATION('',(#2353),#2357);
#2353 = LINE('',#2354,#2355);
#2354 = CARTESIAN_POINT('',(0.,0.631));
#2355 = VECTOR('',#2356,1.);
#2356 = DIRECTION('',(-1.,0.));
#2357 = ( GEOMETRIC_REPRESENTATION_CONTEXT(2) 
PARAMETRIC_REPRESENTATION_CONTEXT() REPRESENTATION_CONTEXT('2D SPACE',''
  ) );
#2358 = PCURVE('',#1658,#2359);
#2359 = DEFINITIONAL_REPRESENTATION('',(#2360),#2364);
#2360 = LINE('',#2361,#2362);
#2361 = CARTESIAN_POINT('',(2.4,0.));
#2362 = VECTOR('',#2363,1.);
#2363 = DIRECTION('',(0.,-1.));
#2364 = ( GEOMETRIC_REPRESENTATION_CONTEXT(2) 
PARAMETRIC_REPRESENTATION_CONTEXT() REPRESENTATION_CONTEXT('2D SPACE',''
  ) );
#2365 = ADVANCED_FACE('',(#2366),#842,.F.);
#2366 = FACE_BOUND('',#2367,.F.);
#2367 = EDGE_LOOP('',(#2368,#2369,#2370,#2371));
#2368 = ORIENTED_EDGE('',*,*,#826,.F.);
#2369 = ORIENTED_EDGE('',*,*,#2186,.F.);
#2370 = ORIENTED_EDGE('',*,*,#1596,.T.);
#2371 = ORIENTED_EDGE('',*,*,#2372,.F.);
#2372 = EDGE_CURVE('',#799,#1572,#2373,.T.);
#2373 = SURFACE_CURVE('',#2374,(#2378,#2385),.PCURVE_S1.);
#2374 = LINE('',#2375,#2376);
#2375 = CARTESIAN_POINT('',(31.05,-21.5,30.));
#2376 = VECTOR('',#2377,1.);
#2377 = DIRECTION('',(-1.,0.,0.));
#2378 = PCURVE('',#842,#2379);
#2379 = DEFINITIONAL_REPRESENTATION('',(#2380),#2384);
#2380 = LINE('',#2381,#2382);
#2381 = CARTESIAN_POINT('',(4.4,62.1));
#2382 = VECTOR('',#2383,1.);
#2383 = DIRECTION('',(0.,-1.));
#2384 = ( GEOMETRIC_REPRESENTATION_CONTEXT(2) 
PARAMETRIC_REPRESENTATION_CONTEXT() REPRESENTATION_CONTEXT('2D SPACE',''
  ) );
#2385 = PCURVE('',#814,#2386);
#2386 = DEFINITIONAL_REPRESENTATION('',(#2387),#2391);
#2387 = LINE('',#2388,#2389);
#2388 = CARTESIAN_POINT('',(62.1,0.));
#2389 = VECTOR('',#2390,1.);
#2390 = DIRECTION('',(-1.,0.));
#2391 = ( GEOMETRIC_REPRESENTATION_CONTEXT(2) 
PARAMETRIC_REPRESENTATION_CONTEXT() REPRESENTATION_CONTEXT('2D SPACE',''
  ) );
#2392 = ADVANCED_FACE('',(#2393,#2417,#2448,#2479),#814,.T.);
#2393 = FACE_BOUND('',#2394,.T.);
#2394 = EDGE_LOOP('',(#2395,#2396,#2397,#2416));
#2395 = ORIENTED_EDGE('',*,*,#2372,.F.);
#2396 = ORIENTED_EDGE('',*,*,#798,.F.);
#2397 = ORIENTED_EDGE('',*,*,#2398,.T.);
#2398 = EDGE_CURVE('',#771,#1574,#2399,.T.);
#2399 = SURFACE_CURVE('',#2400,(#2404,#2410),.PCURVE_S1.);
#2400 = LINE('',#2401,#2402);
#2401 = CARTESIAN_POINT('',(-31.05,23.,30.));
#2402 = VECTOR('',#2403,1.);
#2403 = DIRECTION('',(-1.,-0.,0.));
#2404 = PCURVE('',#814,#2405);
#2405 = DEFINITIONAL_REPRESENTATION('',(#2406),#2409);
#2406 = B_SPLINE_CURVE_WITH_KNOTS('',1,(#2407,#2408),.UNSPECIFIED.,.F.,
  .F.,(2,2),(-62.1,0.),.PIECEWISE_BEZIER_KNOTS.);
#2407 = CARTESIAN_POINT('',(62.1,44.5));
#2408 = CARTESIAN_POINT('',(0.,44.5));
#2409 = ( GEOMETRIC_REPRESENTATION_CONTEXT(2) 
PARAMETRIC_REPRESENTATION_CONTEXT() REPRESENTATION_CONTEXT('2D SPACE',''
  ) );
#2410 = PCURVE('',#786,#2411);
#2411 = DEFINITIONAL_REPRESENTATION('',(#2412),#2415);
#2412 = B_SPLINE_CURVE_WITH_KNOTS('',1,(#2413,#2414),.UNSPECIFIED.,.F.,
  .F.,(2,2),(-62.1,0.),.PIECEWISE_BEZIER_KNOTS.);
#2413 = CARTESIAN_POINT('',(0.2,62.1));
#2414 = CARTESIAN_POINT('',(0.2,0.));
#2415 = ( GEOMETRIC_REPRESENTATION_CONTEXT(2) 
PARAMETRIC_REPRESENTATION_CONTEXT() REPRESENTATION_CONTEXT('2D SPACE',''
  ) );
#2416 = ORIENTED_EDGE('',*,*,#1571,.F.);
#2417 = FACE_BOUND('',#2418,.T.);
#2418 = EDGE_LOOP('',(#2419));
#2419 = ORIENTED_EDGE('',*,*,#2420,.F.);
#2420 = EDGE_CURVE('',#2421,#2421,#2423,.T.);
#2421 = VERTEX_POINT('',#2422);
#2422 = CARTESIAN_POINT('',(-7.751,-14.717,30.));
#2423 = SURFACE_CURVE('',#2424,(#2429,#2436),.PCURVE_S1.);
#2424 = CIRCLE('',#2425,3.25);
#2425 = AXIS2_PLACEMENT_3D('',#2426,#2427,#2428);
#2426 = CARTESIAN_POINT('',(-11.001,-14.717,30.));
#2427 = DIRECTION('',(0.,0.,1.));
#2428 = DIRECTION('',(1.,0.,-0.));
#2429 = PCURVE('',#814,#2430);
#2430 = DEFINITIONAL_REPRESENTATION('',(#2431),#2435);
#2431 = CIRCLE('',#2432,3.25);
#2432 = AXIS2_PLACEMENT_2D('',#2433,#2434);
#2433 = CARTESIAN_POINT('',(20.049,6.783));
#2434 = DIRECTION('',(1.,0.));
#2435 = ( GEOMETRIC_REPRESENTATION_CONTEXT(2) 
PARAMETRIC_REPRESENTATION_CONTEXT() REPRESENTATION_CONTEXT('2D SPACE',''
  ) );
#2436 = PCURVE('',#2437,#2442);
#2437 = CONICAL_SURFACE('',#2438,1.75,0.785398163397);
#2438 = AXIS2_PLACEMENT_3D('',#2439,#2440,#2441);
#2439 = CARTESIAN_POINT('',(-11.001,-14.717,28.5));
#2440 = DIRECTION('',(0.,0.,1.));
#2441 = DIRECTION('',(1.,0.,-0.));
#2442 = DEFINITIONAL_REPRESENTATION('',(#2443),#2447);
#2443 = LINE('',#2444,#2445);
#2444 = CARTESIAN_POINT('',(0.,1.5));
#2445 = VECTOR('',#2446,1.);
#2446 = DIRECTION('',(1.,0.));
#2447 = ( GEOMETRIC_REPRESENTATION_CONTEXT(2) 
PARAMETRIC_REPRESENTATION_CONTEXT() REPRESENTATION_CONTEXT('2D SPACE',''
  ) );
#2448 = FACE_BOUND('',#2449,.T.);
#2449 = EDGE_LOOP('',(#2450));
#2450 = ORIENTED_EDGE('',*,*,#2451,.F.);
#2451 = EDGE_CURVE('',#2452,#2452,#2454,.T.);
#2452 = VERTEX_POINT('',#2453);
#2453 = CARTESIAN_POINT('',(14.249,-14.717,30.));
#2454 = SURFACE_CURVE('',#2455,(#2460,#2467),.PCURVE_S1.);
#2455 = CIRCLE('',#2456,3.25);
#2456 = AXIS2_PLACEMENT_3D('',#2457,#2458,#2459);
#2457 = CARTESIAN_POINT('',(10.999,-14.717,30.));
#2458 = DIRECTION('',(0.,0.,1.));
#2459 = DIRECTION('',(1.,0.,-0.));
#2460 = PCURVE('',#814,#2461);
#2461 = DEFINITIONAL_REPRESENTATION('',(#2462),#2466);
#2462 = CIRCLE('',#2463,3.25);
#2463 = AXIS2_PLACEMENT_2D('',#2464,#2465);
#2464 = CARTESIAN_POINT('',(42.049,6.783));
#2465 = DIRECTION('',(1.,0.));
#2466 = ( GEOMETRIC_REPRESENTATION_CONTEXT(2) 
PARAMETRIC_REPRESENTATION_CONTEXT() REPRESENTATION_CONTEXT('2D SPACE',''
  ) );
#2467 = PCURVE('',#2468,#2473);
#2468 = CONICAL_SURFACE('',#2469,1.75,0.785398163397);
#2469 = AXIS2_PLACEMENT_3D('',#2470,#2471,#2472);
#2470 = CARTESIAN_POINT('',(10.999,-14.717,28.5));
#2471 = DIRECTION('',(0.,0.,1.));
#2472 = DIRECTION('',(1.,0.,-0.));
#2473 = DEFINITIONAL_REPRESENTATION('',(#2474),#2478);
#2474 = LINE('',#2475,#2476);
#2475 = CARTESIAN_POINT('',(0.,1.5));
#2476 = VECTOR('',#2477,1.);
#2477 = DIRECTION('',(1.,0.));
#2478 = ( GEOMETRIC_REPRESENTATION_CONTEXT(2) 
PARAMETRIC_REPRESENTATION_CONTEXT() REPRESENTATION_CONTEXT('2D SPACE',''
  ) );
#2479 = FACE_BOUND('',#2480,.T.);
#2480 = EDGE_LOOP('',(#2481,#2511,#2544,#2572));
#2481 = ORIENTED_EDGE('',*,*,#2482,.F.);
#2482 = EDGE_CURVE('',#2483,#2485,#2487,.T.);
#2483 = VERTEX_POINT('',#2484);
#2484 = CARTESIAN_POINT('',(16.5,12.5,30.));
#2485 = VERTEX_POINT('',#2486);
#2486 = CARTESIAN_POINT('',(-16.5,12.5,30.));
#2487 = SURFACE_CURVE('',#2488,(#2492,#2499),.PCURVE_S1.);
#2488 = LINE('',#2489,#2490);
#2489 = CARTESIAN_POINT('',(-23.775,12.5,30.));
#2490 = VECTOR('',#2491,1.);
#2491 = DIRECTION('',(-1.,0.,0.));
#2492 = PCURVE('',#814,#2493);
#2493 = DEFINITIONAL_REPRESENTATION('',(#2494),#2498);
#2494 = LINE('',#2495,#2496);
#2495 = CARTESIAN_POINT('',(7.275,34.));
#2496 = VECTOR('',#2497,1.);
#2497 = DIRECTION('',(-1.,0.));
#2498 = ( GEOMETRIC_REPRESENTATION_CONTEXT(2) 
PARAMETRIC_REPRESENTATION_CONTEXT() REPRESENTATION_CONTEXT('2D SPACE',''
  ) );
#2499 = PCURVE('',#2500,#2505);
#2500 = PLANE('',#2501);
#2501 = AXIS2_PLACEMENT_3D('',#2502,#2503,#2504);
#2502 = CARTESIAN_POINT('',(-16.5,12.5,29.8));
#2503 = DIRECTION('',(0.,1.,0.));
#2504 = DIRECTION('',(1.,0.,0.));
#2505 = DEFINITIONAL_REPRESENTATION('',(#2506),#2510);
#2506 = LINE('',#2507,#2508);
#2507 = CARTESIAN_POINT('',(-7.275,-0.2));
#2508 = VECTOR('',#2509,1.);
#2509 = DIRECTION('',(-1.,0.));
#2510 = ( GEOMETRIC_REPRESENTATION_CONTEXT(2) 
PARAMETRIC_REPRESENTATION_CONTEXT() REPRESENTATION_CONTEXT('2D SPACE',''
  ) );
#2511 = ORIENTED_EDGE('',*,*,#2512,.T.);
#2512 = EDGE_CURVE('',#2483,#2513,#2515,.T.);
#2513 = VERTEX_POINT('',#2514);
#2514 = CARTESIAN_POINT('',(16.5,-2.5,30.));
#2515 = SURFACE_CURVE('',#2516,(#2521,#2532),.PCURVE_S1.);
#2516 = CIRCLE('',#2517,7.5);
#2517 = AXIS2_PLACEMENT_3D('',#2518,#2519,#2520);
#2518 = CARTESIAN_POINT('',(16.5,5.,30.));
#2519 = DIRECTION('',(0.,0.,-1.));
#2520 = DIRECTION('',(0.,1.,0.));
#2521 = PCURVE('',#814,#2522);
#2522 = DEFINITIONAL_REPRESENTATION('',(#2523),#2531);
#2523 = ( BOUNDED_CURVE() B_SPLINE_CURVE(2,(#2524,#2525,#2526,#2527,
#2528,#2529,#2530),.UNSPECIFIED.,.T.,.F.) B_SPLINE_CURVE_WITH_KNOTS((1,2
    ,2,2,2,1),(-2.094395102393,0.,2.094395102393,4.188790204786,
6.28318530718,8.377580409573),.UNSPECIFIED.) CURVE() 
GEOMETRIC_REPRESENTATION_ITEM() RATIONAL_B_SPLINE_CURVE((1.,0.5,1.,0.5,
1.,0.5,1.)) REPRESENTATION_ITEM('') );
#2524 = CARTESIAN_POINT('',(47.55,34.));
#2525 = CARTESIAN_POINT('',(60.540381056767,34.));
#2526 = CARTESIAN_POINT('',(54.045190528383,22.75));
#2527 = CARTESIAN_POINT('',(47.55,11.5));
#2528 = CARTESIAN_POINT('',(41.054809471617,22.75));
#2529 = CARTESIAN_POINT('',(34.559618943233,34.));
#2530 = CARTESIAN_POINT('',(47.55,34.));
#2531 = ( GEOMETRIC_REPRESENTATION_CONTEXT(2) 
PARAMETRIC_REPRESENTATION_CONTEXT() REPRESENTATION_CONTEXT('2D SPACE',''
  ) );
#2532 = PCURVE('',#2533,#2538);
#2533 = CYLINDRICAL_SURFACE('',#2534,7.5);
#2534 = AXIS2_PLACEMENT_3D('',#2535,#2536,#2537);
#2535 = CARTESIAN_POINT('',(16.5,5.,29.8));
#2536 = DIRECTION('',(0.,0.,-1.));
#2537 = DIRECTION('',(0.,1.,0.));
#2538 = DEFINITIONAL_REPRESENTATION('',(#2539),#2543);
#2539 = LINE('',#2540,#2541);
#2540 = CARTESIAN_POINT('',(0.,-0.2));
#2541 = VECTOR('',#2542,1.);
#2542 = DIRECTION('',(1.,0.));
#2543 = ( GEOMETRIC_REPRESENTATION_CONTEXT(2) 
PARAMETRIC_REPRESENTATION_CONTEXT() REPRESENTATION_CONTEXT('2D SPACE',''
  ) );
#2544 = ORIENTED_EDGE('',*,*,#2545,.F.);
#2545 = EDGE_CURVE('',#2546,#2513,#2548,.T.);
#2546 = VERTEX_POINT('',#2547);
#2547 = CARTESIAN_POINT('',(-16.5,-2.5,30.));
#2548 = SURFACE_CURVE('',#2549,(#2553,#2560),.PCURVE_S1.);
#2549 = LINE('',#2550,#2551);
#2550 = CARTESIAN_POINT('',(-7.275,-2.5,30.));
#2551 = VECTOR('',#2552,1.);
#2552 = DIRECTION('',(1.,0.,-0.));
#2553 = PCURVE('',#814,#2554);
#2554 = DEFINITIONAL_REPRESENTATION('',(#2555),#2559);
#2555 = LINE('',#2556,#2557);
#2556 = CARTESIAN_POINT('',(23.775,19.));
#2557 = VECTOR('',#2558,1.);
#2558 = DIRECTION('',(1.,0.));
#2559 = ( GEOMETRIC_REPRESENTATION_CONTEXT(2) 
PARAMETRIC_REPRESENTATION_CONTEXT() REPRESENTATION_CONTEXT('2D SPACE',''
  ) );
#2560 = PCURVE('',#2561,#2566);
#2561 = PLANE('',#2562);
#2562 = AXIS2_PLACEMENT_3D('',#2563,#2564,#2565);
#2563 = CARTESIAN_POINT('',(16.5,-2.5,29.8));
#2564 = DIRECTION('',(0.,-1.,0.));
#2565 = DIRECTION('',(-1.,0.,0.));
#2566 = DEFINITIONAL_REPRESENTATION('',(#2567),#2571);
#2567 = LINE('',#2568,#2569);
#2568 = CARTESIAN_POINT('',(23.775,-0.2));
#2569 = VECTOR('',#2570,1.);
#2570 = DIRECTION('',(-1.,0.));
#2571 = ( GEOMETRIC_REPRESENTATION_CONTEXT(2) 
PARAMETRIC_REPRESENTATION_CONTEXT() REPRESENTATION_CONTEXT('2D SPACE',''
  ) );
#2572 = ORIENTED_EDGE('',*,*,#2573,.T.);
#2573 = EDGE_CURVE('',#2546,#2485,#2574,.T.);
#2574 = SURFACE_CURVE('',#2575,(#2580,#2591),.PCURVE_S1.);
#2575 = CIRCLE('',#2576,7.5);
#2576 = AXIS2_PLACEMENT_3D('',#2577,#2578,#2579);
#2577 = CARTESIAN_POINT('',(-16.5,5.,30.));
#2578 = DIRECTION('',(0.,-0.,-1.));
#2579 = DIRECTION('',(0.,-1.,0.));
#2580 = PCURVE('',#814,#2581);
#2581 = DEFINITIONAL_REPRESENTATION('',(#2582),#2590);
#2582 = ( BOUNDED_CURVE() B_SPLINE_CURVE(2,(#2583,#2584,#2585,#2586,
#2587,#2588,#2589),.UNSPECIFIED.,.T.,.F.) B_SPLINE_CURVE_WITH_KNOTS((1,2
    ,2,2,2,1),(-2.094395102393,0.,2.094395102393,4.188790204786,
6.28318530718,8.377580409573),.UNSPECIFIED.) CURVE() 
GEOMETRIC_REPRESENTATION_ITEM() RATIONAL_B_SPLINE_CURVE((1.,0.5,1.,0.5,
1.,0.5,1.)) REPRESENTATION_ITEM('') );
#2583 = CARTESIAN_POINT('',(14.55,19.));
#2584 = CARTESIAN_POINT('',(1.559618943233,19.));
#2585 = CARTESIAN_POINT('',(8.054809471617,30.25));
#2586 = CARTESIAN_POINT('',(14.55,41.5));
#2587 = CARTESIAN_POINT('',(21.045190528383,30.25));
#2588 = CARTESIAN_POINT('',(27.540381056767,19.));
#2589 = CARTESIAN_POINT('',(14.55,19.));
#2590 = ( GEOMETRIC_REPRESENTATION_CONTEXT(2) 
PARAMETRIC_REPRESENTATION_CONTEXT() REPRESENTATION_CONTEXT('2D SPACE',''
  ) );
#2591 = PCURVE('',#2592,#2597);
#2592 = CYLINDRICAL_SURFACE('',#2593,7.5);
#2593 = AXIS2_PLACEMENT_3D('',#2594,#2595,#2596);
#2594 = CARTESIAN_POINT('',(-16.5,5.,29.8));
#2595 = DIRECTION('',(0.,-0.,-1.));
#2596 = DIRECTION('',(0.,-1.,0.));
#2597 = DEFINITIONAL_REPRESENTATION('',(#2598),#2602);
#2598 = LINE('',#2599,#2600);
#2599 = CARTESIAN_POINT('',(0.,-0.2));
#2600 = VECTOR('',#2601,1.);
#2601 = DIRECTION('',(1.,0.));
#2602 = ( GEOMETRIC_REPRESENTATION_CONTEXT(2) 
PARAMETRIC_REPRESENTATION_CONTEXT() REPRESENTATION_CONTEXT('2D SPACE',''
  ) );
#2603 = ADVANCED_FACE('',(#2604),#703,.T.);
#2604 = FACE_BOUND('',#2605,.T.);
#2605 = EDGE_LOOP('',(#2606,#2625,#2626,#2645));
#2606 = ORIENTED_EDGE('',*,*,#2607,.F.);
#2607 = EDGE_CURVE('',#1801,#660,#2608,.T.);
#2608 = SURFACE_CURVE('',#2609,(#2613,#2619),.PCURVE_S1.);
#2609 = LINE('',#2610,#2611);
#2610 = CARTESIAN_POINT('',(-31.055,27.5,30.));
#2611 = VECTOR('',#2612,1.);
#2612 = DIRECTION('',(1.,0.,-0.));
#2613 = PCURVE('',#703,#2614);
#2614 = DEFINITIONAL_REPRESENTATION('',(#2615),#2618);
#2615 = B_SPLINE_CURVE_WITH_KNOTS('',1,(#2616,#2617),.UNSPECIFIED.,.F.,
  .F.,(2,2),(4.999999999999E-03,62.105),.PIECEWISE_BEZIER_KNOTS.);
#2616 = CARTESIAN_POINT('',(9.999999999998E-03,3.51));
#2617 = CARTESIAN_POINT('',(62.11,3.51));
#2618 = ( GEOMETRIC_REPRESENTATION_CONTEXT(2) 
PARAMETRIC_REPRESENTATION_CONTEXT() REPRESENTATION_CONTEXT('2D SPACE',''
  ) );
#2619 = PCURVE('',#675,#2620);
#2620 = DEFINITIONAL_REPRESENTATION('',(#2621),#2624);
#2621 = B_SPLINE_CURVE_WITH_KNOTS('',1,(#2622,#2623),.UNSPECIFIED.,.F.,
  .F.,(2,2),(4.999999999999E-03,62.105),.PIECEWISE_BEZIER_KNOTS.);
#2622 = CARTESIAN_POINT('',(4.4,0.));
#2623 = CARTESIAN_POINT('',(4.4,62.1));
#2624 = ( GEOMETRIC_REPRESENTATION_CONTEXT(2) 
PARAMETRIC_REPRESENTATION_CONTEXT() REPRESENTATION_CONTEXT('2D SPACE',''
  ) );
#2625 = ORIENTED_EDGE('',*,*,#1823,.T.);
#2626 = ORIENTED_EDGE('',*,*,#2627,.F.);
#2627 = EDGE_CURVE('',#688,#1824,#2628,.T.);
#2628 = SURFACE_CURVE('',#2629,(#2633,#2639),.PCURVE_S1.);
#2629 = LINE('',#2630,#2631);
#2630 = CARTESIAN_POINT('',(-31.055,26.5,30.));
#2631 = VECTOR('',#2632,1.);
#2632 = DIRECTION('',(-1.,-0.,0.));
#2633 = PCURVE('',#703,#2634);
#2634 = DEFINITIONAL_REPRESENTATION('',(#2635),#2638);
#2635 = B_SPLINE_CURVE_WITH_KNOTS('',1,(#2636,#2637),.UNSPECIFIED.,.F.,
  .F.,(2,2),(-62.105,-4.999999999999E-03),.PIECEWISE_BEZIER_KNOTS.);
#2636 = CARTESIAN_POINT('',(62.11,2.51));
#2637 = CARTESIAN_POINT('',(9.999999999998E-03,2.51));
#2638 = ( GEOMETRIC_REPRESENTATION_CONTEXT(2) 
PARAMETRIC_REPRESENTATION_CONTEXT() REPRESENTATION_CONTEXT('2D SPACE',''
  ) );
#2639 = PCURVE('',#730,#2640);
#2640 = DEFINITIONAL_REPRESENTATION('',(#2641),#2644);
#2641 = B_SPLINE_CURVE_WITH_KNOTS('',1,(#2642,#2643),.UNSPECIFIED.,.F.,
  .F.,(2,2),(-62.105,-4.999999999999E-03),.PIECEWISE_BEZIER_KNOTS.);
#2642 = CARTESIAN_POINT('',(0.2,62.1));
#2643 = CARTESIAN_POINT('',(0.2,0.));
#2644 = ( GEOMETRIC_REPRESENTATION_CONTEXT(2) 
PARAMETRIC_REPRESENTATION_CONTEXT() REPRESENTATION_CONTEXT('2D SPACE',''
  ) );
#2645 = ORIENTED_EDGE('',*,*,#687,.F.);
#2646 = ADVANCED_FACE('',(#2647),#675,.T.);
#2647 = FACE_BOUND('',#2648,.T.);
#2648 = EDGE_LOOP('',(#2649,#2650,#2651,#2652));
#2649 = ORIENTED_EDGE('',*,*,#659,.F.);
#2650 = ORIENTED_EDGE('',*,*,#1917,.F.);
#2651 = ORIENTED_EDGE('',*,*,#1800,.F.);
#2652 = ORIENTED_EDGE('',*,*,#2607,.T.);
#2653 = ADVANCED_FACE('',(#2654),#602,.F.);
#2654 = FACE_BOUND('',#2655,.F.);
#2655 = EDGE_LOOP('',(#2656,#2657,#2658,#2681,#2709,#2737,#2758));
#2656 = ORIENTED_EDGE('',*,*,#953,.F.);
#2657 = ORIENTED_EDGE('',*,*,#1033,.T.);
#2658 = ORIENTED_EDGE('',*,*,#2659,.F.);
#2659 = EDGE_CURVE('',#2660,#1034,#2662,.T.);
#2660 = VERTEX_POINT('',#2661);
#2661 = CARTESIAN_POINT('',(19.19906231343,-20.869,2.799684915576));
#2662 = SURFACE_CURVE('',#2663,(#2667,#2674),.PCURVE_S1.);
#2663 = LINE('',#2664,#2665);
#2664 = CARTESIAN_POINT('',(19.19906231343,-20.869,-26.65534592237));
#2665 = VECTOR('',#2666,1.);
#2666 = DIRECTION('',(0.,0.,-1.));
#2667 = PCURVE('',#602,#2668);
#2668 = DEFINITIONAL_REPRESENTATION('',(#2669),#2673);
#2669 = LINE('',#2670,#2671);
#2670 = CARTESIAN_POINT('',(-26.65534592237,1.19906231343));
#2671 = VECTOR('',#2672,1.);
#2672 = DIRECTION('',(-1.,0.));
#2673 = ( GEOMETRIC_REPRESENTATION_CONTEXT(2) 
PARAMETRIC_REPRESENTATION_CONTEXT() REPRESENTATION_CONTEXT('2D SPACE',''
  ) );
#2674 = PCURVE('',#1072,#2675);
#2675 = DEFINITIONAL_REPRESENTATION('',(#2676),#2680);
#2676 = LINE('',#2677,#2678);
#2677 = CARTESIAN_POINT('',(89.854680113233,26.65534592237));
#2678 = VECTOR('',#2679,1.);
#2679 = DIRECTION('',(0.,-1.));
#2680 = ( GEOMETRIC_REPRESENTATION_CONTEXT(2) 
PARAMETRIC_REPRESENTATION_CONTEXT() REPRESENTATION_CONTEXT('2D SPACE',''
  ) );
#2681 = ORIENTED_EDGE('',*,*,#2682,.T.);
#2682 = EDGE_CURVE('',#2660,#2683,#2685,.T.);
#2683 = VERTEX_POINT('',#2684);
#2684 = CARTESIAN_POINT('',(18.,-20.869,2.799684915576));
#2685 = SURFACE_CURVE('',#2686,(#2690,#2697),.PCURVE_S1.);
#2686 = LINE('',#2687,#2688);
#2687 = CARTESIAN_POINT('',(18.599531156715,-20.869,2.799684915576));
#2688 = VECTOR('',#2689,1.);
#2689 = DIRECTION('',(-1.,-0.,0.));
#2690 = PCURVE('',#602,#2691);
#2691 = DEFINITIONAL_REPRESENTATION('',(#2692),#2696);
#2692 = LINE('',#2693,#2694);
#2693 = CARTESIAN_POINT('',(2.799684915576,0.599531156715));
#2694 = VECTOR('',#2695,1.);
#2695 = DIRECTION('',(0.,-1.));
#2696 = ( GEOMETRIC_REPRESENTATION_CONTEXT(2) 
PARAMETRIC_REPRESENTATION_CONTEXT() REPRESENTATION_CONTEXT('2D SPACE',''
  ) );
#2697 = PCURVE('',#2698,#2703);
#2698 = PLANE('',#2699);
#2699 = AXIS2_PLACEMENT_3D('',#2700,#2701,#2702);
#2700 = CARTESIAN_POINT('',(19.19906231343,-21.82704313407,
    2.799684915576));
#2701 = DIRECTION('',(0.,0.,1.));
#2702 = DIRECTION('',(1.,0.,-0.));
#2703 = DEFINITIONAL_REPRESENTATION('',(#2704),#2708);
#2704 = LINE('',#2705,#2706);
#2705 = CARTESIAN_POINT('',(-0.599531156715,0.95804313407));
#2706 = VECTOR('',#2707,1.);
#2707 = DIRECTION('',(-1.,0.));
#2708 = ( GEOMETRIC_REPRESENTATION_CONTEXT(2) 
PARAMETRIC_REPRESENTATION_CONTEXT() REPRESENTATION_CONTEXT('2D SPACE',''
  ) );
#2709 = ORIENTED_EDGE('',*,*,#2710,.T.);
#2710 = EDGE_CURVE('',#2683,#2711,#2713,.T.);
#2711 = VERTEX_POINT('',#2712);
#2712 = CARTESIAN_POINT('',(18.,-20.869,2.8));
#2713 = SURFACE_CURVE('',#2714,(#2718,#2725),.PCURVE_S1.);
#2714 = LINE('',#2715,#2716);
#2715 = CARTESIAN_POINT('',(18.,-20.869,0.));
#2716 = VECTOR('',#2717,1.);
#2717 = DIRECTION('',(0.,0.,1.));
#2718 = PCURVE('',#602,#2719);
#2719 = DEFINITIONAL_REPRESENTATION('',(#2720),#2724);
#2720 = LINE('',#2721,#2722);
#2721 = CARTESIAN_POINT('',(0.,0.));
#2722 = VECTOR('',#2723,1.);
#2723 = DIRECTION('',(1.,0.));
#2724 = ( GEOMETRIC_REPRESENTATION_CONTEXT(2) 
PARAMETRIC_REPRESENTATION_CONTEXT() REPRESENTATION_CONTEXT('2D SPACE',''
  ) );
#2725 = PCURVE('',#2726,#2731);
#2726 = PLANE('',#2727);
#2727 = AXIS2_PLACEMENT_3D('',#2728,#2729,#2730);
#2728 = CARTESIAN_POINT('',(18.,-20.869,0.));
#2729 = DIRECTION('',(1.,0.,-0.));
#2730 = DIRECTION('',(0.,0.,1.));
#2731 = DEFINITIONAL_REPRESENTATION('',(#2732),#2736);
#2732 = LINE('',#2733,#2734);
#2733 = CARTESIAN_POINT('',(0.,0.));
#2734 = VECTOR('',#2735,1.);
#2735 = DIRECTION('',(1.,0.));
#2736 = ( GEOMETRIC_REPRESENTATION_CONTEXT(2) 
PARAMETRIC_REPRESENTATION_CONTEXT() REPRESENTATION_CONTEXT('2D SPACE',''
  ) );
#2737 = ORIENTED_EDGE('',*,*,#2738,.T.);
#2738 = EDGE_CURVE('',#2711,#559,#2739,.T.);
#2739 = SURFACE_CURVE('',#2740,(#2744,#2751),.PCURVE_S1.);
#2740 = LINE('',#2741,#2742);
#2741 = CARTESIAN_POINT('',(18.,-20.869,2.8));
#2742 = VECTOR('',#2743,1.);
#2743 = DIRECTION('',(1.,0.,-0.));
#2744 = PCURVE('',#602,#2745);
#2745 = DEFINITIONAL_REPRESENTATION('',(#2746),#2750);
#2746 = LINE('',#2747,#2748);
#2747 = CARTESIAN_POINT('',(2.8,0.));
#2748 = VECTOR('',#2749,1.);
#2749 = DIRECTION('',(0.,1.));
#2750 = ( GEOMETRIC_REPRESENTATION_CONTEXT(2) 
PARAMETRIC_REPRESENTATION_CONTEXT() REPRESENTATION_CONTEXT('2D SPACE',''
  ) );
#2751 = PCURVE('',#574,#2752);
#2752 = DEFINITIONAL_REPRESENTATION('',(#2753),#2757);
#2753 = LINE('',#2754,#2755);
#2754 = CARTESIAN_POINT('',(0.,0.));
#2755 = VECTOR('',#2756,1.);
#2756 = DIRECTION('',(1.,0.));
#2757 = ( GEOMETRIC_REPRESENTATION_CONTEXT(2) 
PARAMETRIC_REPRESENTATION_CONTEXT() REPRESENTATION_CONTEXT('2D SPACE',''
  ) );
#2758 = ORIENTED_EDGE('',*,*,#586,.F.);
#2759 = ADVANCED_FACE('',(#2760),#574,.T.);
#2760 = FACE_BOUND('',#2761,.T.);
#2761 = EDGE_LOOP('',(#2762,#2792,#2813,#2814,#2815,#2838));
#2762 = ORIENTED_EDGE('',*,*,#2763,.F.);
#2763 = EDGE_CURVE('',#2764,#2766,#2768,.T.);
#2764 = VERTEX_POINT('',#2765);
#2765 = CARTESIAN_POINT('',(18.,-10.71714881219,2.8));
#2766 = VERTEX_POINT('',#2767);
#2767 = CARTESIAN_POINT('',(19.19906231343,-10.71714881219,2.8));
#2768 = SURFACE_CURVE('',#2769,(#2773,#2780),.PCURVE_S1.);
#2769 = LINE('',#2770,#2771);
#2770 = CARTESIAN_POINT('',(16.549531156715,-10.71714881219,2.8));
#2771 = VECTOR('',#2772,1.);
#2772 = DIRECTION('',(1.,0.,0.));
#2773 = PCURVE('',#574,#2774);
#2774 = DEFINITIONAL_REPRESENTATION('',(#2775),#2779);
#2775 = LINE('',#2776,#2777);
#2776 = CARTESIAN_POINT('',(-1.450468843285,10.15185118781));
#2777 = VECTOR('',#2778,1.);
#2778 = DIRECTION('',(1.,0.));
#2779 = ( GEOMETRIC_REPRESENTATION_CONTEXT(2) 
PARAMETRIC_REPRESENTATION_CONTEXT() REPRESENTATION_CONTEXT('2D SPACE',''
  ) );
#2780 = PCURVE('',#2781,#2786);
#2781 = PLANE('',#2782);
#2782 = AXIS2_PLACEMENT_3D('',#2783,#2784,#2785);
#2783 = CARTESIAN_POINT('',(15.09906231343,-10.71714881219,
    14.999684915576));
#2784 = DIRECTION('',(0.,1.,0.));
#2785 = DIRECTION('',(-1.,0.,0.));
#2786 = DEFINITIONAL_REPRESENTATION('',(#2787),#2791);
#2787 = LINE('',#2788,#2789);
#2788 = CARTESIAN_POINT('',(-1.450468843285,-12.19968491557));
#2789 = VECTOR('',#2790,1.);
#2790 = DIRECTION('',(-1.,0.));
#2791 = ( GEOMETRIC_REPRESENTATION_CONTEXT(2) 
PARAMETRIC_REPRESENTATION_CONTEXT() REPRESENTATION_CONTEXT('2D SPACE',''
  ) );
#2792 = ORIENTED_EDGE('',*,*,#2793,.F.);
#2793 = EDGE_CURVE('',#2711,#2764,#2794,.T.);
#2794 = SURFACE_CURVE('',#2795,(#2799,#2806),.PCURVE_S1.);
#2795 = LINE('',#2796,#2797);
#2796 = CARTESIAN_POINT('',(18.,-20.869,2.8));
#2797 = VECTOR('',#2798,1.);
#2798 = DIRECTION('',(-0.,1.,0.));
#2799 = PCURVE('',#574,#2800);
#2800 = DEFINITIONAL_REPRESENTATION('',(#2801),#2805);
#2801 = LINE('',#2802,#2803);
#2802 = CARTESIAN_POINT('',(0.,0.));
#2803 = VECTOR('',#2804,1.);
#2804 = DIRECTION('',(0.,1.));
#2805 = ( GEOMETRIC_REPRESENTATION_CONTEXT(2) 
PARAMETRIC_REPRESENTATION_CONTEXT() REPRESENTATION_CONTEXT('2D SPACE',''
  ) );
#2806 = PCURVE('',#2726,#2807);
#2807 = DEFINITIONAL_REPRESENTATION('',(#2808),#2812);
#2808 = LINE('',#2809,#2810);
#2809 = CARTESIAN_POINT('',(2.8,0.));
#2810 = VECTOR('',#2811,1.);
#2811 = DIRECTION('',(0.,-1.));
#2812 = ( GEOMETRIC_REPRESENTATION_CONTEXT(2) 
PARAMETRIC_REPRESENTATION_CONTEXT() REPRESENTATION_CONTEXT('2D SPACE',''
  ) );
#2813 = ORIENTED_EDGE('',*,*,#2738,.T.);
#2814 = ORIENTED_EDGE('',*,*,#558,.T.);
#2815 = ORIENTED_EDGE('',*,*,#2816,.T.);
#2816 = EDGE_CURVE('',#531,#2817,#2819,.T.);
#2817 = VERTEX_POINT('',#2818);
#2818 = CARTESIAN_POINT('',(19.19906231343,-10.717,2.8));
#2819 = SURFACE_CURVE('',#2820,(#2824,#2831),.PCURVE_S1.);
#2820 = LINE('',#2821,#2822);
#2821 = CARTESIAN_POINT('',(18.,-10.717,2.8));
#2822 = VECTOR('',#2823,1.);
#2823 = DIRECTION('',(-1.,-0.,0.));
#2824 = PCURVE('',#574,#2825);
#2825 = DEFINITIONAL_REPRESENTATION('',(#2826),#2830);
#2826 = LINE('',#2827,#2828);
#2827 = CARTESIAN_POINT('',(0.,10.152));
#2828 = VECTOR('',#2829,1.);
#2829 = DIRECTION('',(-1.,0.));
#2830 = ( GEOMETRIC_REPRESENTATION_CONTEXT(2) 
PARAMETRIC_REPRESENTATION_CONTEXT() REPRESENTATION_CONTEXT('2D SPACE',''
  ) );
#2831 = PCURVE('',#546,#2832);
#2832 = DEFINITIONAL_REPRESENTATION('',(#2833),#2837);
#2833 = LINE('',#2834,#2835);
#2834 = CARTESIAN_POINT('',(1.E-01,0.));
#2835 = VECTOR('',#2836,1.);
#2836 = DIRECTION('',(0.,-1.));
#2837 = ( GEOMETRIC_REPRESENTATION_CONTEXT(2) 
PARAMETRIC_REPRESENTATION_CONTEXT() REPRESENTATION_CONTEXT('2D SPACE',''
  ) );
#2838 = ORIENTED_EDGE('',*,*,#2839,.F.);
#2839 = EDGE_CURVE('',#2766,#2817,#2840,.T.);
#2840 = SURFACE_CURVE('',#2841,(#2845,#2852),.PCURVE_S1.);
#2841 = LINE('',#2842,#2843);
#2842 = CARTESIAN_POINT('',(19.19906231343,24.058340056617,2.8));
#2843 = VECTOR('',#2844,1.);
#2844 = DIRECTION('',(0.,1.,-0.));
#2845 = PCURVE('',#574,#2846);
#2846 = DEFINITIONAL_REPRESENTATION('',(#2847),#2851);
#2847 = LINE('',#2848,#2849);
#2848 = CARTESIAN_POINT('',(1.19906231343,44.927340056617));
#2849 = VECTOR('',#2850,1.);
#2850 = DIRECTION('',(0.,1.));
#2851 = ( GEOMETRIC_REPRESENTATION_CONTEXT(2) 
PARAMETRIC_REPRESENTATION_CONTEXT() REPRESENTATION_CONTEXT('2D SPACE',''
  ) );
#2852 = PCURVE('',#2148,#2853);
#2853 = DEFINITIONAL_REPRESENTATION('',(#2854),#2858);
#2854 = LINE('',#2855,#2856);
#2855 = CARTESIAN_POINT('',(44.927340056616,56.11069184474));
#2856 = VECTOR('',#2857,1.);
#2857 = DIRECTION('',(-1.,0.));
#2858 = ( GEOMETRIC_REPRESENTATION_CONTEXT(2) 
PARAMETRIC_REPRESENTATION_CONTEXT() REPRESENTATION_CONTEXT('2D SPACE',''
  ) );
#2859 = ADVANCED_FACE('',(#2860),#546,.F.);
#2860 = FACE_BOUND('',#2861,.F.);
#2861 = EDGE_LOOP('',(#2862,#2863,#2886,#2907));
#2862 = ORIENTED_EDGE('',*,*,#2816,.T.);
#2863 = ORIENTED_EDGE('',*,*,#2864,.F.);
#2864 = EDGE_CURVE('',#2865,#2817,#2867,.T.);
#2865 = VERTEX_POINT('',#2866);
#2866 = CARTESIAN_POINT('',(19.19906231343,-10.717,23.2));
#2867 = SURFACE_CURVE('',#2868,(#2872,#2879),.PCURVE_S1.);
#2868 = LINE('',#2869,#2870);
#2869 = CARTESIAN_POINT('',(19.19906231343,-10.717,-25.30534592237));
#2870 = VECTOR('',#2871,1.);
#2871 = DIRECTION('',(0.,0.,-1.));
#2872 = PCURVE('',#546,#2873);
#2873 = DEFINITIONAL_REPRESENTATION('',(#2874),#2878);
#2874 = LINE('',#2875,#2876);
#2875 = CARTESIAN_POINT('',(-28.00534592237,1.19906231343));
#2876 = VECTOR('',#2877,1.);
#2877 = DIRECTION('',(-1.,0.));
#2878 = ( GEOMETRIC_REPRESENTATION_CONTEXT(2) 
PARAMETRIC_REPRESENTATION_CONTEXT() REPRESENTATION_CONTEXT('2D SPACE',''
  ) );
#2879 = PCURVE('',#2148,#2880);
#2880 = DEFINITIONAL_REPRESENTATION('',(#2881),#2885);
#2881 = LINE('',#2882,#2883);
#2882 = CARTESIAN_POINT('',(79.702680113233,28.00534592237));
#2883 = VECTOR('',#2884,1.);
#2884 = DIRECTION('',(0.,-1.));
#2885 = ( GEOMETRIC_REPRESENTATION_CONTEXT(2) 
PARAMETRIC_REPRESENTATION_CONTEXT() REPRESENTATION_CONTEXT('2D SPACE',''
  ) );
#2886 = ORIENTED_EDGE('',*,*,#2887,.F.);
#2887 = EDGE_CURVE('',#503,#2865,#2888,.T.);
#2888 = SURFACE_CURVE('',#2889,(#2893,#2900),.PCURVE_S1.);
#2889 = LINE('',#2890,#2891);
#2890 = CARTESIAN_POINT('',(18.,-10.717,23.2));
#2891 = VECTOR('',#2892,1.);
#2892 = DIRECTION('',(-1.,-0.,0.));
#2893 = PCURVE('',#546,#2894);
#2894 = DEFINITIONAL_REPRESENTATION('',(#2895),#2899);
#2895 = LINE('',#2896,#2897);
#2896 = CARTESIAN_POINT('',(20.5,0.));
#2897 = VECTOR('',#2898,1.);
#2898 = DIRECTION('',(0.,-1.));
#2899 = ( GEOMETRIC_REPRESENTATION_CONTEXT(2) 
PARAMETRIC_REPRESENTATION_CONTEXT() REPRESENTATION_CONTEXT('2D SPACE',''
  ) );
#2900 = PCURVE('',#518,#2901);
#2901 = DEFINITIONAL_REPRESENTATION('',(#2902),#2906);
#2902 = LINE('',#2903,#2904);
#2903 = CARTESIAN_POINT('',(0.,10.152));
#2904 = VECTOR('',#2905,1.);
#2905 = DIRECTION('',(-1.,0.));
#2906 = ( GEOMETRIC_REPRESENTATION_CONTEXT(2) 
PARAMETRIC_REPRESENTATION_CONTEXT() REPRESENTATION_CONTEXT('2D SPACE',''
  ) );
#2907 = ORIENTED_EDGE('',*,*,#530,.F.);
#2908 = ADVANCED_FACE('',(#2909),#518,.F.);
#2909 = FACE_BOUND('',#2910,.F.);
#2910 = EDGE_LOOP('',(#2911,#2932,#2933,#2934));
#2911 = ORIENTED_EDGE('',*,*,#2912,.F.);
#2912 = EDGE_CURVE('',#2110,#2865,#2913,.T.);
#2913 = SURFACE_CURVE('',#2914,(#2918,#2925),.PCURVE_S1.);
#2914 = LINE('',#2915,#2916);
#2915 = CARTESIAN_POINT('',(19.19906231343,24.058340056617,23.2));
#2916 = VECTOR('',#2917,1.);
#2917 = DIRECTION('',(0.,1.,-0.));
#2918 = PCURVE('',#518,#2919);
#2919 = DEFINITIONAL_REPRESENTATION('',(#2920),#2924);
#2920 = LINE('',#2921,#2922);
#2921 = CARTESIAN_POINT('',(1.19906231343,44.927340056617));
#2922 = VECTOR('',#2923,1.);
#2923 = DIRECTION('',(0.,1.));
#2924 = ( GEOMETRIC_REPRESENTATION_CONTEXT(2) 
PARAMETRIC_REPRESENTATION_CONTEXT() REPRESENTATION_CONTEXT('2D SPACE',''
  ) );
#2925 = PCURVE('',#2148,#2926);
#2926 = DEFINITIONAL_REPRESENTATION('',(#2927),#2931);
#2927 = LINE('',#2928,#2929);
#2928 = CARTESIAN_POINT('',(44.927340056616,76.51069184474));
#2929 = VECTOR('',#2930,1.);
#2930 = DIRECTION('',(-1.,0.));
#2931 = ( GEOMETRIC_REPRESENTATION_CONTEXT(2) 
PARAMETRIC_REPRESENTATION_CONTEXT() REPRESENTATION_CONTEXT('2D SPACE',''
  ) );
#2932 = ORIENTED_EDGE('',*,*,#2109,.T.);
#2933 = ORIENTED_EDGE('',*,*,#502,.T.);
#2934 = ORIENTED_EDGE('',*,*,#2887,.T.);
#2935 = ADVANCED_FACE('',(#2936),#1072,.F.);
#2936 = FACE_BOUND('',#2937,.F.);
#2937 = EDGE_LOOP('',(#2938,#2961,#2962,#2963));
#2938 = ORIENTED_EDGE('',*,*,#2939,.F.);
#2939 = EDGE_CURVE('',#2660,#2940,#2942,.T.);
#2940 = VERTEX_POINT('',#2941);
#2941 = CARTESIAN_POINT('',(19.19906231343,-20.86940764386,
    2.799684915576));
#2942 = SURFACE_CURVE('',#2943,(#2947,#2954),.PCURVE_S1.);
#2943 = LINE('',#2944,#2945);
#2944 = CARTESIAN_POINT('',(19.19906231343,24.058136234686,
    2.799684915576));
#2945 = VECTOR('',#2946,1.);
#2946 = DIRECTION('',(0.,-1.,0.));
#2947 = PCURVE('',#1072,#2948);
#2948 = DEFINITIONAL_REPRESENTATION('',(#2949),#2953);
#2949 = LINE('',#2950,#2951);
#2950 = CARTESIAN_POINT('',(44.927543878547,56.110376760316));
#2951 = VECTOR('',#2952,1.);
#2952 = DIRECTION('',(1.,0.));
#2953 = ( GEOMETRIC_REPRESENTATION_CONTEXT(2) 
PARAMETRIC_REPRESENTATION_CONTEXT() REPRESENTATION_CONTEXT('2D SPACE',''
  ) );
#2954 = PCURVE('',#2698,#2955);
#2955 = DEFINITIONAL_REPRESENTATION('',(#2956),#2960);
#2956 = LINE('',#2957,#2958);
#2957 = CARTESIAN_POINT('',(0.,45.885179368756));
#2958 = VECTOR('',#2959,1.);
#2959 = DIRECTION('',(0.,-1.));
#2960 = ( GEOMETRIC_REPRESENTATION_CONTEXT(2) 
PARAMETRIC_REPRESENTATION_CONTEXT() REPRESENTATION_CONTEXT('2D SPACE',''
  ) );
#2961 = ORIENTED_EDGE('',*,*,#2659,.T.);
#2962 = ORIENTED_EDGE('',*,*,#1056,.T.);
#2963 = ORIENTED_EDGE('',*,*,#2964,.T.);
#2964 = EDGE_CURVE('',#1057,#2940,#2965,.T.);
#2965 = SURFACE_CURVE('',#2966,(#2970,#2977),.PCURVE_S1.);
#2966 = LINE('',#2967,#2968);
#2967 = CARTESIAN_POINT('',(19.19906231343,-20.86940764386,
    0.999684915576));
#2968 = VECTOR('',#2969,1.);
#2969 = DIRECTION('',(0.,0.,1.));
#2970 = PCURVE('',#1072,#2971);
#2971 = DEFINITIONAL_REPRESENTATION('',(#2972),#2976);
#2972 = LINE('',#2973,#2974);
#2973 = CARTESIAN_POINT('',(89.855087757093,54.310376760316));
#2974 = VECTOR('',#2975,1.);
#2975 = DIRECTION('',(0.,1.));
#2976 = ( GEOMETRIC_REPRESENTATION_CONTEXT(2) 
PARAMETRIC_REPRESENTATION_CONTEXT() REPRESENTATION_CONTEXT('2D SPACE',''
  ) );
#2977 = PCURVE('',#1100,#2978);
#2978 = DEFINITIONAL_REPRESENTATION('',(#2979),#2983);
#2979 = LINE('',#2980,#2981);
#2980 = CARTESIAN_POINT('',(23.24006885219,-14.));
#2981 = VECTOR('',#2982,1.);
#2982 = DIRECTION('',(0.,1.));
#2983 = ( GEOMETRIC_REPRESENTATION_CONTEXT(2) 
PARAMETRIC_REPRESENTATION_CONTEXT() REPRESENTATION_CONTEXT('2D SPACE',''
  ) );
#2984 = ADVANCED_FACE('',(#2985,#3034),#1100,.F.);
#2985 = FACE_BOUND('',#2986,.F.);
#2986 = EDGE_LOOP('',(#2987,#3010,#3011,#3012,#3013));
#2987 = ORIENTED_EDGE('',*,*,#2988,.F.);
#2988 = EDGE_CURVE('',#2940,#2989,#2991,.T.);
#2989 = VERTEX_POINT('',#2990);
#2990 = CARTESIAN_POINT('',(15.09906231343,-20.86940764386,
    2.799684915576));
#2991 = SURFACE_CURVE('',#2992,(#2996,#3003),.PCURVE_S1.);
#2992 = LINE('',#2993,#2994);
#2993 = CARTESIAN_POINT('',(28.769096739525,-20.86940764386,
    2.799684915576));
#2994 = VECTOR('',#2995,1.);
#2995 = DIRECTION('',(-1.,0.,0.));
#2996 = PCURVE('',#1100,#2997);
#2997 = DEFINITIONAL_REPRESENTATION('',(#2998),#3002);
#2998 = LINE('',#2999,#3000);
#2999 = CARTESIAN_POINT('',(13.670034426095,-12.2));
#3000 = VECTOR('',#3001,1.);
#3001 = DIRECTION('',(1.,0.));
#3002 = ( GEOMETRIC_REPRESENTATION_CONTEXT(2) 
PARAMETRIC_REPRESENTATION_CONTEXT() REPRESENTATION_CONTEXT('2D SPACE',''
  ) );
#3003 = PCURVE('',#2698,#3004);
#3004 = DEFINITIONAL_REPRESENTATION('',(#3005),#3009);
#3005 = LINE('',#3006,#3007);
#3006 = CARTESIAN_POINT('',(9.570034426095,0.95763549021));
#3007 = VECTOR('',#3008,1.);
#3008 = DIRECTION('',(-1.,0.));
#3009 = ( GEOMETRIC_REPRESENTATION_CONTEXT(2) 
PARAMETRIC_REPRESENTATION_CONTEXT() REPRESENTATION_CONTEXT('2D SPACE',''
  ) );
#3010 = ORIENTED_EDGE('',*,*,#2964,.F.);
#3011 = ORIENTED_EDGE('',*,*,#1084,.F.);
#3012 = ORIENTED_EDGE('',*,*,#1190,.F.);
#3013 = ORIENTED_EDGE('',*,*,#3014,.T.);
#3014 = EDGE_CURVE('',#1191,#2989,#3015,.T.);
#3015 = SURFACE_CURVE('',#3016,(#3020,#3027),.PCURVE_S1.);
#3016 = LINE('',#3017,#3018);
#3017 = CARTESIAN_POINT('',(15.09906231343,-20.86940764386,
    -3.150844244999E-04));
#3018 = VECTOR('',#3019,1.);
#3019 = DIRECTION('',(0.,0.,1.));
#3020 = PCURVE('',#1100,#3021);
#3021 = DEFINITIONAL_REPRESENTATION('',(#3022),#3026);
#3022 = LINE('',#3023,#3024);
#3023 = CARTESIAN_POINT('',(27.34006885219,-15.));
#3024 = VECTOR('',#3025,1.);
#3025 = DIRECTION('',(0.,1.));
#3026 = ( GEOMETRIC_REPRESENTATION_CONTEXT(2) 
PARAMETRIC_REPRESENTATION_CONTEXT() REPRESENTATION_CONTEXT('2D SPACE',''
  ) );
#3027 = PCURVE('',#1232,#3028);
#3028 = DEFINITIONAL_REPRESENTATION('',(#3029),#3033);
#3029 = LINE('',#3030,#3031);
#3030 = CARTESIAN_POINT('',(1.015670059278,-15.));
#3031 = VECTOR('',#3032,1.);
#3032 = DIRECTION('',(0.,1.));
#3033 = ( GEOMETRIC_REPRESENTATION_CONTEXT(2) 
PARAMETRIC_REPRESENTATION_CONTEXT() REPRESENTATION_CONTEXT('2D SPACE',''
  ) );
#3034 = FACE_BOUND('',#3035,.F.);
#3035 = EDGE_LOOP('',(#3036,#3066,#3094,#3122));
#3036 = ORIENTED_EDGE('',*,*,#3037,.F.);
#3037 = EDGE_CURVE('',#3038,#3040,#3042,.T.);
#3038 = VERTEX_POINT('',#3039);
#3039 = CARTESIAN_POINT('',(16.,-20.86940764386,2.3));
#3040 = VERTEX_POINT('',#3041);
#3041 = CARTESIAN_POINT('',(18.,-20.86940764386,2.3));
#3042 = SURFACE_CURVE('',#3043,(#3047,#3054),.PCURVE_S1.);
#3043 = LINE('',#3044,#3045);
#3044 = CARTESIAN_POINT('',(29.21956558281,-20.86940764386,2.3));
#3045 = VECTOR('',#3046,1.);
#3046 = DIRECTION('',(1.,0.,0.));
#3047 = PCURVE('',#1100,#3048);
#3048 = DEFINITIONAL_REPRESENTATION('',(#3049),#3053);
#3049 = LINE('',#3050,#3051);
#3050 = CARTESIAN_POINT('',(13.21956558281,-12.69968491557));
#3051 = VECTOR('',#3052,1.);
#3052 = DIRECTION('',(-1.,0.));
#3053 = ( GEOMETRIC_REPRESENTATION_CONTEXT(2) 
PARAMETRIC_REPRESENTATION_CONTEXT() REPRESENTATION_CONTEXT('2D SPACE',''
  ) );
#3054 = PCURVE('',#3055,#3060);
#3055 = PLANE('',#3056);
#3056 = AXIS2_PLACEMENT_3D('',#3057,#3058,#3059);
#3057 = CARTESIAN_POINT('',(16.,-21.5,2.3));
#3058 = DIRECTION('',(0.,0.,1.));
#3059 = DIRECTION('',(1.,0.,-0.));
#3060 = DEFINITIONAL_REPRESENTATION('',(#3061),#3065);
#3061 = LINE('',#3062,#3063);
#3062 = CARTESIAN_POINT('',(13.21956558281,0.63059235614));
#3063 = VECTOR('',#3064,1.);
#3064 = DIRECTION('',(1.,0.));
#3065 = ( GEOMETRIC_REPRESENTATION_CONTEXT(2) 
PARAMETRIC_REPRESENTATION_CONTEXT() REPRESENTATION_CONTEXT('2D SPACE',''
  ) );
#3066 = ORIENTED_EDGE('',*,*,#3067,.T.);
#3067 = EDGE_CURVE('',#3038,#3068,#3070,.T.);
#3068 = VERTEX_POINT('',#3069);
#3069 = CARTESIAN_POINT('',(16.,-20.86940764386,0.5));
#3070 = SURFACE_CURVE('',#3071,(#3075,#3082),.PCURVE_S1.);
#3071 = LINE('',#3072,#3073);
#3072 = CARTESIAN_POINT('',(16.,-20.86940764386,7.749842457788));
#3073 = VECTOR('',#3074,1.);
#3074 = DIRECTION('',(-0.,0.,-1.));
#3075 = PCURVE('',#1100,#3076);
#3076 = DEFINITIONAL_REPRESENTATION('',(#3077),#3081);
#3077 = LINE('',#3078,#3079);
#3078 = CARTESIAN_POINT('',(26.43913116562,-7.249842457788));
#3079 = VECTOR('',#3080,1.);
#3080 = DIRECTION('',(0.,-1.));
#3081 = ( GEOMETRIC_REPRESENTATION_CONTEXT(2) 
PARAMETRIC_REPRESENTATION_CONTEXT() REPRESENTATION_CONTEXT('2D SPACE',''
  ) );
#3082 = PCURVE('',#3083,#3088);
#3083 = PLANE('',#3084);
#3084 = AXIS2_PLACEMENT_3D('',#3085,#3086,#3087);
#3085 = CARTESIAN_POINT('',(16.,-21.5,0.5));
#3086 = DIRECTION('',(1.,0.,-0.));
#3087 = DIRECTION('',(0.,0.,1.));
#3088 = DEFINITIONAL_REPRESENTATION('',(#3089),#3093);
#3089 = LINE('',#3090,#3091);
#3090 = CARTESIAN_POINT('',(7.249842457788,-0.63059235614));
#3091 = VECTOR('',#3092,1.);
#3092 = DIRECTION('',(-1.,-0.));
#3093 = ( GEOMETRIC_REPRESENTATION_CONTEXT(2) 
PARAMETRIC_REPRESENTATION_CONTEXT() REPRESENTATION_CONTEXT('2D SPACE',''
  ) );
#3094 = ORIENTED_EDGE('',*,*,#3095,.T.);
#3095 = EDGE_CURVE('',#3068,#3096,#3098,.T.);
#3096 = VERTEX_POINT('',#3097);
#3097 = CARTESIAN_POINT('',(18.,-20.86940764386,0.5));
#3098 = SURFACE_CURVE('',#3099,(#3103,#3110),.PCURVE_S1.);
#3099 = LINE('',#3100,#3101);
#3100 = CARTESIAN_POINT('',(29.21956558281,-20.86940764386,0.5));
#3101 = VECTOR('',#3102,1.);
#3102 = DIRECTION('',(1.,0.,0.));
#3103 = PCURVE('',#1100,#3104);
#3104 = DEFINITIONAL_REPRESENTATION('',(#3105),#3109);
#3105 = LINE('',#3106,#3107);
#3106 = CARTESIAN_POINT('',(13.21956558281,-14.49968491557));
#3107 = VECTOR('',#3108,1.);
#3108 = DIRECTION('',(-1.,0.));
#3109 = ( GEOMETRIC_REPRESENTATION_CONTEXT(2) 
PARAMETRIC_REPRESENTATION_CONTEXT() REPRESENTATION_CONTEXT('2D SPACE',''
  ) );
#3110 = PCURVE('',#3111,#3116);
#3111 = PLANE('',#3112);
#3112 = AXIS2_PLACEMENT_3D('',#3113,#3114,#3115);
#3113 = CARTESIAN_POINT('',(16.,-21.5,0.5));
#3114 = DIRECTION('',(0.,0.,1.));
#3115 = DIRECTION('',(1.,0.,-0.));
#3116 = DEFINITIONAL_REPRESENTATION('',(#3117),#3121);
#3117 = LINE('',#3118,#3119);
#3118 = CARTESIAN_POINT('',(13.21956558281,0.63059235614));
#3119 = VECTOR('',#3120,1.);
#3120 = DIRECTION('',(1.,0.));
#3121 = ( GEOMETRIC_REPRESENTATION_CONTEXT(2) 
PARAMETRIC_REPRESENTATION_CONTEXT() REPRESENTATION_CONTEXT('2D SPACE',''
  ) );
#3122 = ORIENTED_EDGE('',*,*,#3123,.F.);
#3123 = EDGE_CURVE('',#3040,#3096,#3124,.T.);
#3124 = SURFACE_CURVE('',#3125,(#3129,#3136),.PCURVE_S1.);
#3125 = LINE('',#3126,#3127);
#3126 = CARTESIAN_POINT('',(18.,-20.86940764386,7.749842457788));
#3127 = VECTOR('',#3128,1.);
#3128 = DIRECTION('',(-0.,0.,-1.));
#3129 = PCURVE('',#1100,#3130);
#3130 = DEFINITIONAL_REPRESENTATION('',(#3131),#3135);
#3131 = LINE('',#3132,#3133);
#3132 = CARTESIAN_POINT('',(24.43913116562,-7.249842457788));
#3133 = VECTOR('',#3134,1.);
#3134 = DIRECTION('',(0.,-1.));
#3135 = ( GEOMETRIC_REPRESENTATION_CONTEXT(2) 
PARAMETRIC_REPRESENTATION_CONTEXT() REPRESENTATION_CONTEXT('2D SPACE',''
  ) );
#3136 = PCURVE('',#3137,#3142);
#3137 = PLANE('',#3138);
#3138 = AXIS2_PLACEMENT_3D('',#3139,#3140,#3141);
#3139 = CARTESIAN_POINT('',(18.,-21.5,0.5));
#3140 = DIRECTION('',(1.,0.,-0.));
#3141 = DIRECTION('',(0.,0.,1.));
#3142 = DEFINITIONAL_REPRESENTATION('',(#3143),#3147);
#3143 = LINE('',#3144,#3145);
#3144 = CARTESIAN_POINT('',(7.249842457788,-0.63059235614));
#3145 = VECTOR('',#3146,1.);
#3146 = DIRECTION('',(-1.,-0.));
#3147 = ( GEOMETRIC_REPRESENTATION_CONTEXT(2) 
PARAMETRIC_REPRESENTATION_CONTEXT() REPRESENTATION_CONTEXT('2D SPACE',''
  ) );
#3148 = ADVANCED_FACE('',(#3149,#3220),#1155,.F.);
#3149 = FACE_BOUND('',#3150,.F.);
#3150 = EDGE_LOOP('',(#3151,#3176,#3197,#3198,#3199));
#3151 = ORIENTED_EDGE('',*,*,#3152,.F.);
#3152 = EDGE_CURVE('',#3153,#3155,#3157,.T.);
#3153 = VERTEX_POINT('',#3154);
#3154 = CARTESIAN_POINT('',(-15.10093768657,-20.86940764386,
    2.799684915576));
#3155 = VERTEX_POINT('',#3156);
#3156 = CARTESIAN_POINT('',(-19.19948216244,-20.86940764386,
    2.799684915576));
#3157 = SURFACE_CURVE('',#3158,(#3162,#3169),.PCURVE_S1.);
#3158 = LINE('',#3159,#3160);
#3159 = CARTESIAN_POINT('',(13.669096739525,-20.86940764386,
    2.799684915576));
#3160 = VECTOR('',#3161,1.);
#3161 = DIRECTION('',(-1.,0.,0.));
#3162 = PCURVE('',#1155,#3163);
#3163 = DEFINITIONAL_REPRESENTATION('',(#3164),#3168);
#3164 = LINE('',#3165,#3166);
#3165 = CARTESIAN_POINT('',(28.770034426095,-12.2));
#3166 = VECTOR('',#3167,1.);
#3167 = DIRECTION('',(1.,0.));
#3168 = ( GEOMETRIC_REPRESENTATION_CONTEXT(2) 
PARAMETRIC_REPRESENTATION_CONTEXT() REPRESENTATION_CONTEXT('2D SPACE',''
  ) );
#3169 = PCURVE('',#2698,#3170);
#3170 = DEFINITIONAL_REPRESENTATION('',(#3171),#3175);
#3171 = LINE('',#3172,#3173);
#3172 = CARTESIAN_POINT('',(-5.529965573905,0.95763549021));
#3173 = VECTOR('',#3174,1.);
#3174 = DIRECTION('',(-1.,0.));
#3175 = ( GEOMETRIC_REPRESENTATION_CONTEXT(2) 
PARAMETRIC_REPRESENTATION_CONTEXT() REPRESENTATION_CONTEXT('2D SPACE',''
  ) );
#3176 = ORIENTED_EDGE('',*,*,#3177,.F.);
#3177 = EDGE_CURVE('',#1140,#3153,#3178,.T.);
#3178 = SURFACE_CURVE('',#3179,(#3183,#3190),.PCURVE_S1.);
#3179 = LINE('',#3180,#3181);
#3180 = CARTESIAN_POINT('',(-15.10093768657,-20.86940764386,
    -3.150844244999E-04));
#3181 = VECTOR('',#3182,1.);
#3182 = DIRECTION('',(0.,0.,1.));
#3183 = PCURVE('',#1155,#3184);
#3184 = DEFINITIONAL_REPRESENTATION('',(#3185),#3189);
#3185 = LINE('',#3186,#3187);
#3186 = CARTESIAN_POINT('',(57.54006885219,-15.));
#3187 = VECTOR('',#3188,1.);
#3188 = DIRECTION('',(0.,1.));
#3189 = ( GEOMETRIC_REPRESENTATION_CONTEXT(2) 
PARAMETRIC_REPRESENTATION_CONTEXT() REPRESENTATION_CONTEXT('2D SPACE',''
  ) );
#3190 = PCURVE('',#1232,#3191);
#3191 = DEFINITIONAL_REPRESENTATION('',(#3192),#3196);
#3192 = LINE('',#3193,#3194);
#3193 = CARTESIAN_POINT('',(2.125922594311,-15.));
#3194 = VECTOR('',#3195,1.);
#3195 = DIRECTION('',(0.,1.));
#3196 = ( GEOMETRIC_REPRESENTATION_CONTEXT(2) 
PARAMETRIC_REPRESENTATION_CONTEXT() REPRESENTATION_CONTEXT('2D SPACE',''
  ) );
#3197 = ORIENTED_EDGE('',*,*,#1137,.F.);
#3198 = ORIENTED_EDGE('',*,*,#1342,.F.);
#3199 = ORIENTED_EDGE('',*,*,#3200,.T.);
#3200 = EDGE_CURVE('',#1343,#3155,#3201,.T.);
#3201 = SURFACE_CURVE('',#3202,(#3206,#3213),.PCURVE_S1.);
#3202 = LINE('',#3203,#3204);
#3203 = CARTESIAN_POINT('',(-19.19948216244,-20.86940764386,
    0.999684915576));
#3204 = VECTOR('',#3205,1.);
#3205 = DIRECTION('',(0.,0.,1.));
#3206 = PCURVE('',#1155,#3207);
#3207 = DEFINITIONAL_REPRESENTATION('',(#3208),#3212);
#3208 = LINE('',#3209,#3210);
#3209 = CARTESIAN_POINT('',(61.63861332806,-14.));
#3210 = VECTOR('',#3211,1.);
#3211 = DIRECTION('',(0.,1.));
#3212 = ( GEOMETRIC_REPRESENTATION_CONTEXT(2) 
PARAMETRIC_REPRESENTATION_CONTEXT() REPRESENTATION_CONTEXT('2D SPACE',''
  ) );
#3213 = PCURVE('',#1381,#3214);
#3214 = DEFINITIONAL_REPRESENTATION('',(#3215),#3219);
#3215 = LINE('',#3216,#3217);
#3216 = CARTESIAN_POINT('',(-44.61576111067,-24.74445383866));
#3217 = VECTOR('',#3218,1.);
#3218 = DIRECTION('',(0.258816016447,-0.96592663781));
#3219 = ( GEOMETRIC_REPRESENTATION_CONTEXT(2) 
PARAMETRIC_REPRESENTATION_CONTEXT() REPRESENTATION_CONTEXT('2D SPACE',''
  ) );
#3220 = FACE_BOUND('',#3221,.F.);
#3221 = EDGE_LOOP('',(#3222,#3252,#3280,#3308));
#3222 = ORIENTED_EDGE('',*,*,#3223,.F.);
#3223 = EDGE_CURVE('',#3224,#3226,#3228,.T.);
#3224 = VERTEX_POINT('',#3225);
#3225 = CARTESIAN_POINT('',(-18.,-20.86940764386,2.3));
#3226 = VERTEX_POINT('',#3227);
#3227 = CARTESIAN_POINT('',(-16.,-20.86940764386,2.3));
#3228 = SURFACE_CURVE('',#3229,(#3233,#3240),.PCURVE_S1.);
#3229 = LINE('',#3230,#3231);
#3230 = CARTESIAN_POINT('',(12.21956558281,-20.86940764386,2.3));
#3231 = VECTOR('',#3232,1.);
#3232 = DIRECTION('',(1.,0.,0.));
#3233 = PCURVE('',#1155,#3234);
#3234 = DEFINITIONAL_REPRESENTATION('',(#3235),#3239);
#3235 = LINE('',#3236,#3237);
#3236 = CARTESIAN_POINT('',(30.21956558281,-12.69968491557));
#3237 = VECTOR('',#3238,1.);
#3238 = DIRECTION('',(-1.,0.));
#3239 = ( GEOMETRIC_REPRESENTATION_CONTEXT(2) 
PARAMETRIC_REPRESENTATION_CONTEXT() REPRESENTATION_CONTEXT('2D SPACE',''
  ) );
#3240 = PCURVE('',#3241,#3246);
#3241 = PLANE('',#3242);
#3242 = AXIS2_PLACEMENT_3D('',#3243,#3244,#3245);
#3243 = CARTESIAN_POINT('',(-18.,-21.5,2.3));
#3244 = DIRECTION('',(0.,0.,1.));
#3245 = DIRECTION('',(1.,0.,-0.));
#3246 = DEFINITIONAL_REPRESENTATION('',(#3247),#3251);
#3247 = LINE('',#3248,#3249);
#3248 = CARTESIAN_POINT('',(30.21956558281,0.63059235614));
#3249 = VECTOR('',#3250,1.);
#3250 = DIRECTION('',(1.,0.));
#3251 = ( GEOMETRIC_REPRESENTATION_CONTEXT(2) 
PARAMETRIC_REPRESENTATION_CONTEXT() REPRESENTATION_CONTEXT('2D SPACE',''
  ) );
#3252 = ORIENTED_EDGE('',*,*,#3253,.T.);
#3253 = EDGE_CURVE('',#3224,#3254,#3256,.T.);
#3254 = VERTEX_POINT('',#3255);
#3255 = CARTESIAN_POINT('',(-18.,-20.86940764386,0.5));
#3256 = SURFACE_CURVE('',#3257,(#3261,#3268),.PCURVE_S1.);
#3257 = LINE('',#3258,#3259);
#3258 = CARTESIAN_POINT('',(-18.,-20.86940764386,7.749842457788));
#3259 = VECTOR('',#3260,1.);
#3260 = DIRECTION('',(-0.,0.,-1.));
#3261 = PCURVE('',#1155,#3262);
#3262 = DEFINITIONAL_REPRESENTATION('',(#3263),#3267);
#3263 = LINE('',#3264,#3265);
#3264 = CARTESIAN_POINT('',(60.43913116562,-7.249842457788));
#3265 = VECTOR('',#3266,1.);
#3266 = DIRECTION('',(0.,-1.));
#3267 = ( GEOMETRIC_REPRESENTATION_CONTEXT(2) 
PARAMETRIC_REPRESENTATION_CONTEXT() REPRESENTATION_CONTEXT('2D SPACE',''
  ) );
#3268 = PCURVE('',#3269,#3274);
#3269 = PLANE('',#3270);
#3270 = AXIS2_PLACEMENT_3D('',#3271,#3272,#3273);
#3271 = CARTESIAN_POINT('',(-18.,-21.5,0.5));
#3272 = DIRECTION('',(1.,0.,-0.));
#3273 = DIRECTION('',(0.,0.,1.));
#3274 = DEFINITIONAL_REPRESENTATION('',(#3275),#3279);
#3275 = LINE('',#3276,#3277);
#3276 = CARTESIAN_POINT('',(7.249842457788,-0.63059235614));
#3277 = VECTOR('',#3278,1.);
#3278 = DIRECTION('',(-1.,-0.));
#3279 = ( GEOMETRIC_REPRESENTATION_CONTEXT(2) 
PARAMETRIC_REPRESENTATION_CONTEXT() REPRESENTATION_CONTEXT('2D SPACE',''
  ) );
#3280 = ORIENTED_EDGE('',*,*,#3281,.T.);
#3281 = EDGE_CURVE('',#3254,#3282,#3284,.T.);
#3282 = VERTEX_POINT('',#3283);
#3283 = CARTESIAN_POINT('',(-16.,-20.86940764386,0.5));
#3284 = SURFACE_CURVE('',#3285,(#3289,#3296),.PCURVE_S1.);
#3285 = LINE('',#3286,#3287);
#3286 = CARTESIAN_POINT('',(12.21956558281,-20.86940764386,0.5));
#3287 = VECTOR('',#3288,1.);
#3288 = DIRECTION('',(1.,0.,0.));
#3289 = PCURVE('',#1155,#3290);
#3290 = DEFINITIONAL_REPRESENTATION('',(#3291),#3295);
#3291 = LINE('',#3292,#3293);
#3292 = CARTESIAN_POINT('',(30.21956558281,-14.49968491557));
#3293 = VECTOR('',#3294,1.);
#3294 = DIRECTION('',(-1.,0.));
#3295 = ( GEOMETRIC_REPRESENTATION_CONTEXT(2) 
PARAMETRIC_REPRESENTATION_CONTEXT() REPRESENTATION_CONTEXT('2D SPACE',''
  ) );
#3296 = PCURVE('',#3297,#3302);
#3297 = PLANE('',#3298);
#3298 = AXIS2_PLACEMENT_3D('',#3299,#3300,#3301);
#3299 = CARTESIAN_POINT('',(-18.,-21.5,0.5));
#3300 = DIRECTION('',(0.,0.,1.));
#3301 = DIRECTION('',(1.,0.,-0.));
#3302 = DEFINITIONAL_REPRESENTATION('',(#3303),#3307);
#3303 = LINE('',#3304,#3305);
#3304 = CARTESIAN_POINT('',(30.21956558281,0.63059235614));
#3305 = VECTOR('',#3306,1.);
#3306 = DIRECTION('',(1.,0.));
#3307 = ( GEOMETRIC_REPRESENTATION_CONTEXT(2) 
PARAMETRIC_REPRESENTATION_CONTEXT() REPRESENTATION_CONTEXT('2D SPACE',''
  ) );
#3308 = ORIENTED_EDGE('',*,*,#3309,.F.);
#3309 = EDGE_CURVE('',#3226,#3282,#3310,.T.);
#3310 = SURFACE_CURVE('',#3311,(#3315,#3322),.PCURVE_S1.);
#3311 = LINE('',#3312,#3313);
#3312 = CARTESIAN_POINT('',(-16.,-20.86940764386,7.749842457788));
#3313 = VECTOR('',#3314,1.);
#3314 = DIRECTION('',(-0.,0.,-1.));
#3315 = PCURVE('',#1155,#3316);
#3316 = DEFINITIONAL_REPRESENTATION('',(#3317),#3321);
#3317 = LINE('',#3318,#3319);
#3318 = CARTESIAN_POINT('',(58.43913116562,-7.249842457788));
#3319 = VECTOR('',#3320,1.);
#3320 = DIRECTION('',(0.,-1.));
#3321 = ( GEOMETRIC_REPRESENTATION_CONTEXT(2) 
PARAMETRIC_REPRESENTATION_CONTEXT() REPRESENTATION_CONTEXT('2D SPACE',''
  ) );
#3322 = PCURVE('',#3323,#3328);
#3323 = PLANE('',#3324);
#3324 = AXIS2_PLACEMENT_3D('',#3325,#3326,#3327);
#3325 = CARTESIAN_POINT('',(-16.,-21.5,0.5));
#3326 = DIRECTION('',(1.,0.,-0.));
#3327 = DIRECTION('',(0.,0.,1.));
#3328 = DEFINITIONAL_REPRESENTATION('',(#3329),#3333);
#3329 = LINE('',#3330,#3331);
#3330 = CARTESIAN_POINT('',(7.249842457788,-0.63059235614));
#3331 = VECTOR('',#3332,1.);
#3332 = DIRECTION('',(-1.,-0.));
#3333 = ( GEOMETRIC_REPRESENTATION_CONTEXT(2) 
PARAMETRIC_REPRESENTATION_CONTEXT() REPRESENTATION_CONTEXT('2D SPACE',''
  ) );
#3334 = ADVANCED_FACE('',(#3335),#1232,.F.);
#3335 = FACE_BOUND('',#3336,.F.);
#3336 = EDGE_LOOP('',(#3337,#3338,#3339,#3340));
#3337 = ORIENTED_EDGE('',*,*,#3014,.F.);
#3338 = ORIENTED_EDGE('',*,*,#1213,.T.);
#3339 = ORIENTED_EDGE('',*,*,#3177,.T.);
#3340 = ORIENTED_EDGE('',*,*,#3341,.F.);
#3341 = EDGE_CURVE('',#2989,#3153,#3342,.T.);
#3342 = SURFACE_CURVE('',#3343,(#3348,#3355),.PCURVE_S1.);
#3343 = CIRCLE('',#3344,28.65);
#3344 = AXIS2_PLACEMENT_3D('',#3345,#3346,#3347);
#3345 = CARTESIAN_POINT('',(-9.37686570375E-04,-45.21714881219,
    2.799684915576));
#3346 = DIRECTION('',(0.,0.,1.));
#3347 = DIRECTION('',(1.,0.,-0.));
#3348 = PCURVE('',#1232,#3349);
#3349 = DEFINITIONAL_REPRESENTATION('',(#3350),#3354);
#3350 = LINE('',#3351,#3352);
#3351 = CARTESIAN_POINT('',(0.,-12.2));
#3352 = VECTOR('',#3353,1.);
#3353 = DIRECTION('',(1.,0.));
#3354 = ( GEOMETRIC_REPRESENTATION_CONTEXT(2) 
PARAMETRIC_REPRESENTATION_CONTEXT() REPRESENTATION_CONTEXT('2D SPACE',''
  ) );
#3355 = PCURVE('',#2698,#3356);
#3356 = DEFINITIONAL_REPRESENTATION('',(#3357),#3361);
#3357 = CIRCLE('',#3358,28.65);
#3358 = AXIS2_PLACEMENT_2D('',#3359,#3360);
#3359 = CARTESIAN_POINT('',(-19.2,-23.39010567812));
#3360 = DIRECTION('',(1.,0.));
#3361 = ( GEOMETRIC_REPRESENTATION_CONTEXT(2) 
PARAMETRIC_REPRESENTATION_CONTEXT() REPRESENTATION_CONTEXT('2D SPACE',''
  ) );
#3362 = ADVANCED_FACE('',(#3363),#1267,.F.);
#3363 = FACE_BOUND('',#3364,.F.);
#3364 = EDGE_LOOP('',(#3365,#3396,#3417,#3418,#3419));
#3365 = ORIENTED_EDGE('',*,*,#3366,.F.);
#3366 = EDGE_CURVE('',#3367,#3369,#3371,.T.);
#3367 = VERTEX_POINT('',#3368);
#3368 = CARTESIAN_POINT('',(-11.00093768657,-13.06714881219,
    1.499684915578));
#3369 = VERTEX_POINT('',#3370);
#3370 = CARTESIAN_POINT('',(-12.65093768657,-14.71714881219,
    1.499684915576));
#3371 = SURFACE_CURVE('',#3372,(#3377,#3384),.PCURVE_S1.);
#3372 = CIRCLE('',#3373,1.65);
#3373 = AXIS2_PLACEMENT_3D('',#3374,#3375,#3376);
#3374 = CARTESIAN_POINT('',(-11.00093768657,-14.71714881219,
    1.499684915576));
#3375 = DIRECTION('',(0.,0.,1.));
#3376 = DIRECTION('',(1.,0.,-0.));
#3377 = PCURVE('',#1267,#3378);
#3378 = DEFINITIONAL_REPRESENTATION('',(#3379),#3383);
#3379 = LINE('',#3380,#3381);
#3380 = CARTESIAN_POINT('',(4.712388980385,-0.749999997622));
#3381 = VECTOR('',#3382,1.);
#3382 = DIRECTION('',(-1.,-1.699238236194E-15));
#3383 = ( GEOMETRIC_REPRESENTATION_CONTEXT(2) 
PARAMETRIC_REPRESENTATION_CONTEXT() REPRESENTATION_CONTEXT('2D SPACE',''
  ) );
#3384 = PCURVE('',#3385,#3390);
#3385 = CYLINDRICAL_SURFACE('',#3386,1.65);
#3386 = AXIS2_PLACEMENT_3D('',#3387,#3388,#3389);
#3387 = CARTESIAN_POINT('',(-11.00093768657,-14.71714881219,
    2.999684915576));
#3388 = DIRECTION('',(0.,0.,1.));
#3389 = DIRECTION('',(1.,0.,-0.));
#3390 = DEFINITIONAL_REPRESENTATION('',(#3391),#3395);
#3391 = LINE('',#3392,#3393);
#3392 = CARTESIAN_POINT('',(6.28318530718,-1.5));
#3393 = VECTOR('',#3394,1.);
#3394 = DIRECTION('',(1.,0.));
#3395 = ( GEOMETRIC_REPRESENTATION_CONTEXT(2) 
PARAMETRIC_REPRESENTATION_CONTEXT() REPRESENTATION_CONTEXT('2D SPACE',''
  ) );
#3396 = ORIENTED_EDGE('',*,*,#3397,.T.);
#3397 = EDGE_CURVE('',#3367,#1247,#3398,.T.);
#3398 = SEAM_CURVE('',#3399,(#3403,#3410),.PCURVE_S1.);
#3399 = LINE('',#3400,#3401);
#3400 = CARTESIAN_POINT('',(-11.00093768657,-12.31714881456,
    0.749684917956));
#3401 = VECTOR('',#3402,1.);
#3402 = DIRECTION('',(8.659560562349E-17,0.707106781187,-0.707106781187)
  );
#3403 = PCURVE('',#1267,#3404);
#3404 = DEFINITIONAL_REPRESENTATION('',(#3405),#3409);
#3405 = LINE('',#3406,#3407);
#3406 = CARTESIAN_POINT('',(3.14159265359,3.925231146709E-15));
#3407 = VECTOR('',#3408,1.);
#3408 = DIRECTION('',(0.,1.));
#3409 = ( GEOMETRIC_REPRESENTATION_CONTEXT(2) 
PARAMETRIC_REPRESENTATION_CONTEXT() REPRESENTATION_CONTEXT('2D SPACE',''
  ) );
#3410 = PCURVE('',#1267,#3411);
#3411 = DEFINITIONAL_REPRESENTATION('',(#3412),#3416);
#3412 = LINE('',#3413,#3414);
#3413 = CARTESIAN_POINT('',(-3.14159265359,3.925231146709E-15));
#3414 = VECTOR('',#3415,1.);
#3415 = DIRECTION('',(0.,1.));
#3416 = ( GEOMETRIC_REPRESENTATION_CONTEXT(2) 
PARAMETRIC_REPRESENTATION_CONTEXT() REPRESENTATION_CONTEXT('2D SPACE',''
  ) );
#3417 = ORIENTED_EDGE('',*,*,#1246,.T.);
#3418 = ORIENTED_EDGE('',*,*,#3397,.F.);
#3419 = ORIENTED_EDGE('',*,*,#3420,.F.);
#3420 = EDGE_CURVE('',#3369,#3367,#3421,.T.);
#3421 = SURFACE_CURVE('',#3422,(#3427,#3434),.PCURVE_S1.);
#3422 = CIRCLE('',#3423,1.65);
#3423 = AXIS2_PLACEMENT_3D('',#3424,#3425,#3426);
#3424 = CARTESIAN_POINT('',(-11.00093768657,-14.71714881219,
    1.499684915576));
#3425 = DIRECTION('',(0.,0.,1.));
#3426 = DIRECTION('',(1.,0.,-0.));
#3427 = PCURVE('',#1267,#3428);
#3428 = DEFINITIONAL_REPRESENTATION('',(#3429),#3433);
#3429 = LINE('',#3430,#3431);
#3430 = CARTESIAN_POINT('',(4.712388980385,-0.749999997622));
#3431 = VECTOR('',#3432,1.);
#3432 = DIRECTION('',(-1.,0.));
#3433 = ( GEOMETRIC_REPRESENTATION_CONTEXT(2) 
PARAMETRIC_REPRESENTATION_CONTEXT() REPRESENTATION_CONTEXT('2D SPACE',''
  ) );
#3434 = PCURVE('',#3385,#3435);
#3435 = DEFINITIONAL_REPRESENTATION('',(#3436),#3440);
#3436 = LINE('',#3437,#3438);
#3437 = CARTESIAN_POINT('',(0.,-1.5));
#3438 = VECTOR('',#3439,1.);
#3439 = DIRECTION('',(1.,0.));
#3440 = ( GEOMETRIC_REPRESENTATION_CONTEXT(2) 
PARAMETRIC_REPRESENTATION_CONTEXT() REPRESENTATION_CONTEXT('2D SPACE',''
  ) );
#3441 = ADVANCED_FACE('',(#3442),#1302,.F.);
#3442 = FACE_BOUND('',#3443,.F.);
#3443 = EDGE_LOOP('',(#3444,#3475,#3496,#3497,#3498));
#3444 = ORIENTED_EDGE('',*,*,#3445,.F.);
#3445 = EDGE_CURVE('',#3446,#3448,#3450,.T.);
#3446 = VERTEX_POINT('',#3447);
#3447 = CARTESIAN_POINT('',(10.99906231343,-13.06714881219,
    1.499684915578));
#3448 = VERTEX_POINT('',#3449);
#3449 = CARTESIAN_POINT('',(9.34906231343,-14.71714881219,1.499684915576
    ));
#3450 = SURFACE_CURVE('',#3451,(#3456,#3463),.PCURVE_S1.);
#3451 = CIRCLE('',#3452,1.65);
#3452 = AXIS2_PLACEMENT_3D('',#3453,#3454,#3455);
#3453 = CARTESIAN_POINT('',(10.99906231343,-14.71714881219,
    1.499684915576));
#3454 = DIRECTION('',(0.,0.,1.));
#3455 = DIRECTION('',(1.,0.,-0.));
#3456 = PCURVE('',#1302,#3457);
#3457 = DEFINITIONAL_REPRESENTATION('',(#3458),#3462);
#3458 = LINE('',#3459,#3460);
#3459 = CARTESIAN_POINT('',(4.712388980385,-0.749999997622));
#3460 = VECTOR('',#3461,1.);
#3461 = DIRECTION('',(-1.,-1.699238236194E-15));
#3462 = ( GEOMETRIC_REPRESENTATION_CONTEXT(2) 
PARAMETRIC_REPRESENTATION_CONTEXT() REPRESENTATION_CONTEXT('2D SPACE',''
  ) );
#3463 = PCURVE('',#3464,#3469);
#3464 = CYLINDRICAL_SURFACE('',#3465,1.65);
#3465 = AXIS2_PLACEMENT_3D('',#3466,#3467,#3468);
#3466 = CARTESIAN_POINT('',(10.99906231343,-14.71714881219,
    2.999684915576));
#3467 = DIRECTION('',(0.,0.,1.));
#3468 = DIRECTION('',(1.,0.,-0.));
#3469 = DEFINITIONAL_REPRESENTATION('',(#3470),#3474);
#3470 = LINE('',#3471,#3472);
#3471 = CARTESIAN_POINT('',(6.28318530718,-1.5));
#3472 = VECTOR('',#3473,1.);
#3473 = DIRECTION('',(1.,0.));
#3474 = ( GEOMETRIC_REPRESENTATION_CONTEXT(2) 
PARAMETRIC_REPRESENTATION_CONTEXT() REPRESENTATION_CONTEXT('2D SPACE',''
  ) );
#3475 = ORIENTED_EDGE('',*,*,#3476,.T.);
#3476 = EDGE_CURVE('',#3446,#1282,#3477,.T.);
#3477 = SEAM_CURVE('',#3478,(#3482,#3489),.PCURVE_S1.);
#3478 = LINE('',#3479,#3480);
#3479 = CARTESIAN_POINT('',(10.99906231343,-12.31714881456,
    0.749684917956));
#3480 = VECTOR('',#3481,1.);
#3481 = DIRECTION('',(8.659560562349E-17,0.707106781187,-0.707106781187)
  );
#3482 = PCURVE('',#1302,#3483);
#3483 = DEFINITIONAL_REPRESENTATION('',(#3484),#3488);
#3484 = LINE('',#3485,#3486);
#3485 = CARTESIAN_POINT('',(3.14159265359,3.925231146709E-15));
#3486 = VECTOR('',#3487,1.);
#3487 = DIRECTION('',(0.,1.));
#3488 = ( GEOMETRIC_REPRESENTATION_CONTEXT(2) 
PARAMETRIC_REPRESENTATION_CONTEXT() REPRESENTATION_CONTEXT('2D SPACE',''
  ) );
#3489 = PCURVE('',#1302,#3490);
#3490 = DEFINITIONAL_REPRESENTATION('',(#3491),#3495);
#3491 = LINE('',#3492,#3493);
#3492 = CARTESIAN_POINT('',(-3.14159265359,3.925231146709E-15));
#3493 = VECTOR('',#3494,1.);
#3494 = DIRECTION('',(0.,1.));
#3495 = ( GEOMETRIC_REPRESENTATION_CONTEXT(2) 
PARAMETRIC_REPRESENTATION_CONTEXT() REPRESENTATION_CONTEXT('2D SPACE',''
  ) );
#3496 = ORIENTED_EDGE('',*,*,#1281,.T.);
#3497 = ORIENTED_EDGE('',*,*,#3476,.F.);
#3498 = ORIENTED_EDGE('',*,*,#3499,.F.);
#3499 = EDGE_CURVE('',#3448,#3446,#3500,.T.);
#3500 = SURFACE_CURVE('',#3501,(#3506,#3513),.PCURVE_S1.);
#3501 = CIRCLE('',#3502,1.65);
#3502 = AXIS2_PLACEMENT_3D('',#3503,#3504,#3505);
#3503 = CARTESIAN_POINT('',(10.99906231343,-14.71714881219,
    1.499684915576));
#3504 = DIRECTION('',(0.,0.,1.));
#3505 = DIRECTION('',(1.,0.,-0.));
#3506 = PCURVE('',#1302,#3507);
#3507 = DEFINITIONAL_REPRESENTATION('',(#3508),#3512);
#3508 = LINE('',#3509,#3510);
#3509 = CARTESIAN_POINT('',(4.712388980385,-0.749999997622));
#3510 = VECTOR('',#3511,1.);
#3511 = DIRECTION('',(-1.,0.));
#3512 = ( GEOMETRIC_REPRESENTATION_CONTEXT(2) 
PARAMETRIC_REPRESENTATION_CONTEXT() REPRESENTATION_CONTEXT('2D SPACE',''
  ) );
#3513 = PCURVE('',#3464,#3514);
#3514 = DEFINITIONAL_REPRESENTATION('',(#3515),#3519);
#3515 = LINE('',#3516,#3517);
#3516 = CARTESIAN_POINT('',(0.,-1.5));
#3517 = VECTOR('',#3518,1.);
#3518 = DIRECTION('',(1.,0.));
#3519 = ( GEOMETRIC_REPRESENTATION_CONTEXT(2) 
PARAMETRIC_REPRESENTATION_CONTEXT() REPRESENTATION_CONTEXT('2D SPACE',''
  ) );
#3520 = ADVANCED_FACE('',(#3521),#1381,.T.);
#3521 = FACE_BOUND('',#3522,.T.);
#3522 = EDGE_LOOP('',(#3523,#3546,#3567,#3568));
#3523 = ORIENTED_EDGE('',*,*,#3524,.T.);
#3524 = EDGE_CURVE('',#3155,#3525,#3527,.T.);
#3525 = VERTEX_POINT('',#3526);
#3526 = CARTESIAN_POINT('',(-19.19948216244,-20.869,2.799684915576));
#3527 = SURFACE_CURVE('',#3528,(#3532,#3539),.PCURVE_S1.);
#3528 = LINE('',#3529,#3530);
#3529 = CARTESIAN_POINT('',(-19.19948216244,3.880498903456,
    2.799684915576));
#3530 = VECTOR('',#3531,1.);
#3531 = DIRECTION('',(0.,1.,0.));
#3532 = PCURVE('',#1381,#3533);
#3533 = DEFINITIONAL_REPRESENTATION('',(#3534),#3538);
#3534 = LINE('',#3535,#3536);
#3535 = CARTESIAN_POINT('',(-20.24329826371,-20.0774495667));
#3536 = VECTOR('',#3537,1.);
#3537 = DIRECTION('',(0.96592663781,0.258816016447));
#3538 = ( GEOMETRIC_REPRESENTATION_CONTEXT(2) 
PARAMETRIC_REPRESENTATION_CONTEXT() REPRESENTATION_CONTEXT('2D SPACE',''
  ) );
#3539 = PCURVE('',#2698,#3540);
#3540 = DEFINITIONAL_REPRESENTATION('',(#3541),#3545);
#3541 = LINE('',#3542,#3543);
#3542 = CARTESIAN_POINT('',(-38.39854447587,25.707542037526));
#3543 = VECTOR('',#3544,1.);
#3544 = DIRECTION('',(0.,1.));
#3545 = ( GEOMETRIC_REPRESENTATION_CONTEXT(2) 
PARAMETRIC_REPRESENTATION_CONTEXT() REPRESENTATION_CONTEXT('2D SPACE',''
  ) );
#3546 = ORIENTED_EDGE('',*,*,#3547,.T.);
#3547 = EDGE_CURVE('',#3525,#1366,#3548,.T.);
#3548 = SURFACE_CURVE('',#3549,(#3553,#3560),.PCURVE_S1.);
#3549 = LINE('',#3550,#3551);
#3550 = CARTESIAN_POINT('',(-19.19948216244,-20.869,-5.677184311918));
#3551 = VECTOR('',#3552,1.);
#3552 = DIRECTION('',(0.,0.,-1.));
#3553 = PCURVE('',#1381,#3554);
#3554 = DEFINITIONAL_REPRESENTATION('',(#3555),#3559);
#3555 = LINE('',#3556,#3557);
#3556 = CARTESIAN_POINT('',(-46.3434480524,-18.29498248989));
#3557 = VECTOR('',#3558,1.);
#3558 = DIRECTION('',(-0.258816016447,0.96592663781));
#3559 = ( GEOMETRIC_REPRESENTATION_CONTEXT(2) 
PARAMETRIC_REPRESENTATION_CONTEXT() REPRESENTATION_CONTEXT('2D SPACE',''
  ) );
#3560 = PCURVE('',#1409,#3561);
#3561 = DEFINITIONAL_REPRESENTATION('',(#3562),#3566);
#3562 = LINE('',#3563,#3564);
#3563 = CARTESIAN_POINT('',(-5.677184311918,11.85051783756));
#3564 = VECTOR('',#3565,1.);
#3565 = DIRECTION('',(-1.,0.));
#3566 = ( GEOMETRIC_REPRESENTATION_CONTEXT(2) 
PARAMETRIC_REPRESENTATION_CONTEXT() REPRESENTATION_CONTEXT('2D SPACE',''
  ) );
#3567 = ORIENTED_EDGE('',*,*,#1365,.F.);
#3568 = ORIENTED_EDGE('',*,*,#3200,.T.);
#3569 = ADVANCED_FACE('',(#3570),#1409,.F.);
#3570 = FACE_BOUND('',#3571,.F.);
#3571 = EDGE_LOOP('',(#3572,#3573,#3574,#3597,#3625,#3646,#3647));
#3572 = ORIENTED_EDGE('',*,*,#1544,.F.);
#3573 = ORIENTED_EDGE('',*,*,#1754,.T.);
#3574 = ORIENTED_EDGE('',*,*,#3575,.T.);
#3575 = EDGE_CURVE('',#1727,#3576,#3578,.T.);
#3576 = VERTEX_POINT('',#3577);
#3577 = CARTESIAN_POINT('',(-18.,-20.869,2.8));
#3578 = SURFACE_CURVE('',#3579,(#3583,#3590),.PCURVE_S1.);
#3579 = LINE('',#3580,#3581);
#3580 = CARTESIAN_POINT('',(-31.05,-20.869,2.8));
#3581 = VECTOR('',#3582,1.);
#3582 = DIRECTION('',(1.,0.,-0.));
#3583 = PCURVE('',#1409,#3584);
#3584 = DEFINITIONAL_REPRESENTATION('',(#3585),#3589);
#3585 = LINE('',#3586,#3587);
#3586 = CARTESIAN_POINT('',(2.8,0.));
#3587 = VECTOR('',#3588,1.);
#3588 = DIRECTION('',(0.,1.));
#3589 = ( GEOMETRIC_REPRESENTATION_CONTEXT(2) 
PARAMETRIC_REPRESENTATION_CONTEXT() REPRESENTATION_CONTEXT('2D SPACE',''
  ) );
#3590 = PCURVE('',#1742,#3591);
#3591 = DEFINITIONAL_REPRESENTATION('',(#3592),#3596);
#3592 = LINE('',#3593,#3594);
#3593 = CARTESIAN_POINT('',(0.,0.));
#3594 = VECTOR('',#3595,1.);
#3595 = DIRECTION('',(1.,0.));
#3596 = ( GEOMETRIC_REPRESENTATION_CONTEXT(2) 
PARAMETRIC_REPRESENTATION_CONTEXT() REPRESENTATION_CONTEXT('2D SPACE',''
  ) );
#3597 = ORIENTED_EDGE('',*,*,#3598,.F.);
#3598 = EDGE_CURVE('',#3599,#3576,#3601,.T.);
#3599 = VERTEX_POINT('',#3600);
#3600 = CARTESIAN_POINT('',(-18.,-20.869,2.799684915576));
#3601 = SURFACE_CURVE('',#3602,(#3606,#3613),.PCURVE_S1.);
#3602 = LINE('',#3603,#3604);
#3603 = CARTESIAN_POINT('',(-18.,-20.869,0.));
#3604 = VECTOR('',#3605,1.);
#3605 = DIRECTION('',(0.,0.,1.));
#3606 = PCURVE('',#1409,#3607);
#3607 = DEFINITIONAL_REPRESENTATION('',(#3608),#3612);
#3608 = LINE('',#3609,#3610);
#3609 = CARTESIAN_POINT('',(0.,13.05));
#3610 = VECTOR('',#3611,1.);
#3611 = DIRECTION('',(1.,0.));
#3612 = ( GEOMETRIC_REPRESENTATION_CONTEXT(2) 
PARAMETRIC_REPRESENTATION_CONTEXT() REPRESENTATION_CONTEXT('2D SPACE',''
  ) );
#3613 = PCURVE('',#3614,#3619);
#3614 = PLANE('',#3615);
#3615 = AXIS2_PLACEMENT_3D('',#3616,#3617,#3618);
#3616 = CARTESIAN_POINT('',(-18.,-20.869,0.));
#3617 = DIRECTION('',(1.,0.,-0.));
#3618 = DIRECTION('',(0.,0.,1.));
#3619 = DEFINITIONAL_REPRESENTATION('',(#3620),#3624);
#3620 = LINE('',#3621,#3622);
#3621 = CARTESIAN_POINT('',(0.,0.));
#3622 = VECTOR('',#3623,1.);
#3623 = DIRECTION('',(1.,0.));
#3624 = ( GEOMETRIC_REPRESENTATION_CONTEXT(2) 
PARAMETRIC_REPRESENTATION_CONTEXT() REPRESENTATION_CONTEXT('2D SPACE',''
  ) );
#3625 = ORIENTED_EDGE('',*,*,#3626,.T.);
#3626 = EDGE_CURVE('',#3599,#3525,#3627,.T.);
#3627 = SURFACE_CURVE('',#3628,(#3632,#3639),.PCURVE_S1.);
#3628 = LINE('',#3629,#3630);
#3629 = CARTESIAN_POINT('',(-5.925468843285,-20.869,2.799684915576));
#3630 = VECTOR('',#3631,1.);
#3631 = DIRECTION('',(-1.,-0.,0.));
#3632 = PCURVE('',#1409,#3633);
#3633 = DEFINITIONAL_REPRESENTATION('',(#3634),#3638);
#3634 = LINE('',#3635,#3636);
#3635 = CARTESIAN_POINT('',(2.799684915576,25.124531156715));
#3636 = VECTOR('',#3637,1.);
#3637 = DIRECTION('',(0.,-1.));
#3638 = ( GEOMETRIC_REPRESENTATION_CONTEXT(2) 
PARAMETRIC_REPRESENTATION_CONTEXT() REPRESENTATION_CONTEXT('2D SPACE',''
  ) );
#3639 = PCURVE('',#2698,#3640);
#3640 = DEFINITIONAL_REPRESENTATION('',(#3641),#3645);
#3641 = LINE('',#3642,#3643);
#3642 = CARTESIAN_POINT('',(-25.12453115671,0.95804313407));
#3643 = VECTOR('',#3644,1.);
#3644 = DIRECTION('',(-1.,0.));
#3645 = ( GEOMETRIC_REPRESENTATION_CONTEXT(2) 
PARAMETRIC_REPRESENTATION_CONTEXT() REPRESENTATION_CONTEXT('2D SPACE',''
  ) );
#3646 = ORIENTED_EDGE('',*,*,#3547,.T.);
#3647 = ORIENTED_EDGE('',*,*,#1393,.T.);
#3648 = ADVANCED_FACE('',(#3649),#1742,.T.);
#3649 = FACE_BOUND('',#3650,.T.);
#3650 = EDGE_LOOP('',(#3651,#3652,#3653,#3676,#3699,#3722));
#3651 = ORIENTED_EDGE('',*,*,#1726,.F.);
#3652 = ORIENTED_EDGE('',*,*,#3575,.T.);
#3653 = ORIENTED_EDGE('',*,*,#3654,.T.);
#3654 = EDGE_CURVE('',#3576,#3655,#3657,.T.);
#3655 = VERTEX_POINT('',#3656);
#3656 = CARTESIAN_POINT('',(-18.,-10.71714881219,2.8));
#3657 = SURFACE_CURVE('',#3658,(#3662,#3669),.PCURVE_S1.);
#3658 = LINE('',#3659,#3660);
#3659 = CARTESIAN_POINT('',(-18.,-20.869,2.8));
#3660 = VECTOR('',#3661,1.);
#3661 = DIRECTION('',(-0.,1.,0.));
#3662 = PCURVE('',#1742,#3663);
#3663 = DEFINITIONAL_REPRESENTATION('',(#3664),#3668);
#3664 = LINE('',#3665,#3666);
#3665 = CARTESIAN_POINT('',(13.05,0.));
#3666 = VECTOR('',#3667,1.);
#3667 = DIRECTION('',(0.,1.));
#3668 = ( GEOMETRIC_REPRESENTATION_CONTEXT(2) 
PARAMETRIC_REPRESENTATION_CONTEXT() REPRESENTATION_CONTEXT('2D SPACE',''
  ) );
#3669 = PCURVE('',#3614,#3670);
#3670 = DEFINITIONAL_REPRESENTATION('',(#3671),#3675);
#3671 = LINE('',#3672,#3673);
#3672 = CARTESIAN_POINT('',(2.8,0.));
#3673 = VECTOR('',#3674,1.);
#3674 = DIRECTION('',(0.,-1.));
#3675 = ( GEOMETRIC_REPRESENTATION_CONTEXT(2) 
PARAMETRIC_REPRESENTATION_CONTEXT() REPRESENTATION_CONTEXT('2D SPACE',''
  ) );
#3676 = ORIENTED_EDGE('',*,*,#3677,.F.);
#3677 = EDGE_CURVE('',#3678,#3655,#3680,.T.);
#3678 = VERTEX_POINT('',#3679);
#3679 = CARTESIAN_POINT('',(-19.19948216244,-10.71714881219,2.8));
#3680 = SURFACE_CURVE('',#3681,(#3685,#3692),.PCURVE_S1.);
#3681 = LINE('',#3682,#3683);
#3682 = CARTESIAN_POINT('',(-7.975468843285,-10.71714881219,2.8));
#3683 = VECTOR('',#3684,1.);
#3684 = DIRECTION('',(1.,0.,0.));
#3685 = PCURVE('',#1742,#3686);
#3686 = DEFINITIONAL_REPRESENTATION('',(#3687),#3691);
#3687 = LINE('',#3688,#3689);
#3688 = CARTESIAN_POINT('',(23.074531156715,10.15185118781));
#3689 = VECTOR('',#3690,1.);
#3690 = DIRECTION('',(1.,0.));
#3691 = ( GEOMETRIC_REPRESENTATION_CONTEXT(2) 
PARAMETRIC_REPRESENTATION_CONTEXT() REPRESENTATION_CONTEXT('2D SPACE',''
  ) );
#3692 = PCURVE('',#2781,#3693);
#3693 = DEFINITIONAL_REPRESENTATION('',(#3694),#3698);
#3694 = LINE('',#3695,#3696);
#3695 = CARTESIAN_POINT('',(23.074531156715,-12.19968491557));
#3696 = VECTOR('',#3697,1.);
#3697 = DIRECTION('',(-1.,0.));
#3698 = ( GEOMETRIC_REPRESENTATION_CONTEXT(2) 
PARAMETRIC_REPRESENTATION_CONTEXT() REPRESENTATION_CONTEXT('2D SPACE',''
  ) );
#3699 = ORIENTED_EDGE('',*,*,#3700,.T.);
#3700 = EDGE_CURVE('',#3678,#3701,#3703,.T.);
#3701 = VERTEX_POINT('',#3702);
#3702 = CARTESIAN_POINT('',(-19.19948216244,-10.717,2.8));
#3703 = SURFACE_CURVE('',#3704,(#3708,#3715),.PCURVE_S1.);
#3704 = LINE('',#3705,#3706);
#3705 = CARTESIAN_POINT('',(-19.19948216244,3.880702725387,2.8));
#3706 = VECTOR('',#3707,1.);
#3707 = DIRECTION('',(0.,1.,-0.));
#3708 = PCURVE('',#1742,#3709);
#3709 = DEFINITIONAL_REPRESENTATION('',(#3710),#3714);
#3710 = LINE('',#3711,#3712);
#3711 = CARTESIAN_POINT('',(11.85051783756,24.749702725387));
#3712 = VECTOR('',#3713,1.);
#3713 = DIRECTION('',(0.,1.));
#3714 = ( GEOMETRIC_REPRESENTATION_CONTEXT(2) 
PARAMETRIC_REPRESENTATION_CONTEXT() REPRESENTATION_CONTEXT('2D SPACE',''
  ) );
#3715 = PCURVE('',#2333,#3716);
#3716 = DEFINITIONAL_REPRESENTATION('',(#3717),#3721);
#3717 = LINE('',#3718,#3719);
#3718 = CARTESIAN_POINT('',(-20.24301983778,-20.07770116276));
#3719 = VECTOR('',#3720,1.);
#3720 = DIRECTION('',(0.96592663781,0.258816016447));
#3721 = ( GEOMETRIC_REPRESENTATION_CONTEXT(2) 
PARAMETRIC_REPRESENTATION_CONTEXT() REPRESENTATION_CONTEXT('2D SPACE',''
  ) );
#3722 = ORIENTED_EDGE('',*,*,#3723,.T.);
#3723 = EDGE_CURVE('',#3701,#1699,#3724,.T.);
#3724 = SURFACE_CURVE('',#3725,(#3729,#3736),.PCURVE_S1.);
#3725 = LINE('',#3726,#3727);
#3726 = CARTESIAN_POINT('',(-31.05,-10.717,2.8));
#3727 = VECTOR('',#3728,1.);
#3728 = DIRECTION('',(-1.,-0.,0.));
#3729 = PCURVE('',#1742,#3730);
#3730 = DEFINITIONAL_REPRESENTATION('',(#3731),#3735);
#3731 = LINE('',#3732,#3733);
#3732 = CARTESIAN_POINT('',(0.,10.152));
#3733 = VECTOR('',#3734,1.);
#3734 = DIRECTION('',(-1.,0.));
#3735 = ( GEOMETRIC_REPRESENTATION_CONTEXT(2) 
PARAMETRIC_REPRESENTATION_CONTEXT() REPRESENTATION_CONTEXT('2D SPACE',''
  ) );
#3736 = PCURVE('',#1714,#3737);
#3737 = DEFINITIONAL_REPRESENTATION('',(#3738),#3742);
#3738 = LINE('',#3739,#3740);
#3739 = CARTESIAN_POINT('',(1.E-01,0.));
#3740 = VECTOR('',#3741,1.);
#3741 = DIRECTION('',(0.,-1.));
#3742 = ( GEOMETRIC_REPRESENTATION_CONTEXT(2) 
PARAMETRIC_REPRESENTATION_CONTEXT() REPRESENTATION_CONTEXT('2D SPACE',''
  ) );
#3743 = ADVANCED_FACE('',(#3744),#1714,.F.);
#3744 = FACE_BOUND('',#3745,.F.);
#3745 = EDGE_LOOP('',(#3746,#3747,#3748,#3771));
#3746 = ORIENTED_EDGE('',*,*,#3723,.T.);
#3747 = ORIENTED_EDGE('',*,*,#1698,.T.);
#3748 = ORIENTED_EDGE('',*,*,#3749,.F.);
#3749 = EDGE_CURVE('',#3750,#1671,#3752,.T.);
#3750 = VERTEX_POINT('',#3751);
#3751 = CARTESIAN_POINT('',(-19.19948216244,-10.717,23.2));
#3752 = SURFACE_CURVE('',#3753,(#3757,#3764),.PCURVE_S1.);
#3753 = LINE('',#3754,#3755);
#3754 = CARTESIAN_POINT('',(-31.05,-10.717,23.2));
#3755 = VECTOR('',#3756,1.);
#3756 = DIRECTION('',(-1.,-0.,0.));
#3757 = PCURVE('',#1714,#3758);
#3758 = DEFINITIONAL_REPRESENTATION('',(#3759),#3763);
#3759 = LINE('',#3760,#3761);
#3760 = CARTESIAN_POINT('',(20.5,0.));
#3761 = VECTOR('',#3762,1.);
#3762 = DIRECTION('',(0.,-1.));
#3763 = ( GEOMETRIC_REPRESENTATION_CONTEXT(2) 
PARAMETRIC_REPRESENTATION_CONTEXT() REPRESENTATION_CONTEXT('2D SPACE',''
  ) );
#3764 = PCURVE('',#1686,#3765);
#3765 = DEFINITIONAL_REPRESENTATION('',(#3766),#3770);
#3766 = LINE('',#3767,#3768);
#3767 = CARTESIAN_POINT('',(0.,10.152));
#3768 = VECTOR('',#3769,1.);
#3769 = DIRECTION('',(-1.,0.));
#3770 = ( GEOMETRIC_REPRESENTATION_CONTEXT(2) 
PARAMETRIC_REPRESENTATION_CONTEXT() REPRESENTATION_CONTEXT('2D SPACE',''
  ) );
#3771 = ORIENTED_EDGE('',*,*,#3772,.T.);
#3772 = EDGE_CURVE('',#3750,#3701,#3773,.T.);
#3773 = SURFACE_CURVE('',#3774,(#3778,#3785),.PCURVE_S1.);
#3774 = LINE('',#3775,#3776);
#3775 = CARTESIAN_POINT('',(-19.19948216244,-10.717,-4.327184311918));
#3776 = VECTOR('',#3777,1.);
#3777 = DIRECTION('',(0.,0.,-1.));
#3778 = PCURVE('',#1714,#3779);
#3779 = DEFINITIONAL_REPRESENTATION('',(#3780),#3784);
#3780 = LINE('',#3781,#3782);
#3781 = CARTESIAN_POINT('',(-7.027184311918,11.85051783756));
#3782 = VECTOR('',#3783,1.);
#3783 = DIRECTION('',(-1.,0.));
#3784 = ( GEOMETRIC_REPRESENTATION_CONTEXT(2) 
PARAMETRIC_REPRESENTATION_CONTEXT() REPRESENTATION_CONTEXT('2D SPACE',''
  ) );
#3785 = PCURVE('',#2333,#3786);
#3786 = DEFINITIONAL_REPRESENTATION('',(#3787),#3791);
#3787 = LINE('',#3788,#3789);
#3788 = CARTESIAN_POINT('',(-36.18795920315,-16.97148325196));
#3789 = VECTOR('',#3790,1.);
#3790 = DIRECTION('',(-0.258816016447,0.96592663781));
#3791 = ( GEOMETRIC_REPRESENTATION_CONTEXT(2) 
PARAMETRIC_REPRESENTATION_CONTEXT() REPRESENTATION_CONTEXT('2D SPACE',''
  ) );
#3792 = ADVANCED_FACE('',(#3793),#1686,.F.);
#3793 = FACE_BOUND('',#3794,.F.);
#3794 = EDGE_LOOP('',(#3795,#3796,#3819,#3840));
#3795 = ORIENTED_EDGE('',*,*,#1670,.F.);
#3796 = ORIENTED_EDGE('',*,*,#3797,.T.);
#3797 = EDGE_CURVE('',#1643,#3798,#3800,.T.);
#3798 = VERTEX_POINT('',#3799);
#3799 = CARTESIAN_POINT('',(-19.19948216244,-20.869,23.2));
#3800 = SURFACE_CURVE('',#3801,(#3805,#3812),.PCURVE_S1.);
#3801 = LINE('',#3802,#3803);
#3802 = CARTESIAN_POINT('',(-31.05,-20.869,23.2));
#3803 = VECTOR('',#3804,1.);
#3804 = DIRECTION('',(1.,0.,-0.));
#3805 = PCURVE('',#1686,#3806);
#3806 = DEFINITIONAL_REPRESENTATION('',(#3807),#3811);
#3807 = LINE('',#3808,#3809);
#3808 = CARTESIAN_POINT('',(0.,0.));
#3809 = VECTOR('',#3810,1.);
#3810 = DIRECTION('',(1.,0.));
#3811 = ( GEOMETRIC_REPRESENTATION_CONTEXT(2) 
PARAMETRIC_REPRESENTATION_CONTEXT() REPRESENTATION_CONTEXT('2D SPACE',''
  ) );
#3812 = PCURVE('',#1658,#3813);
#3813 = DEFINITIONAL_REPRESENTATION('',(#3814),#3818);
#3814 = LINE('',#3815,#3816);
#3815 = CARTESIAN_POINT('',(0.,0.));
#3816 = VECTOR('',#3817,1.);
#3817 = DIRECTION('',(0.,1.));
#3818 = ( GEOMETRIC_REPRESENTATION_CONTEXT(2) 
PARAMETRIC_REPRESENTATION_CONTEXT() REPRESENTATION_CONTEXT('2D SPACE',''
  ) );
#3819 = ORIENTED_EDGE('',*,*,#3820,.T.);
#3820 = EDGE_CURVE('',#3798,#3750,#3821,.T.);
#3821 = SURFACE_CURVE('',#3822,(#3826,#3833),.PCURVE_S1.);
#3822 = LINE('',#3823,#3824);
#3823 = CARTESIAN_POINT('',(-19.19948216244,3.880702725387,23.2));
#3824 = VECTOR('',#3825,1.);
#3825 = DIRECTION('',(0.,1.,-0.));
#3826 = PCURVE('',#1686,#3827);
#3827 = DEFINITIONAL_REPRESENTATION('',(#3828),#3832);
#3828 = LINE('',#3829,#3830);
#3829 = CARTESIAN_POINT('',(11.85051783756,24.749702725387));
#3830 = VECTOR('',#3831,1.);
#3831 = DIRECTION('',(0.,1.));
#3832 = ( GEOMETRIC_REPRESENTATION_CONTEXT(2) 
PARAMETRIC_REPRESENTATION_CONTEXT() REPRESENTATION_CONTEXT('2D SPACE',''
  ) );
#3833 = PCURVE('',#2333,#3834);
#3834 = DEFINITIONAL_REPRESENTATION('',(#3835),#3839);
#3835 = LINE('',#3836,#3837);
#3836 = CARTESIAN_POINT('',(-14.96317310226,-39.78260457408));
#3837 = VECTOR('',#3838,1.);
#3838 = DIRECTION('',(0.96592663781,0.258816016447));
#3839 = ( GEOMETRIC_REPRESENTATION_CONTEXT(2) 
PARAMETRIC_REPRESENTATION_CONTEXT() REPRESENTATION_CONTEXT('2D SPACE',''
  ) );
#3840 = ORIENTED_EDGE('',*,*,#3749,.T.);
#3841 = ADVANCED_FACE('',(#3842),#1658,.F.);
#3842 = FACE_BOUND('',#3843,.F.);
#3843 = EDGE_LOOP('',(#3844,#3845,#3846,#3847));
#3844 = ORIENTED_EDGE('',*,*,#3797,.F.);
#3845 = ORIENTED_EDGE('',*,*,#1642,.T.);
#3846 = ORIENTED_EDGE('',*,*,#2345,.F.);
#3847 = ORIENTED_EDGE('',*,*,#3848,.T.);
#3848 = EDGE_CURVE('',#2318,#3798,#3849,.T.);
#3849 = SURFACE_CURVE('',#3850,(#3854,#3861),.PCURVE_S1.);
#3850 = LINE('',#3851,#3852);
#3851 = CARTESIAN_POINT('',(-19.19948216244,-20.869,5.922815688082));
#3852 = VECTOR('',#3853,1.);
#3853 = DIRECTION('',(0.,0.,-1.));
#3854 = PCURVE('',#1658,#3855);
#3855 = DEFINITIONAL_REPRESENTATION('',(#3856),#3860);
#3856 = LINE('',#3857,#3858);
#3857 = CARTESIAN_POINT('',(-17.27718431191,11.85051783756));
#3858 = VECTOR('',#3859,1.);
#3859 = DIRECTION('',(-1.,0.));
#3860 = ( GEOMETRIC_REPRESENTATION_CONTEXT(2) 
PARAMETRIC_REPRESENTATION_CONTEXT() REPRESENTATION_CONTEXT('2D SPACE',''
  ) );
#3861 = PCURVE('',#2333,#3862);
#3862 = DEFINITIONAL_REPRESENTATION('',(#3863),#3867);
#3863 = LINE('',#3864,#3865);
#3864 = CARTESIAN_POINT('',(-43.34118226162,-29.49973148848));
#3865 = VECTOR('',#3866,1.);
#3866 = DIRECTION('',(-0.258816016447,0.96592663781));
#3867 = ( GEOMETRIC_REPRESENTATION_CONTEXT(2) 
PARAMETRIC_REPRESENTATION_CONTEXT() REPRESENTATION_CONTEXT('2D SPACE',''
  ) );
#3868 = ADVANCED_FACE('',(#3869),#2025,.F.);
#3869 = FACE_BOUND('',#3870,.F.);
#3870 = EDGE_LOOP('',(#3871,#3904,#3925,#3926));
#3871 = ORIENTED_EDGE('',*,*,#3872,.F.);
#3872 = EDGE_CURVE('',#3873,#3873,#3875,.T.);
#3873 = VERTEX_POINT('',#3874);
#3874 = CARTESIAN_POINT('',(16.15,5.,31.));
#3875 = SURFACE_CURVE('',#3876,(#3881,#3888),.PCURVE_S1.);
#3876 = CIRCLE('',#3877,3.4);
#3877 = AXIS2_PLACEMENT_3D('',#3878,#3879,#3880);
#3878 = CARTESIAN_POINT('',(12.75,5.,31.));
#3879 = DIRECTION('',(0.,0.,1.));
#3880 = DIRECTION('',(1.,0.,-0.));
#3881 = PCURVE('',#2025,#3882);
#3882 = DEFINITIONAL_REPRESENTATION('',(#3883),#3887);
#3883 = LINE('',#3884,#3885);
#3884 = CARTESIAN_POINT('',(0.,7.));
#3885 = VECTOR('',#3886,1.);
#3886 = DIRECTION('',(1.,0.));
#3887 = ( GEOMETRIC_REPRESENTATION_CONTEXT(2) 
PARAMETRIC_REPRESENTATION_CONTEXT() REPRESENTATION_CONTEXT('2D SPACE',''
  ) );
#3888 = PCURVE('',#3889,#3894);
#3889 = PLANE('',#3890);
#3890 = AXIS2_PLACEMENT_3D('',#3891,#3892,#3893);
#3891 = CARTESIAN_POINT('',(4.092988109217E-17,5.,31.));
#3892 = DIRECTION('',(-0.,-0.,-1.));
#3893 = DIRECTION('',(-1.,0.,0.));
#3894 = DEFINITIONAL_REPRESENTATION('',(#3895),#3903);
#3895 = ( BOUNDED_CURVE() B_SPLINE_CURVE(2,(#3896,#3897,#3898,#3899,
#3900,#3901,#3902),.UNSPECIFIED.,.T.,.F.) B_SPLINE_CURVE_WITH_KNOTS((1,2
    ,2,2,2,1),(-2.094395102393,0.,2.094395102393,4.188790204786,
6.28318530718,8.377580409573),.UNSPECIFIED.) CURVE() 
GEOMETRIC_REPRESENTATION_ITEM() RATIONAL_B_SPLINE_CURVE((1.,0.5,1.,0.5,
1.,0.5,1.)) REPRESENTATION_ITEM('') );
#3896 = CARTESIAN_POINT('',(-16.15,0.));
#3897 = CARTESIAN_POINT('',(-16.15,5.888972745734));
#3898 = CARTESIAN_POINT('',(-11.05,2.944486372867));
#3899 = CARTESIAN_POINT('',(-5.95,8.327598234202E-16));
#3900 = CARTESIAN_POINT('',(-11.05,-2.944486372867));
#3901 = CARTESIAN_POINT('',(-16.15,-5.888972745734));
#3902 = CARTESIAN_POINT('',(-16.15,0.));
#3903 = ( GEOMETRIC_REPRESENTATION_CONTEXT(2) 
PARAMETRIC_REPRESENTATION_CONTEXT() REPRESENTATION_CONTEXT('2D SPACE',''
  ) );
#3904 = ORIENTED_EDGE('',*,*,#3905,.F.);
#3905 = EDGE_CURVE('',#2009,#3873,#3906,.T.);
#3906 = SEAM_CURVE('',#3907,(#3911,#3918),.PCURVE_S1.);
#3907 = LINE('',#3908,#3909);
#3908 = CARTESIAN_POINT('',(16.15,5.,24.));
#3909 = VECTOR('',#3910,1.);
#3910 = DIRECTION('',(0.,0.,1.));
#3911 = PCURVE('',#2025,#3912);
#3912 = DEFINITIONAL_REPRESENTATION('',(#3913),#3917);
#3913 = LINE('',#3914,#3915);
#3914 = CARTESIAN_POINT('',(0.,-0.));
#3915 = VECTOR('',#3916,1.);
#3916 = DIRECTION('',(0.,1.));
#3917 = ( GEOMETRIC_REPRESENTATION_CONTEXT(2) 
PARAMETRIC_REPRESENTATION_CONTEXT() REPRESENTATION_CONTEXT('2D SPACE',''
  ) );
#3918 = PCURVE('',#2025,#3919);
#3919 = DEFINITIONAL_REPRESENTATION('',(#3920),#3924);
#3920 = LINE('',#3921,#3922);
#3921 = CARTESIAN_POINT('',(6.28318530718,-0.));
#3922 = VECTOR('',#3923,1.);
#3923 = DIRECTION('',(0.,1.));
#3924 = ( GEOMETRIC_REPRESENTATION_CONTEXT(2) 
PARAMETRIC_REPRESENTATION_CONTEXT() REPRESENTATION_CONTEXT('2D SPACE',''
  ) );
#3925 = ORIENTED_EDGE('',*,*,#2008,.T.);
#3926 = ORIENTED_EDGE('',*,*,#3905,.T.);
#3927 = ADVANCED_FACE('',(#3928),#2148,.F.);
#3928 = FACE_BOUND('',#3929,.F.);
#3929 = EDGE_LOOP('',(#3930,#3931,#3932,#3933,#3934,#3935,#3958,#3986));
#3930 = ORIENTED_EDGE('',*,*,#2209,.T.);
#3931 = ORIENTED_EDGE('',*,*,#2132,.T.);
#3932 = ORIENTED_EDGE('',*,*,#2912,.T.);
#3933 = ORIENTED_EDGE('',*,*,#2864,.T.);
#3934 = ORIENTED_EDGE('',*,*,#2839,.F.);
#3935 = ORIENTED_EDGE('',*,*,#3936,.F.);
#3936 = EDGE_CURVE('',#3937,#2766,#3939,.T.);
#3937 = VERTEX_POINT('',#3938);
#3938 = CARTESIAN_POINT('',(19.19906231343,-10.71714881219,
    23.199684915575));
#3939 = SURFACE_CURVE('',#3940,(#3944,#3951),.PCURVE_S1.);
#3940 = LINE('',#3941,#3942);
#3941 = CARTESIAN_POINT('',(19.19906231343,-10.71714881219,
    -25.25550346458));
#3942 = VECTOR('',#3943,1.);
#3943 = DIRECTION('',(0.,0.,-1.));
#3944 = PCURVE('',#2148,#3945);
#3945 = DEFINITIONAL_REPRESENTATION('',(#3946),#3950);
#3946 = LINE('',#3947,#3948);
#3947 = CARTESIAN_POINT('',(79.702828925423,28.05518838016));
#3948 = VECTOR('',#3949,1.);
#3949 = DIRECTION('',(0.,-1.));
#3950 = ( GEOMETRIC_REPRESENTATION_CONTEXT(2) 
PARAMETRIC_REPRESENTATION_CONTEXT() REPRESENTATION_CONTEXT('2D SPACE',''
  ) );
#3951 = PCURVE('',#2781,#3952);
#3952 = DEFINITIONAL_REPRESENTATION('',(#3953),#3957);
#3953 = LINE('',#3954,#3955);
#3954 = CARTESIAN_POINT('',(-4.1,-40.25518838015));
#3955 = VECTOR('',#3956,1.);
#3956 = DIRECTION('',(0.,-1.));
#3957 = ( GEOMETRIC_REPRESENTATION_CONTEXT(2) 
PARAMETRIC_REPRESENTATION_CONTEXT() REPRESENTATION_CONTEXT('2D SPACE',''
  ) );
#3958 = ORIENTED_EDGE('',*,*,#3959,.F.);
#3959 = EDGE_CURVE('',#3960,#3937,#3962,.T.);
#3960 = VERTEX_POINT('',#3961);
#3961 = CARTESIAN_POINT('',(19.19906231343,-20.86940764386,
    23.199684915575));
#3962 = SURFACE_CURVE('',#3963,(#3967,#3974),.PCURVE_S1.);
#3963 = LINE('',#3964,#3965);
#3964 = CARTESIAN_POINT('',(19.19906231343,29.134265650518,
    23.199684915575));
#3965 = VECTOR('',#3966,1.);
#3966 = DIRECTION('',(0.,1.,0.));
#3967 = PCURVE('',#2148,#3968);
#3968 = DEFINITIONAL_REPRESENTATION('',(#3969),#3973);
#3969 = LINE('',#3970,#3971);
#3970 = CARTESIAN_POINT('',(39.851414462715,76.510376760315));
#3971 = VECTOR('',#3972,1.);
#3972 = DIRECTION('',(-1.,0.));
#3973 = ( GEOMETRIC_REPRESENTATION_CONTEXT(2) 
PARAMETRIC_REPRESENTATION_CONTEXT() REPRESENTATION_CONTEXT('2D SPACE',''
  ) );
#3974 = PCURVE('',#3975,#3980);
#3975 = PLANE('',#3976);
#3976 = AXIS2_PLACEMENT_3D('',#3977,#3978,#3979);
#3977 = CARTESIAN_POINT('',(19.19906231343,-21.82704313407,
    23.199684915575));
#3978 = DIRECTION('',(0.,0.,1.));
#3979 = DIRECTION('',(1.,0.,-0.));
#3980 = DEFINITIONAL_REPRESENTATION('',(#3981),#3985);
#3981 = LINE('',#3982,#3983);
#3982 = CARTESIAN_POINT('',(0.,50.961308784588));
#3983 = VECTOR('',#3984,1.);
#3984 = DIRECTION('',(0.,1.));
#3985 = ( GEOMETRIC_REPRESENTATION_CONTEXT(2) 
PARAMETRIC_REPRESENTATION_CONTEXT() REPRESENTATION_CONTEXT('2D SPACE',''
  ) );
#3986 = ORIENTED_EDGE('',*,*,#3987,.T.);
#3987 = EDGE_CURVE('',#3960,#2210,#3988,.T.);
#3988 = SURFACE_CURVE('',#3989,(#3993,#4000),.PCURVE_S1.);
#3989 = LINE('',#3990,#3991);
#3990 = CARTESIAN_POINT('',(19.19906231343,-20.86940764386,
    0.999684915576));
#3991 = VECTOR('',#3992,1.);
#3992 = DIRECTION('',(0.,0.,1.));
#3993 = PCURVE('',#2148,#3994);
#3994 = DEFINITIONAL_REPRESENTATION('',(#3995),#3999);
#3995 = LINE('',#3996,#3997);
#3996 = CARTESIAN_POINT('',(89.855087757093,54.310376760316));
#3997 = VECTOR('',#3998,1.);
#3998 = DIRECTION('',(0.,1.));
#3999 = ( GEOMETRIC_REPRESENTATION_CONTEXT(2) 
PARAMETRIC_REPRESENTATION_CONTEXT() REPRESENTATION_CONTEXT('2D SPACE',''
  ) );
#4000 = PCURVE('',#2248,#4001);
#4001 = DEFINITIONAL_REPRESENTATION('',(#4002),#4006);
#4002 = LINE('',#4003,#4004);
#4003 = CARTESIAN_POINT('',(23.24006885219,-14.));
#4004 = VECTOR('',#4005,1.);
#4005 = DIRECTION('',(0.,1.));
#4006 = ( GEOMETRIC_REPRESENTATION_CONTEXT(2) 
PARAMETRIC_REPRESENTATION_CONTEXT() REPRESENTATION_CONTEXT('2D SPACE',''
  ) );
#4007 = ADVANCED_FACE('',(#4008),#2248,.F.);
#4008 = FACE_BOUND('',#4009,.F.);
#4009 = EDGE_LOOP('',(#4010,#4033,#4054,#4055));
#4010 = ORIENTED_EDGE('',*,*,#4011,.F.);
#4011 = EDGE_CURVE('',#4012,#3960,#4014,.T.);
#4012 = VERTEX_POINT('',#4013);
#4013 = CARTESIAN_POINT('',(15.09906231343,-20.86940764386,
    23.199684915575));
#4014 = SURFACE_CURVE('',#4015,(#4019,#4026),.PCURVE_S1.);
#4015 = LINE('',#4016,#4017);
#4016 = CARTESIAN_POINT('',(28.769096739525,-20.86940764386,
    23.199684915575));
#4017 = VECTOR('',#4018,1.);
#4018 = DIRECTION('',(1.,0.,0.));
#4019 = PCURVE('',#2248,#4020);
#4020 = DEFINITIONAL_REPRESENTATION('',(#4021),#4025);
#4021 = LINE('',#4022,#4023);
#4022 = CARTESIAN_POINT('',(13.670034426095,8.199999999999));
#4023 = VECTOR('',#4024,1.);
#4024 = DIRECTION('',(-1.,0.));
#4025 = ( GEOMETRIC_REPRESENTATION_CONTEXT(2) 
PARAMETRIC_REPRESENTATION_CONTEXT() REPRESENTATION_CONTEXT('2D SPACE',''
  ) );
#4026 = PCURVE('',#3975,#4027);
#4027 = DEFINITIONAL_REPRESENTATION('',(#4028),#4032);
#4028 = LINE('',#4029,#4030);
#4029 = CARTESIAN_POINT('',(9.570034426095,0.95763549021));
#4030 = VECTOR('',#4031,1.);
#4031 = DIRECTION('',(1.,0.));
#4032 = ( GEOMETRIC_REPRESENTATION_CONTEXT(2) 
PARAMETRIC_REPRESENTATION_CONTEXT() REPRESENTATION_CONTEXT('2D SPACE',''
  ) );
#4033 = ORIENTED_EDGE('',*,*,#4034,.T.);
#4034 = EDGE_CURVE('',#4012,#2233,#4035,.T.);
#4035 = SURFACE_CURVE('',#4036,(#4040,#4047),.PCURVE_S1.);
#4036 = LINE('',#4037,#4038);
#4037 = CARTESIAN_POINT('',(15.09906231343,-20.86940764386,
    14.999684915576));
#4038 = VECTOR('',#4039,1.);
#4039 = DIRECTION('',(0.,0.,1.));
#4040 = PCURVE('',#2248,#4041);
#4041 = DEFINITIONAL_REPRESENTATION('',(#4042),#4046);
#4042 = LINE('',#4043,#4044);
#4043 = CARTESIAN_POINT('',(27.34006885219,0.));
#4044 = VECTOR('',#4045,1.);
#4045 = DIRECTION('',(0.,1.));
#4046 = ( GEOMETRIC_REPRESENTATION_CONTEXT(2) 
PARAMETRIC_REPRESENTATION_CONTEXT() REPRESENTATION_CONTEXT('2D SPACE',''
  ) );
#4047 = PCURVE('',#2277,#4048);
#4048 = DEFINITIONAL_REPRESENTATION('',(#4049),#4053);
#4049 = LINE('',#4050,#4051);
#4050 = CARTESIAN_POINT('',(0.,12.));
#4051 = VECTOR('',#4052,1.);
#4052 = DIRECTION('',(0.,1.));
#4053 = ( GEOMETRIC_REPRESENTATION_CONTEXT(2) 
PARAMETRIC_REPRESENTATION_CONTEXT() REPRESENTATION_CONTEXT('2D SPACE',''
  ) );
#4054 = ORIENTED_EDGE('',*,*,#2232,.T.);
#4055 = ORIENTED_EDGE('',*,*,#3987,.F.);
#4056 = ADVANCED_FACE('',(#4057),#2277,.F.);
#4057 = FACE_BOUND('',#4058,.F.);
#4058 = EDGE_LOOP('',(#4059,#4087,#4108,#4109));
#4059 = ORIENTED_EDGE('',*,*,#4060,.F.);
#4060 = EDGE_CURVE('',#4061,#4012,#4063,.T.);
#4061 = VERTEX_POINT('',#4062);
#4062 = CARTESIAN_POINT('',(-15.10093768657,-20.86940764386,
    23.199684915575));
#4063 = SURFACE_CURVE('',#4064,(#4069,#4076),.PCURVE_S1.);
#4064 = CIRCLE('',#4065,28.65);
#4065 = AXIS2_PLACEMENT_3D('',#4066,#4067,#4068);
#4066 = CARTESIAN_POINT('',(-9.37686570375E-04,-45.21714881219,
    23.199684915575));
#4067 = DIRECTION('',(0.,0.,-1.));
#4068 = DIRECTION('',(0.52705061082,0.849833897673,0.));
#4069 = PCURVE('',#2277,#4070);
#4070 = DEFINITIONAL_REPRESENTATION('',(#4071),#4075);
#4071 = LINE('',#4072,#4073);
#4072 = CARTESIAN_POINT('',(6.28318530718,20.2));
#4073 = VECTOR('',#4074,1.);
#4074 = DIRECTION('',(-1.,0.));
#4075 = ( GEOMETRIC_REPRESENTATION_CONTEXT(2) 
PARAMETRIC_REPRESENTATION_CONTEXT() REPRESENTATION_CONTEXT('2D SPACE',''
  ) );
#4076 = PCURVE('',#3975,#4077);
#4077 = DEFINITIONAL_REPRESENTATION('',(#4078),#4086);
#4078 = ( BOUNDED_CURVE() B_SPLINE_CURVE(2,(#4079,#4080,#4081,#4082,
#4083,#4084,#4085),.UNSPECIFIED.,.T.,.F.) B_SPLINE_CURVE_WITH_KNOTS((1,2
    ,2,2,2,1),(-2.094395102393,0.,2.094395102393,4.188790204786,
6.28318530718,8.377580409573),.UNSPECIFIED.) CURVE() 
GEOMETRIC_REPRESENTATION_ITEM() RATIONAL_B_SPLINE_CURVE((1.,0.5,1.,0.5,
1.,0.5,1.)) REPRESENTATION_ITEM('') );
#4079 = CARTESIAN_POINT('',(-4.100000000006,0.957635490214));
#4080 = CARTESIAN_POINT('',(38.071524753084,-25.19633170406));
#4081 = CARTESIAN_POINT('',(-5.664237623452,-48.64095985942));
#4082 = CARTESIAN_POINT('',(-49.39999999998,-72.08558801478));
#4083 = CARTESIAN_POINT('',(-47.83576237654,-22.48699266514));
#4084 = CARTESIAN_POINT('',(-46.27152475309,27.111602684494));
#4085 = CARTESIAN_POINT('',(-4.100000000006,0.957635490214));
#4086 = ( GEOMETRIC_REPRESENTATION_CONTEXT(2) 
PARAMETRIC_REPRESENTATION_CONTEXT() REPRESENTATION_CONTEXT('2D SPACE',''
  ) );
#4087 = ORIENTED_EDGE('',*,*,#4088,.T.);
#4088 = EDGE_CURVE('',#4061,#2261,#4089,.T.);
#4089 = SURFACE_CURVE('',#4090,(#4094,#4101),.PCURVE_S1.);
#4090 = LINE('',#4091,#4092);
#4091 = CARTESIAN_POINT('',(-15.10093768657,-20.86940764386,
    2.999684915576));
#4092 = VECTOR('',#4093,1.);
#4093 = DIRECTION('',(0.,0.,1.));
#4094 = PCURVE('',#2277,#4095);
#4095 = DEFINITIONAL_REPRESENTATION('',(#4096),#4100);
#4096 = LINE('',#4097,#4098);
#4097 = CARTESIAN_POINT('',(1.110252535033,0.));
#4098 = VECTOR('',#4099,1.);
#4099 = DIRECTION('',(0.,1.));
#4100 = ( GEOMETRIC_REPRESENTATION_CONTEXT(2) 
PARAMETRIC_REPRESENTATION_CONTEXT() REPRESENTATION_CONTEXT('2D SPACE',''
  ) );
#4101 = PCURVE('',#2305,#4102);
#4102 = DEFINITIONAL_REPRESENTATION('',(#4103),#4107);
#4103 = LINE('',#4104,#4105);
#4104 = CARTESIAN_POINT('',(57.54006885219,-12.));
#4105 = VECTOR('',#4106,1.);
#4106 = DIRECTION('',(0.,1.));
#4107 = ( GEOMETRIC_REPRESENTATION_CONTEXT(2) 
PARAMETRIC_REPRESENTATION_CONTEXT() REPRESENTATION_CONTEXT('2D SPACE',''
  ) );
#4108 = ORIENTED_EDGE('',*,*,#2260,.F.);
#4109 = ORIENTED_EDGE('',*,*,#4034,.F.);
#4110 = ADVANCED_FACE('',(#4111),#2305,.F.);
#4111 = FACE_BOUND('',#4112,.F.);
#4112 = EDGE_LOOP('',(#4113,#4136,#4157,#4158));
#4113 = ORIENTED_EDGE('',*,*,#4114,.F.);
#4114 = EDGE_CURVE('',#4115,#4061,#4117,.T.);
#4115 = VERTEX_POINT('',#4116);
#4116 = CARTESIAN_POINT('',(-19.19948216244,-20.86940764386,
    23.199684915575));
#4117 = SURFACE_CURVE('',#4118,(#4122,#4129),.PCURVE_S1.);
#4118 = LINE('',#4119,#4120);
#4119 = CARTESIAN_POINT('',(13.669096739525,-20.86940764386,
    23.199684915575));
#4120 = VECTOR('',#4121,1.);
#4121 = DIRECTION('',(1.,0.,0.));
#4122 = PCURVE('',#2305,#4123);
#4123 = DEFINITIONAL_REPRESENTATION('',(#4124),#4128);
#4124 = LINE('',#4125,#4126);
#4125 = CARTESIAN_POINT('',(28.770034426095,8.199999999999));
#4126 = VECTOR('',#4127,1.);
#4127 = DIRECTION('',(-1.,0.));
#4128 = ( GEOMETRIC_REPRESENTATION_CONTEXT(2) 
PARAMETRIC_REPRESENTATION_CONTEXT() REPRESENTATION_CONTEXT('2D SPACE',''
  ) );
#4129 = PCURVE('',#3975,#4130);
#4130 = DEFINITIONAL_REPRESENTATION('',(#4131),#4135);
#4131 = LINE('',#4132,#4133);
#4132 = CARTESIAN_POINT('',(-5.529965573905,0.95763549021));
#4133 = VECTOR('',#4134,1.);
#4134 = DIRECTION('',(1.,0.));
#4135 = ( GEOMETRIC_REPRESENTATION_CONTEXT(2) 
PARAMETRIC_REPRESENTATION_CONTEXT() REPRESENTATION_CONTEXT('2D SPACE',''
  ) );
#4136 = ORIENTED_EDGE('',*,*,#4137,.T.);
#4137 = EDGE_CURVE('',#4115,#2290,#4138,.T.);
#4138 = SURFACE_CURVE('',#4139,(#4143,#4150),.PCURVE_S1.);
#4139 = LINE('',#4140,#4141);
#4140 = CARTESIAN_POINT('',(-19.19948216244,-20.86940764386,
    0.999684915576));
#4141 = VECTOR('',#4142,1.);
#4142 = DIRECTION('',(0.,0.,1.));
#4143 = PCURVE('',#2305,#4144);
#4144 = DEFINITIONAL_REPRESENTATION('',(#4145),#4149);
#4145 = LINE('',#4146,#4147);
#4146 = CARTESIAN_POINT('',(61.63861332806,-14.));
#4147 = VECTOR('',#4148,1.);
#4148 = DIRECTION('',(0.,1.));
#4149 = ( GEOMETRIC_REPRESENTATION_CONTEXT(2) 
PARAMETRIC_REPRESENTATION_CONTEXT() REPRESENTATION_CONTEXT('2D SPACE',''
  ) );
#4150 = PCURVE('',#2333,#4151);
#4151 = DEFINITIONAL_REPRESENTATION('',(#4152),#4156);
#4152 = LINE('',#4153,#4154);
#4153 = CARTESIAN_POINT('',(-44.61576111067,-24.74445383866));
#4154 = VECTOR('',#4155,1.);
#4155 = DIRECTION('',(0.258816016447,-0.96592663781));
#4156 = ( GEOMETRIC_REPRESENTATION_CONTEXT(2) 
PARAMETRIC_REPRESENTATION_CONTEXT() REPRESENTATION_CONTEXT('2D SPACE',''
  ) );
#4157 = ORIENTED_EDGE('',*,*,#2289,.T.);
#4158 = ORIENTED_EDGE('',*,*,#4088,.F.);
#4159 = ADVANCED_FACE('',(#4160),#2333,.T.);
#4160 = FACE_BOUND('',#4161,.T.);
#4161 = EDGE_LOOP('',(#4162,#4163,#4164,#4165,#4166,#4167,#4190,#4211));
#4162 = ORIENTED_EDGE('',*,*,#2317,.T.);
#4163 = ORIENTED_EDGE('',*,*,#3848,.T.);
#4164 = ORIENTED_EDGE('',*,*,#3820,.T.);
#4165 = ORIENTED_EDGE('',*,*,#3772,.T.);
#4166 = ORIENTED_EDGE('',*,*,#3700,.F.);
#4167 = ORIENTED_EDGE('',*,*,#4168,.T.);
#4168 = EDGE_CURVE('',#3678,#4169,#4171,.T.);
#4169 = VERTEX_POINT('',#4170);
#4170 = CARTESIAN_POINT('',(-19.19948216244,-10.71714881219,
    23.199684915575));
#4171 = SURFACE_CURVE('',#4172,(#4176,#4183),.PCURVE_S1.);
#4172 = LINE('',#4173,#4174);
#4173 = CARTESIAN_POINT('',(-19.19948216244,-10.71714881219,
    -4.27734185413));
#4174 = VECTOR('',#4175,1.);
#4175 = DIRECTION('',(0.,0.,1.));
#4176 = PCURVE('',#2333,#4177);
#4177 = DEFINITIONAL_REPRESENTATION('',(#4178),#4182);
#4178 = LINE('',#4179,#4180);
#4179 = CARTESIAN_POINT('',(-36.17520291844,-17.01966592461));
#4180 = VECTOR('',#4181,1.);
#4181 = DIRECTION('',(0.258816016447,-0.96592663781));
#4182 = ( GEOMETRIC_REPRESENTATION_CONTEXT(2) 
PARAMETRIC_REPRESENTATION_CONTEXT() REPRESENTATION_CONTEXT('2D SPACE',''
  ) );
#4183 = PCURVE('',#2781,#4184);
#4184 = DEFINITIONAL_REPRESENTATION('',(#4185),#4189);
#4185 = LINE('',#4186,#4187);
#4186 = CARTESIAN_POINT('',(34.29854447587,-19.2770267697));
#4187 = VECTOR('',#4188,1.);
#4188 = DIRECTION('',(0.,1.));
#4189 = ( GEOMETRIC_REPRESENTATION_CONTEXT(2) 
PARAMETRIC_REPRESENTATION_CONTEXT() REPRESENTATION_CONTEXT('2D SPACE',''
  ) );
#4190 = ORIENTED_EDGE('',*,*,#4191,.T.);
#4191 = EDGE_CURVE('',#4169,#4115,#4192,.T.);
#4192 = SURFACE_CURVE('',#4193,(#4197,#4204),.PCURVE_S1.);
#4193 = LINE('',#4194,#4195);
#4194 = CARTESIAN_POINT('',(-19.19948216244,8.956628319288,
    23.199684915575));
#4195 = VECTOR('',#4196,1.);
#4196 = DIRECTION('',(0.,-1.,0.));
#4197 = PCURVE('',#2333,#4198);
#4198 = DEFINITIONAL_REPRESENTATION('',(#4199),#4203);
#4199 = LINE('',#4200,#4201);
#4200 = CARTESIAN_POINT('',(-10.06028290847,-38.46856938365));
#4201 = VECTOR('',#4202,1.);
#4202 = DIRECTION('',(-0.96592663781,-0.258816016447));
#4203 = ( GEOMETRIC_REPRESENTATION_CONTEXT(2) 
PARAMETRIC_REPRESENTATION_CONTEXT() REPRESENTATION_CONTEXT('2D SPACE',''
  ) );
#4204 = PCURVE('',#3975,#4205);
#4205 = DEFINITIONAL_REPRESENTATION('',(#4206),#4210);
#4206 = LINE('',#4207,#4208);
#4207 = CARTESIAN_POINT('',(-38.39854447587,30.783671453358));
#4208 = VECTOR('',#4209,1.);
#4209 = DIRECTION('',(0.,-1.));
#4210 = ( GEOMETRIC_REPRESENTATION_CONTEXT(2) 
PARAMETRIC_REPRESENTATION_CONTEXT() REPRESENTATION_CONTEXT('2D SPACE',''
  ) );
#4211 = ORIENTED_EDGE('',*,*,#4137,.T.);
#4212 = ADVANCED_FACE('',(#4213),#786,.F.);
#4213 = FACE_BOUND('',#4214,.F.);
#4214 = EDGE_LOOP('',(#4215,#4216,#4217,#4218));
#4215 = ORIENTED_EDGE('',*,*,#770,.F.);
#4216 = ORIENTED_EDGE('',*,*,#2398,.T.);
#4217 = ORIENTED_EDGE('',*,*,#1891,.T.);
#4218 = ORIENTED_EDGE('',*,*,#4219,.T.);
#4219 = EDGE_CURVE('',#1869,#743,#4220,.T.);
#4220 = SURFACE_CURVE('',#4221,(#4225,#4232),.PCURVE_S1.);
#4221 = LINE('',#4222,#4223);
#4222 = CARTESIAN_POINT('',(-31.05,23.,44.));
#4223 = VECTOR('',#4224,1.);
#4224 = DIRECTION('',(1.,0.,-0.));
#4225 = PCURVE('',#786,#4226);
#4226 = DEFINITIONAL_REPRESENTATION('',(#4227),#4231);
#4227 = LINE('',#4228,#4229);
#4228 = CARTESIAN_POINT('',(14.2,0.));
#4229 = VECTOR('',#4230,1.);
#4230 = DIRECTION('',(0.,1.));
#4231 = ( GEOMETRIC_REPRESENTATION_CONTEXT(2) 
PARAMETRIC_REPRESENTATION_CONTEXT() REPRESENTATION_CONTEXT('2D SPACE',''
  ) );
#4232 = PCURVE('',#758,#4233);
#4233 = DEFINITIONAL_REPRESENTATION('',(#4234),#4238);
#4234 = LINE('',#4235,#4236);
#4235 = CARTESIAN_POINT('',(0.,0.));
#4236 = VECTOR('',#4237,1.);
#4237 = DIRECTION('',(1.,0.));
#4238 = ( GEOMETRIC_REPRESENTATION_CONTEXT(2) 
PARAMETRIC_REPRESENTATION_CONTEXT() REPRESENTATION_CONTEXT('2D SPACE',''
  ) );
#4239 = ADVANCED_FACE('',(#4240),#2437,.F.);
#4240 = FACE_BOUND('',#4241,.F.);
#4241 = EDGE_LOOP('',(#4242,#4243,#4266,#4293));
#4242 = ORIENTED_EDGE('',*,*,#2420,.F.);
#4243 = ORIENTED_EDGE('',*,*,#4244,.F.);
#4244 = EDGE_CURVE('',#4245,#2421,#4247,.T.);
#4245 = VERTEX_POINT('',#4246);
#4246 = CARTESIAN_POINT('',(-9.251,-14.717,28.5));
#4247 = SEAM_CURVE('',#4248,(#4252,#4259),.PCURVE_S1.);
#4248 = LINE('',#4249,#4250);
#4249 = CARTESIAN_POINT('',(-9.251,-14.717,28.5));
#4250 = VECTOR('',#4251,1.);
#4251 = DIRECTION('',(0.707106781187,-1.73191211247E-16,0.707106781187)
  );
#4252 = PCURVE('',#2437,#4253);
#4253 = DEFINITIONAL_REPRESENTATION('',(#4254),#4258);
#4254 = LINE('',#4255,#4256);
#4255 = CARTESIAN_POINT('',(0.,-0.));
#4256 = VECTOR('',#4257,1.);
#4257 = DIRECTION('',(0.,1.));
#4258 = ( GEOMETRIC_REPRESENTATION_CONTEXT(2) 
PARAMETRIC_REPRESENTATION_CONTEXT() REPRESENTATION_CONTEXT('2D SPACE',''
  ) );
#4259 = PCURVE('',#2437,#4260);
#4260 = DEFINITIONAL_REPRESENTATION('',(#4261),#4265);
#4261 = LINE('',#4262,#4263);
#4262 = CARTESIAN_POINT('',(6.28318530718,-0.));
#4263 = VECTOR('',#4264,1.);
#4264 = DIRECTION('',(0.,1.));
#4265 = ( GEOMETRIC_REPRESENTATION_CONTEXT(2) 
PARAMETRIC_REPRESENTATION_CONTEXT() REPRESENTATION_CONTEXT('2D SPACE',''
  ) );
#4266 = ORIENTED_EDGE('',*,*,#4267,.T.);
#4267 = EDGE_CURVE('',#4245,#4245,#4268,.T.);
#4268 = SURFACE_CURVE('',#4269,(#4274,#4281),.PCURVE_S1.);
#4269 = CIRCLE('',#4270,1.75);
#4270 = AXIS2_PLACEMENT_3D('',#4271,#4272,#4273);
#4271 = CARTESIAN_POINT('',(-11.001,-14.717,28.5));
#4272 = DIRECTION('',(0.,0.,1.));
#4273 = DIRECTION('',(1.,0.,-0.));
#4274 = PCURVE('',#2437,#4275);
#4275 = DEFINITIONAL_REPRESENTATION('',(#4276),#4280);
#4276 = LINE('',#4277,#4278);
#4277 = CARTESIAN_POINT('',(0.,0.));
#4278 = VECTOR('',#4279,1.);
#4279 = DIRECTION('',(1.,0.));
#4280 = ( GEOMETRIC_REPRESENTATION_CONTEXT(2) 
PARAMETRIC_REPRESENTATION_CONTEXT() REPRESENTATION_CONTEXT('2D SPACE',''
  ) );
#4281 = PCURVE('',#4282,#4287);
#4282 = CYLINDRICAL_SURFACE('',#4283,1.75);
#4283 = AXIS2_PLACEMENT_3D('',#4284,#4285,#4286);
#4284 = CARTESIAN_POINT('',(-11.001,-14.717,23.));
#4285 = DIRECTION('',(0.,0.,1.));
#4286 = DIRECTION('',(1.,0.,-0.));
#4287 = DEFINITIONAL_REPRESENTATION('',(#4288),#4292);
#4288 = LINE('',#4289,#4290);
#4289 = CARTESIAN_POINT('',(0.,5.5));
#4290 = VECTOR('',#4291,1.);
#4291 = DIRECTION('',(1.,0.));
#4292 = ( GEOMETRIC_REPRESENTATION_CONTEXT(2) 
PARAMETRIC_REPRESENTATION_CONTEXT() REPRESENTATION_CONTEXT('2D SPACE',''
  ) );
#4293 = ORIENTED_EDGE('',*,*,#4244,.T.);
#4294 = ADVANCED_FACE('',(#4295),#2468,.F.);
#4295 = FACE_BOUND('',#4296,.F.);
#4296 = EDGE_LOOP('',(#4297,#4298,#4321,#4348));
#4297 = ORIENTED_EDGE('',*,*,#2451,.F.);
#4298 = ORIENTED_EDGE('',*,*,#4299,.F.);
#4299 = EDGE_CURVE('',#4300,#2452,#4302,.T.);
#4300 = VERTEX_POINT('',#4301);
#4301 = CARTESIAN_POINT('',(12.749,-14.717,28.5));
#4302 = SEAM_CURVE('',#4303,(#4307,#4314),.PCURVE_S1.);
#4303 = LINE('',#4304,#4305);
#4304 = CARTESIAN_POINT('',(12.749,-14.717,28.5));
#4305 = VECTOR('',#4306,1.);
#4306 = DIRECTION('',(0.707106781187,-1.73191211247E-16,0.707106781187)
  );
#4307 = PCURVE('',#2468,#4308);
#4308 = DEFINITIONAL_REPRESENTATION('',(#4309),#4313);
#4309 = LINE('',#4310,#4311);
#4310 = CARTESIAN_POINT('',(0.,-0.));
#4311 = VECTOR('',#4312,1.);
#4312 = DIRECTION('',(0.,1.));
#4313 = ( GEOMETRIC_REPRESENTATION_CONTEXT(2) 
PARAMETRIC_REPRESENTATION_CONTEXT() REPRESENTATION_CONTEXT('2D SPACE',''
  ) );
#4314 = PCURVE('',#2468,#4315);
#4315 = DEFINITIONAL_REPRESENTATION('',(#4316),#4320);
#4316 = LINE('',#4317,#4318);
#4317 = CARTESIAN_POINT('',(6.28318530718,-0.));
#4318 = VECTOR('',#4319,1.);
#4319 = DIRECTION('',(0.,1.));
#4320 = ( GEOMETRIC_REPRESENTATION_CONTEXT(2) 
PARAMETRIC_REPRESENTATION_CONTEXT() REPRESENTATION_CONTEXT('2D SPACE',''
  ) );
#4321 = ORIENTED_EDGE('',*,*,#4322,.T.);
#4322 = EDGE_CURVE('',#4300,#4300,#4323,.T.);
#4323 = SURFACE_CURVE('',#4324,(#4329,#4336),.PCURVE_S1.);
#4324 = CIRCLE('',#4325,1.75);
#4325 = AXIS2_PLACEMENT_3D('',#4326,#4327,#4328);
#4326 = CARTESIAN_POINT('',(10.999,-14.717,28.5));
#4327 = DIRECTION('',(0.,0.,1.));
#4328 = DIRECTION('',(1.,0.,-0.));
#4329 = PCURVE('',#2468,#4330);
#4330 = DEFINITIONAL_REPRESENTATION('',(#4331),#4335);
#4331 = LINE('',#4332,#4333);
#4332 = CARTESIAN_POINT('',(0.,0.));
#4333 = VECTOR('',#4334,1.);
#4334 = DIRECTION('',(1.,0.));
#4335 = ( GEOMETRIC_REPRESENTATION_CONTEXT(2) 
PARAMETRIC_REPRESENTATION_CONTEXT() REPRESENTATION_CONTEXT('2D SPACE',''
  ) );
#4336 = PCURVE('',#4337,#4342);
#4337 = CYLINDRICAL_SURFACE('',#4338,1.75);
#4338 = AXIS2_PLACEMENT_3D('',#4339,#4340,#4341);
#4339 = CARTESIAN_POINT('',(10.999,-14.717,23.));
#4340 = DIRECTION('',(0.,0.,1.));
#4341 = DIRECTION('',(1.,0.,-0.));
#4342 = DEFINITIONAL_REPRESENTATION('',(#4343),#4347);
#4343 = LINE('',#4344,#4345);
#4344 = CARTESIAN_POINT('',(0.,5.5));
#4345 = VECTOR('',#4346,1.);
#4346 = DIRECTION('',(1.,0.));
#4347 = ( GEOMETRIC_REPRESENTATION_CONTEXT(2) 
PARAMETRIC_REPRESENTATION_CONTEXT() REPRESENTATION_CONTEXT('2D SPACE',''
  ) );
#4348 = ORIENTED_EDGE('',*,*,#4299,.T.);
#4349 = ADVANCED_FACE('',(#4350),#2500,.T.);
#4350 = FACE_BOUND('',#4351,.T.);
#4351 = EDGE_LOOP('',(#4352,#4353,#4376,#4399));
#4352 = ORIENTED_EDGE('',*,*,#2482,.T.);
#4353 = ORIENTED_EDGE('',*,*,#4354,.T.);
#4354 = EDGE_CURVE('',#2485,#4355,#4357,.T.);
#4355 = VERTEX_POINT('',#4356);
#4356 = CARTESIAN_POINT('',(-16.5,12.5,31.));
#4357 = SURFACE_CURVE('',#4358,(#4362,#4369),.PCURVE_S1.);
#4358 = LINE('',#4359,#4360);
#4359 = CARTESIAN_POINT('',(-16.5,12.5,29.8));
#4360 = VECTOR('',#4361,1.);
#4361 = DIRECTION('',(0.,0.,1.));
#4362 = PCURVE('',#2500,#4363);
#4363 = DEFINITIONAL_REPRESENTATION('',(#4364),#4368);
#4364 = LINE('',#4365,#4366);
#4365 = CARTESIAN_POINT('',(0.,0.));
#4366 = VECTOR('',#4367,1.);
#4367 = DIRECTION('',(0.,-1.));
#4368 = ( GEOMETRIC_REPRESENTATION_CONTEXT(2) 
PARAMETRIC_REPRESENTATION_CONTEXT() REPRESENTATION_CONTEXT('2D SPACE',''
  ) );
#4369 = PCURVE('',#2592,#4370);
#4370 = DEFINITIONAL_REPRESENTATION('',(#4371),#4375);
#4371 = LINE('',#4372,#4373);
#4372 = CARTESIAN_POINT('',(3.14159265359,0.));
#4373 = VECTOR('',#4374,1.);
#4374 = DIRECTION('',(0.,-1.));
#4375 = ( GEOMETRIC_REPRESENTATION_CONTEXT(2) 
PARAMETRIC_REPRESENTATION_CONTEXT() REPRESENTATION_CONTEXT('2D SPACE',''
  ) );
#4376 = ORIENTED_EDGE('',*,*,#4377,.T.);
#4377 = EDGE_CURVE('',#4355,#4378,#4380,.T.);
#4378 = VERTEX_POINT('',#4379);
#4379 = CARTESIAN_POINT('',(16.5,12.5,31.));
#4380 = SURFACE_CURVE('',#4381,(#4385,#4392),.PCURVE_S1.);
#4381 = LINE('',#4382,#4383);
#4382 = CARTESIAN_POINT('',(-16.5,12.5,31.));
#4383 = VECTOR('',#4384,1.);
#4384 = DIRECTION('',(1.,0.,0.));
#4385 = PCURVE('',#2500,#4386);
#4386 = DEFINITIONAL_REPRESENTATION('',(#4387),#4391);
#4387 = LINE('',#4388,#4389);
#4388 = CARTESIAN_POINT('',(0.,-1.2));
#4389 = VECTOR('',#4390,1.);
#4390 = DIRECTION('',(1.,0.));
#4391 = ( GEOMETRIC_REPRESENTATION_CONTEXT(2) 
PARAMETRIC_REPRESENTATION_CONTEXT() REPRESENTATION_CONTEXT('2D SPACE',''
  ) );
#4392 = PCURVE('',#3889,#4393);
#4393 = DEFINITIONAL_REPRESENTATION('',(#4394),#4398);
#4394 = LINE('',#4395,#4396);
#4395 = CARTESIAN_POINT('',(16.5,7.5));
#4396 = VECTOR('',#4397,1.);
#4397 = DIRECTION('',(-1.,0.));
#4398 = ( GEOMETRIC_REPRESENTATION_CONTEXT(2) 
PARAMETRIC_REPRESENTATION_CONTEXT() REPRESENTATION_CONTEXT('2D SPACE',''
  ) );
#4399 = ORIENTED_EDGE('',*,*,#4400,.F.);
#4400 = EDGE_CURVE('',#2483,#4378,#4401,.T.);
#4401 = SURFACE_CURVE('',#4402,(#4406,#4413),.PCURVE_S1.);
#4402 = LINE('',#4403,#4404);
#4403 = CARTESIAN_POINT('',(16.5,12.5,29.8));
#4404 = VECTOR('',#4405,1.);
#4405 = DIRECTION('',(0.,0.,1.));
#4406 = PCURVE('',#2500,#4407);
#4407 = DEFINITIONAL_REPRESENTATION('',(#4408),#4412);
#4408 = LINE('',#4409,#4410);
#4409 = CARTESIAN_POINT('',(33.,0.));
#4410 = VECTOR('',#4411,1.);
#4411 = DIRECTION('',(0.,-1.));
#4412 = ( GEOMETRIC_REPRESENTATION_CONTEXT(2) 
PARAMETRIC_REPRESENTATION_CONTEXT() REPRESENTATION_CONTEXT('2D SPACE',''
  ) );
#4413 = PCURVE('',#2533,#4414);
#4414 = DEFINITIONAL_REPRESENTATION('',(#4415),#4419);
#4415 = LINE('',#4416,#4417);
#4416 = CARTESIAN_POINT('',(0.,0.));
#4417 = VECTOR('',#4418,1.);
#4418 = DIRECTION('',(0.,-1.));
#4419 = ( GEOMETRIC_REPRESENTATION_CONTEXT(2) 
PARAMETRIC_REPRESENTATION_CONTEXT() REPRESENTATION_CONTEXT('2D SPACE',''
  ) );
#4420 = ADVANCED_FACE('',(#4421),#2533,.T.);
#4421 = FACE_BOUND('',#4422,.T.);
#4422 = EDGE_LOOP('',(#4423,#4424,#4425,#4449));
#4423 = ORIENTED_EDGE('',*,*,#2512,.F.);
#4424 = ORIENTED_EDGE('',*,*,#4400,.T.);
#4425 = ORIENTED_EDGE('',*,*,#4426,.T.);
#4426 = EDGE_CURVE('',#4378,#4427,#4429,.T.);
#4427 = VERTEX_POINT('',#4428);
#4428 = CARTESIAN_POINT('',(16.5,-2.5,31.));
#4429 = SURFACE_CURVE('',#4430,(#4435,#4442),.PCURVE_S1.);
#4430 = CIRCLE('',#4431,7.5);
#4431 = AXIS2_PLACEMENT_3D('',#4432,#4433,#4434);
#4432 = CARTESIAN_POINT('',(16.5,5.,31.));
#4433 = DIRECTION('',(0.,0.,-1.));
#4434 = DIRECTION('',(0.,1.,0.));
#4435 = PCURVE('',#2533,#4436);
#4436 = DEFINITIONAL_REPRESENTATION('',(#4437),#4441);
#4437 = LINE('',#4438,#4439);
#4438 = CARTESIAN_POINT('',(0.,-1.2));
#4439 = VECTOR('',#4440,1.);
#4440 = DIRECTION('',(1.,0.));
#4441 = ( GEOMETRIC_REPRESENTATION_CONTEXT(2) 
PARAMETRIC_REPRESENTATION_CONTEXT() REPRESENTATION_CONTEXT('2D SPACE',''
  ) );
#4442 = PCURVE('',#3889,#4443);
#4443 = DEFINITIONAL_REPRESENTATION('',(#4444),#4448);
#4444 = CIRCLE('',#4445,7.5);
#4445 = AXIS2_PLACEMENT_2D('',#4446,#4447);
#4446 = CARTESIAN_POINT('',(-16.5,0.));
#4447 = DIRECTION('',(0.,1.));
#4448 = ( GEOMETRIC_REPRESENTATION_CONTEXT(2) 
PARAMETRIC_REPRESENTATION_CONTEXT() REPRESENTATION_CONTEXT('2D SPACE',''
  ) );
#4449 = ORIENTED_EDGE('',*,*,#4450,.F.);
#4450 = EDGE_CURVE('',#2513,#4427,#4451,.T.);
#4451 = SURFACE_CURVE('',#4452,(#4456,#4463),.PCURVE_S1.);
#4452 = LINE('',#4453,#4454);
#4453 = CARTESIAN_POINT('',(16.5,-2.5,29.8));
#4454 = VECTOR('',#4455,1.);
#4455 = DIRECTION('',(0.,0.,1.));
#4456 = PCURVE('',#2533,#4457);
#4457 = DEFINITIONAL_REPRESENTATION('',(#4458),#4462);
#4458 = LINE('',#4459,#4460);
#4459 = CARTESIAN_POINT('',(3.14159265359,0.));
#4460 = VECTOR('',#4461,1.);
#4461 = DIRECTION('',(0.,-1.));
#4462 = ( GEOMETRIC_REPRESENTATION_CONTEXT(2) 
PARAMETRIC_REPRESENTATION_CONTEXT() REPRESENTATION_CONTEXT('2D SPACE',''
  ) );
#4463 = PCURVE('',#2561,#4464);
#4464 = DEFINITIONAL_REPRESENTATION('',(#4465),#4469);
#4465 = LINE('',#4466,#4467);
#4466 = CARTESIAN_POINT('',(0.,-0.));
#4467 = VECTOR('',#4468,1.);
#4468 = DIRECTION('',(0.,-1.));
#4469 = ( GEOMETRIC_REPRESENTATION_CONTEXT(2) 
PARAMETRIC_REPRESENTATION_CONTEXT() REPRESENTATION_CONTEXT('2D SPACE',''
  ) );
#4470 = ADVANCED_FACE('',(#4471),#2592,.T.);
#4471 = FACE_BOUND('',#4472,.T.);
#4472 = EDGE_LOOP('',(#4473,#4474,#4497,#4519));
#4473 = ORIENTED_EDGE('',*,*,#2573,.F.);
#4474 = ORIENTED_EDGE('',*,*,#4475,.T.);
#4475 = EDGE_CURVE('',#2546,#4476,#4478,.T.);
#4476 = VERTEX_POINT('',#4477);
#4477 = CARTESIAN_POINT('',(-16.5,-2.5,31.));
#4478 = SURFACE_CURVE('',#4479,(#4483,#4490),.PCURVE_S1.);
#4479 = LINE('',#4480,#4481);
#4480 = CARTESIAN_POINT('',(-16.5,-2.5,29.8));
#4481 = VECTOR('',#4482,1.);
#4482 = DIRECTION('',(0.,0.,1.));
#4483 = PCURVE('',#2592,#4484);
#4484 = DEFINITIONAL_REPRESENTATION('',(#4485),#4489);
#4485 = LINE('',#4486,#4487);
#4486 = CARTESIAN_POINT('',(0.,0.));
#4487 = VECTOR('',#4488,1.);
#4488 = DIRECTION('',(0.,-1.));
#4489 = ( GEOMETRIC_REPRESENTATION_CONTEXT(2) 
PARAMETRIC_REPRESENTATION_CONTEXT() REPRESENTATION_CONTEXT('2D SPACE',''
  ) );
#4490 = PCURVE('',#2561,#4491);
#4491 = DEFINITIONAL_REPRESENTATION('',(#4492),#4496);
#4492 = LINE('',#4493,#4494);
#4493 = CARTESIAN_POINT('',(33.,0.));
#4494 = VECTOR('',#4495,1.);
#4495 = DIRECTION('',(0.,-1.));
#4496 = ( GEOMETRIC_REPRESENTATION_CONTEXT(2) 
PARAMETRIC_REPRESENTATION_CONTEXT() REPRESENTATION_CONTEXT('2D SPACE',''
  ) );
#4497 = ORIENTED_EDGE('',*,*,#4498,.T.);
#4498 = EDGE_CURVE('',#4476,#4355,#4499,.T.);
#4499 = SURFACE_CURVE('',#4500,(#4505,#4512),.PCURVE_S1.);
#4500 = CIRCLE('',#4501,7.5);
#4501 = AXIS2_PLACEMENT_3D('',#4502,#4503,#4504);
#4502 = CARTESIAN_POINT('',(-16.5,5.,31.));
#4503 = DIRECTION('',(0.,-0.,-1.));
#4504 = DIRECTION('',(0.,-1.,0.));
#4505 = PCURVE('',#2592,#4506);
#4506 = DEFINITIONAL_REPRESENTATION('',(#4507),#4511);
#4507 = LINE('',#4508,#4509);
#4508 = CARTESIAN_POINT('',(0.,-1.2));
#4509 = VECTOR('',#4510,1.);
#4510 = DIRECTION('',(1.,0.));
#4511 = ( GEOMETRIC_REPRESENTATION_CONTEXT(2) 
PARAMETRIC_REPRESENTATION_CONTEXT() REPRESENTATION_CONTEXT('2D SPACE',''
  ) );
#4512 = PCURVE('',#3889,#4513);
#4513 = DEFINITIONAL_REPRESENTATION('',(#4514),#4518);
#4514 = CIRCLE('',#4515,7.5);
#4515 = AXIS2_PLACEMENT_2D('',#4516,#4517);
#4516 = CARTESIAN_POINT('',(16.5,0.));
#4517 = DIRECTION('',(0.,-1.));
#4518 = ( GEOMETRIC_REPRESENTATION_CONTEXT(2) 
PARAMETRIC_REPRESENTATION_CONTEXT() REPRESENTATION_CONTEXT('2D SPACE',''
  ) );
#4519 = ORIENTED_EDGE('',*,*,#4354,.F.);
#4520 = ADVANCED_FACE('',(#4521),#2561,.T.);
#4521 = FACE_BOUND('',#4522,.T.);
#4522 = EDGE_LOOP('',(#4523,#4524,#4525,#4546));
#4523 = ORIENTED_EDGE('',*,*,#2545,.T.);
#4524 = ORIENTED_EDGE('',*,*,#4450,.T.);
#4525 = ORIENTED_EDGE('',*,*,#4526,.T.);
#4526 = EDGE_CURVE('',#4427,#4476,#4527,.T.);
#4527 = SURFACE_CURVE('',#4528,(#4532,#4539),.PCURVE_S1.);
#4528 = LINE('',#4529,#4530);
#4529 = CARTESIAN_POINT('',(16.5,-2.5,31.));
#4530 = VECTOR('',#4531,1.);
#4531 = DIRECTION('',(-1.,0.,0.));
#4532 = PCURVE('',#2561,#4533);
#4533 = DEFINITIONAL_REPRESENTATION('',(#4534),#4538);
#4534 = LINE('',#4535,#4536);
#4535 = CARTESIAN_POINT('',(0.,-1.2));
#4536 = VECTOR('',#4537,1.);
#4537 = DIRECTION('',(1.,0.));
#4538 = ( GEOMETRIC_REPRESENTATION_CONTEXT(2) 
PARAMETRIC_REPRESENTATION_CONTEXT() REPRESENTATION_CONTEXT('2D SPACE',''
  ) );
#4539 = PCURVE('',#3889,#4540);
#4540 = DEFINITIONAL_REPRESENTATION('',(#4541),#4545);
#4541 = LINE('',#4542,#4543);
#4542 = CARTESIAN_POINT('',(-16.5,-7.5));
#4543 = VECTOR('',#4544,1.);
#4544 = DIRECTION('',(1.,0.));
#4545 = ( GEOMETRIC_REPRESENTATION_CONTEXT(2) 
PARAMETRIC_REPRESENTATION_CONTEXT() REPRESENTATION_CONTEXT('2D SPACE',''
  ) );
#4546 = ORIENTED_EDGE('',*,*,#4475,.F.);
#4547 = ADVANCED_FACE('',(#4548),#730,.T.);
#4548 = FACE_BOUND('',#4549,.T.);
#4549 = EDGE_LOOP('',(#4550,#4551,#4552,#4553));
#4550 = ORIENTED_EDGE('',*,*,#714,.F.);
#4551 = ORIENTED_EDGE('',*,*,#2627,.T.);
#4552 = ORIENTED_EDGE('',*,*,#1845,.T.);
#4553 = ORIENTED_EDGE('',*,*,#4554,.T.);
#4554 = EDGE_CURVE('',#1846,#715,#4555,.T.);
#4555 = SURFACE_CURVE('',#4556,(#4560,#4567),.PCURVE_S1.);
#4556 = LINE('',#4557,#4558);
#4557 = CARTESIAN_POINT('',(-31.05,26.5,44.));
#4558 = VECTOR('',#4559,1.);
#4559 = DIRECTION('',(1.,0.,-0.));
#4560 = PCURVE('',#730,#4561);
#4561 = DEFINITIONAL_REPRESENTATION('',(#4562),#4566);
#4562 = LINE('',#4563,#4564);
#4563 = CARTESIAN_POINT('',(14.2,0.));
#4564 = VECTOR('',#4565,1.);
#4565 = DIRECTION('',(0.,1.));
#4566 = ( GEOMETRIC_REPRESENTATION_CONTEXT(2) 
PARAMETRIC_REPRESENTATION_CONTEXT() REPRESENTATION_CONTEXT('2D SPACE',''
  ) );
#4567 = PCURVE('',#758,#4568);
#4568 = DEFINITIONAL_REPRESENTATION('',(#4569),#4573);
#4569 = LINE('',#4570,#4571);
#4570 = CARTESIAN_POINT('',(0.,3.5));
#4571 = VECTOR('',#4572,1.);
#4572 = DIRECTION('',(1.,0.));
#4573 = ( GEOMETRIC_REPRESENTATION_CONTEXT(2) 
PARAMETRIC_REPRESENTATION_CONTEXT() REPRESENTATION_CONTEXT('2D SPACE',''
  ) );
#4574 = ADVANCED_FACE('',(#4575,#4651,#4677),#2698,.T.);
#4575 = FACE_BOUND('',#4576,.T.);
#4576 = EDGE_LOOP('',(#4577,#4602,#4623,#4624,#4625,#4626,#4627,#4628,
    #4629,#4630));
#4577 = ORIENTED_EDGE('',*,*,#4578,.F.);
#4578 = EDGE_CURVE('',#4579,#4581,#4583,.T.);
#4579 = VERTEX_POINT('',#4580);
#4580 = CARTESIAN_POINT('',(-18.,-10.71714881219,2.799684915576));
#4581 = VERTEX_POINT('',#4582);
#4582 = CARTESIAN_POINT('',(18.,-10.71714881219,2.799684915576));
#4583 = SURFACE_CURVE('',#4584,(#4588,#4595),.PCURVE_S1.);
#4584 = LINE('',#4585,#4586);
#4585 = CARTESIAN_POINT('',(15.09906231343,-10.71714881219,
    2.799684915576));
#4586 = VECTOR('',#4587,1.);
#4587 = DIRECTION('',(1.,0.,0.));
#4588 = PCURVE('',#2698,#4589);
#4589 = DEFINITIONAL_REPRESENTATION('',(#4590),#4594);
#4590 = LINE('',#4591,#4592);
#4591 = CARTESIAN_POINT('',(-4.1,11.10989432188));
#4592 = VECTOR('',#4593,1.);
#4593 = DIRECTION('',(1.,0.));
#4594 = ( GEOMETRIC_REPRESENTATION_CONTEXT(2) 
PARAMETRIC_REPRESENTATION_CONTEXT() REPRESENTATION_CONTEXT('2D SPACE',''
  ) );
#4595 = PCURVE('',#2781,#4596);
#4596 = DEFINITIONAL_REPRESENTATION('',(#4597),#4601);
#4597 = LINE('',#4598,#4599);
#4598 = CARTESIAN_POINT('',(0.,-12.2));
#4599 = VECTOR('',#4600,1.);
#4600 = DIRECTION('',(-1.,0.));
#4601 = ( GEOMETRIC_REPRESENTATION_CONTEXT(2) 
PARAMETRIC_REPRESENTATION_CONTEXT() REPRESENTATION_CONTEXT('2D SPACE',''
  ) );
#4602 = ORIENTED_EDGE('',*,*,#4603,.F.);
#4603 = EDGE_CURVE('',#3599,#4579,#4604,.T.);
#4604 = SURFACE_CURVE('',#4605,(#4609,#4616),.PCURVE_S1.);
#4605 = LINE('',#4606,#4607);
#4606 = CARTESIAN_POINT('',(-18.,-21.34802156703,2.799684915576));
#4607 = VECTOR('',#4608,1.);
#4608 = DIRECTION('',(-0.,1.,0.));
#4609 = PCURVE('',#2698,#4610);
#4610 = DEFINITIONAL_REPRESENTATION('',(#4611),#4615);
#4611 = LINE('',#4612,#4613);
#4612 = CARTESIAN_POINT('',(-37.19906231343,0.47902156704));
#4613 = VECTOR('',#4614,1.);
#4614 = DIRECTION('',(0.,1.));
#4615 = ( GEOMETRIC_REPRESENTATION_CONTEXT(2) 
PARAMETRIC_REPRESENTATION_CONTEXT() REPRESENTATION_CONTEXT('2D SPACE',''
  ) );
#4616 = PCURVE('',#3614,#4617);
#4617 = DEFINITIONAL_REPRESENTATION('',(#4618),#4622);
#4618 = LINE('',#4619,#4620);
#4619 = CARTESIAN_POINT('',(2.799684915576,0.47902156703));
#4620 = VECTOR('',#4621,1.);
#4621 = DIRECTION('',(0.,-1.));
#4622 = ( GEOMETRIC_REPRESENTATION_CONTEXT(2) 
PARAMETRIC_REPRESENTATION_CONTEXT() REPRESENTATION_CONTEXT('2D SPACE',''
  ) );
#4623 = ORIENTED_EDGE('',*,*,#3626,.T.);
#4624 = ORIENTED_EDGE('',*,*,#3524,.F.);
#4625 = ORIENTED_EDGE('',*,*,#3152,.F.);
#4626 = ORIENTED_EDGE('',*,*,#3341,.F.);
#4627 = ORIENTED_EDGE('',*,*,#2988,.F.);
#4628 = ORIENTED_EDGE('',*,*,#2939,.F.);
#4629 = ORIENTED_EDGE('',*,*,#2682,.T.);
#4630 = ORIENTED_EDGE('',*,*,#4631,.T.);
#4631 = EDGE_CURVE('',#2683,#4581,#4632,.T.);
#4632 = SURFACE_CURVE('',#4633,(#4637,#4644),.PCURVE_S1.);
#4633 = LINE('',#4634,#4635);
#4634 = CARTESIAN_POINT('',(18.,-21.34802156703,2.799684915576));
#4635 = VECTOR('',#4636,1.);
#4636 = DIRECTION('',(-0.,1.,0.));
#4637 = PCURVE('',#2698,#4638);
#4638 = DEFINITIONAL_REPRESENTATION('',(#4639),#4643);
#4639 = LINE('',#4640,#4641);
#4640 = CARTESIAN_POINT('',(-1.19906231343,0.47902156704));
#4641 = VECTOR('',#4642,1.);
#4642 = DIRECTION('',(0.,1.));
#4643 = ( GEOMETRIC_REPRESENTATION_CONTEXT(2) 
PARAMETRIC_REPRESENTATION_CONTEXT() REPRESENTATION_CONTEXT('2D SPACE',''
  ) );
#4644 = PCURVE('',#2726,#4645);
#4645 = DEFINITIONAL_REPRESENTATION('',(#4646),#4650);
#4646 = LINE('',#4647,#4648);
#4647 = CARTESIAN_POINT('',(2.799684915576,0.47902156703));
#4648 = VECTOR('',#4649,1.);
#4649 = DIRECTION('',(0.,-1.));
#4650 = ( GEOMETRIC_REPRESENTATION_CONTEXT(2) 
PARAMETRIC_REPRESENTATION_CONTEXT() REPRESENTATION_CONTEXT('2D SPACE',''
  ) );
#4651 = FACE_BOUND('',#4652,.T.);
#4652 = EDGE_LOOP('',(#4653));
#4653 = ORIENTED_EDGE('',*,*,#4654,.F.);
#4654 = EDGE_CURVE('',#4655,#4655,#4657,.T.);
#4655 = VERTEX_POINT('',#4656);
#4656 = CARTESIAN_POINT('',(-12.65093768657,-14.71714881219,
    2.799684915576));
#4657 = SURFACE_CURVE('',#4658,(#4663,#4670),.PCURVE_S1.);
#4658 = CIRCLE('',#4659,1.65);
#4659 = AXIS2_PLACEMENT_3D('',#4660,#4661,#4662);
#4660 = CARTESIAN_POINT('',(-11.00093768657,-14.71714881219,
    2.799684915576));
#4661 = DIRECTION('',(0.,0.,1.));
#4662 = DIRECTION('',(1.,0.,-0.));
#4663 = PCURVE('',#2698,#4664);
#4664 = DEFINITIONAL_REPRESENTATION('',(#4665),#4669);
#4665 = CIRCLE('',#4666,1.65);
#4666 = AXIS2_PLACEMENT_2D('',#4667,#4668);
#4667 = CARTESIAN_POINT('',(-30.2,7.10989432188));
#4668 = DIRECTION('',(1.,0.));
#4669 = ( GEOMETRIC_REPRESENTATION_CONTEXT(2) 
PARAMETRIC_REPRESENTATION_CONTEXT() REPRESENTATION_CONTEXT('2D SPACE',''
  ) );
#4670 = PCURVE('',#3385,#4671);
#4671 = DEFINITIONAL_REPRESENTATION('',(#4672),#4676);
#4672 = LINE('',#4673,#4674);
#4673 = CARTESIAN_POINT('',(0.,-0.2));
#4674 = VECTOR('',#4675,1.);
#4675 = DIRECTION('',(1.,0.));
#4676 = ( GEOMETRIC_REPRESENTATION_CONTEXT(2) 
PARAMETRIC_REPRESENTATION_CONTEXT() REPRESENTATION_CONTEXT('2D SPACE',''
  ) );
#4677 = FACE_BOUND('',#4678,.T.);
#4678 = EDGE_LOOP('',(#4679));
#4679 = ORIENTED_EDGE('',*,*,#4680,.F.);
#4680 = EDGE_CURVE('',#4681,#4681,#4683,.T.);
#4681 = VERTEX_POINT('',#4682);
#4682 = CARTESIAN_POINT('',(9.34906231343,-14.71714881219,2.799684915576
    ));
#4683 = SURFACE_CURVE('',#4684,(#4689,#4696),.PCURVE_S1.);
#4684 = CIRCLE('',#4685,1.65);
#4685 = AXIS2_PLACEMENT_3D('',#4686,#4687,#4688);
#4686 = CARTESIAN_POINT('',(10.99906231343,-14.71714881219,
    2.799684915576));
#4687 = DIRECTION('',(0.,0.,1.));
#4688 = DIRECTION('',(1.,0.,-0.));
#4689 = PCURVE('',#2698,#4690);
#4690 = DEFINITIONAL_REPRESENTATION('',(#4691),#4695);
#4691 = CIRCLE('',#4692,1.65);
#4692 = AXIS2_PLACEMENT_2D('',#4693,#4694);
#4693 = CARTESIAN_POINT('',(-8.2,7.10989432188));
#4694 = DIRECTION('',(1.,0.));
#4695 = ( GEOMETRIC_REPRESENTATION_CONTEXT(2) 
PARAMETRIC_REPRESENTATION_CONTEXT() REPRESENTATION_CONTEXT('2D SPACE',''
  ) );
#4696 = PCURVE('',#3464,#4697);
#4697 = DEFINITIONAL_REPRESENTATION('',(#4698),#4702);
#4698 = LINE('',#4699,#4700);
#4699 = CARTESIAN_POINT('',(0.,-0.2));
#4700 = VECTOR('',#4701,1.);
#4701 = DIRECTION('',(1.,0.));
#4702 = ( GEOMETRIC_REPRESENTATION_CONTEXT(2) 
PARAMETRIC_REPRESENTATION_CONTEXT() REPRESENTATION_CONTEXT('2D SPACE',''
  ) );
#4703 = ADVANCED_FACE('',(#4704),#2726,.F.);
#4704 = FACE_BOUND('',#4705,.F.);
#4705 = EDGE_LOOP('',(#4706,#4707,#4708,#4729));
#4706 = ORIENTED_EDGE('',*,*,#2710,.F.);
#4707 = ORIENTED_EDGE('',*,*,#4631,.T.);
#4708 = ORIENTED_EDGE('',*,*,#4709,.F.);
#4709 = EDGE_CURVE('',#2764,#4581,#4710,.T.);
#4710 = SURFACE_CURVE('',#4711,(#4715,#4722),.PCURVE_S1.);
#4711 = LINE('',#4712,#4713);
#4712 = CARTESIAN_POINT('',(18.,-10.71714881219,7.499842457788));
#4713 = VECTOR('',#4714,1.);
#4714 = DIRECTION('',(-0.,0.,-1.));
#4715 = PCURVE('',#2726,#4716);
#4716 = DEFINITIONAL_REPRESENTATION('',(#4717),#4721);
#4717 = LINE('',#4718,#4719);
#4718 = CARTESIAN_POINT('',(7.499842457788,-10.15185118781));
#4719 = VECTOR('',#4720,1.);
#4720 = DIRECTION('',(-1.,-0.));
#4721 = ( GEOMETRIC_REPRESENTATION_CONTEXT(2) 
PARAMETRIC_REPRESENTATION_CONTEXT() REPRESENTATION_CONTEXT('2D SPACE',''
  ) );
#4722 = PCURVE('',#2781,#4723);
#4723 = DEFINITIONAL_REPRESENTATION('',(#4724),#4728);
#4724 = LINE('',#4725,#4726);
#4725 = CARTESIAN_POINT('',(-2.90093768657,-7.499842457788));
#4726 = VECTOR('',#4727,1.);
#4727 = DIRECTION('',(0.,-1.));
#4728 = ( GEOMETRIC_REPRESENTATION_CONTEXT(2) 
PARAMETRIC_REPRESENTATION_CONTEXT() REPRESENTATION_CONTEXT('2D SPACE',''
  ) );
#4729 = ORIENTED_EDGE('',*,*,#2793,.F.);
#4730 = ADVANCED_FACE('',(#4731),#2781,.F.);
#4731 = FACE_BOUND('',#4732,.F.);
#4732 = EDGE_LOOP('',(#4733,#4754,#4755,#4756,#4757,#4758,#4779,#4780));
#4733 = ORIENTED_EDGE('',*,*,#4734,.F.);
#4734 = EDGE_CURVE('',#3937,#4169,#4735,.T.);
#4735 = SURFACE_CURVE('',#4736,(#4740,#4747),.PCURVE_S1.);
#4736 = LINE('',#4737,#4738);
#4737 = CARTESIAN_POINT('',(-15.10093768657,-10.71714881219,
    23.199684915575));
#4738 = VECTOR('',#4739,1.);
#4739 = DIRECTION('',(-1.,0.,0.));
#4740 = PCURVE('',#2781,#4741);
#4741 = DEFINITIONAL_REPRESENTATION('',(#4742),#4746);
#4742 = LINE('',#4743,#4744);
#4743 = CARTESIAN_POINT('',(30.2,8.199999999999));
#4744 = VECTOR('',#4745,1.);
#4745 = DIRECTION('',(1.,0.));
#4746 = ( GEOMETRIC_REPRESENTATION_CONTEXT(2) 
PARAMETRIC_REPRESENTATION_CONTEXT() REPRESENTATION_CONTEXT('2D SPACE',''
  ) );
#4747 = PCURVE('',#3975,#4748);
#4748 = DEFINITIONAL_REPRESENTATION('',(#4749),#4753);
#4749 = LINE('',#4750,#4751);
#4750 = CARTESIAN_POINT('',(-34.3,11.10989432188));
#4751 = VECTOR('',#4752,1.);
#4752 = DIRECTION('',(-1.,0.));
#4753 = ( GEOMETRIC_REPRESENTATION_CONTEXT(2) 
PARAMETRIC_REPRESENTATION_CONTEXT() REPRESENTATION_CONTEXT('2D SPACE',''
  ) );
#4754 = ORIENTED_EDGE('',*,*,#3936,.T.);
#4755 = ORIENTED_EDGE('',*,*,#2763,.F.);
#4756 = ORIENTED_EDGE('',*,*,#4709,.T.);
#4757 = ORIENTED_EDGE('',*,*,#4578,.F.);
#4758 = ORIENTED_EDGE('',*,*,#4759,.F.);
#4759 = EDGE_CURVE('',#3655,#4579,#4760,.T.);
#4760 = SURFACE_CURVE('',#4761,(#4765,#4772),.PCURVE_S1.);
#4761 = LINE('',#4762,#4763);
#4762 = CARTESIAN_POINT('',(-18.,-10.71714881219,7.499842457788));
#4763 = VECTOR('',#4764,1.);
#4764 = DIRECTION('',(-0.,0.,-1.));
#4765 = PCURVE('',#2781,#4766);
#4766 = DEFINITIONAL_REPRESENTATION('',(#4767),#4771);
#4767 = LINE('',#4768,#4769);
#4768 = CARTESIAN_POINT('',(33.09906231343,-7.499842457788));
#4769 = VECTOR('',#4770,1.);
#4770 = DIRECTION('',(0.,-1.));
#4771 = ( GEOMETRIC_REPRESENTATION_CONTEXT(2) 
PARAMETRIC_REPRESENTATION_CONTEXT() REPRESENTATION_CONTEXT('2D SPACE',''
  ) );
#4772 = PCURVE('',#3614,#4773);
#4773 = DEFINITIONAL_REPRESENTATION('',(#4774),#4778);
#4774 = LINE('',#4775,#4776);
#4775 = CARTESIAN_POINT('',(7.499842457788,-10.15185118781));
#4776 = VECTOR('',#4777,1.);
#4777 = DIRECTION('',(-1.,-0.));
#4778 = ( GEOMETRIC_REPRESENTATION_CONTEXT(2) 
PARAMETRIC_REPRESENTATION_CONTEXT() REPRESENTATION_CONTEXT('2D SPACE',''
  ) );
#4779 = ORIENTED_EDGE('',*,*,#3677,.F.);
#4780 = ORIENTED_EDGE('',*,*,#4168,.T.);
#4781 = ADVANCED_FACE('',(#4782),#3055,.T.);
#4782 = FACE_BOUND('',#4783,.T.);
#4783 = EDGE_LOOP('',(#4784,#4807,#4835,#4856));
#4784 = ORIENTED_EDGE('',*,*,#4785,.F.);
#4785 = EDGE_CURVE('',#4786,#3038,#4788,.T.);
#4786 = VERTEX_POINT('',#4787);
#4787 = CARTESIAN_POINT('',(16.,-21.5,2.3));
#4788 = SURFACE_CURVE('',#4789,(#4793,#4800),.PCURVE_S1.);
#4789 = LINE('',#4790,#4791);
#4790 = CARTESIAN_POINT('',(16.,-21.5,2.3));
#4791 = VECTOR('',#4792,1.);
#4792 = DIRECTION('',(-0.,1.,0.));
#4793 = PCURVE('',#3055,#4794);
#4794 = DEFINITIONAL_REPRESENTATION('',(#4795),#4799);
#4795 = LINE('',#4796,#4797);
#4796 = CARTESIAN_POINT('',(0.,0.));
#4797 = VECTOR('',#4798,1.);
#4798 = DIRECTION('',(0.,1.));
#4799 = ( GEOMETRIC_REPRESENTATION_CONTEXT(2) 
PARAMETRIC_REPRESENTATION_CONTEXT() REPRESENTATION_CONTEXT('2D SPACE',''
  ) );
#4800 = PCURVE('',#3083,#4801);
#4801 = DEFINITIONAL_REPRESENTATION('',(#4802),#4806);
#4802 = LINE('',#4803,#4804);
#4803 = CARTESIAN_POINT('',(1.8,0.));
#4804 = VECTOR('',#4805,1.);
#4805 = DIRECTION('',(0.,-1.));
#4806 = ( GEOMETRIC_REPRESENTATION_CONTEXT(2) 
PARAMETRIC_REPRESENTATION_CONTEXT() REPRESENTATION_CONTEXT('2D SPACE',''
  ) );
#4807 = ORIENTED_EDGE('',*,*,#4808,.T.);
#4808 = EDGE_CURVE('',#4786,#4809,#4811,.T.);
#4809 = VERTEX_POINT('',#4810);
#4810 = CARTESIAN_POINT('',(18.,-21.5,2.3));
#4811 = SURFACE_CURVE('',#4812,(#4816,#4823),.PCURVE_S1.);
#4812 = LINE('',#4813,#4814);
#4813 = CARTESIAN_POINT('',(16.,-21.5,2.3));
#4814 = VECTOR('',#4815,1.);
#4815 = DIRECTION('',(1.,0.,-0.));
#4816 = PCURVE('',#3055,#4817);
#4817 = DEFINITIONAL_REPRESENTATION('',(#4818),#4822);
#4818 = LINE('',#4819,#4820);
#4819 = CARTESIAN_POINT('',(0.,0.));
#4820 = VECTOR('',#4821,1.);
#4821 = DIRECTION('',(1.,0.));
#4822 = ( GEOMETRIC_REPRESENTATION_CONTEXT(2) 
PARAMETRIC_REPRESENTATION_CONTEXT() REPRESENTATION_CONTEXT('2D SPACE',''
  ) );
#4823 = PCURVE('',#4824,#4829);
#4824 = PLANE('',#4825);
#4825 = AXIS2_PLACEMENT_3D('',#4826,#4827,#4828);
#4826 = CARTESIAN_POINT('',(16.,-21.5,0.5));
#4827 = DIRECTION('',(-0.,1.,0.));
#4828 = DIRECTION('',(0.,0.,1.));
#4829 = DEFINITIONAL_REPRESENTATION('',(#4830),#4834);
#4830 = LINE('',#4831,#4832);
#4831 = CARTESIAN_POINT('',(1.8,0.));
#4832 = VECTOR('',#4833,1.);
#4833 = DIRECTION('',(0.,1.));
#4834 = ( GEOMETRIC_REPRESENTATION_CONTEXT(2) 
PARAMETRIC_REPRESENTATION_CONTEXT() REPRESENTATION_CONTEXT('2D SPACE',''
  ) );
#4835 = ORIENTED_EDGE('',*,*,#4836,.T.);
#4836 = EDGE_CURVE('',#4809,#3040,#4837,.T.);
#4837 = SURFACE_CURVE('',#4838,(#4842,#4849),.PCURVE_S1.);
#4838 = LINE('',#4839,#4840);
#4839 = CARTESIAN_POINT('',(18.,-21.5,2.3));
#4840 = VECTOR('',#4841,1.);
#4841 = DIRECTION('',(-0.,1.,0.));
#4842 = PCURVE('',#3055,#4843);
#4843 = DEFINITIONAL_REPRESENTATION('',(#4844),#4848);
#4844 = LINE('',#4845,#4846);
#4845 = CARTESIAN_POINT('',(2.,0.));
#4846 = VECTOR('',#4847,1.);
#4847 = DIRECTION('',(0.,1.));
#4848 = ( GEOMETRIC_REPRESENTATION_CONTEXT(2) 
PARAMETRIC_REPRESENTATION_CONTEXT() REPRESENTATION_CONTEXT('2D SPACE',''
  ) );
#4849 = PCURVE('',#3137,#4850);
#4850 = DEFINITIONAL_REPRESENTATION('',(#4851),#4855);
#4851 = LINE('',#4852,#4853);
#4852 = CARTESIAN_POINT('',(1.8,0.));
#4853 = VECTOR('',#4854,1.);
#4854 = DIRECTION('',(0.,-1.));
#4855 = ( GEOMETRIC_REPRESENTATION_CONTEXT(2) 
PARAMETRIC_REPRESENTATION_CONTEXT() REPRESENTATION_CONTEXT('2D SPACE',''
  ) );
#4856 = ORIENTED_EDGE('',*,*,#3037,.F.);
#4857 = ADVANCED_FACE('',(#4858),#3083,.F.);
#4858 = FACE_BOUND('',#4859,.F.);
#4859 = EDGE_LOOP('',(#4860,#4861,#4884,#4905));
#4860 = ORIENTED_EDGE('',*,*,#4785,.F.);
#4861 = ORIENTED_EDGE('',*,*,#4862,.F.);
#4862 = EDGE_CURVE('',#4863,#4786,#4865,.T.);
#4863 = VERTEX_POINT('',#4864);
#4864 = CARTESIAN_POINT('',(16.,-21.5,0.5));
#4865 = SURFACE_CURVE('',#4866,(#4870,#4877),.PCURVE_S1.);
#4866 = LINE('',#4867,#4868);
#4867 = CARTESIAN_POINT('',(16.,-21.5,0.5));
#4868 = VECTOR('',#4869,1.);
#4869 = DIRECTION('',(0.,0.,1.));
#4870 = PCURVE('',#3083,#4871);
#4871 = DEFINITIONAL_REPRESENTATION('',(#4872),#4876);
#4872 = LINE('',#4873,#4874);
#4873 = CARTESIAN_POINT('',(0.,0.));
#4874 = VECTOR('',#4875,1.);
#4875 = DIRECTION('',(1.,0.));
#4876 = ( GEOMETRIC_REPRESENTATION_CONTEXT(2) 
PARAMETRIC_REPRESENTATION_CONTEXT() REPRESENTATION_CONTEXT('2D SPACE',''
  ) );
#4877 = PCURVE('',#4824,#4878);
#4878 = DEFINITIONAL_REPRESENTATION('',(#4879),#4883);
#4879 = LINE('',#4880,#4881);
#4880 = CARTESIAN_POINT('',(0.,0.));
#4881 = VECTOR('',#4882,1.);
#4882 = DIRECTION('',(1.,0.));
#4883 = ( GEOMETRIC_REPRESENTATION_CONTEXT(2) 
PARAMETRIC_REPRESENTATION_CONTEXT() REPRESENTATION_CONTEXT('2D SPACE',''
  ) );
#4884 = ORIENTED_EDGE('',*,*,#4885,.T.);
#4885 = EDGE_CURVE('',#4863,#3068,#4886,.T.);
#4886 = SURFACE_CURVE('',#4887,(#4891,#4898),.PCURVE_S1.);
#4887 = LINE('',#4888,#4889);
#4888 = CARTESIAN_POINT('',(16.,-21.5,0.5));
#4889 = VECTOR('',#4890,1.);
#4890 = DIRECTION('',(-0.,1.,0.));
#4891 = PCURVE('',#3083,#4892);
#4892 = DEFINITIONAL_REPRESENTATION('',(#4893),#4897);
#4893 = LINE('',#4894,#4895);
#4894 = CARTESIAN_POINT('',(0.,0.));
#4895 = VECTOR('',#4896,1.);
#4896 = DIRECTION('',(0.,-1.));
#4897 = ( GEOMETRIC_REPRESENTATION_CONTEXT(2) 
PARAMETRIC_REPRESENTATION_CONTEXT() REPRESENTATION_CONTEXT('2D SPACE',''
  ) );
#4898 = PCURVE('',#3111,#4899);
#4899 = DEFINITIONAL_REPRESENTATION('',(#4900),#4904);
#4900 = LINE('',#4901,#4902);
#4901 = CARTESIAN_POINT('',(0.,0.));
#4902 = VECTOR('',#4903,1.);
#4903 = DIRECTION('',(0.,1.));
#4904 = ( GEOMETRIC_REPRESENTATION_CONTEXT(2) 
PARAMETRIC_REPRESENTATION_CONTEXT() REPRESENTATION_CONTEXT('2D SPACE',''
  ) );
#4905 = ORIENTED_EDGE('',*,*,#3067,.F.);
#4906 = ADVANCED_FACE('',(#4907),#3111,.F.);
#4907 = FACE_BOUND('',#4908,.F.);
#4908 = EDGE_LOOP('',(#4909,#4910,#4933,#4954));
#4909 = ORIENTED_EDGE('',*,*,#4885,.F.);
#4910 = ORIENTED_EDGE('',*,*,#4911,.T.);
#4911 = EDGE_CURVE('',#4863,#4912,#4914,.T.);
#4912 = VERTEX_POINT('',#4913);
#4913 = CARTESIAN_POINT('',(18.,-21.5,0.5));
#4914 = SURFACE_CURVE('',#4915,(#4919,#4926),.PCURVE_S1.);
#4915 = LINE('',#4916,#4917);
#4916 = CARTESIAN_POINT('',(16.,-21.5,0.5));
#4917 = VECTOR('',#4918,1.);
#4918 = DIRECTION('',(1.,0.,-0.));
#4919 = PCURVE('',#3111,#4920);
#4920 = DEFINITIONAL_REPRESENTATION('',(#4921),#4925);
#4921 = LINE('',#4922,#4923);
#4922 = CARTESIAN_POINT('',(0.,0.));
#4923 = VECTOR('',#4924,1.);
#4924 = DIRECTION('',(1.,0.));
#4925 = ( GEOMETRIC_REPRESENTATION_CONTEXT(2) 
PARAMETRIC_REPRESENTATION_CONTEXT() REPRESENTATION_CONTEXT('2D SPACE',''
  ) );
#4926 = PCURVE('',#4824,#4927);
#4927 = DEFINITIONAL_REPRESENTATION('',(#4928),#4932);
#4928 = LINE('',#4929,#4930);
#4929 = CARTESIAN_POINT('',(0.,0.));
#4930 = VECTOR('',#4931,1.);
#4931 = DIRECTION('',(0.,1.));
#4932 = ( GEOMETRIC_REPRESENTATION_CONTEXT(2) 
PARAMETRIC_REPRESENTATION_CONTEXT() REPRESENTATION_CONTEXT('2D SPACE',''
  ) );
#4933 = ORIENTED_EDGE('',*,*,#4934,.T.);
#4934 = EDGE_CURVE('',#4912,#3096,#4935,.T.);
#4935 = SURFACE_CURVE('',#4936,(#4940,#4947),.PCURVE_S1.);
#4936 = LINE('',#4937,#4938);
#4937 = CARTESIAN_POINT('',(18.,-21.5,0.5));
#4938 = VECTOR('',#4939,1.);
#4939 = DIRECTION('',(-0.,1.,0.));
#4940 = PCURVE('',#3111,#4941);
#4941 = DEFINITIONAL_REPRESENTATION('',(#4942),#4946);
#4942 = LINE('',#4943,#4944);
#4943 = CARTESIAN_POINT('',(2.,0.));
#4944 = VECTOR('',#4945,1.);
#4945 = DIRECTION('',(0.,1.));
#4946 = ( GEOMETRIC_REPRESENTATION_CONTEXT(2) 
PARAMETRIC_REPRESENTATION_CONTEXT() REPRESENTATION_CONTEXT('2D SPACE',''
  ) );
#4947 = PCURVE('',#3137,#4948);
#4948 = DEFINITIONAL_REPRESENTATION('',(#4949),#4953);
#4949 = LINE('',#4950,#4951);
#4950 = CARTESIAN_POINT('',(0.,0.));
#4951 = VECTOR('',#4952,1.);
#4952 = DIRECTION('',(0.,-1.));
#4953 = ( GEOMETRIC_REPRESENTATION_CONTEXT(2) 
PARAMETRIC_REPRESENTATION_CONTEXT() REPRESENTATION_CONTEXT('2D SPACE',''
  ) );
#4954 = ORIENTED_EDGE('',*,*,#3095,.F.);
#4955 = ADVANCED_FACE('',(#4956),#3137,.T.);
#4956 = FACE_BOUND('',#4957,.T.);
#4957 = EDGE_LOOP('',(#4958,#4959,#4980,#4981));
#4958 = ORIENTED_EDGE('',*,*,#4836,.F.);
#4959 = ORIENTED_EDGE('',*,*,#4960,.F.);
#4960 = EDGE_CURVE('',#4912,#4809,#4961,.T.);
#4961 = SURFACE_CURVE('',#4962,(#4966,#4973),.PCURVE_S1.);
#4962 = LINE('',#4963,#4964);
#4963 = CARTESIAN_POINT('',(18.,-21.5,0.5));
#4964 = VECTOR('',#4965,1.);
#4965 = DIRECTION('',(0.,0.,1.));
#4966 = PCURVE('',#3137,#4967);
#4967 = DEFINITIONAL_REPRESENTATION('',(#4968),#4972);
#4968 = LINE('',#4969,#4970);
#4969 = CARTESIAN_POINT('',(0.,0.));
#4970 = VECTOR('',#4971,1.);
#4971 = DIRECTION('',(1.,0.));
#4972 = ( GEOMETRIC_REPRESENTATION_CONTEXT(2) 
PARAMETRIC_REPRESENTATION_CONTEXT() REPRESENTATION_CONTEXT('2D SPACE',''
  ) );
#4973 = PCURVE('',#4824,#4974);
#4974 = DEFINITIONAL_REPRESENTATION('',(#4975),#4979);
#4975 = LINE('',#4976,#4977);
#4976 = CARTESIAN_POINT('',(0.,2.));
#4977 = VECTOR('',#4978,1.);
#4978 = DIRECTION('',(1.,0.));
#4979 = ( GEOMETRIC_REPRESENTATION_CONTEXT(2) 
PARAMETRIC_REPRESENTATION_CONTEXT() REPRESENTATION_CONTEXT('2D SPACE',''
  ) );
#4980 = ORIENTED_EDGE('',*,*,#4934,.T.);
#4981 = ORIENTED_EDGE('',*,*,#3123,.F.);
#4982 = ADVANCED_FACE('',(#4983),#3241,.T.);
#4983 = FACE_BOUND('',#4984,.T.);
#4984 = EDGE_LOOP('',(#4985,#5008,#5036,#5057));
#4985 = ORIENTED_EDGE('',*,*,#4986,.F.);
#4986 = EDGE_CURVE('',#4987,#3224,#4989,.T.);
#4987 = VERTEX_POINT('',#4988);
#4988 = CARTESIAN_POINT('',(-18.,-21.5,2.3));
#4989 = SURFACE_CURVE('',#4990,(#4994,#5001),.PCURVE_S1.);
#4990 = LINE('',#4991,#4992);
#4991 = CARTESIAN_POINT('',(-18.,-21.5,2.3));
#4992 = VECTOR('',#4993,1.);
#4993 = DIRECTION('',(-0.,1.,0.));
#4994 = PCURVE('',#3241,#4995);
#4995 = DEFINITIONAL_REPRESENTATION('',(#4996),#5000);
#4996 = LINE('',#4997,#4998);
#4997 = CARTESIAN_POINT('',(0.,0.));
#4998 = VECTOR('',#4999,1.);
#4999 = DIRECTION('',(0.,1.));
#5000 = ( GEOMETRIC_REPRESENTATION_CONTEXT(2) 
PARAMETRIC_REPRESENTATION_CONTEXT() REPRESENTATION_CONTEXT('2D SPACE',''
  ) );
#5001 = PCURVE('',#3269,#5002);
#5002 = DEFINITIONAL_REPRESENTATION('',(#5003),#5007);
#5003 = LINE('',#5004,#5005);
#5004 = CARTESIAN_POINT('',(1.8,0.));
#5005 = VECTOR('',#5006,1.);
#5006 = DIRECTION('',(0.,-1.));
#5007 = ( GEOMETRIC_REPRESENTATION_CONTEXT(2) 
PARAMETRIC_REPRESENTATION_CONTEXT() REPRESENTATION_CONTEXT('2D SPACE',''
  ) );
#5008 = ORIENTED_EDGE('',*,*,#5009,.T.);
#5009 = EDGE_CURVE('',#4987,#5010,#5012,.T.);
#5010 = VERTEX_POINT('',#5011);
#5011 = CARTESIAN_POINT('',(-16.,-21.5,2.3));
#5012 = SURFACE_CURVE('',#5013,(#5017,#5024),.PCURVE_S1.);
#5013 = LINE('',#5014,#5015);
#5014 = CARTESIAN_POINT('',(-18.,-21.5,2.3));
#5015 = VECTOR('',#5016,1.);
#5016 = DIRECTION('',(1.,0.,-0.));
#5017 = PCURVE('',#3241,#5018);
#5018 = DEFINITIONAL_REPRESENTATION('',(#5019),#5023);
#5019 = LINE('',#5020,#5021);
#5020 = CARTESIAN_POINT('',(0.,0.));
#5021 = VECTOR('',#5022,1.);
#5022 = DIRECTION('',(1.,0.));
#5023 = ( GEOMETRIC_REPRESENTATION_CONTEXT(2) 
PARAMETRIC_REPRESENTATION_CONTEXT() REPRESENTATION_CONTEXT('2D SPACE',''
  ) );
#5024 = PCURVE('',#5025,#5030);
#5025 = PLANE('',#5026);
#5026 = AXIS2_PLACEMENT_3D('',#5027,#5028,#5029);
#5027 = CARTESIAN_POINT('',(-18.,-21.5,0.5));
#5028 = DIRECTION('',(-0.,1.,0.));
#5029 = DIRECTION('',(0.,0.,1.));
#5030 = DEFINITIONAL_REPRESENTATION('',(#5031),#5035);
#5031 = LINE('',#5032,#5033);
#5032 = CARTESIAN_POINT('',(1.8,0.));
#5033 = VECTOR('',#5034,1.);
#5034 = DIRECTION('',(0.,1.));
#5035 = ( GEOMETRIC_REPRESENTATION_CONTEXT(2) 
PARAMETRIC_REPRESENTATION_CONTEXT() REPRESENTATION_CONTEXT('2D SPACE',''
  ) );
#5036 = ORIENTED_EDGE('',*,*,#5037,.T.);
#5037 = EDGE_CURVE('',#5010,#3226,#5038,.T.);
#5038 = SURFACE_CURVE('',#5039,(#5043,#5050),.PCURVE_S1.);
#5039 = LINE('',#5040,#5041);
#5040 = CARTESIAN_POINT('',(-16.,-21.5,2.3));
#5041 = VECTOR('',#5042,1.);
#5042 = DIRECTION('',(-0.,1.,0.));
#5043 = PCURVE('',#3241,#5044);
#5044 = DEFINITIONAL_REPRESENTATION('',(#5045),#5049);
#5045 = LINE('',#5046,#5047);
#5046 = CARTESIAN_POINT('',(2.,0.));
#5047 = VECTOR('',#5048,1.);
#5048 = DIRECTION('',(0.,1.));
#5049 = ( GEOMETRIC_REPRESENTATION_CONTEXT(2) 
PARAMETRIC_REPRESENTATION_CONTEXT() REPRESENTATION_CONTEXT('2D SPACE',''
  ) );
#5050 = PCURVE('',#3323,#5051);
#5051 = DEFINITIONAL_REPRESENTATION('',(#5052),#5056);
#5052 = LINE('',#5053,#5054);
#5053 = CARTESIAN_POINT('',(1.8,0.));
#5054 = VECTOR('',#5055,1.);
#5055 = DIRECTION('',(0.,-1.));
#5056 = ( GEOMETRIC_REPRESENTATION_CONTEXT(2) 
PARAMETRIC_REPRESENTATION_CONTEXT() REPRESENTATION_CONTEXT('2D SPACE',''
  ) );
#5057 = ORIENTED_EDGE('',*,*,#3223,.F.);
#5058 = ADVANCED_FACE('',(#5059),#3269,.F.);
#5059 = FACE_BOUND('',#5060,.F.);
#5060 = EDGE_LOOP('',(#5061,#5062,#5085,#5106));
#5061 = ORIENTED_EDGE('',*,*,#4986,.F.);
#5062 = ORIENTED_EDGE('',*,*,#5063,.F.);
#5063 = EDGE_CURVE('',#5064,#4987,#5066,.T.);
#5064 = VERTEX_POINT('',#5065);
#5065 = CARTESIAN_POINT('',(-18.,-21.5,0.5));
#5066 = SURFACE_CURVE('',#5067,(#5071,#5078),.PCURVE_S1.);
#5067 = LINE('',#5068,#5069);
#5068 = CARTESIAN_POINT('',(-18.,-21.5,0.5));
#5069 = VECTOR('',#5070,1.);
#5070 = DIRECTION('',(0.,0.,1.));
#5071 = PCURVE('',#3269,#5072);
#5072 = DEFINITIONAL_REPRESENTATION('',(#5073),#5077);
#5073 = LINE('',#5074,#5075);
#5074 = CARTESIAN_POINT('',(0.,0.));
#5075 = VECTOR('',#5076,1.);
#5076 = DIRECTION('',(1.,0.));
#5077 = ( GEOMETRIC_REPRESENTATION_CONTEXT(2) 
PARAMETRIC_REPRESENTATION_CONTEXT() REPRESENTATION_CONTEXT('2D SPACE',''
  ) );
#5078 = PCURVE('',#5025,#5079);
#5079 = DEFINITIONAL_REPRESENTATION('',(#5080),#5084);
#5080 = LINE('',#5081,#5082);
#5081 = CARTESIAN_POINT('',(0.,0.));
#5082 = VECTOR('',#5083,1.);
#5083 = DIRECTION('',(1.,0.));
#5084 = ( GEOMETRIC_REPRESENTATION_CONTEXT(2) 
PARAMETRIC_REPRESENTATION_CONTEXT() REPRESENTATION_CONTEXT('2D SPACE',''
  ) );
#5085 = ORIENTED_EDGE('',*,*,#5086,.T.);
#5086 = EDGE_CURVE('',#5064,#3254,#5087,.T.);
#5087 = SURFACE_CURVE('',#5088,(#5092,#5099),.PCURVE_S1.);
#5088 = LINE('',#5089,#5090);
#5089 = CARTESIAN_POINT('',(-18.,-21.5,0.5));
#5090 = VECTOR('',#5091,1.);
#5091 = DIRECTION('',(-0.,1.,0.));
#5092 = PCURVE('',#3269,#5093);
#5093 = DEFINITIONAL_REPRESENTATION('',(#5094),#5098);
#5094 = LINE('',#5095,#5096);
#5095 = CARTESIAN_POINT('',(0.,0.));
#5096 = VECTOR('',#5097,1.);
#5097 = DIRECTION('',(0.,-1.));
#5098 = ( GEOMETRIC_REPRESENTATION_CONTEXT(2) 
PARAMETRIC_REPRESENTATION_CONTEXT() REPRESENTATION_CONTEXT('2D SPACE',''
  ) );
#5099 = PCURVE('',#3297,#5100);
#5100 = DEFINITIONAL_REPRESENTATION('',(#5101),#5105);
#5101 = LINE('',#5102,#5103);
#5102 = CARTESIAN_POINT('',(0.,0.));
#5103 = VECTOR('',#5104,1.);
#5104 = DIRECTION('',(0.,1.));
#5105 = ( GEOMETRIC_REPRESENTATION_CONTEXT(2) 
PARAMETRIC_REPRESENTATION_CONTEXT() REPRESENTATION_CONTEXT('2D SPACE',''
  ) );
#5106 = ORIENTED_EDGE('',*,*,#3253,.F.);
#5107 = ADVANCED_FACE('',(#5108),#3297,.F.);
#5108 = FACE_BOUND('',#5109,.F.);
#5109 = EDGE_LOOP('',(#5110,#5111,#5134,#5155));
#5110 = ORIENTED_EDGE('',*,*,#5086,.F.);
#5111 = ORIENTED_EDGE('',*,*,#5112,.T.);
#5112 = EDGE_CURVE('',#5064,#5113,#5115,.T.);
#5113 = VERTEX_POINT('',#5114);
#5114 = CARTESIAN_POINT('',(-16.,-21.5,0.5));
#5115 = SURFACE_CURVE('',#5116,(#5120,#5127),.PCURVE_S1.);
#5116 = LINE('',#5117,#5118);
#5117 = CARTESIAN_POINT('',(-18.,-21.5,0.5));
#5118 = VECTOR('',#5119,1.);
#5119 = DIRECTION('',(1.,0.,-0.));
#5120 = PCURVE('',#3297,#5121);
#5121 = DEFINITIONAL_REPRESENTATION('',(#5122),#5126);
#5122 = LINE('',#5123,#5124);
#5123 = CARTESIAN_POINT('',(0.,0.));
#5124 = VECTOR('',#5125,1.);
#5125 = DIRECTION('',(1.,0.));
#5126 = ( GEOMETRIC_REPRESENTATION_CONTEXT(2) 
PARAMETRIC_REPRESENTATION_CONTEXT() REPRESENTATION_CONTEXT('2D SPACE',''
  ) );
#5127 = PCURVE('',#5025,#5128);
#5128 = DEFINITIONAL_REPRESENTATION('',(#5129),#5133);
#5129 = LINE('',#5130,#5131);
#5130 = CARTESIAN_POINT('',(0.,0.));
#5131 = VECTOR('',#5132,1.);
#5132 = DIRECTION('',(0.,1.));
#5133 = ( GEOMETRIC_REPRESENTATION_CONTEXT(2) 
PARAMETRIC_REPRESENTATION_CONTEXT() REPRESENTATION_CONTEXT('2D SPACE',''
  ) );
#5134 = ORIENTED_EDGE('',*,*,#5135,.T.);
#5135 = EDGE_CURVE('',#5113,#3282,#5136,.T.);
#5136 = SURFACE_CURVE('',#5137,(#5141,#5148),.PCURVE_S1.);
#5137 = LINE('',#5138,#5139);
#5138 = CARTESIAN_POINT('',(-16.,-21.5,0.5));
#5139 = VECTOR('',#5140,1.);
#5140 = DIRECTION('',(-0.,1.,0.));
#5141 = PCURVE('',#3297,#5142);
#5142 = DEFINITIONAL_REPRESENTATION('',(#5143),#5147);
#5143 = LINE('',#5144,#5145);
#5144 = CARTESIAN_POINT('',(2.,0.));
#5145 = VECTOR('',#5146,1.);
#5146 = DIRECTION('',(0.,1.));
#5147 = ( GEOMETRIC_REPRESENTATION_CONTEXT(2) 
PARAMETRIC_REPRESENTATION_CONTEXT() REPRESENTATION_CONTEXT('2D SPACE',''
  ) );
#5148 = PCURVE('',#3323,#5149);
#5149 = DEFINITIONAL_REPRESENTATION('',(#5150),#5154);
#5150 = LINE('',#5151,#5152);
#5151 = CARTESIAN_POINT('',(0.,0.));
#5152 = VECTOR('',#5153,1.);
#5153 = DIRECTION('',(0.,-1.));
#5154 = ( GEOMETRIC_REPRESENTATION_CONTEXT(2) 
PARAMETRIC_REPRESENTATION_CONTEXT() REPRESENTATION_CONTEXT('2D SPACE',''
  ) );
#5155 = ORIENTED_EDGE('',*,*,#3281,.F.);
#5156 = ADVANCED_FACE('',(#5157),#3323,.T.);
#5157 = FACE_BOUND('',#5158,.T.);
#5158 = EDGE_LOOP('',(#5159,#5160,#5181,#5182));
#5159 = ORIENTED_EDGE('',*,*,#5037,.F.);
#5160 = ORIENTED_EDGE('',*,*,#5161,.F.);
#5161 = EDGE_CURVE('',#5113,#5010,#5162,.T.);
#5162 = SURFACE_CURVE('',#5163,(#5167,#5174),.PCURVE_S1.);
#5163 = LINE('',#5164,#5165);
#5164 = CARTESIAN_POINT('',(-16.,-21.5,0.5));
#5165 = VECTOR('',#5166,1.);
#5166 = DIRECTION('',(0.,0.,1.));
#5167 = PCURVE('',#3323,#5168);
#5168 = DEFINITIONAL_REPRESENTATION('',(#5169),#5173);
#5169 = LINE('',#5170,#5171);
#5170 = CARTESIAN_POINT('',(0.,0.));
#5171 = VECTOR('',#5172,1.);
#5172 = DIRECTION('',(1.,0.));
#5173 = ( GEOMETRIC_REPRESENTATION_CONTEXT(2) 
PARAMETRIC_REPRESENTATION_CONTEXT() REPRESENTATION_CONTEXT('2D SPACE',''
  ) );
#5174 = PCURVE('',#5025,#5175);
#5175 = DEFINITIONAL_REPRESENTATION('',(#5176),#5180);
#5176 = LINE('',#5177,#5178);
#5177 = CARTESIAN_POINT('',(0.,2.));
#5178 = VECTOR('',#5179,1.);
#5179 = DIRECTION('',(1.,0.));
#5180 = ( GEOMETRIC_REPRESENTATION_CONTEXT(2) 
PARAMETRIC_REPRESENTATION_CONTEXT() REPRESENTATION_CONTEXT('2D SPACE',''
  ) );
#5181 = ORIENTED_EDGE('',*,*,#5135,.T.);
#5182 = ORIENTED_EDGE('',*,*,#3309,.F.);
#5183 = ADVANCED_FACE('',(#5184),#3385,.F.);
#5184 = FACE_BOUND('',#5185,.F.);
#5185 = EDGE_LOOP('',(#5186,#5187,#5208,#5209,#5210));
#5186 = ORIENTED_EDGE('',*,*,#3366,.T.);
#5187 = ORIENTED_EDGE('',*,*,#5188,.T.);
#5188 = EDGE_CURVE('',#3369,#4655,#5189,.T.);
#5189 = SEAM_CURVE('',#5190,(#5194,#5201),.PCURVE_S1.);
#5190 = LINE('',#5191,#5192);
#5191 = CARTESIAN_POINT('',(-12.65093768657,-14.71714881219,
    2.999684915576));
#5192 = VECTOR('',#5193,1.);
#5193 = DIRECTION('',(0.,0.,1.));
#5194 = PCURVE('',#3385,#5195);
#5195 = DEFINITIONAL_REPRESENTATION('',(#5196),#5200);
#5196 = LINE('',#5197,#5198);
#5197 = CARTESIAN_POINT('',(9.42477796077,0.));
#5198 = VECTOR('',#5199,1.);
#5199 = DIRECTION('',(0.,1.));
#5200 = ( GEOMETRIC_REPRESENTATION_CONTEXT(2) 
PARAMETRIC_REPRESENTATION_CONTEXT() REPRESENTATION_CONTEXT('2D SPACE',''
  ) );
#5201 = PCURVE('',#3385,#5202);
#5202 = DEFINITIONAL_REPRESENTATION('',(#5203),#5207);
#5203 = LINE('',#5204,#5205);
#5204 = CARTESIAN_POINT('',(3.141592653589,0.));
#5205 = VECTOR('',#5206,1.);
#5206 = DIRECTION('',(0.,1.));
#5207 = ( GEOMETRIC_REPRESENTATION_CONTEXT(2) 
PARAMETRIC_REPRESENTATION_CONTEXT() REPRESENTATION_CONTEXT('2D SPACE',''
  ) );
#5208 = ORIENTED_EDGE('',*,*,#4654,.F.);
#5209 = ORIENTED_EDGE('',*,*,#5188,.F.);
#5210 = ORIENTED_EDGE('',*,*,#3420,.T.);
#5211 = ADVANCED_FACE('',(#5212),#3464,.F.);
#5212 = FACE_BOUND('',#5213,.F.);
#5213 = EDGE_LOOP('',(#5214,#5215,#5236,#5237,#5238));
#5214 = ORIENTED_EDGE('',*,*,#3445,.T.);
#5215 = ORIENTED_EDGE('',*,*,#5216,.T.);
#5216 = EDGE_CURVE('',#3448,#4681,#5217,.T.);
#5217 = SEAM_CURVE('',#5218,(#5222,#5229),.PCURVE_S1.);
#5218 = LINE('',#5219,#5220);
#5219 = CARTESIAN_POINT('',(9.34906231343,-14.71714881219,2.999684915576
    ));
#5220 = VECTOR('',#5221,1.);
#5221 = DIRECTION('',(0.,0.,1.));
#5222 = PCURVE('',#3464,#5223);
#5223 = DEFINITIONAL_REPRESENTATION('',(#5224),#5228);
#5224 = LINE('',#5225,#5226);
#5225 = CARTESIAN_POINT('',(9.42477796077,0.));
#5226 = VECTOR('',#5227,1.);
#5227 = DIRECTION('',(0.,1.));
#5228 = ( GEOMETRIC_REPRESENTATION_CONTEXT(2) 
PARAMETRIC_REPRESENTATION_CONTEXT() REPRESENTATION_CONTEXT('2D SPACE',''
  ) );
#5229 = PCURVE('',#3464,#5230);
#5230 = DEFINITIONAL_REPRESENTATION('',(#5231),#5235);
#5231 = LINE('',#5232,#5233);
#5232 = CARTESIAN_POINT('',(3.141592653589,0.));
#5233 = VECTOR('',#5234,1.);
#5234 = DIRECTION('',(0.,1.));
#5235 = ( GEOMETRIC_REPRESENTATION_CONTEXT(2) 
PARAMETRIC_REPRESENTATION_CONTEXT() REPRESENTATION_CONTEXT('2D SPACE',''
  ) );
#5236 = ORIENTED_EDGE('',*,*,#4680,.F.);
#5237 = ORIENTED_EDGE('',*,*,#5216,.F.);
#5238 = ORIENTED_EDGE('',*,*,#3499,.T.);
#5239 = ADVANCED_FACE('',(#5240),#3614,.T.);
#5240 = FACE_BOUND('',#5241,.T.);
#5241 = EDGE_LOOP('',(#5242,#5243,#5244,#5245));
#5242 = ORIENTED_EDGE('',*,*,#3598,.F.);
#5243 = ORIENTED_EDGE('',*,*,#4603,.T.);
#5244 = ORIENTED_EDGE('',*,*,#4759,.F.);
#5245 = ORIENTED_EDGE('',*,*,#3654,.F.);
#5246 = ADVANCED_FACE('',(#5247,#5253),#3889,.F.);
#5247 = FACE_BOUND('',#5248,.F.);
#5248 = EDGE_LOOP('',(#5249,#5250,#5251,#5252));
#5249 = ORIENTED_EDGE('',*,*,#4377,.T.);
#5250 = ORIENTED_EDGE('',*,*,#4426,.T.);
#5251 = ORIENTED_EDGE('',*,*,#4526,.T.);
#5252 = ORIENTED_EDGE('',*,*,#4498,.T.);
#5253 = FACE_BOUND('',#5254,.F.);
#5254 = EDGE_LOOP('',(#5255));
#5255 = ORIENTED_EDGE('',*,*,#3872,.T.);
#5256 = ADVANCED_FACE('',(#5257,#5265,#5296),#3975,.F.);
#5257 = FACE_BOUND('',#5258,.F.);
#5258 = EDGE_LOOP('',(#5259,#5260,#5261,#5262,#5263,#5264));
#5259 = ORIENTED_EDGE('',*,*,#4060,.T.);
#5260 = ORIENTED_EDGE('',*,*,#4011,.T.);
#5261 = ORIENTED_EDGE('',*,*,#3959,.T.);
#5262 = ORIENTED_EDGE('',*,*,#4734,.T.);
#5263 = ORIENTED_EDGE('',*,*,#4191,.T.);
#5264 = ORIENTED_EDGE('',*,*,#4114,.T.);
#5265 = FACE_BOUND('',#5266,.F.);
#5266 = EDGE_LOOP('',(#5267));
#5267 = ORIENTED_EDGE('',*,*,#5268,.F.);
#5268 = EDGE_CURVE('',#5269,#5269,#5271,.T.);
#5269 = VERTEX_POINT('',#5270);
#5270 = CARTESIAN_POINT('',(-9.251,-14.717,23.199684915575));
#5271 = SURFACE_CURVE('',#5272,(#5277,#5284),.PCURVE_S1.);
#5272 = CIRCLE('',#5273,1.75);
#5273 = AXIS2_PLACEMENT_3D('',#5274,#5275,#5276);
#5274 = CARTESIAN_POINT('',(-11.001,-14.717,23.199684915575));
#5275 = DIRECTION('',(0.,0.,1.));
#5276 = DIRECTION('',(1.,0.,-0.));
#5277 = PCURVE('',#3975,#5278);
#5278 = DEFINITIONAL_REPRESENTATION('',(#5279),#5283);
#5279 = CIRCLE('',#5280,1.75);
#5280 = AXIS2_PLACEMENT_2D('',#5281,#5282);
#5281 = CARTESIAN_POINT('',(-30.20006231343,7.11004313407));
#5282 = DIRECTION('',(1.,0.));
#5283 = ( GEOMETRIC_REPRESENTATION_CONTEXT(2) 
PARAMETRIC_REPRESENTATION_CONTEXT() REPRESENTATION_CONTEXT('2D SPACE',''
  ) );
#5284 = PCURVE('',#5285,#5290);
#5285 = CYLINDRICAL_SURFACE('',#5286,1.75);
#5286 = AXIS2_PLACEMENT_3D('',#5287,#5288,#5289);
#5287 = CARTESIAN_POINT('',(-11.001,-14.717,23.));
#5288 = DIRECTION('',(0.,0.,1.));
#5289 = DIRECTION('',(1.,0.,-0.));
#5290 = DEFINITIONAL_REPRESENTATION('',(#5291),#5295);
#5291 = LINE('',#5292,#5293);
#5292 = CARTESIAN_POINT('',(0.,0.199684915575));
#5293 = VECTOR('',#5294,1.);
#5294 = DIRECTION('',(1.,0.));
#5295 = ( GEOMETRIC_REPRESENTATION_CONTEXT(2) 
PARAMETRIC_REPRESENTATION_CONTEXT() REPRESENTATION_CONTEXT('2D SPACE',''
  ) );
#5296 = FACE_BOUND('',#5297,.F.);
#5297 = EDGE_LOOP('',(#5298));
#5298 = ORIENTED_EDGE('',*,*,#5299,.F.);
#5299 = EDGE_CURVE('',#5300,#5300,#5302,.T.);
#5300 = VERTEX_POINT('',#5301);
#5301 = CARTESIAN_POINT('',(12.749,-14.717,23.199684915575));
#5302 = SURFACE_CURVE('',#5303,(#5308,#5315),.PCURVE_S1.);
#5303 = CIRCLE('',#5304,1.75);
#5304 = AXIS2_PLACEMENT_3D('',#5305,#5306,#5307);
#5305 = CARTESIAN_POINT('',(10.999,-14.717,23.199684915575));
#5306 = DIRECTION('',(0.,0.,1.));
#5307 = DIRECTION('',(1.,0.,-0.));
#5308 = PCURVE('',#3975,#5309);
#5309 = DEFINITIONAL_REPRESENTATION('',(#5310),#5314);
#5310 = CIRCLE('',#5311,1.75);
#5311 = AXIS2_PLACEMENT_2D('',#5312,#5313);
#5312 = CARTESIAN_POINT('',(-8.20006231343,7.11004313407));
#5313 = DIRECTION('',(1.,0.));
#5314 = ( GEOMETRIC_REPRESENTATION_CONTEXT(2) 
PARAMETRIC_REPRESENTATION_CONTEXT() REPRESENTATION_CONTEXT('2D SPACE',''
  ) );
#5315 = PCURVE('',#5316,#5321);
#5316 = CYLINDRICAL_SURFACE('',#5317,1.75);
#5317 = AXIS2_PLACEMENT_3D('',#5318,#5319,#5320);
#5318 = CARTESIAN_POINT('',(10.999,-14.717,23.));
#5319 = DIRECTION('',(0.,0.,1.));
#5320 = DIRECTION('',(1.,0.,-0.));
#5321 = DEFINITIONAL_REPRESENTATION('',(#5322),#5326);
#5322 = LINE('',#5323,#5324);
#5323 = CARTESIAN_POINT('',(0.,0.199684915575));
#5324 = VECTOR('',#5325,1.);
#5325 = DIRECTION('',(1.,0.));
#5326 = ( GEOMETRIC_REPRESENTATION_CONTEXT(2) 
PARAMETRIC_REPRESENTATION_CONTEXT() REPRESENTATION_CONTEXT('2D SPACE',''
  ) );
#5327 = ADVANCED_FACE('',(#5328),#758,.T.);
#5328 = FACE_BOUND('',#5329,.T.);
#5329 = EDGE_LOOP('',(#5330,#5331,#5332,#5333));
#5330 = ORIENTED_EDGE('',*,*,#1868,.F.);
#5331 = ORIENTED_EDGE('',*,*,#4219,.T.);
#5332 = ORIENTED_EDGE('',*,*,#742,.T.);
#5333 = ORIENTED_EDGE('',*,*,#4554,.F.);
#5334 = ADVANCED_FACE('',(#5335),#4282,.F.);
#5335 = FACE_BOUND('',#5336,.F.);
#5336 = EDGE_LOOP('',(#5337,#5338,#5361,#5388));
#5337 = ORIENTED_EDGE('',*,*,#4267,.F.);
#5338 = ORIENTED_EDGE('',*,*,#5339,.F.);
#5339 = EDGE_CURVE('',#5340,#4245,#5342,.T.);
#5340 = VERTEX_POINT('',#5341);
#5341 = CARTESIAN_POINT('',(-9.251,-14.717,25.6));
#5342 = SEAM_CURVE('',#5343,(#5347,#5354),.PCURVE_S1.);
#5343 = LINE('',#5344,#5345);
#5344 = CARTESIAN_POINT('',(-9.251,-14.717,23.));
#5345 = VECTOR('',#5346,1.);
#5346 = DIRECTION('',(0.,0.,1.));
#5347 = PCURVE('',#4282,#5348);
#5348 = DEFINITIONAL_REPRESENTATION('',(#5349),#5353);
#5349 = LINE('',#5350,#5351);
#5350 = CARTESIAN_POINT('',(0.,-0.));
#5351 = VECTOR('',#5352,1.);
#5352 = DIRECTION('',(0.,1.));
#5353 = ( GEOMETRIC_REPRESENTATION_CONTEXT(2) 
PARAMETRIC_REPRESENTATION_CONTEXT() REPRESENTATION_CONTEXT('2D SPACE',''
  ) );
#5354 = PCURVE('',#4282,#5355);
#5355 = DEFINITIONAL_REPRESENTATION('',(#5356),#5360);
#5356 = LINE('',#5357,#5358);
#5357 = CARTESIAN_POINT('',(6.28318530718,-0.));
#5358 = VECTOR('',#5359,1.);
#5359 = DIRECTION('',(0.,1.));
#5360 = ( GEOMETRIC_REPRESENTATION_CONTEXT(2) 
PARAMETRIC_REPRESENTATION_CONTEXT() REPRESENTATION_CONTEXT('2D SPACE',''
  ) );
#5361 = ORIENTED_EDGE('',*,*,#5362,.T.);
#5362 = EDGE_CURVE('',#5340,#5340,#5363,.T.);
#5363 = SURFACE_CURVE('',#5364,(#5369,#5376),.PCURVE_S1.);
#5364 = CIRCLE('',#5365,1.75);
#5365 = AXIS2_PLACEMENT_3D('',#5366,#5367,#5368);
#5366 = CARTESIAN_POINT('',(-11.001,-14.717,25.6));
#5367 = DIRECTION('',(0.,0.,1.));
#5368 = DIRECTION('',(1.,0.,-0.));
#5369 = PCURVE('',#4282,#5370);
#5370 = DEFINITIONAL_REPRESENTATION('',(#5371),#5375);
#5371 = LINE('',#5372,#5373);
#5372 = CARTESIAN_POINT('',(0.,2.6));
#5373 = VECTOR('',#5374,1.);
#5374 = DIRECTION('',(1.,0.));
#5375 = ( GEOMETRIC_REPRESENTATION_CONTEXT(2) 
PARAMETRIC_REPRESENTATION_CONTEXT() REPRESENTATION_CONTEXT('2D SPACE',''
  ) );
#5376 = PCURVE('',#5377,#5382);
#5377 = PLANE('',#5378);
#5378 = AXIS2_PLACEMENT_3D('',#5379,#5380,#5381);
#5379 = CARTESIAN_POINT('',(-31.05,-21.5,25.6));
#5380 = DIRECTION('',(0.,0.,1.));
#5381 = DIRECTION('',(1.,0.,-0.));
#5382 = DEFINITIONAL_REPRESENTATION('',(#5383),#5387);
#5383 = CIRCLE('',#5384,1.75);
#5384 = AXIS2_PLACEMENT_2D('',#5385,#5386);
#5385 = CARTESIAN_POINT('',(20.049,6.783));
#5386 = DIRECTION('',(1.,0.));
#5387 = ( GEOMETRIC_REPRESENTATION_CONTEXT(2) 
PARAMETRIC_REPRESENTATION_CONTEXT() REPRESENTATION_CONTEXT('2D SPACE',''
  ) );
#5388 = ORIENTED_EDGE('',*,*,#5339,.T.);
#5389 = ADVANCED_FACE('',(#5390),#4337,.F.);
#5390 = FACE_BOUND('',#5391,.F.);
#5391 = EDGE_LOOP('',(#5392,#5393,#5416,#5443));
#5392 = ORIENTED_EDGE('',*,*,#4322,.F.);
#5393 = ORIENTED_EDGE('',*,*,#5394,.F.);
#5394 = EDGE_CURVE('',#5395,#4300,#5397,.T.);
#5395 = VERTEX_POINT('',#5396);
#5396 = CARTESIAN_POINT('',(12.749,-14.717,25.6));
#5397 = SEAM_CURVE('',#5398,(#5402,#5409),.PCURVE_S1.);
#5398 = LINE('',#5399,#5400);
#5399 = CARTESIAN_POINT('',(12.749,-14.717,23.));
#5400 = VECTOR('',#5401,1.);
#5401 = DIRECTION('',(0.,0.,1.));
#5402 = PCURVE('',#4337,#5403);
#5403 = DEFINITIONAL_REPRESENTATION('',(#5404),#5408);
#5404 = LINE('',#5405,#5406);
#5405 = CARTESIAN_POINT('',(0.,-0.));
#5406 = VECTOR('',#5407,1.);
#5407 = DIRECTION('',(0.,1.));
#5408 = ( GEOMETRIC_REPRESENTATION_CONTEXT(2) 
PARAMETRIC_REPRESENTATION_CONTEXT() REPRESENTATION_CONTEXT('2D SPACE',''
  ) );
#5409 = PCURVE('',#4337,#5410);
#5410 = DEFINITIONAL_REPRESENTATION('',(#5411),#5415);
#5411 = LINE('',#5412,#5413);
#5412 = CARTESIAN_POINT('',(6.28318530718,-0.));
#5413 = VECTOR('',#5414,1.);
#5414 = DIRECTION('',(0.,1.));
#5415 = ( GEOMETRIC_REPRESENTATION_CONTEXT(2) 
PARAMETRIC_REPRESENTATION_CONTEXT() REPRESENTATION_CONTEXT('2D SPACE',''
  ) );
#5416 = ORIENTED_EDGE('',*,*,#5417,.T.);
#5417 = EDGE_CURVE('',#5395,#5395,#5418,.T.);
#5418 = SURFACE_CURVE('',#5419,(#5424,#5431),.PCURVE_S1.);
#5419 = CIRCLE('',#5420,1.75);
#5420 = AXIS2_PLACEMENT_3D('',#5421,#5422,#5423);
#5421 = CARTESIAN_POINT('',(10.999,-14.717,25.6));
#5422 = DIRECTION('',(0.,0.,1.));
#5423 = DIRECTION('',(1.,0.,-0.));
#5424 = PCURVE('',#4337,#5425);
#5425 = DEFINITIONAL_REPRESENTATION('',(#5426),#5430);
#5426 = LINE('',#5427,#5428);
#5427 = CARTESIAN_POINT('',(0.,2.6));
#5428 = VECTOR('',#5429,1.);
#5429 = DIRECTION('',(1.,0.));
#5430 = ( GEOMETRIC_REPRESENTATION_CONTEXT(2) 
PARAMETRIC_REPRESENTATION_CONTEXT() REPRESENTATION_CONTEXT('2D SPACE',''
  ) );
#5431 = PCURVE('',#5432,#5437);
#5432 = PLANE('',#5433);
#5433 = AXIS2_PLACEMENT_3D('',#5434,#5435,#5436);
#5434 = CARTESIAN_POINT('',(-31.05,-21.5,25.6));
#5435 = DIRECTION('',(0.,0.,1.));
#5436 = DIRECTION('',(1.,0.,-0.));
#5437 = DEFINITIONAL_REPRESENTATION('',(#5438),#5442);
#5438 = CIRCLE('',#5439,1.75);
#5439 = AXIS2_PLACEMENT_2D('',#5440,#5441);
#5440 = CARTESIAN_POINT('',(42.049,6.783));
#5441 = DIRECTION('',(1.,0.));
#5442 = ( GEOMETRIC_REPRESENTATION_CONTEXT(2) 
PARAMETRIC_REPRESENTATION_CONTEXT() REPRESENTATION_CONTEXT('2D SPACE',''
  ) );
#5443 = ORIENTED_EDGE('',*,*,#5394,.T.);
#5444 = ADVANCED_FACE('',(#5445),#4824,.F.);
#5445 = FACE_BOUND('',#5446,.F.);
#5446 = EDGE_LOOP('',(#5447,#5448,#5449,#5450));
#5447 = ORIENTED_EDGE('',*,*,#4911,.F.);
#5448 = ORIENTED_EDGE('',*,*,#4862,.T.);
#5449 = ORIENTED_EDGE('',*,*,#4808,.T.);
#5450 = ORIENTED_EDGE('',*,*,#4960,.F.);
#5451 = ADVANCED_FACE('',(#5452),#5025,.F.);
#5452 = FACE_BOUND('',#5453,.F.);
#5453 = EDGE_LOOP('',(#5454,#5455,#5456,#5457));
#5454 = ORIENTED_EDGE('',*,*,#5112,.F.);
#5455 = ORIENTED_EDGE('',*,*,#5063,.T.);
#5456 = ORIENTED_EDGE('',*,*,#5009,.T.);
#5457 = ORIENTED_EDGE('',*,*,#5161,.F.);
#5458 = ADVANCED_FACE('',(#5459),#5285,.F.);
#5459 = FACE_BOUND('',#5460,.F.);
#5460 = EDGE_LOOP('',(#5461,#5697,#5718,#5719,#5720));
#5461 = ORIENTED_EDGE('',*,*,#5462,.F.);
#5462 = EDGE_CURVE('',#5463,#5465,#5467,.T.);
#5463 = VERTEX_POINT('',#5464);
#5464 = CARTESIAN_POINT('',(-9.251,-14.717,24.599622608473));
#5465 = VERTEX_POINT('',#5466);
#5466 = CARTESIAN_POINT('',(-12.75099999367,-14.71714881219,
    24.599747222678));
#5467 = SURFACE_CURVE('',#5468,(#5546,#5619),.PCURVE_S1.);
#5468 = B_SPLINE_CURVE_WITH_KNOTS('',6,(#5469,#5470,#5471,#5472,#5473,
    #5474,#5475,#5476,#5477,#5478,#5479,#5480,#5481,#5482,#5483,#5484,
    #5485,#5486,#5487,#5488,#5489,#5490,#5491,#5492,#5493,#5494,#5495,
    #5496,#5497,#5498,#5499,#5500,#5501,#5502,#5503,#5504,#5505,#5506,
    #5507,#5508,#5509,#5510,#5511,#5512,#5513,#5514,#5515,#5516,#5517,
    #5518,#5519,#5520,#5521,#5522,#5523,#5524,#5525,#5526,#5527,#5528,
    #5529,#5530,#5531,#5532,#5533,#5534,#5535,#5536,#5537,#5538,#5539,
    #5540,#5541,#5542,#5543,#5544,#5545),.UNSPECIFIED.,.T.,.F.,(1,6,5,5,
    5,5,5,5,5,5,5,5,5,5,5,5,6,1),(-9.3490195831E-02,0.,
    6.283436039658E-02,9.098458630761E-02,0.105562355838,0.120140101932,
    0.310498691927,0.499855834994,0.56320449521,0.594118732993,
    0.609952910978,0.617995679112,0.625284443757,0.720030814086,
    0.81327030976,0.906509804169,1.,1.062834360397),.UNSPECIFIED.);
#5469 = CARTESIAN_POINT('',(-9.251,-14.717,24.599622608473));
#5470 = CARTESIAN_POINT('',(-9.2509998297,-14.60188757218,
    24.599632397463));
#5471 = CARTESIAN_POINT('',(-9.260086888348,-14.4867707187,
    24.59964251035));
#5472 = CARTESIAN_POINT('',(-9.278259257075,-14.37255858071,
    24.599652869746));
#5473 = CARTESIAN_POINT('',(-9.305399449213,-14.26013849386,
    24.599663396004));
#5474 = CARTESIAN_POINT('',(-9.341274410296,-14.1503759883,
    24.599674007221));
#5475 = CARTESIAN_POINT('',(-9.405364641488,-13.99650897434,
    24.599689373492));
#5476 = CARTESIAN_POINT('',(-9.426877299606,-13.94960422614,
    24.599694128063));
#5477 = CARTESIAN_POINT('',(-9.450042381015,-13.90347520572,
    24.599698875494));
#5478 = CARTESIAN_POINT('',(-9.474824567428,-13.85819436876,
    24.599703608365));
#5479 = CARTESIAN_POINT('',(-9.501184333671,-13.81383196495,
    24.599708319295));
#5480 = CARTESIAN_POINT('',(-9.543522828147,-13.74799354393,
    24.599715425362));
#5481 = CARTESIAN_POINT('',(-9.558379066897,-13.72579556461,
    24.599717841932));
#5482 = CARTESIAN_POINT('',(-9.573640603403,-13.70387152503,
    24.599720249636));
#5483 = CARTESIAN_POINT('',(-9.589301098481,-13.68223065243,
    24.599722647462));
#5484 = CARTESIAN_POINT('',(-9.605353934298,-13.6608819763,
    24.599725034409));
#5485 = CARTESIAN_POINT('',(-9.638230467941,-13.6187867143,
    24.599729784544));
#5486 = CARTESIAN_POINT('',(-9.655054170301,-13.59804012006,
    24.599732147733));
#5487 = CARTESIAN_POINT('',(-9.672256424499,-13.57760337704,
    24.59973449805));
#5488 = CARTESIAN_POINT('',(-9.689830074183,-13.55748509418,
    24.599736834508));
#5489 = CARTESIAN_POINT('',(-9.707767703595,-13.53769365803,
    24.599739156129));
#5490 = CARTESIAN_POINT('',(-9.964941426171,-13.26416698583,
    24.599771571927));
#5491 = CARTESIAN_POINT('',(-10.26537878816,-13.06645561283,
    24.599799080787));
#5492 = CARTESIAN_POINT('',(-10.60888506815,-12.94572986828,
    24.599821576452));
#5493 = CARTESIAN_POINT('',(-10.97125119516,-12.91019251811,
    24.599837499942));
#5494 = CARTESIAN_POINT('',(-11.32706748633,-12.96262717148,
    24.599845710169));
#5495 = CARTESIAN_POINT('',(-11.97296485725,-13.22095486578,
    24.599846741942));
#5496 = CARTESIAN_POINT('',(-12.26539974675,-13.42684419451,
    24.59983964761));
#5497 = CARTESIAN_POINT('',(-12.50265203024,-13.70029058874,
    24.599824844331));
#5498 = CARTESIAN_POINT('',(-12.66843844935,-14.02212230604,
    24.599803382211));
#5499 = CARTESIAN_POINT('',(-12.75100710138,-14.37010063554,
    24.599776733309));
#5500 = CARTESIAN_POINT('',(-12.75100028686,-14.83305376811,
    24.599737366999));
#5501 = CARTESIAN_POINT('',(-12.74176368664,-14.94911456796,
    24.599727169109));
#5502 = CARTESIAN_POINT('',(-12.72329235906,-15.06424805464,
    24.59971672118));
#5503 = CARTESIAN_POINT('',(-12.69570779138,-15.17754395741,
    24.599706104935));
#5504 = CARTESIAN_POINT('',(-12.65925079848,-15.28811607971,
    24.599695404304));
#5505 = CARTESIAN_POINT('',(-12.59233658343,-15.44731178447,
    24.59967948435));
#5506 = CARTESIAN_POINT('',(-12.56836402266,-15.49866918441,
    24.599674263519));
#5507 = CARTESIAN_POINT('',(-12.54240541096,-15.54907568722,
    24.599669052811));
#5508 = CARTESIAN_POINT('',(-12.51450839772,-15.59843576364,
    24.599663862046));
#5509 = CARTESIAN_POINT('',(-12.48472671125,-15.64665716691,
    24.599658700982));
#5510 = CARTESIAN_POINT('',(-12.43693138103,-15.71772099693,
    24.599650956012));
#5511 = CARTESIAN_POINT('',(-12.4202638279,-15.74146904779,
    24.59964834304));
#5512 = CARTESIAN_POINT('',(-12.40312551538,-15.76488316916,
    24.599645741696));
#5513 = CARTESIAN_POINT('',(-12.38552484035,-15.78795172961,
    24.599643153269));
#5514 = CARTESIAN_POINT('',(-12.3674705806,-15.81066338246,
    24.599640579037));
#5515 = CARTESIAN_POINT('',(-12.33957572402,-15.84435625387,
    24.599636720571));
#5516 = CARTESIAN_POINT('',(-12.33006488998,-15.8556105074,
    24.599635424865));
#5517 = CARTESIAN_POINT('',(-12.32044059201,-15.8667683779,
    24.599634133313));
#5518 = CARTESIAN_POINT('',(-12.31070405328,-15.87782843774,
    24.599632846082));
#5519 = CARTESIAN_POINT('',(-12.30085652087,-15.88878928006,
    24.599631563334));
#5520 = CARTESIAN_POINT('',(-12.28187549572,-15.90949161833,
    24.599629126953));
#5521 = CARTESIAN_POINT('',(-12.27276161127,-15.91925109336,
    24.59962797249));
#5522 = CARTESIAN_POINT('',(-12.26355855823,-15.92892691233,
    24.599626821964));
#5523 = CARTESIAN_POINT('',(-12.2542672979,-15.93851805846,
    24.599625675497));
#5524 = CARTESIAN_POINT('',(-12.24488880701,-15.94802352977,
    24.599624533209));
#5525 = CARTESIAN_POINT('',(-12.11239468319,-16.07987934545,
    24.599608602412));
#5526 = CARTESIAN_POINT('',(-11.97474507675,-16.18769948907,
    24.599594531839));
#5527 = CARTESIAN_POINT('',(-11.82475267439,-16.27866982874,
    24.599581454515));
#5528 = CARTESIAN_POINT('',(-11.66497869447,-16.35109558073,
    24.599569605806));
#5529 = CARTESIAN_POINT('',(-11.49826815764,-16.40382011879,
    24.599559185422));
#5530 = CARTESIAN_POINT('',(-11.15994471895,-16.46812039435,
    24.599541669357));
#5531 = CARTESIAN_POINT('',(-10.98835363516,-16.48035692928,
    24.599534518254));
#5532 = CARTESIAN_POINT('',(-10.81596332186,-16.47238878063,
    24.599529056924));
#5533 = CARTESIAN_POINT('',(-10.64570062716,-16.44423762363,
    24.599525387776));
#5534 = CARTESIAN_POINT('',(-10.48043256088,-16.39649260695,
    24.599523562819));
#5535 = CARTESIAN_POINT('',(-10.1654977811,-16.26413345154,
    24.59952360396));
#5536 = CARTESIAN_POINT('',(-10.01574081991,-16.17948138459,
    24.59952547007));
#5537 = CARTESIAN_POINT('',(-9.876486036912,-16.07755014251,
    24.599529179651));
#5538 = CARTESIAN_POINT('',(-9.750160545136,-15.95997556266,
    24.599534680002));
#5539 = CARTESIAN_POINT('',(-9.638827944739,-15.82883332917,
    24.599541868063));
#5540 = CARTESIAN_POINT('',(-9.449289356134,-15.54406553333,
    24.599559335757));
#5541 = CARTESIAN_POINT('',(-9.37111861705,-15.39029812127,
    24.599569628714));
#5542 = CARTESIAN_POINT('',(-9.311354283459,-15.22789705246,
    24.599581311263));
#5543 = CARTESIAN_POINT('',(-9.271122433551,-15.05958963845,
    24.599594191533));
#5544 = CARTESIAN_POINT('',(-9.250997046008,-14.88827018658,
    24.599608043798));
#5545 = CARTESIAN_POINT('',(-9.251,-14.717,24.599622608473));
#5546 = PCURVE('',#5285,#5547);
#5547 = DEFINITIONAL_REPRESENTATION('',(#5548),#5618);
#5548 = B_SPLINE_CURVE_WITH_KNOTS('',3,(#5549,#5550,#5551,#5552,#5553,
    #5554,#5555,#5556,#5557,#5558,#5559,#5560,#5561,#5562,#5563,#5564,
    #5565,#5566,#5567,#5568,#5569,#5570,#5571,#5572,#5573,#5574,#5575,
    #5576,#5577,#5578,#5579,#5580,#5581,#5582,#5583,#5584,#5585,#5586,
    #5587,#5588,#5589,#5590,#5591,#5592,#5593,#5594,#5595,#5596,#5597,
    #5598,#5599,#5600,#5601,#5602,#5603,#5604,#5605,#5606,#5607,#5608,
    #5609,#5610,#5611,#5612,#5613,#5614,#5615,#5616,#5617),
  .UNSPECIFIED.,.F.,.F.,(4,1,1,1,1,1,1,1,1,1,1,1,1,1,1,1,1,1,1,1,1,1,1,1
    ,1,1,1,1,1,1,1,1,1,1,1,1,1,1,1,1,1,1,1,1,1,1,1,1,1,1,1,1,1,1,1,1,1,1
    ,1,1,1,1,1,1,1,1,4),(0.,7.573778384113E-03,1.514755676823E-02,
    2.272133515234E-02,3.029511353645E-02,3.786889192056E-02,
    4.544267030468E-02,5.301644868879E-02,6.05902270729E-02,
    6.816400545702E-02,7.573778384113E-02,8.331156222524E-02,
    9.088534060935E-02,9.845911899347E-02,0.106032897378,0.113606675762,
    0.121180454146,0.12875423253,0.136328010914,0.143901789298,
    0.151475567682,0.159049346066,0.16662312445,0.174196902835,
    0.181770681219,0.189344459603,0.196918237987,0.204492016371,
    0.212065794755,0.219639573139,0.227213351523,0.234787129907,
    0.242360908292,0.249934686676,0.25750846506,0.265082243444,
    0.272656021828,0.280229800212,0.287803578596,0.29537735698,
    0.302951135365,0.310524913749,0.318098692133,0.325672470517,
    0.333246248901,0.340820027285,0.348393805669,0.355967584053,
    0.363541362437,0.371115140822,0.378688919206,0.38626269759,
    0.393836475974,0.401410254358,0.408984032742,0.416557811126,
    0.42413158951,0.431705367894,0.439279146279,0.446852924663,
    0.454426703047,0.462000481431,0.469574259815,0.477148038199,
    0.484721816583,0.492295594967,0.499869373351),
  .QUASI_UNIFORM_KNOTS.);
#5549 = CARTESIAN_POINT('',(0.,1.599622608473));
#5550 = CARTESIAN_POINT('',(1.585736499864E-02,1.599624968303));
#5551 = CARTESIAN_POINT('',(4.757225105001E-02,1.599629735075));
#5552 = CARTESIAN_POINT('',(9.514469623652E-02,1.599637010033));
#5553 = CARTESIAN_POINT('',(0.142716704455,1.599644393324));
#5554 = CARTESIAN_POINT('',(0.190288426214,1.599651868239));
#5555 = CARTESIAN_POINT('',(0.237860174383,1.59965941792));
#5556 = CARTESIAN_POINT('',(0.285432257953,1.599667025331));
#5557 = CARTESIAN_POINT('',(0.333004715705,1.599674673264));
#5558 = CARTESIAN_POINT('',(0.380577078435,1.599682344343));
#5559 = CARTESIAN_POINT('',(0.428148169325,1.599690021016));
#5560 = CARTESIAN_POINT('',(0.475719556082,1.599697686169));
#5561 = CARTESIAN_POINT('',(0.523290906732,1.599705322405));
#5562 = CARTESIAN_POINT('',(0.570862317883,1.599712912462));
#5563 = CARTESIAN_POINT('',(0.618433801973,1.599720439167));
#5564 = CARTESIAN_POINT('',(0.666004982984,1.599727885441));
#5565 = CARTESIAN_POINT('',(0.713577544201,1.599735234673));
#5566 = CARTESIAN_POINT('',(0.761145128964,1.599742469333));
#5567 = CARTESIAN_POINT('',(0.808733120935,1.599749576812));
#5568 = CARTESIAN_POINT('',(0.856341357006,1.599756540752));
#5569 = CARTESIAN_POINT('',(0.903959544256,1.599763343774));
#5570 = CARTESIAN_POINT('',(0.951582718409,1.599769969678));
#5571 = CARTESIAN_POINT('',(0.999206675986,1.599776402828));
#5572 = CARTESIAN_POINT('',(1.046828812452,1.59978262829));
#5573 = CARTESIAN_POINT('',(1.094447554362,1.599788631776));
#5574 = CARTESIAN_POINT('',(1.142062211298,1.59979439964));
#5575 = CARTESIAN_POINT('',(1.189672756981,1.599799918868));
#5576 = CARTESIAN_POINT('',(1.237279667906,1.599805177074));
#5577 = CARTESIAN_POINT('',(1.284883780467,1.599810162494));
#5578 = CARTESIAN_POINT('',(1.332486171119,1.599814863994));
#5579 = CARTESIAN_POINT('',(1.380088051452,1.599819271068));
#5580 = CARTESIAN_POINT('',(1.427690672683,1.599823373847));
#5581 = CARTESIAN_POINT('',(1.475295232859,1.599827163115));
#5582 = CARTESIAN_POINT('',(1.522902780428,1.599830630318));
#5583 = CARTESIAN_POINT('',(1.570514107027,1.599833767584));
#5584 = CARTESIAN_POINT('',(1.618129625972,1.599836567748));
#5585 = CARTESIAN_POINT('',(1.665749221235,1.599839024369));
#5586 = CARTESIAN_POINT('',(1.713372098436,1.599841131766));
#5587 = CARTESIAN_POINT('',(1.760996498701,1.599842885046));
#5588 = CARTESIAN_POINT('',(1.808619778186,1.599844280138));
#5589 = CARTESIAN_POINT('',(1.856236966079,1.59984531383));
#5590 = CARTESIAN_POINT('',(1.903844839905,1.599845983824));
#5591 = CARTESIAN_POINT('',(1.951425251945,1.599846288732));
#5592 = CARTESIAN_POINT('',(1.99900574645,1.599846228296));
#5593 = CARTESIAN_POINT('',(2.046613105053,1.599845802374));
#5594 = CARTESIAN_POINT('',(2.094229540655,1.599845011708));
#5595 = CARTESIAN_POINT('',(2.141851865014,1.599843858032));
#5596 = CARTESIAN_POINT('',(2.18947520524,1.599842343985));
#5597 = CARTESIAN_POINT('',(2.237096977054,1.599840473082));
#5598 = CARTESIAN_POINT('',(2.284715472695,1.59983824967));
#5599 = CARTESIAN_POINT('',(2.332329934935,1.599835678899));
#5600 = CARTESIAN_POINT('',(2.379940274755,1.599832766684));
#5601 = CARTESIAN_POINT('',(2.427546923355,1.599829519684));
#5602 = CARTESIAN_POINT('',(2.475150682508,1.599825945271));
#5603 = CARTESIAN_POINT('',(2.522752603863,1.599822051516));
#5604 = CARTESIAN_POINT('',(2.570353882149,1.599817847166));
#5605 = CARTESIAN_POINT('',(2.617955758685,1.599813341634));
#5606 = CARTESIAN_POINT('',(2.665559428046,1.599808544987));
#5607 = CARTESIAN_POINT('',(2.7131659415,1.599803467936));
#5608 = CARTESIAN_POINT('',(2.760776100662,1.599798121838));
#5609 = CARTESIAN_POINT('',(2.808390335405,1.599792518694));
#5610 = CARTESIAN_POINT('',(2.856008559825,1.599786671149));
#5611 = CARTESIAN_POINT('',(2.903630003869,1.599780592502));
#5612 = CARTESIAN_POINT('',(2.951253007802,1.599774296717));
#5613 = CARTESIAN_POINT('',(2.99887481049,1.599767798431));
#5614 = CARTESIAN_POINT('',(3.046491204715,1.599761112995));
#5615 = CARTESIAN_POINT('',(3.094096527998,1.599754256398));
#5616 = CARTESIAN_POINT('',(3.125820338094,1.599749582568));
#5617 = CARTESIAN_POINT('',(3.141677689144,1.599747222749));
#5618 = ( GEOMETRIC_REPRESENTATION_CONTEXT(2) 
PARAMETRIC_REPRESENTATION_CONTEXT() REPRESENTATION_CONTEXT('2D SPACE',''
  ) );
#5619 = PCURVE('',#5620,#5625);
#5620 = CONICAL_SURFACE('',#5621,2.25,0.785398163397);
#5621 = AXIS2_PLACEMENT_3D('',#5622,#5623,#5624);
#5622 = CARTESIAN_POINT('',(-11.00093768657,-14.71714881219,
    25.099684915575));
#5623 = DIRECTION('',(0.,0.,1.));
#5624 = DIRECTION('',(1.,0.,-0.));
#5625 = DEFINITIONAL_REPRESENTATION('',(#5626),#5696);
#5626 = B_SPLINE_CURVE_WITH_KNOTS('',3,(#5627,#5628,#5629,#5630,#5631,
    #5632,#5633,#5634,#5635,#5636,#5637,#5638,#5639,#5640,#5641,#5642,
    #5643,#5644,#5645,#5646,#5647,#5648,#5649,#5650,#5651,#5652,#5653,
    #5654,#5655,#5656,#5657,#5658,#5659,#5660,#5661,#5662,#5663,#5664,
    #5665,#5666,#5667,#5668,#5669,#5670,#5671,#5672,#5673,#5674,#5675,
    #5676,#5677,#5678,#5679,#5680,#5681,#5682,#5683,#5684,#5685,#5686,
    #5687,#5688,#5689,#5690,#5691,#5692,#5693,#5694,#5695),
  .UNSPECIFIED.,.F.,.F.,(4,1,1,1,1,1,1,1,1,1,1,1,1,1,1,1,1,1,1,1,1,1,1,1
    ,1,1,1,1,1,1,1,1,1,1,1,1,1,1,1,1,1,1,1,1,1,1,1,1,1,1,1,1,1,1,1,1,1,1
    ,1,1,1,1,1,1,1,1,4),(0.,7.573778384113E-03,1.514755676823E-02,
    2.272133515234E-02,3.029511353645E-02,3.786889192056E-02,
    4.544267030468E-02,5.301644868879E-02,6.05902270729E-02,
    6.816400545702E-02,7.573778384113E-02,8.331156222524E-02,
    9.088534060935E-02,9.845911899347E-02,0.106032897378,0.113606675762,
    0.121180454146,0.12875423253,0.136328010914,0.143901789298,
    0.151475567682,0.159049346066,0.16662312445,0.174196902835,
    0.181770681219,0.189344459603,0.196918237987,0.204492016371,
    0.212065794755,0.219639573139,0.227213351523,0.234787129907,
    0.242360908292,0.249934686676,0.25750846506,0.265082243444,
    0.272656021828,0.280229800212,0.287803578596,0.29537735698,
    0.302951135365,0.310524913749,0.318098692133,0.325672470517,
    0.333246248901,0.340820027285,0.348393805669,0.355967584053,
    0.363541362437,0.371115140822,0.378688919206,0.38626269759,
    0.393836475974,0.401410254358,0.408984032742,0.416557811126,
    0.42413158951,0.431705367894,0.439279146279,0.446852924663,
    0.454426703047,0.462000481431,0.469574259815,0.477148038199,
    0.484721816583,0.492295594967,0.499869373351),
  .QUASI_UNIFORM_KNOTS.);
#5627 = CARTESIAN_POINT('',(8.503856496338E-05,-0.500062307103));
#5628 = CARTESIAN_POINT('',(1.594296814977E-02,-0.500059939117));
#5629 = CARTESIAN_POINT('',(4.765891908063E-02,-0.500055171652));
#5630 = CARTESIAN_POINT('',(9.523276557339E-02,-0.500047915935));
#5631 = CARTESIAN_POINT('',(0.142805975764,-0.50004051599));
#5632 = CARTESIAN_POINT('',(0.190378697494,-0.500033035954));
#5633 = CARTESIAN_POINT('',(0.237951241371,-0.500025503466));
#5634 = CARTESIAN_POINT('',(0.285523914592,-0.500017905962));
#5635 = CARTESIAN_POINT('',(0.333096754596,-0.500010215719));
#5636 = CARTESIAN_POINT('',(0.38066929131,-0.500002466765));
#5637 = CARTESIAN_POINT('',(0.428240347558,-0.499994896408));
#5638 = CARTESIAN_POINT('',(0.475811491101,-0.499987226293));
#5639 = CARTESIAN_POINT('',(0.523382390528,-0.499979594638));
#5640 = CARTESIAN_POINT('',(0.570953143471,-0.499972000329));
#5641 = CARTESIAN_POINT('',(0.618523763858,-0.499964483633));
#5642 = CARTESIAN_POINT('',(0.666093877637,-0.499957003974));
#5643 = CARTESIAN_POINT('',(0.713665170469,-0.499949778196));
#5644 = CARTESIAN_POINT('',(0.761231288709,-0.499942038682));
#5645 = CARTESIAN_POINT('',(0.808817618559,-0.49993469363));
#5646 = CARTESIAN_POINT('',(0.856424000426,-0.499928091216));
#5647 = CARTESIAN_POINT('',(0.904040145747,-0.499921550772));
#5648 = CARTESIAN_POINT('',(0.951661095006,-0.499915052537));
#5649 = CARTESIAN_POINT('',(0.999282649935,-0.499908606676));
#5650 = CARTESIAN_POINT('',(1.046902211594,-0.499902301567));
#5651 = CARTESIAN_POINT('',(1.094518212497,-0.499896216506));
#5652 = CARTESIAN_POINT('',(1.142129968523,-0.499890406593));
#5653 = CARTESIAN_POINT('',(1.189737460014,-0.499884894251));
#5654 = CARTESIAN_POINT('',(1.23734117039,-0.499879676014));
#5655 = CARTESIAN_POINT('',(1.284941943267,-0.499874734466));
#5656 = CARTESIAN_POINT('',(1.33254086261,-0.499870051575));
#5657 = CARTESIAN_POINT('',(1.380139147793,-0.499865619398));
#5658 = CARTESIAN_POINT('',(1.427738058081,-0.499861445744));
#5659 = CARTESIAN_POINT('',(1.475338799825,-0.499857553571));
#5660 = CARTESIAN_POINT('',(1.522942430027,-0.499853974214));
#5661 = CARTESIAN_POINT('',(1.570549749113,-0.499850735852));
#5662 = CARTESIAN_POINT('',(1.618161179424,-0.49984784987));
#5663 = CARTESIAN_POINT('',(1.665776614187,-0.499845299042));
#5664 = CARTESIAN_POINT('',(1.713395268503,-0.499843032544));
#5665 = CARTESIAN_POINT('',(1.76101539322,-0.499840973981));
#5666 = CARTESIAN_POINT('',(1.808634354422,-0.499839049111));
#5667 = CARTESIAN_POINT('',(1.856247191549,-0.499837242296));
#5668 = CARTESIAN_POINT('',(1.903850692299,-0.499835685219));
#5669 = CARTESIAN_POINT('',(1.951426720551,-0.499834804521));
#5670 = CARTESIAN_POINT('',(1.999002827939,-0.499835469992));
#5671 = CARTESIAN_POINT('',(2.046605803547,-0.499836775798));
#5672 = CARTESIAN_POINT('',(2.094217871858,-0.499838329929));
#5673 = CARTESIAN_POINT('',(2.141835854831,-0.499840004847));
#5674 = CARTESIAN_POINT('',(2.189454889874,-0.499841820708));
#5675 = CARTESIAN_POINT('',(2.2370724027,-0.499843851432));
#5676 = CARTESIAN_POINT('',(2.284686695347,-0.499846172011));
#5677 = CARTESIAN_POINT('',(2.332297020164,-0.499848831481));
#5678 = CARTESIAN_POINT('',(2.379903297497,-0.499851845809));
#5679 = CARTESIAN_POINT('',(2.427505967695,-0.499855203197));
#5680 = CARTESIAN_POINT('',(2.475105841459,-0.499858875935));
#5681 = CARTESIAN_POINT('',(2.522703979141,-0.499862833792));
#5682 = CARTESIAN_POINT('',(2.570301583939,-0.499867055133));
#5683 = CARTESIAN_POINT('',(2.617899905396,-0.499871533182));
#5684 = CARTESIAN_POINT('',(2.665500146061,-0.49987627613));
#5685 = CARTESIAN_POINT('',(2.713103364911,-0.499881301078));
#5686 = CARTESIAN_POINT('',(2.760710370997,-0.499886623134));
#5687 = CARTESIAN_POINT('',(2.808321601344,-0.499892242211));
#5688 = CARTESIAN_POINT('',(2.855936976904,-0.499898131458));
#5689 = CARTESIAN_POINT('',(2.903555734169,-0.499904231861));
#5690 = CARTESIAN_POINT('',(2.951176219623,-0.499910460681));
#5691 = CARTESIAN_POINT('',(2.998795678001,-0.499916734478));
#5692 = CARTESIAN_POINT('',(3.046409907566,-0.499923037644));
#5693 = CARTESIAN_POINT('',(3.094013250948,-0.499929458128));
#5694 = CARTESIAN_POINT('',(3.125735867246,-0.499934167554));
#5695 = CARTESIAN_POINT('',(3.141592653703,-0.49993669639));
#5696 = ( GEOMETRIC_REPRESENTATION_CONTEXT(2) 
PARAMETRIC_REPRESENTATION_CONTEXT() REPRESENTATION_CONTEXT('2D SPACE',''
  ) );
#5697 = ORIENTED_EDGE('',*,*,#5698,.F.);
#5698 = EDGE_CURVE('',#5269,#5463,#5699,.T.);
#5699 = SEAM_CURVE('',#5700,(#5704,#5711),.PCURVE_S1.);
#5700 = LINE('',#5701,#5702);
#5701 = CARTESIAN_POINT('',(-9.251,-14.717,23.));
#5702 = VECTOR('',#5703,1.);
#5703 = DIRECTION('',(0.,0.,1.));
#5704 = PCURVE('',#5285,#5705);
#5705 = DEFINITIONAL_REPRESENTATION('',(#5706),#5710);
#5706 = LINE('',#5707,#5708);
#5707 = CARTESIAN_POINT('',(0.,-0.));
#5708 = VECTOR('',#5709,1.);
#5709 = DIRECTION('',(0.,1.));
#5710 = ( GEOMETRIC_REPRESENTATION_CONTEXT(2) 
PARAMETRIC_REPRESENTATION_CONTEXT() REPRESENTATION_CONTEXT('2D SPACE',''
  ) );
#5711 = PCURVE('',#5285,#5712);
#5712 = DEFINITIONAL_REPRESENTATION('',(#5713),#5717);
#5713 = LINE('',#5714,#5715);
#5714 = CARTESIAN_POINT('',(6.28318530718,-0.));
#5715 = VECTOR('',#5716,1.);
#5716 = DIRECTION('',(0.,1.));
#5717 = ( GEOMETRIC_REPRESENTATION_CONTEXT(2) 
PARAMETRIC_REPRESENTATION_CONTEXT() REPRESENTATION_CONTEXT('2D SPACE',''
  ) );
#5718 = ORIENTED_EDGE('',*,*,#5268,.T.);
#5719 = ORIENTED_EDGE('',*,*,#5698,.T.);
#5720 = ORIENTED_EDGE('',*,*,#5721,.F.);
#5721 = EDGE_CURVE('',#5465,#5463,#5722,.T.);
#5722 = SURFACE_CURVE('',#5723,(#5801,#5874),.PCURVE_S1.);
#5723 = B_SPLINE_CURVE_WITH_KNOTS('',6,(#5724,#5725,#5726,#5727,#5728,
    #5729,#5730,#5731,#5732,#5733,#5734,#5735,#5736,#5737,#5738,#5739,
    #5740,#5741,#5742,#5743,#5744,#5745,#5746,#5747,#5748,#5749,#5750,
    #5751,#5752,#5753,#5754,#5755,#5756,#5757,#5758,#5759,#5760,#5761,
    #5762,#5763,#5764,#5765,#5766,#5767,#5768,#5769,#5770,#5771,#5772,
    #5773,#5774,#5775,#5776,#5777,#5778,#5779,#5780,#5781,#5782,#5783,
    #5784,#5785,#5786,#5787,#5788,#5789,#5790,#5791,#5792,#5793,#5794,
    #5795,#5796,#5797,#5798,#5799,#5800),.UNSPECIFIED.,.T.,.F.,(1,6,5,5,
    5,5,5,5,5,5,5,5,5,5,5,5,6,1),(-9.3490195831E-02,0.,
    6.283436039658E-02,9.098458630761E-02,0.105562355838,0.120140101932,
    0.310498691927,0.499855834994,0.56320449521,0.594118732993,
    0.609952910978,0.617995679112,0.625284443757,0.720030814086,
    0.81327030976,0.906509804169,1.,1.062834360397),.UNSPECIFIED.);
#5724 = CARTESIAN_POINT('',(-9.251,-14.717,24.599622608473));
#5725 = CARTESIAN_POINT('',(-9.2509998297,-14.60188757218,
    24.599632397463));
#5726 = CARTESIAN_POINT('',(-9.260086888348,-14.4867707187,
    24.59964251035));
#5727 = CARTESIAN_POINT('',(-9.278259257075,-14.37255858071,
    24.599652869746));
#5728 = CARTESIAN_POINT('',(-9.305399449213,-14.26013849386,
    24.599663396004));
#5729 = CARTESIAN_POINT('',(-9.341274410296,-14.1503759883,
    24.599674007221));
#5730 = CARTESIAN_POINT('',(-9.405364641488,-13.99650897434,
    24.599689373492));
#5731 = CARTESIAN_POINT('',(-9.426877299606,-13.94960422614,
    24.599694128063));
#5732 = CARTESIAN_POINT('',(-9.450042381015,-13.90347520572,
    24.599698875494));
#5733 = CARTESIAN_POINT('',(-9.474824567428,-13.85819436876,
    24.599703608365));
#5734 = CARTESIAN_POINT('',(-9.501184333671,-13.81383196495,
    24.599708319295));
#5735 = CARTESIAN_POINT('',(-9.543522828147,-13.74799354393,
    24.599715425362));
#5736 = CARTESIAN_POINT('',(-9.558379066897,-13.72579556461,
    24.599717841932));
#5737 = CARTESIAN_POINT('',(-9.573640603403,-13.70387152503,
    24.599720249636));
#5738 = CARTESIAN_POINT('',(-9.589301098481,-13.68223065243,
    24.599722647462));
#5739 = CARTESIAN_POINT('',(-9.605353934298,-13.6608819763,
    24.599725034409));
#5740 = CARTESIAN_POINT('',(-9.638230467941,-13.6187867143,
    24.599729784544));
#5741 = CARTESIAN_POINT('',(-9.655054170301,-13.59804012006,
    24.599732147733));
#5742 = CARTESIAN_POINT('',(-9.672256424499,-13.57760337704,
    24.59973449805));
#5743 = CARTESIAN_POINT('',(-9.689830074183,-13.55748509418,
    24.599736834508));
#5744 = CARTESIAN_POINT('',(-9.707767703595,-13.53769365803,
    24.599739156129));
#5745 = CARTESIAN_POINT('',(-9.964941426171,-13.26416698583,
    24.599771571927));
#5746 = CARTESIAN_POINT('',(-10.26537878816,-13.06645561283,
    24.599799080787));
#5747 = CARTESIAN_POINT('',(-10.60888506815,-12.94572986828,
    24.599821576452));
#5748 = CARTESIAN_POINT('',(-10.97125119516,-12.91019251811,
    24.599837499942));
#5749 = CARTESIAN_POINT('',(-11.32706748633,-12.96262717148,
    24.599845710169));
#5750 = CARTESIAN_POINT('',(-11.97296485725,-13.22095486578,
    24.599846741942));
#5751 = CARTESIAN_POINT('',(-12.26539974675,-13.42684419451,
    24.59983964761));
#5752 = CARTESIAN_POINT('',(-12.50265203024,-13.70029058874,
    24.599824844331));
#5753 = CARTESIAN_POINT('',(-12.66843844935,-14.02212230604,
    24.599803382211));
#5754 = CARTESIAN_POINT('',(-12.75100710138,-14.37010063554,
    24.599776733309));
#5755 = CARTESIAN_POINT('',(-12.75100028686,-14.83305376811,
    24.599737366999));
#5756 = CARTESIAN_POINT('',(-12.74176368664,-14.94911456796,
    24.599727169109));
#5757 = CARTESIAN_POINT('',(-12.72329235906,-15.06424805464,
    24.59971672118));
#5758 = CARTESIAN_POINT('',(-12.69570779138,-15.17754395741,
    24.599706104935));
#5759 = CARTESIAN_POINT('',(-12.65925079848,-15.28811607971,
    24.599695404304));
#5760 = CARTESIAN_POINT('',(-12.59233658343,-15.44731178447,
    24.59967948435));
#5761 = CARTESIAN_POINT('',(-12.56836402266,-15.49866918441,
    24.599674263519));
#5762 = CARTESIAN_POINT('',(-12.54240541096,-15.54907568722,
    24.599669052811));
#5763 = CARTESIAN_POINT('',(-12.51450839772,-15.59843576364,
    24.599663862046));
#5764 = CARTESIAN_POINT('',(-12.48472671125,-15.64665716691,
    24.599658700982));
#5765 = CARTESIAN_POINT('',(-12.43693138103,-15.71772099693,
    24.599650956012));
#5766 = CARTESIAN_POINT('',(-12.4202638279,-15.74146904779,
    24.59964834304));
#5767 = CARTESIAN_POINT('',(-12.40312551538,-15.76488316916,
    24.599645741696));
#5768 = CARTESIAN_POINT('',(-12.38552484035,-15.78795172961,
    24.599643153269));
#5769 = CARTESIAN_POINT('',(-12.3674705806,-15.81066338246,
    24.599640579037));
#5770 = CARTESIAN_POINT('',(-12.33957572402,-15.84435625387,
    24.599636720571));
#5771 = CARTESIAN_POINT('',(-12.33006488998,-15.8556105074,
    24.599635424865));
#5772 = CARTESIAN_POINT('',(-12.32044059201,-15.8667683779,
    24.599634133313));
#5773 = CARTESIAN_POINT('',(-12.31070405328,-15.87782843774,
    24.599632846082));
#5774 = CARTESIAN_POINT('',(-12.30085652087,-15.88878928006,
    24.599631563334));
#5775 = CARTESIAN_POINT('',(-12.28187549572,-15.90949161833,
    24.599629126953));
#5776 = CARTESIAN_POINT('',(-12.27276161127,-15.91925109336,
    24.59962797249));
#5777 = CARTESIAN_POINT('',(-12.26355855823,-15.92892691233,
    24.599626821964));
#5778 = CARTESIAN_POINT('',(-12.2542672979,-15.93851805846,
    24.599625675497));
#5779 = CARTESIAN_POINT('',(-12.24488880701,-15.94802352977,
    24.599624533209));
#5780 = CARTESIAN_POINT('',(-12.11239468319,-16.07987934545,
    24.599608602412));
#5781 = CARTESIAN_POINT('',(-11.97474507675,-16.18769948907,
    24.599594531839));
#5782 = CARTESIAN_POINT('',(-11.82475267439,-16.27866982874,
    24.599581454515));
#5783 = CARTESIAN_POINT('',(-11.66497869447,-16.35109558073,
    24.599569605806));
#5784 = CARTESIAN_POINT('',(-11.49826815764,-16.40382011879,
    24.599559185422));
#5785 = CARTESIAN_POINT('',(-11.15994471895,-16.46812039435,
    24.599541669357));
#5786 = CARTESIAN_POINT('',(-10.98835363516,-16.48035692928,
    24.599534518254));
#5787 = CARTESIAN_POINT('',(-10.81596332186,-16.47238878063,
    24.599529056924));
#5788 = CARTESIAN_POINT('',(-10.64570062716,-16.44423762363,
    24.599525387776));
#5789 = CARTESIAN_POINT('',(-10.48043256088,-16.39649260695,
    24.599523562819));
#5790 = CARTESIAN_POINT('',(-10.1654977811,-16.26413345154,
    24.59952360396));
#5791 = CARTESIAN_POINT('',(-10.01574081991,-16.17948138459,
    24.59952547007));
#5792 = CARTESIAN_POINT('',(-9.876486036912,-16.07755014251,
    24.599529179651));
#5793 = CARTESIAN_POINT('',(-9.750160545136,-15.95997556266,
    24.599534680002));
#5794 = CARTESIAN_POINT('',(-9.638827944739,-15.82883332917,
    24.599541868063));
#5795 = CARTESIAN_POINT('',(-9.449289356134,-15.54406553333,
    24.599559335757));
#5796 = CARTESIAN_POINT('',(-9.37111861705,-15.39029812127,
    24.599569628714));
#5797 = CARTESIAN_POINT('',(-9.311354283459,-15.22789705246,
    24.599581311263));
#5798 = CARTESIAN_POINT('',(-9.271122433551,-15.05958963845,
    24.599594191533));
#5799 = CARTESIAN_POINT('',(-9.250997046008,-14.88827018658,
    24.599608043798));
#5800 = CARTESIAN_POINT('',(-9.251,-14.717,24.599622608473));
#5801 = PCURVE('',#5285,#5802);
#5802 = DEFINITIONAL_REPRESENTATION('',(#5803),#5873);
#5803 = B_SPLINE_CURVE_WITH_KNOTS('',3,(#5804,#5805,#5806,#5807,#5808,
    #5809,#5810,#5811,#5812,#5813,#5814,#5815,#5816,#5817,#5818,#5819,
    #5820,#5821,#5822,#5823,#5824,#5825,#5826,#5827,#5828,#5829,#5830,
    #5831,#5832,#5833,#5834,#5835,#5836,#5837,#5838,#5839,#5840,#5841,
    #5842,#5843,#5844,#5845,#5846,#5847,#5848,#5849,#5850,#5851,#5852,
    #5853,#5854,#5855,#5856,#5857,#5858,#5859,#5860,#5861,#5862,#5863,
    #5864,#5865,#5866,#5867,#5868,#5869,#5870,#5871,#5872),
  .UNSPECIFIED.,.F.,.F.,(4,1,1,1,1,1,1,1,1,1,1,1,1,1,1,1,1,1,1,1,1,1,1,1
    ,1,1,1,1,1,1,1,1,1,1,1,1,1,1,1,1,1,1,1,1,1,1,1,1,1,1,1,1,1,1,1,1,1,1
    ,1,1,1,1,1,1,1,1,4),(0.499869373351,0.507447110119,0.515024846886,
    0.522602583654,0.530180320421,0.537758057188,0.545335793956,
    0.552913530723,0.560491267491,0.568069004258,0.575646741025,
    0.583224477793,0.59080221456,0.598379951328,0.605957688095,
    0.613535424862,0.62111316163,0.628690898397,0.636268635165,
    0.643846371932,0.651424108699,0.659001845467,0.666579582234,
    0.674157319002,0.681735055769,0.689312792537,0.696890529304,
    0.704468266071,0.712046002839,0.719623739606,0.727201476374,
    0.734779213141,0.742356949908,0.749934686676,0.757512423443,
    0.765090160211,0.772667896978,0.780245633745,0.787823370513,
    0.79540110728,0.802978844048,0.810556580815,0.818134317582,
    0.82571205435,0.833289791117,0.840867527885,0.848445264652,
    0.856023001419,0.863600738187,0.871178474954,0.878756211722,
    0.886333948489,0.893911685256,0.901489422024,0.909067158791,
    0.916644895559,0.924222632326,0.931800369093,0.939378105861,
    0.946955842628,0.954533579396,0.962111316163,0.96968905293,
    0.977266789698,0.984844526465,0.992422263233,1.),
  .QUASI_UNIFORM_KNOTS.);
#5804 = CARTESIAN_POINT('',(3.141677689144,1.599747222749));
#5805 = CARTESIAN_POINT('',(3.157543214956,1.599744861771));
#5806 = CARTESIAN_POINT('',(3.189274626122,1.599740092626));
#5807 = CARTESIAN_POINT('',(3.236872237103,1.599732813928));
#5808 = CARTESIAN_POINT('',(3.284469525162,1.599725426769));
#5809 = CARTESIAN_POINT('',(3.332066487839,1.599717947896));
#5810 = CARTESIAN_POINT('',(3.379663347999,1.599710394204));
#5811 = CARTESIAN_POINT('',(3.427260397596,1.599702782758));
#5812 = CARTESIAN_POINT('',(3.474857706553,1.599695130784));
#5813 = CARTESIAN_POINT('',(3.522454943716,1.599687455665));
#5814 = CARTESIAN_POINT('',(3.570050934867,1.599679774978));
#5815 = CARTESIAN_POINT('',(3.617647106182,1.599672105888));
#5816 = CARTESIAN_POINT('',(3.665243137572,1.599664465817));
#5817 = CARTESIAN_POINT('',(3.712839202725,1.599656872043));
#5818 = CARTESIAN_POINT('',(3.760435144194,1.599649341791));
#5819 = CARTESIAN_POINT('',(3.808031054166,1.599641892103));
#5820 = CARTESIAN_POINT('',(3.855626892918,1.599634539853));
#5821 = CARTESIAN_POINT('',(3.903222802683,1.599627301694));
#5822 = CARTESIAN_POINT('',(3.950818254443,1.599620194031));
#5823 = CARTESIAN_POINT('',(3.998418358729,1.599613232321));
#5824 = CARTESIAN_POINT('',(4.046019610346,1.599606432847));
#5825 = CARTESIAN_POINT('',(4.093620635124,1.599599811185));
#5826 = CARTESIAN_POINT('',(4.141220674259,1.599593382435));
#5827 = CARTESIAN_POINT('',(4.188819732138,1.599587161157));
#5828 = CARTESIAN_POINT('',(4.236418245781,1.59958116139));
#5829 = CARTESIAN_POINT('',(4.28401686504,1.599575396647));
#5830 = CARTESIAN_POINT('',(4.331616176876,1.599569879915));
#5831 = CARTESIAN_POINT('',(4.379216500145,1.599564623649));
#5832 = CARTESIAN_POINT('',(4.426817461256,1.599559639794));
#5833 = CARTESIAN_POINT('',(4.474418432043,1.599554939718));
#5834 = CARTESIAN_POINT('',(4.522015842864,1.599550534436));
#5835 = CARTESIAN_POINT('',(4.569612285183,1.599546433786));
#5836 = CARTESIAN_POINT('',(4.617212884607,1.599542646526));
#5837 = CARTESIAN_POINT('',(4.664813385292,1.599539181563));
#5838 = CARTESIAN_POINT('',(4.712413310403,1.59953604676));
#5839 = CARTESIAN_POINT('',(4.760012214932,1.59953324925));
#5840 = CARTESIAN_POINT('',(4.80761040804,1.599530795357));
#5841 = CARTESIAN_POINT('',(4.855208453339,1.599528690616));
#5842 = CARTESIAN_POINT('',(4.902806981525,1.599526939767));
#5843 = CARTESIAN_POINT('',(4.950406417203,1.599525546755));
#5844 = CARTESIAN_POINT('',(4.998006726736,1.599524514733));
#5845 = CARTESIAN_POINT('',(5.045607206536,1.599523846061));
#5846 = CARTESIAN_POINT('',(5.093206175559,1.599523542296));
#5847 = CARTESIAN_POINT('',(5.140801144957,1.599523604231));
#5848 = CARTESIAN_POINT('',(5.188401164169,1.599524031696));
#5849 = CARTESIAN_POINT('',(5.236001611542,1.599524823632));
#5850 = CARTESIAN_POINT('',(5.283601740815,1.599525978208));
#5851 = CARTESIAN_POINT('',(5.331200890422,1.599527492796));
#5852 = CARTESIAN_POINT('',(5.378799227517,1.599529363973));
#5853 = CARTESIAN_POINT('',(5.426397247592,1.599531587523));
#5854 = CARTESIAN_POINT('',(5.473995595979,1.599534158438));
#5855 = CARTESIAN_POINT('',(5.521594772952,1.599537070917));
#5856 = CARTESIAN_POINT('',(5.569194957669,1.599540318368));
#5857 = CARTESIAN_POINT('',(5.616795497016,1.599543893391));
#5858 = CARTESIAN_POINT('',(5.664395688282,1.599547787857));
#5859 = CARTESIAN_POINT('',(5.711990841639,1.599551992597));
#5860 = CARTESIAN_POINT('',(5.75958990628,1.599556498906));
#5861 = CARTESIAN_POINT('',(5.807190627231,1.599561296281));
#5862 = CARTESIAN_POINT('',(5.854791214491,1.599566373661));
#5863 = CARTESIAN_POINT('',(5.902390956474,1.599571719464));
#5864 = CARTESIAN_POINT('',(5.949989794371,1.599577321579));
#5865 = CARTESIAN_POINT('',(5.997588144017,1.599583167367));
#5866 = CARTESIAN_POINT('',(6.045186631741,1.599589243662));
#5867 = CARTESIAN_POINT('',(6.092785839905,1.59959553677));
#5868 = CARTESIAN_POINT('',(6.14038606178,1.599602032476));
#5869 = CARTESIAN_POINT('',(6.187987020836,1.599608716022));
#5870 = CARTESIAN_POINT('',(6.235587783771,1.599615572177));
#5871 = CARTESIAN_POINT('',(6.267319956911,1.599620247384));
#5872 = CARTESIAN_POINT('',(6.28318530718,1.599622608473));
#5873 = ( GEOMETRIC_REPRESENTATION_CONTEXT(2) 
PARAMETRIC_REPRESENTATION_CONTEXT() REPRESENTATION_CONTEXT('2D SPACE',''
  ) );
#5874 = PCURVE('',#5620,#5875);
#5875 = DEFINITIONAL_REPRESENTATION('',(#5876),#5946);
#5876 = B_SPLINE_CURVE_WITH_KNOTS('',3,(#5877,#5878,#5879,#5880,#5881,
    #5882,#5883,#5884,#5885,#5886,#5887,#5888,#5889,#5890,#5891,#5892,
    #5893,#5894,#5895,#5896,#5897,#5898,#5899,#5900,#5901,#5902,#5903,
    #5904,#5905,#5906,#5907,#5908,#5909,#5910,#5911,#5912,#5913,#5914,
    #5915,#5916,#5917,#5918,#5919,#5920,#5921,#5922,#5923,#5924,#5925,
    #5926,#5927,#5928,#5929,#5930,#5931,#5932,#5933,#5934,#5935,#5936,
    #5937,#5938,#5939,#5940,#5941,#5942,#5943,#5944,#5945),
  .UNSPECIFIED.,.F.,.F.,(4,1,1,1,1,1,1,1,1,1,1,1,1,1,1,1,1,1,1,1,1,1,1,1
    ,1,1,1,1,1,1,1,1,1,1,1,1,1,1,1,1,1,1,1,1,1,1,1,1,1,1,1,1,1,1,1,1,1,1
    ,1,1,1,1,1,1,1,1,4),(0.499869373351,0.507447110119,0.515024846886,
    0.522602583654,0.530180320421,0.537758057188,0.545335793956,
    0.552913530723,0.560491267491,0.568069004258,0.575646741025,
    0.583224477793,0.59080221456,0.598379951328,0.605957688095,
    0.613535424862,0.62111316163,0.628690898397,0.636268635165,
    0.643846371932,0.651424108699,0.659001845467,0.666579582234,
    0.674157319002,0.681735055769,0.689312792537,0.696890529304,
    0.704468266071,0.712046002839,0.719623739606,0.727201476374,
    0.734779213141,0.742356949908,0.749934686676,0.757512423443,
    0.765090160211,0.772667896978,0.780245633745,0.787823370513,
    0.79540110728,0.802978844048,0.810556580815,0.818134317582,
    0.82571205435,0.833289791117,0.840867527885,0.848445264652,
    0.856023001419,0.863600738187,0.871178474954,0.878756211722,
    0.886333948489,0.893911685256,0.901489422024,0.909067158791,
    0.916644895559,0.924222632326,0.931800369093,0.939378105861,
    0.946955842628,0.954533579396,0.962111316163,0.96968905293,
    0.977266789698,0.984844526465,0.992422263233,1.),
  .QUASI_UNIFORM_KNOTS.);
#5877 = CARTESIAN_POINT('',(-3.141592653476,-0.49993669639));
#5878 = CARTESIAN_POINT('',(-3.125727692636,-0.499939272883));
#5879 = CARTESIAN_POINT('',(-3.09399734707,-0.499944381414));
#5880 = CARTESIAN_POINT('',(-3.046401138299,-0.499951949415));
#5881 = CARTESIAN_POINT('',(-2.998805052929,-0.499959437083));
#5882 = CARTESIAN_POINT('',(-2.951209090745,-0.499966943279));
#5883 = CARTESIAN_POINT('',(-2.903613026615,-0.499974515802));
#5884 = CARTESIAN_POINT('',(-2.856016566789,-0.499982141684));
#5885 = CARTESIAN_POINT('',(-2.80841964,-0.499989771838));
#5886 = CARTESIAN_POINT('',(-2.760822576525,-0.499997377061));
#5887 = CARTESIAN_POINT('',(-2.713226550213,-0.50000513591));
#5888 = CARTESIAN_POINT('',(-2.665630134949,-0.500012807433));
#5889 = CARTESIAN_POINT('',(-2.618033651379,-0.500020450341));
#5890 = CARTESIAN_POINT('',(-2.570436926836,-0.500028043042));
#5891 = CARTESIAN_POINT('',(-2.522840120261,-0.500035571707));
#5892 = CARTESIAN_POINT('',(-2.475243141424,-0.50004303169));
#5893 = CARTESIAN_POINT('',(-2.427646032462,-0.500050344946));
#5894 = CARTESIAN_POINT('',(-2.380048654036,-0.500057728776));
#5895 = CARTESIAN_POINT('',(-2.332451538424,-0.500064288556));
#5896 = CARTESIAN_POINT('',(-2.284849578797,-0.500071435808));
#5897 = CARTESIAN_POINT('',(-2.23724628458,-0.500078511712));
#5898 = CARTESIAN_POINT('',(-2.189643034603,-0.500085225067));
#5899 = CARTESIAN_POINT('',(-2.142040592755,-0.50009158504));
#5900 = CARTESIAN_POINT('',(-2.094438960113,-0.50009769576));
#5901 = CARTESIAN_POINT('',(-2.046837705483,-0.500103648285));
#5902 = CARTESIAN_POINT('',(-1.999236185188,-0.500109449451));
#5903 = CARTESIAN_POINT('',(-1.95163381879,-0.500115005243));
#5904 = CARTESIAN_POINT('',(-1.904030294312,-0.500120155024));
#5905 = CARTESIAN_POINT('',(-1.856425992609,-0.500124755425));
#5906 = CARTESIAN_POINT('',(-1.80882154946,-0.500128819378));
#5907 = CARTESIAN_POINT('',(-1.761220542672,-0.500132681928));
#5908 = CARTESIAN_POINT('',(-1.713620388806,-0.500137288407));
#5909 = CARTESIAN_POINT('',(-1.666015970187,-0.500141713155));
#5910 = CARTESIAN_POINT('',(-1.618411551619,-0.500145572717));
#5911 = CARTESIAN_POINT('',(-1.570807618861,-0.500148828353));
#5912 = CARTESIAN_POINT('',(-1.52320462605,-0.500151594924));
#5913 = CARTESIAN_POINT('',(-1.475602273274,-0.500154007217));
#5914 = CARTESIAN_POINT('',(-1.4280000063,-0.500156132975));
#5915 = CARTESIAN_POINT('',(-1.380397203938,-0.500157936458));
#5916 = CARTESIAN_POINT('',(-1.332793451223,-0.5001592958));
#5917 = CARTESIAN_POINT('',(-1.285188791577,-0.500160060505));
#5918 = CARTESIAN_POINT('',(-1.237583938511,-0.500160199046));
#5919 = CARTESIAN_POINT('',(-1.189980583138,-0.500159844458));
#5920 = CARTESIAN_POINT('',(-1.142381224476,-0.500159945838));
#5921 = CARTESIAN_POINT('',(-1.094776822183,-0.500160187447));
#5922 = CARTESIAN_POINT('',(-1.047172008274,-0.500159856667));
#5923 = CARTESIAN_POINT('',(-0.999567538978,-0.500158891675));
#5924 = CARTESIAN_POINT('',(-0.951964085757,-0.500157371122));
#5925 = CARTESIAN_POINT('',(-0.904361491189,-0.500155447546));
#5926 = CARTESIAN_POINT('',(-0.856759269378,-0.500153223174));
#5927 = CARTESIAN_POINT('',(-0.809156784458,-0.500150703996));
#5928 = CARTESIAN_POINT('',(-0.761553545485,-0.50014779913));
#5929 = CARTESIAN_POINT('',(-0.713949382505,-0.500144366135));
#5930 = CARTESIAN_POINT('',(-0.666344957709,-0.500140332677));
#5931 = CARTESIAN_POINT('',(-0.618740982673,-0.500135767761));
#5932 = CARTESIAN_POINT('',(-0.57114215611,-0.500131370098));
#5933 = CARTESIAN_POINT('',(-0.523539536419,-0.50012752171));
#5934 = CARTESIAN_POINT('',(-0.47593538688,-0.500123265075));
#5935 = CARTESIAN_POINT('',(-0.428331505408,-0.500118465366));
#5936 = CARTESIAN_POINT('',(-0.380728611096,-0.50011315978));
#5937 = CARTESIAN_POINT('',(-0.333126769884,-0.500107510554));
#5938 = CARTESIAN_POINT('',(-0.285525572693,-0.500101657025));
#5939 = CARTESIAN_POINT('',(-0.237924399603,-0.500095657494));
#5940 = CARTESIAN_POINT('',(-0.190322674307,-0.500089473147));
#5941 = CARTESIAN_POINT('',(-0.142720109244,-0.500083000173));
#5942 = CARTESIAN_POINT('',(-9.511698627303E-02,-0.500076174425));
#5943 = CARTESIAN_POINT('',(-4.751424367849E-02,-0.500069041603));
#5944 = CARTESIAN_POINT('',(-1.578087651744E-02,-0.500064472842));
#5945 = CARTESIAN_POINT('',(8.503856496311E-05,-0.500062307103));
#5946 = ( GEOMETRIC_REPRESENTATION_CONTEXT(2) 
PARAMETRIC_REPRESENTATION_CONTEXT() REPRESENTATION_CONTEXT('2D SPACE',''
  ) );
#5947 = ADVANCED_FACE('',(#5948),#5316,.F.);
#5948 = FACE_BOUND('',#5949,.F.);
#5949 = EDGE_LOOP('',(#5950,#6186,#6207,#6208,#6209));
#5950 = ORIENTED_EDGE('',*,*,#5951,.F.);
#5951 = EDGE_CURVE('',#5952,#5954,#5956,.T.);
#5952 = VERTEX_POINT('',#5953);
#5953 = CARTESIAN_POINT('',(12.749,-14.717,24.599622608473));
#5954 = VERTEX_POINT('',#5955);
#5955 = CARTESIAN_POINT('',(9.249000006327,-14.71714881219,
    24.599747222678));
#5956 = SURFACE_CURVE('',#5957,(#6035,#6108),.PCURVE_S1.);
#5957 = B_SPLINE_CURVE_WITH_KNOTS('',6,(#5958,#5959,#5960,#5961,#5962,
    #5963,#5964,#5965,#5966,#5967,#5968,#5969,#5970,#5971,#5972,#5973,
    #5974,#5975,#5976,#5977,#5978,#5979,#5980,#5981,#5982,#5983,#5984,
    #5985,#5986,#5987,#5988,#5989,#5990,#5991,#5992,#5993,#5994,#5995,
    #5996,#5997,#5998,#5999,#6000,#6001,#6002,#6003,#6004,#6005,#6006,
    #6007,#6008,#6009,#6010,#6011,#6012,#6013,#6014,#6015,#6016,#6017,
    #6018,#6019,#6020,#6021,#6022,#6023,#6024,#6025,#6026,#6027,#6028,
    #6029,#6030,#6031,#6032,#6033,#6034),.UNSPECIFIED.,.T.,.F.,(1,6,5,5,
    5,5,5,5,5,5,5,5,5,5,5,5,6,1),(-9.3490195831E-02,0.,
    6.283436039657E-02,9.09845863076E-02,0.105562355838,0.120140101932,
    0.310498691927,0.499855834994,0.56320449521,0.594118732992,
    0.609952910978,0.617995679111,0.625284443757,0.720030814086,
    0.813270309759,0.906509804169,1.,1.062834360397),.UNSPECIFIED.);
#5958 = CARTESIAN_POINT('',(12.749,-14.717,24.599622608473));
#5959 = CARTESIAN_POINT('',(12.7490001703,-14.60188757218,
    24.599632397463));
#5960 = CARTESIAN_POINT('',(12.739913111652,-14.4867707187,
    24.59964251035));
#5961 = CARTESIAN_POINT('',(12.721740742925,-14.37255858071,
    24.599652869746));
#5962 = CARTESIAN_POINT('',(12.694600550787,-14.26013849386,
    24.599663396004));
#5963 = CARTESIAN_POINT('',(12.658725589704,-14.1503759883,
    24.599674007221));
#5964 = CARTESIAN_POINT('',(12.594635358512,-13.99650897434,
    24.599689373492));
#5965 = CARTESIAN_POINT('',(12.573122700394,-13.94960422614,
    24.599694128063));
#5966 = CARTESIAN_POINT('',(12.549957618985,-13.90347520572,
    24.599698875494));
#5967 = CARTESIAN_POINT('',(12.525175432572,-13.85819436876,
    24.599703608365));
#5968 = CARTESIAN_POINT('',(12.498815666329,-13.81383196495,
    24.599708319295));
#5969 = CARTESIAN_POINT('',(12.456477171853,-13.74799354393,
    24.599715425362));
#5970 = CARTESIAN_POINT('',(12.441620933103,-13.72579556461,
    24.599717841932));
#5971 = CARTESIAN_POINT('',(12.426359396597,-13.70387152503,
    24.599720249636));
#5972 = CARTESIAN_POINT('',(12.410698901519,-13.68223065243,
    24.599722647462));
#5973 = CARTESIAN_POINT('',(12.394646065702,-13.6608819763,
    24.599725034409));
#5974 = CARTESIAN_POINT('',(12.361769532059,-13.6187867143,
    24.599729784544));
#5975 = CARTESIAN_POINT('',(12.344945829699,-13.59804012006,
    24.599732147733));
#5976 = CARTESIAN_POINT('',(12.327743575501,-13.57760337704,
    24.59973449805));
#5977 = CARTESIAN_POINT('',(12.310169925817,-13.55748509418,
    24.599736834508));
#5978 = CARTESIAN_POINT('',(12.292232296405,-13.53769365803,
    24.599739156129));
#5979 = CARTESIAN_POINT('',(12.035058573829,-13.26416698583,
    24.599771571927));
#5980 = CARTESIAN_POINT('',(11.734621211832,-13.06645561283,
    24.599799080787));
#5981 = CARTESIAN_POINT('',(11.391114931848,-12.94572986828,
    24.599821576452));
#5982 = CARTESIAN_POINT('',(11.028748804833,-12.91019251811,
    24.599837499942));
#5983 = CARTESIAN_POINT('',(10.672932513661,-12.96262717148,
    24.599845710169));
#5984 = CARTESIAN_POINT('',(10.02703514275,-13.22095486578,
    24.599846741942));
#5985 = CARTESIAN_POINT('',(9.734600253244,-13.42684419451,
    24.59983964761));
#5986 = CARTESIAN_POINT('',(9.497347969759,-13.70029058874,
    24.599824844331));
#5987 = CARTESIAN_POINT('',(9.331561550641,-14.02212230604,
    24.599803382211));
#5988 = CARTESIAN_POINT('',(9.248992898615,-14.37010063554,
    24.599776733309));
#5989 = CARTESIAN_POINT('',(9.24899971314,-14.83305376811,
    24.599737366999));
#5990 = CARTESIAN_POINT('',(9.258236313352,-14.94911456796,
    24.599727169109));
#5991 = CARTESIAN_POINT('',(9.276707640938,-15.06424805464,
    24.59971672118));
#5992 = CARTESIAN_POINT('',(9.304292208614,-15.17754395741,
    24.599706104935));
#5993 = CARTESIAN_POINT('',(9.340749201511,-15.28811607971,
    24.599695404304));
#5994 = CARTESIAN_POINT('',(9.407663416561,-15.44731178447,
    24.59967948435));
#5995 = CARTESIAN_POINT('',(9.431635977337,-15.49866918441,
    24.599674263519));
#5996 = CARTESIAN_POINT('',(9.457594589037,-15.54907568722,
    24.599669052811));
#5997 = CARTESIAN_POINT('',(9.485491602275,-15.59843576364,
    24.599663862046));
#5998 = CARTESIAN_POINT('',(9.515273288742,-15.64665716691,
    24.599658700982));
#5999 = CARTESIAN_POINT('',(9.563068618961,-15.71772099693,
    24.599650956012));
#6000 = CARTESIAN_POINT('',(9.579736172093,-15.74146904779,
    24.599648343039));
#6001 = CARTESIAN_POINT('',(9.596874484616,-15.76488316916,
    24.599645741696));
#6002 = CARTESIAN_POINT('',(9.614475159643,-15.78795172961,
    24.599643153269));
#6003 = CARTESIAN_POINT('',(9.632529419398,-15.81066338246,
    24.599640579036));
#6004 = CARTESIAN_POINT('',(9.660424275974,-15.84435625387,
    24.599636720571));
#6005 = CARTESIAN_POINT('',(9.669935110012,-15.8556105074,
    24.599635424865));
#6006 = CARTESIAN_POINT('',(9.67955940799,-15.8667683779,24.599634133313
    ));
#6007 = CARTESIAN_POINT('',(9.689295946716,-15.87782843774,
    24.599632846082));
#6008 = CARTESIAN_POINT('',(9.69914347913,-15.88878928006,
    24.599631563334));
#6009 = CARTESIAN_POINT('',(9.718124504277,-15.90949161833,
    24.599629126953));
#6010 = CARTESIAN_POINT('',(9.72723838873,-15.91925109336,24.59962797249
    ));
#6011 = CARTESIAN_POINT('',(9.73644144177,-15.92892691233,
    24.599626821964));
#6012 = CARTESIAN_POINT('',(9.745732702091,-15.93851805846,
    24.599625675497));
#6013 = CARTESIAN_POINT('',(9.755111192986,-15.94802352977,
    24.599624533209));
#6014 = CARTESIAN_POINT('',(9.887605316806,-16.07987934545,
    24.599608602412));
#6015 = CARTESIAN_POINT('',(10.025254923245,-16.18769948907,
    24.599594531839));
#6016 = CARTESIAN_POINT('',(10.175247325604,-16.27866982874,
    24.599581454515));
#6017 = CARTESIAN_POINT('',(10.335021305524,-16.35109558073,
    24.599569605806));
#6018 = CARTESIAN_POINT('',(10.501731842353,-16.40382011879,
    24.599559185422));
#6019 = CARTESIAN_POINT('',(10.840055281042,-16.46812039435,
    24.599541669357));
#6020 = CARTESIAN_POINT('',(11.011646364831,-16.48035692928,
    24.599534518254));
#6021 = CARTESIAN_POINT('',(11.184036678131,-16.47238878063,
    24.599529056924));
#6022 = CARTESIAN_POINT('',(11.354299372837,-16.44423762363,
    24.599525387776));
#6023 = CARTESIAN_POINT('',(11.519567439116,-16.39649260695,
    24.599523562819));
#6024 = CARTESIAN_POINT('',(11.834502218897,-16.26413345154,
    24.59952360396));
#6025 = CARTESIAN_POINT('',(11.98425918009,-16.17948138459,
    24.59952547007));
#6026 = CARTESIAN_POINT('',(12.123513963088,-16.07755014251,
    24.599529179651));
#6027 = CARTESIAN_POINT('',(12.249839454864,-15.95997556266,
    24.599534680002));
#6028 = CARTESIAN_POINT('',(12.361172055261,-15.82883332917,
    24.599541868063));
#6029 = CARTESIAN_POINT('',(12.550710643866,-15.54406553333,
    24.599559335757));
#6030 = CARTESIAN_POINT('',(12.62888138295,-15.39029812127,
    24.599569628714));
#6031 = CARTESIAN_POINT('',(12.688645716541,-15.22789705246,
    24.599581311263));
#6032 = CARTESIAN_POINT('',(12.728877566449,-15.05958963845,
    24.599594191533));
#6033 = CARTESIAN_POINT('',(12.749002953992,-14.88827018658,
    24.599608043798));
#6034 = CARTESIAN_POINT('',(12.749,-14.717,24.599622608473));
#6035 = PCURVE('',#5316,#6036);
#6036 = DEFINITIONAL_REPRESENTATION('',(#6037),#6107);
#6037 = B_SPLINE_CURVE_WITH_KNOTS('',3,(#6038,#6039,#6040,#6041,#6042,
    #6043,#6044,#6045,#6046,#6047,#6048,#6049,#6050,#6051,#6052,#6053,
    #6054,#6055,#6056,#6057,#6058,#6059,#6060,#6061,#6062,#6063,#6064,
    #6065,#6066,#6067,#6068,#6069,#6070,#6071,#6072,#6073,#6074,#6075,
    #6076,#6077,#6078,#6079,#6080,#6081,#6082,#6083,#6084,#6085,#6086,
    #6087,#6088,#6089,#6090,#6091,#6092,#6093,#6094,#6095,#6096,#6097,
    #6098,#6099,#6100,#6101,#6102,#6103,#6104,#6105,#6106),
  .UNSPECIFIED.,.F.,.F.,(4,1,1,1,1,1,1,1,1,1,1,1,1,1,1,1,1,1,1,1,1,1,1,1
    ,1,1,1,1,1,1,1,1,1,1,1,1,1,1,1,1,1,1,1,1,1,1,1,1,1,1,1,1,1,1,1,1,1,1
    ,1,1,1,1,1,1,1,1,4),(0.,7.573778384113E-03,1.514755676823E-02,
    2.272133515234E-02,3.029511353645E-02,3.786889192056E-02,
    4.544267030468E-02,5.301644868879E-02,6.05902270729E-02,
    6.816400545702E-02,7.573778384113E-02,8.331156222524E-02,
    9.088534060935E-02,9.845911899347E-02,0.106032897378,0.113606675762,
    0.121180454146,0.12875423253,0.136328010914,0.143901789298,
    0.151475567682,0.159049346066,0.16662312445,0.174196902835,
    0.181770681219,0.189344459603,0.196918237987,0.204492016371,
    0.212065794755,0.219639573139,0.227213351523,0.234787129907,
    0.242360908292,0.249934686676,0.25750846506,0.265082243444,
    0.272656021828,0.280229800212,0.287803578596,0.29537735698,
    0.302951135365,0.310524913749,0.318098692133,0.325672470517,
    0.333246248901,0.340820027285,0.348393805669,0.355967584053,
    0.363541362437,0.371115140822,0.378688919206,0.38626269759,
    0.393836475974,0.401410254358,0.408984032742,0.416557811126,
    0.42413158951,0.431705367894,0.439279146279,0.446852924663,
    0.454426703047,0.462000481431,0.469574259815,0.477148038199,
    0.484721816583,0.492295594967,0.499869373351),
  .QUASI_UNIFORM_KNOTS.);
#6038 = CARTESIAN_POINT('',(0.,1.599622608473));
#6039 = CARTESIAN_POINT('',(1.585736499864E-02,1.599624968303));
#6040 = CARTESIAN_POINT('',(4.757225105002E-02,1.599629735075));
#6041 = CARTESIAN_POINT('',(9.514469623653E-02,1.599637010033));
#6042 = CARTESIAN_POINT('',(0.142716704455,1.599644393324));
#6043 = CARTESIAN_POINT('',(0.190288426214,1.599651868239));
#6044 = CARTESIAN_POINT('',(0.237860174383,1.59965941792));
#6045 = CARTESIAN_POINT('',(0.285432257953,1.599667025331));
#6046 = CARTESIAN_POINT('',(0.333004715705,1.599674673264));
#6047 = CARTESIAN_POINT('',(0.380577078435,1.599682344343));
#6048 = CARTESIAN_POINT('',(0.428148169325,1.599690021016));
#6049 = CARTESIAN_POINT('',(0.475719556083,1.599697686169));
#6050 = CARTESIAN_POINT('',(0.523290906732,1.599705322405));
#6051 = CARTESIAN_POINT('',(0.570862317883,1.599712912462));
#6052 = CARTESIAN_POINT('',(0.618433801973,1.599720439167));
#6053 = CARTESIAN_POINT('',(0.666004982984,1.599727885441));
#6054 = CARTESIAN_POINT('',(0.713577544201,1.599735234673));
#6055 = CARTESIAN_POINT('',(0.761145128964,1.599742469333));
#6056 = CARTESIAN_POINT('',(0.808733120935,1.599749576812));
#6057 = CARTESIAN_POINT('',(0.856341357006,1.599756540752));
#6058 = CARTESIAN_POINT('',(0.903959544256,1.599763343774));
#6059 = CARTESIAN_POINT('',(0.95158271841,1.599769969678));
#6060 = CARTESIAN_POINT('',(0.999206675987,1.599776402828));
#6061 = CARTESIAN_POINT('',(1.046828812454,1.59978262829));
#6062 = CARTESIAN_POINT('',(1.094447554364,1.599788631776));
#6063 = CARTESIAN_POINT('',(1.142062211299,1.59979439964));
#6064 = CARTESIAN_POINT('',(1.189672756983,1.599799918868));
#6065 = CARTESIAN_POINT('',(1.237279667909,1.599805177074));
#6066 = CARTESIAN_POINT('',(1.284883780469,1.599810162494));
#6067 = CARTESIAN_POINT('',(1.332486171121,1.599814863994));
#6068 = CARTESIAN_POINT('',(1.380088051455,1.599819271068));
#6069 = CARTESIAN_POINT('',(1.427690672687,1.599823373847));
#6070 = CARTESIAN_POINT('',(1.475295232862,1.599827163115));
#6071 = CARTESIAN_POINT('',(1.522902780432,1.599830630318));
#6072 = CARTESIAN_POINT('',(1.57051410703,1.599833767584));
#6073 = CARTESIAN_POINT('',(1.618129625975,1.599836567748));
#6074 = CARTESIAN_POINT('',(1.665749221239,1.599839024369));
#6075 = CARTESIAN_POINT('',(1.713372098439,1.599841131766));
#6076 = CARTESIAN_POINT('',(1.760996498705,1.599842885046));
#6077 = CARTESIAN_POINT('',(1.80861977819,1.599844280138));
#6078 = CARTESIAN_POINT('',(1.856236966082,1.59984531383));
#6079 = CARTESIAN_POINT('',(1.903844839908,1.599845983824));
#6080 = CARTESIAN_POINT('',(1.951425251947,1.599846288732));
#6081 = CARTESIAN_POINT('',(1.999005746452,1.599846228296));
#6082 = CARTESIAN_POINT('',(2.046613105054,1.599845802374));
#6083 = CARTESIAN_POINT('',(2.094229540656,1.599845011708));
#6084 = CARTESIAN_POINT('',(2.141851865015,1.599843858032));
#6085 = CARTESIAN_POINT('',(2.189475205241,1.599842343985));
#6086 = CARTESIAN_POINT('',(2.237096977055,1.599840473082));
#6087 = CARTESIAN_POINT('',(2.284715472696,1.59983824967));
#6088 = CARTESIAN_POINT('',(2.332329934937,1.599835678899));
#6089 = CARTESIAN_POINT('',(2.379940274757,1.599832766684));
#6090 = CARTESIAN_POINT('',(2.427546923357,1.599829519684));
#6091 = CARTESIAN_POINT('',(2.475150682509,1.599825945271));
#6092 = CARTESIAN_POINT('',(2.522752603864,1.599822051516));
#6093 = CARTESIAN_POINT('',(2.570353882151,1.599817847166));
#6094 = CARTESIAN_POINT('',(2.617955758687,1.599813341634));
#6095 = CARTESIAN_POINT('',(2.665559428047,1.599808544987));
#6096 = CARTESIAN_POINT('',(2.713165941502,1.599803467936));
#6097 = CARTESIAN_POINT('',(2.760776100664,1.599798121838));
#6098 = CARTESIAN_POINT('',(2.808390335406,1.599792518694));
#6099 = CARTESIAN_POINT('',(2.856008559826,1.599786671149));
#6100 = CARTESIAN_POINT('',(2.90363000387,1.599780592502));
#6101 = CARTESIAN_POINT('',(2.951253007803,1.599774296717));
#6102 = CARTESIAN_POINT('',(2.99887481049,1.599767798431));
#6103 = CARTESIAN_POINT('',(3.046491204715,1.599761112995));
#6104 = CARTESIAN_POINT('',(3.094096527998,1.599754256398));
#6105 = CARTESIAN_POINT('',(3.125820338094,1.599749582568));
#6106 = CARTESIAN_POINT('',(3.141677689144,1.599747222749));
#6107 = ( GEOMETRIC_REPRESENTATION_CONTEXT(2) 
PARAMETRIC_REPRESENTATION_CONTEXT() REPRESENTATION_CONTEXT('2D SPACE',''
  ) );
#6108 = PCURVE('',#6109,#6114);
#6109 = CONICAL_SURFACE('',#6110,2.25,0.785398163397);
#6110 = AXIS2_PLACEMENT_3D('',#6111,#6112,#6113);
#6111 = CARTESIAN_POINT('',(10.99906231343,-14.71714881219,
    25.099684915575));
#6112 = DIRECTION('',(0.,0.,1.));
#6113 = DIRECTION('',(1.,0.,-0.));
#6114 = DEFINITIONAL_REPRESENTATION('',(#6115),#6185);
#6115 = B_SPLINE_CURVE_WITH_KNOTS('',3,(#6116,#6117,#6118,#6119,#6120,
    #6121,#6122,#6123,#6124,#6125,#6126,#6127,#6128,#6129,#6130,#6131,
    #6132,#6133,#6134,#6135,#6136,#6137,#6138,#6139,#6140,#6141,#6142,
    #6143,#6144,#6145,#6146,#6147,#6148,#6149,#6150,#6151,#6152,#6153,
    #6154,#6155,#6156,#6157,#6158,#6159,#6160,#6161,#6162,#6163,#6164,
    #6165,#6166,#6167,#6168,#6169,#6170,#6171,#6172,#6173,#6174,#6175,
    #6176,#6177,#6178,#6179,#6180,#6181,#6182,#6183,#6184),
  .UNSPECIFIED.,.F.,.F.,(4,1,1,1,1,1,1,1,1,1,1,1,1,1,1,1,1,1,1,1,1,1,1,1
    ,1,1,1,1,1,1,1,1,1,1,1,1,1,1,1,1,1,1,1,1,1,1,1,1,1,1,1,1,1,1,1,1,1,1
    ,1,1,1,1,1,1,1,1,4),(0.,7.573778384113E-03,1.514755676823E-02,
    2.272133515234E-02,3.029511353645E-02,3.786889192056E-02,
    4.544267030468E-02,5.301644868879E-02,6.05902270729E-02,
    6.816400545702E-02,7.573778384113E-02,8.331156222524E-02,
    9.088534060935E-02,9.845911899347E-02,0.106032897378,0.113606675762,
    0.121180454146,0.12875423253,0.136328010914,0.143901789298,
    0.151475567682,0.159049346066,0.16662312445,0.174196902835,
    0.181770681219,0.189344459603,0.196918237987,0.204492016371,
    0.212065794755,0.219639573139,0.227213351523,0.234787129907,
    0.242360908292,0.249934686676,0.25750846506,0.265082243444,
    0.272656021828,0.280229800212,0.287803578596,0.29537735698,
    0.302951135365,0.310524913749,0.318098692133,0.325672470517,
    0.333246248901,0.340820027285,0.348393805669,0.355967584053,
    0.363541362437,0.371115140822,0.378688919206,0.38626269759,
    0.393836475974,0.401410254358,0.408984032742,0.416557811126,
    0.42413158951,0.431705367894,0.439279146279,0.446852924663,
    0.454426703047,0.462000481431,0.469574259815,0.477148038199,
    0.484721816583,0.492295594967,0.499869373351),
  .QUASI_UNIFORM_KNOTS.);
#6116 = CARTESIAN_POINT('',(8.503856496338E-05,-0.500062307103));
#6117 = CARTESIAN_POINT('',(1.594296814977E-02,-0.500059939117));
#6118 = CARTESIAN_POINT('',(4.765891908063E-02,-0.500055171652));
#6119 = CARTESIAN_POINT('',(9.523276557341E-02,-0.500047915935));
#6120 = CARTESIAN_POINT('',(0.142805975764,-0.50004051599));
#6121 = CARTESIAN_POINT('',(0.190378697494,-0.500033035954));
#6122 = CARTESIAN_POINT('',(0.237951241371,-0.500025503466));
#6123 = CARTESIAN_POINT('',(0.285523914592,-0.500017905962));
#6124 = CARTESIAN_POINT('',(0.333096754596,-0.500010215719));
#6125 = CARTESIAN_POINT('',(0.38066929131,-0.500002466765));
#6126 = CARTESIAN_POINT('',(0.428240347558,-0.499994896408));
#6127 = CARTESIAN_POINT('',(0.475811491101,-0.499987226293));
#6128 = CARTESIAN_POINT('',(0.523382390528,-0.499979594638));
#6129 = CARTESIAN_POINT('',(0.570953143471,-0.499972000329));
#6130 = CARTESIAN_POINT('',(0.618523763858,-0.499964483633));
#6131 = CARTESIAN_POINT('',(0.666093877637,-0.499957003974));
#6132 = CARTESIAN_POINT('',(0.713665170469,-0.499949778196));
#6133 = CARTESIAN_POINT('',(0.761231288709,-0.499942038682));
#6134 = CARTESIAN_POINT('',(0.808817618559,-0.49993469363));
#6135 = CARTESIAN_POINT('',(0.856424000426,-0.499928091216));
#6136 = CARTESIAN_POINT('',(0.904040145748,-0.499921550773));
#6137 = CARTESIAN_POINT('',(0.951661095007,-0.499915052537));
#6138 = CARTESIAN_POINT('',(0.999282649936,-0.499908606677));
#6139 = CARTESIAN_POINT('',(1.046902211595,-0.499902301568));
#6140 = CARTESIAN_POINT('',(1.094518212499,-0.499896216507));
#6141 = CARTESIAN_POINT('',(1.142129968525,-0.499890406593));
#6142 = CARTESIAN_POINT('',(1.189737460016,-0.499884894252));
#6143 = CARTESIAN_POINT('',(1.237341170392,-0.499879676015));
#6144 = CARTESIAN_POINT('',(1.284941943269,-0.499874734467));
#6145 = CARTESIAN_POINT('',(1.332540862613,-0.499870051576));
#6146 = CARTESIAN_POINT('',(1.380139147796,-0.499865619399));
#6147 = CARTESIAN_POINT('',(1.427738058084,-0.499861445745));
#6148 = CARTESIAN_POINT('',(1.475338799829,-0.499857553571));
#6149 = CARTESIAN_POINT('',(1.522942430031,-0.499853974214));
#6150 = CARTESIAN_POINT('',(1.570549749117,-0.499850735852));
#6151 = CARTESIAN_POINT('',(1.618161179428,-0.49984784987));
#6152 = CARTESIAN_POINT('',(1.665776614191,-0.499845299042));
#6153 = CARTESIAN_POINT('',(1.713395268507,-0.499843032543));
#6154 = CARTESIAN_POINT('',(1.761015393223,-0.49984097398));
#6155 = CARTESIAN_POINT('',(1.808634354426,-0.49983904911));
#6156 = CARTESIAN_POINT('',(1.856247191552,-0.499837242295));
#6157 = CARTESIAN_POINT('',(1.903850692302,-0.499835685218));
#6158 = CARTESIAN_POINT('',(1.951426720553,-0.49983480452));
#6159 = CARTESIAN_POINT('',(1.999002827941,-0.499835469991));
#6160 = CARTESIAN_POINT('',(2.046605803549,-0.499836775797));
#6161 = CARTESIAN_POINT('',(2.094217871859,-0.499838329928));
#6162 = CARTESIAN_POINT('',(2.141835854833,-0.499840004846));
#6163 = CARTESIAN_POINT('',(2.189454889875,-0.499841820707));
#6164 = CARTESIAN_POINT('',(2.237072402701,-0.499843851431));
#6165 = CARTESIAN_POINT('',(2.284686695348,-0.49984617201));
#6166 = CARTESIAN_POINT('',(2.332297020166,-0.49984883148));
#6167 = CARTESIAN_POINT('',(2.379903297499,-0.499851845808));
#6168 = CARTESIAN_POINT('',(2.427505967697,-0.499855203195));
#6169 = CARTESIAN_POINT('',(2.475105841461,-0.499858875933));
#6170 = CARTESIAN_POINT('',(2.522703979142,-0.499862833791));
#6171 = CARTESIAN_POINT('',(2.57030158394,-0.499867055131));
#6172 = CARTESIAN_POINT('',(2.617899905398,-0.49987153318));
#6173 = CARTESIAN_POINT('',(2.665500146062,-0.499876276127));
#6174 = CARTESIAN_POINT('',(2.713103364912,-0.499881301076));
#6175 = CARTESIAN_POINT('',(2.760710370998,-0.499886623132));
#6176 = CARTESIAN_POINT('',(2.808321601345,-0.499892242208));
#6177 = CARTESIAN_POINT('',(2.855936976905,-0.499898131456));
#6178 = CARTESIAN_POINT('',(2.90355573417,-0.499904231859));
#6179 = CARTESIAN_POINT('',(2.951176219624,-0.499910460679));
#6180 = CARTESIAN_POINT('',(2.998795678002,-0.499916734476));
#6181 = CARTESIAN_POINT('',(3.046409907566,-0.499923037642));
#6182 = CARTESIAN_POINT('',(3.094013250948,-0.499929458126));
#6183 = CARTESIAN_POINT('',(3.125735867246,-0.499934167553));
#6184 = CARTESIAN_POINT('',(3.141592653703,-0.499936696389));
#6185 = ( GEOMETRIC_REPRESENTATION_CONTEXT(2) 
PARAMETRIC_REPRESENTATION_CONTEXT() REPRESENTATION_CONTEXT('2D SPACE',''
  ) );
#6186 = ORIENTED_EDGE('',*,*,#6187,.F.);
#6187 = EDGE_CURVE('',#5300,#5952,#6188,.T.);
#6188 = SEAM_CURVE('',#6189,(#6193,#6200),.PCURVE_S1.);
#6189 = LINE('',#6190,#6191);
#6190 = CARTESIAN_POINT('',(12.749,-14.717,23.));
#6191 = VECTOR('',#6192,1.);
#6192 = DIRECTION('',(0.,0.,1.));
#6193 = PCURVE('',#5316,#6194);
#6194 = DEFINITIONAL_REPRESENTATION('',(#6195),#6199);
#6195 = LINE('',#6196,#6197);
#6196 = CARTESIAN_POINT('',(0.,-0.));
#6197 = VECTOR('',#6198,1.);
#6198 = DIRECTION('',(0.,1.));
#6199 = ( GEOMETRIC_REPRESENTATION_CONTEXT(2) 
PARAMETRIC_REPRESENTATION_CONTEXT() REPRESENTATION_CONTEXT('2D SPACE',''
  ) );
#6200 = PCURVE('',#5316,#6201);
#6201 = DEFINITIONAL_REPRESENTATION('',(#6202),#6206);
#6202 = LINE('',#6203,#6204);
#6203 = CARTESIAN_POINT('',(6.28318530718,-0.));
#6204 = VECTOR('',#6205,1.);
#6205 = DIRECTION('',(0.,1.));
#6206 = ( GEOMETRIC_REPRESENTATION_CONTEXT(2) 
PARAMETRIC_REPRESENTATION_CONTEXT() REPRESENTATION_CONTEXT('2D SPACE',''
  ) );
#6207 = ORIENTED_EDGE('',*,*,#5299,.T.);
#6208 = ORIENTED_EDGE('',*,*,#6187,.T.);
#6209 = ORIENTED_EDGE('',*,*,#6210,.F.);
#6210 = EDGE_CURVE('',#5954,#5952,#6211,.T.);
#6211 = SURFACE_CURVE('',#6212,(#6290,#6363),.PCURVE_S1.);
#6212 = B_SPLINE_CURVE_WITH_KNOTS('',6,(#6213,#6214,#6215,#6216,#6217,
    #6218,#6219,#6220,#6221,#6222,#6223,#6224,#6225,#6226,#6227,#6228,
    #6229,#6230,#6231,#6232,#6233,#6234,#6235,#6236,#6237,#6238,#6239,
    #6240,#6241,#6242,#6243,#6244,#6245,#6246,#6247,#6248,#6249,#6250,
    #6251,#6252,#6253,#6254,#6255,#6256,#6257,#6258,#6259,#6260,#6261,
    #6262,#6263,#6264,#6265,#6266,#6267,#6268,#6269,#6270,#6271,#6272,
    #6273,#6274,#6275,#6276,#6277,#6278,#6279,#6280,#6281,#6282,#6283,
    #6284,#6285,#6286,#6287,#6288,#6289),.UNSPECIFIED.,.T.,.F.,(1,6,5,5,
    5,5,5,5,5,5,5,5,5,5,5,5,6,1),(-9.3490195831E-02,0.,
    6.283436039657E-02,9.09845863076E-02,0.105562355838,0.120140101932,
    0.310498691927,0.499855834994,0.56320449521,0.594118732992,
    0.609952910978,0.617995679111,0.625284443757,0.720030814086,
    0.813270309759,0.906509804169,1.,1.062834360397),.UNSPECIFIED.);
#6213 = CARTESIAN_POINT('',(12.749,-14.717,24.599622608473));
#6214 = CARTESIAN_POINT('',(12.7490001703,-14.60188757218,
    24.599632397463));
#6215 = CARTESIAN_POINT('',(12.739913111652,-14.4867707187,
    24.59964251035));
#6216 = CARTESIAN_POINT('',(12.721740742925,-14.37255858071,
    24.599652869746));
#6217 = CARTESIAN_POINT('',(12.694600550787,-14.26013849386,
    24.599663396004));
#6218 = CARTESIAN_POINT('',(12.658725589704,-14.1503759883,
    24.599674007221));
#6219 = CARTESIAN_POINT('',(12.594635358512,-13.99650897434,
    24.599689373492));
#6220 = CARTESIAN_POINT('',(12.573122700394,-13.94960422614,
    24.599694128063));
#6221 = CARTESIAN_POINT('',(12.549957618985,-13.90347520572,
    24.599698875494));
#6222 = CARTESIAN_POINT('',(12.525175432572,-13.85819436876,
    24.599703608365));
#6223 = CARTESIAN_POINT('',(12.498815666329,-13.81383196495,
    24.599708319295));
#6224 = CARTESIAN_POINT('',(12.456477171853,-13.74799354393,
    24.599715425362));
#6225 = CARTESIAN_POINT('',(12.441620933103,-13.72579556461,
    24.599717841932));
#6226 = CARTESIAN_POINT('',(12.426359396597,-13.70387152503,
    24.599720249636));
#6227 = CARTESIAN_POINT('',(12.410698901519,-13.68223065243,
    24.599722647462));
#6228 = CARTESIAN_POINT('',(12.394646065702,-13.6608819763,
    24.599725034409));
#6229 = CARTESIAN_POINT('',(12.361769532059,-13.6187867143,
    24.599729784544));
#6230 = CARTESIAN_POINT('',(12.344945829699,-13.59804012006,
    24.599732147733));
#6231 = CARTESIAN_POINT('',(12.327743575501,-13.57760337704,
    24.59973449805));
#6232 = CARTESIAN_POINT('',(12.310169925817,-13.55748509418,
    24.599736834508));
#6233 = CARTESIAN_POINT('',(12.292232296405,-13.53769365803,
    24.599739156129));
#6234 = CARTESIAN_POINT('',(12.035058573829,-13.26416698583,
    24.599771571927));
#6235 = CARTESIAN_POINT('',(11.734621211832,-13.06645561283,
    24.599799080787));
#6236 = CARTESIAN_POINT('',(11.391114931848,-12.94572986828,
    24.599821576452));
#6237 = CARTESIAN_POINT('',(11.028748804833,-12.91019251811,
    24.599837499942));
#6238 = CARTESIAN_POINT('',(10.672932513661,-12.96262717148,
    24.599845710169));
#6239 = CARTESIAN_POINT('',(10.02703514275,-13.22095486578,
    24.599846741942));
#6240 = CARTESIAN_POINT('',(9.734600253244,-13.42684419451,
    24.59983964761));
#6241 = CARTESIAN_POINT('',(9.497347969759,-13.70029058874,
    24.599824844331));
#6242 = CARTESIAN_POINT('',(9.331561550641,-14.02212230604,
    24.599803382211));
#6243 = CARTESIAN_POINT('',(9.248992898615,-14.37010063554,
    24.599776733309));
#6244 = CARTESIAN_POINT('',(9.24899971314,-14.83305376811,
    24.599737366999));
#6245 = CARTESIAN_POINT('',(9.258236313352,-14.94911456796,
    24.599727169109));
#6246 = CARTESIAN_POINT('',(9.276707640938,-15.06424805464,
    24.59971672118));
#6247 = CARTESIAN_POINT('',(9.304292208614,-15.17754395741,
    24.599706104935));
#6248 = CARTESIAN_POINT('',(9.340749201511,-15.28811607971,
    24.599695404304));
#6249 = CARTESIAN_POINT('',(9.407663416561,-15.44731178447,
    24.59967948435));
#6250 = CARTESIAN_POINT('',(9.431635977337,-15.49866918441,
    24.599674263519));
#6251 = CARTESIAN_POINT('',(9.457594589037,-15.54907568722,
    24.599669052811));
#6252 = CARTESIAN_POINT('',(9.485491602275,-15.59843576364,
    24.599663862046));
#6253 = CARTESIAN_POINT('',(9.515273288742,-15.64665716691,
    24.599658700982));
#6254 = CARTESIAN_POINT('',(9.563068618961,-15.71772099693,
    24.599650956012));
#6255 = CARTESIAN_POINT('',(9.579736172093,-15.74146904779,
    24.599648343039));
#6256 = CARTESIAN_POINT('',(9.596874484616,-15.76488316916,
    24.599645741696));
#6257 = CARTESIAN_POINT('',(9.614475159643,-15.78795172961,
    24.599643153269));
#6258 = CARTESIAN_POINT('',(9.632529419398,-15.81066338246,
    24.599640579036));
#6259 = CARTESIAN_POINT('',(9.660424275974,-15.84435625387,
    24.599636720571));
#6260 = CARTESIAN_POINT('',(9.669935110012,-15.8556105074,
    24.599635424865));
#6261 = CARTESIAN_POINT('',(9.67955940799,-15.8667683779,24.599634133313
    ));
#6262 = CARTESIAN_POINT('',(9.689295946716,-15.87782843774,
    24.599632846082));
#6263 = CARTESIAN_POINT('',(9.69914347913,-15.88878928006,
    24.599631563334));
#6264 = CARTESIAN_POINT('',(9.718124504277,-15.90949161833,
    24.599629126953));
#6265 = CARTESIAN_POINT('',(9.72723838873,-15.91925109336,24.59962797249
    ));
#6266 = CARTESIAN_POINT('',(9.73644144177,-15.92892691233,
    24.599626821964));
#6267 = CARTESIAN_POINT('',(9.745732702091,-15.93851805846,
    24.599625675497));
#6268 = CARTESIAN_POINT('',(9.755111192986,-15.94802352977,
    24.599624533209));
#6269 = CARTESIAN_POINT('',(9.887605316806,-16.07987934545,
    24.599608602412));
#6270 = CARTESIAN_POINT('',(10.025254923245,-16.18769948907,
    24.599594531839));
#6271 = CARTESIAN_POINT('',(10.175247325604,-16.27866982874,
    24.599581454515));
#6272 = CARTESIAN_POINT('',(10.335021305524,-16.35109558073,
    24.599569605806));
#6273 = CARTESIAN_POINT('',(10.501731842353,-16.40382011879,
    24.599559185422));
#6274 = CARTESIAN_POINT('',(10.840055281042,-16.46812039435,
    24.599541669357));
#6275 = CARTESIAN_POINT('',(11.011646364831,-16.48035692928,
    24.599534518254));
#6276 = CARTESIAN_POINT('',(11.184036678131,-16.47238878063,
    24.599529056924));
#6277 = CARTESIAN_POINT('',(11.354299372837,-16.44423762363,
    24.599525387776));
#6278 = CARTESIAN_POINT('',(11.519567439116,-16.39649260695,
    24.599523562819));
#6279 = CARTESIAN_POINT('',(11.834502218897,-16.26413345154,
    24.59952360396));
#6280 = CARTESIAN_POINT('',(11.98425918009,-16.17948138459,
    24.59952547007));
#6281 = CARTESIAN_POINT('',(12.123513963088,-16.07755014251,
    24.599529179651));
#6282 = CARTESIAN_POINT('',(12.249839454864,-15.95997556266,
    24.599534680002));
#6283 = CARTESIAN_POINT('',(12.361172055261,-15.82883332917,
    24.599541868063));
#6284 = CARTESIAN_POINT('',(12.550710643866,-15.54406553333,
    24.599559335757));
#6285 = CARTESIAN_POINT('',(12.62888138295,-15.39029812127,
    24.599569628714));
#6286 = CARTESIAN_POINT('',(12.688645716541,-15.22789705246,
    24.599581311263));
#6287 = CARTESIAN_POINT('',(12.728877566449,-15.05958963845,
    24.599594191533));
#6288 = CARTESIAN_POINT('',(12.749002953992,-14.88827018658,
    24.599608043798));
#6289 = CARTESIAN_POINT('',(12.749,-14.717,24.599622608473));
#6290 = PCURVE('',#5316,#6291);
#6291 = DEFINITIONAL_REPRESENTATION('',(#6292),#6362);
#6292 = B_SPLINE_CURVE_WITH_KNOTS('',3,(#6293,#6294,#6295,#6296,#6297,
    #6298,#6299,#6300,#6301,#6302,#6303,#6304,#6305,#6306,#6307,#6308,
    #6309,#6310,#6311,#6312,#6313,#6314,#6315,#6316,#6317,#6318,#6319,
    #6320,#6321,#6322,#6323,#6324,#6325,#6326,#6327,#6328,#6329,#6330,
    #6331,#6332,#6333,#6334,#6335,#6336,#6337,#6338,#6339,#6340,#6341,
    #6342,#6343,#6344,#6345,#6346,#6347,#6348,#6349,#6350,#6351,#6352,
    #6353,#6354,#6355,#6356,#6357,#6358,#6359,#6360,#6361),
  .UNSPECIFIED.,.F.,.F.,(4,1,1,1,1,1,1,1,1,1,1,1,1,1,1,1,1,1,1,1,1,1,1,1
    ,1,1,1,1,1,1,1,1,1,1,1,1,1,1,1,1,1,1,1,1,1,1,1,1,1,1,1,1,1,1,1,1,1,1
    ,1,1,1,1,1,1,1,1,4),(0.499869373351,0.507447110119,0.515024846886,
    0.522602583654,0.530180320421,0.537758057188,0.545335793956,
    0.552913530723,0.560491267491,0.568069004258,0.575646741025,
    0.583224477793,0.59080221456,0.598379951328,0.605957688095,
    0.613535424862,0.62111316163,0.628690898397,0.636268635165,
    0.643846371932,0.651424108699,0.659001845467,0.666579582234,
    0.674157319002,0.681735055769,0.689312792537,0.696890529304,
    0.704468266071,0.712046002839,0.719623739606,0.727201476374,
    0.734779213141,0.742356949908,0.749934686676,0.757512423443,
    0.765090160211,0.772667896978,0.780245633745,0.787823370513,
    0.79540110728,0.802978844048,0.810556580815,0.818134317582,
    0.82571205435,0.833289791117,0.840867527885,0.848445264652,
    0.856023001419,0.863600738187,0.871178474954,0.878756211722,
    0.886333948489,0.893911685256,0.901489422024,0.909067158791,
    0.916644895559,0.924222632326,0.931800369093,0.939378105861,
    0.946955842628,0.954533579396,0.962111316163,0.96968905293,
    0.977266789698,0.984844526465,0.992422263233,1.),
  .QUASI_UNIFORM_KNOTS.);
#6293 = CARTESIAN_POINT('',(3.141677689144,1.599747222749));
#6294 = CARTESIAN_POINT('',(3.157543214956,1.599744861771));
#6295 = CARTESIAN_POINT('',(3.189274626122,1.599740092626));
#6296 = CARTESIAN_POINT('',(3.236872237103,1.599732813928));
#6297 = CARTESIAN_POINT('',(3.284469525162,1.599725426769));
#6298 = CARTESIAN_POINT('',(3.332066487838,1.599717947896));
#6299 = CARTESIAN_POINT('',(3.379663347998,1.599710394204));
#6300 = CARTESIAN_POINT('',(3.427260397595,1.599702782758));
#6301 = CARTESIAN_POINT('',(3.474857706551,1.599695130784));
#6302 = CARTESIAN_POINT('',(3.522454943714,1.599687455665));
#6303 = CARTESIAN_POINT('',(3.570050934866,1.599679774978));
#6304 = CARTESIAN_POINT('',(3.617647106184,1.599672105888));
#6305 = CARTESIAN_POINT('',(3.665243137575,1.599664465817));
#6306 = CARTESIAN_POINT('',(3.712839202728,1.599656872043));
#6307 = CARTESIAN_POINT('',(3.760435144196,1.599649341791));
#6308 = CARTESIAN_POINT('',(3.808031054165,1.599641892102));
#6309 = CARTESIAN_POINT('',(3.855626892919,1.599634539854));
#6310 = CARTESIAN_POINT('',(3.903222802687,1.599627301693));
#6311 = CARTESIAN_POINT('',(3.950818254441,1.599620194031));
#6312 = CARTESIAN_POINT('',(3.998418358728,1.599613232321));
#6313 = CARTESIAN_POINT('',(4.046019610344,1.599606432847));
#6314 = CARTESIAN_POINT('',(4.093620635122,1.599599811185));
#6315 = CARTESIAN_POINT('',(4.141220674257,1.599593382435));
#6316 = CARTESIAN_POINT('',(4.188819732135,1.599587161157));
#6317 = CARTESIAN_POINT('',(4.236418245778,1.59958116139));
#6318 = CARTESIAN_POINT('',(4.284016865037,1.599575396647));
#6319 = CARTESIAN_POINT('',(4.331616176873,1.599569879915));
#6320 = CARTESIAN_POINT('',(4.379216500142,1.599564623649));
#6321 = CARTESIAN_POINT('',(4.426817461253,1.599559639794));
#6322 = CARTESIAN_POINT('',(4.474418432039,1.599554939718));
#6323 = CARTESIAN_POINT('',(4.522015842861,1.599550534436));
#6324 = CARTESIAN_POINT('',(4.56961228518,1.599546433786));
#6325 = CARTESIAN_POINT('',(4.617212884604,1.599542646526));
#6326 = CARTESIAN_POINT('',(4.664813385288,1.599539181563));
#6327 = CARTESIAN_POINT('',(4.712413310401,1.59953604676));
#6328 = CARTESIAN_POINT('',(4.76001221493,1.59953324925));
#6329 = CARTESIAN_POINT('',(4.807610408039,1.599530795357));
#6330 = CARTESIAN_POINT('',(4.855208453339,1.599528690616));
#6331 = CARTESIAN_POINT('',(4.902806981526,1.599526939767));
#6332 = CARTESIAN_POINT('',(4.950406417205,1.599525546755));
#6333 = CARTESIAN_POINT('',(4.998006726739,1.599524514733));
#6334 = CARTESIAN_POINT('',(5.045607206539,1.599523846061));
#6335 = CARTESIAN_POINT('',(5.093206175563,1.599523542296));
#6336 = CARTESIAN_POINT('',(5.140801144961,1.599523604231));
#6337 = CARTESIAN_POINT('',(5.188401164173,1.599524031696));
#6338 = CARTESIAN_POINT('',(5.236001611545,1.599524823632));
#6339 = CARTESIAN_POINT('',(5.283601740818,1.599525978208));
#6340 = CARTESIAN_POINT('',(5.331200890425,1.599527492796));
#6341 = CARTESIAN_POINT('',(5.37879922752,1.599529363973));
#6342 = CARTESIAN_POINT('',(5.426397247595,1.599531587523));
#6343 = CARTESIAN_POINT('',(5.473995595981,1.599534158438));
#6344 = CARTESIAN_POINT('',(5.521594772954,1.599537070917));
#6345 = CARTESIAN_POINT('',(5.56919495767,1.599540318368));
#6346 = CARTESIAN_POINT('',(5.616795497017,1.599543893391));
#6347 = CARTESIAN_POINT('',(5.664395688283,1.599547787857));
#6348 = CARTESIAN_POINT('',(5.71199084164,1.599551992597));
#6349 = CARTESIAN_POINT('',(5.75958990628,1.599556498906));
#6350 = CARTESIAN_POINT('',(5.807190627231,1.599561296281));
#6351 = CARTESIAN_POINT('',(5.854791214491,1.599566373661));
#6352 = CARTESIAN_POINT('',(5.902390956474,1.599571719464));
#6353 = CARTESIAN_POINT('',(5.949989794371,1.599577321579));
#6354 = CARTESIAN_POINT('',(5.997588144017,1.599583167367));
#6355 = CARTESIAN_POINT('',(6.045186631741,1.599589243662));
#6356 = CARTESIAN_POINT('',(6.092785839905,1.59959553677));
#6357 = CARTESIAN_POINT('',(6.14038606178,1.599602032476));
#6358 = CARTESIAN_POINT('',(6.187987020836,1.599608716022));
#6359 = CARTESIAN_POINT('',(6.235587783771,1.599615572177));
#6360 = CARTESIAN_POINT('',(6.267319956911,1.599620247384));
#6361 = CARTESIAN_POINT('',(6.28318530718,1.599622608473));
#6362 = ( GEOMETRIC_REPRESENTATION_CONTEXT(2) 
PARAMETRIC_REPRESENTATION_CONTEXT() REPRESENTATION_CONTEXT('2D SPACE',''
  ) );
#6363 = PCURVE('',#6109,#6364);
#6364 = DEFINITIONAL_REPRESENTATION('',(#6365),#6435);
#6365 = B_SPLINE_CURVE_WITH_KNOTS('',3,(#6366,#6367,#6368,#6369,#6370,
    #6371,#6372,#6373,#6374,#6375,#6376,#6377,#6378,#6379,#6380,#6381,
    #6382,#6383,#6384,#6385,#6386,#6387,#6388,#6389,#6390,#6391,#6392,
    #6393,#6394,#6395,#6396,#6397,#6398,#6399,#6400,#6401,#6402,#6403,
    #6404,#6405,#6406,#6407,#6408,#6409,#6410,#6411,#6412,#6413,#6414,
    #6415,#6416,#6417,#6418,#6419,#6420,#6421,#6422,#6423,#6424,#6425,
    #6426,#6427,#6428,#6429,#6430,#6431,#6432,#6433,#6434),
  .UNSPECIFIED.,.F.,.F.,(4,1,1,1,1,1,1,1,1,1,1,1,1,1,1,1,1,1,1,1,1,1,1,1
    ,1,1,1,1,1,1,1,1,1,1,1,1,1,1,1,1,1,1,1,1,1,1,1,1,1,1,1,1,1,1,1,1,1,1
    ,1,1,1,1,1,1,1,1,4),(0.499869373351,0.507447110119,0.515024846886,
    0.522602583654,0.530180320421,0.537758057188,0.545335793956,
    0.552913530723,0.560491267491,0.568069004258,0.575646741025,
    0.583224477793,0.59080221456,0.598379951328,0.605957688095,
    0.613535424862,0.62111316163,0.628690898397,0.636268635165,
    0.643846371932,0.651424108699,0.659001845467,0.666579582234,
    0.674157319002,0.681735055769,0.689312792537,0.696890529304,
    0.704468266071,0.712046002839,0.719623739606,0.727201476374,
    0.734779213141,0.742356949908,0.749934686676,0.757512423443,
    0.765090160211,0.772667896978,0.780245633745,0.787823370513,
    0.79540110728,0.802978844048,0.810556580815,0.818134317582,
    0.82571205435,0.833289791117,0.840867527885,0.848445264652,
    0.856023001419,0.863600738187,0.871178474954,0.878756211722,
    0.886333948489,0.893911685256,0.901489422024,0.909067158791,
    0.916644895559,0.924222632326,0.931800369093,0.939378105861,
    0.946955842628,0.954533579396,0.962111316163,0.96968905293,
    0.977266789698,0.984844526465,0.992422263233,1.),
  .QUASI_UNIFORM_KNOTS.);
#6366 = CARTESIAN_POINT('',(-3.141592653476,-0.499936696389));
#6367 = CARTESIAN_POINT('',(-3.125727692636,-0.499939272883));
#6368 = CARTESIAN_POINT('',(-3.09399734707,-0.499944381413));
#6369 = CARTESIAN_POINT('',(-3.046401138299,-0.499951949414));
#6370 = CARTESIAN_POINT('',(-2.99880505293,-0.499959437081));
#6371 = CARTESIAN_POINT('',(-2.951209090745,-0.499966943277));
#6372 = CARTESIAN_POINT('',(-2.903613026616,-0.499974515799));
#6373 = CARTESIAN_POINT('',(-2.85601656679,-0.499982141681));
#6374 = CARTESIAN_POINT('',(-2.808419640002,-0.499989771834));
#6375 = CARTESIAN_POINT('',(-2.760822576526,-0.499997377056));
#6376 = CARTESIAN_POINT('',(-2.713226550214,-0.500005135907));
#6377 = CARTESIAN_POINT('',(-2.665630134948,-0.500012807431));
#6378 = CARTESIAN_POINT('',(-2.618033651377,-0.500020450339));
#6379 = CARTESIAN_POINT('',(-2.570436926833,-0.500028043038));
#6380 = CARTESIAN_POINT('',(-2.522840120259,-0.500035571704));
#6381 = CARTESIAN_POINT('',(-2.475243141425,-0.500043031689));
#6382 = CARTESIAN_POINT('',(-2.427646032461,-0.500050344944));
#6383 = CARTESIAN_POINT('',(-2.380048654031,-0.500057728775));
#6384 = CARTESIAN_POINT('',(-2.332451538426,-0.500064288554));
#6385 = CARTESIAN_POINT('',(-2.284849578798,-0.500071435806));
#6386 = CARTESIAN_POINT('',(-2.237246284582,-0.500078511711));
#6387 = CARTESIAN_POINT('',(-2.189643034605,-0.500085225065));
#6388 = CARTESIAN_POINT('',(-2.142040592757,-0.500091585039));
#6389 = CARTESIAN_POINT('',(-2.094438960116,-0.500097695758));
#6390 = CARTESIAN_POINT('',(-2.046837705486,-0.500103648284));
#6391 = CARTESIAN_POINT('',(-1.999236185191,-0.50010944945));
#6392 = CARTESIAN_POINT('',(-1.951633818793,-0.500115005242));
#6393 = CARTESIAN_POINT('',(-1.904030294315,-0.500120155023));
#6394 = CARTESIAN_POINT('',(-1.856425992613,-0.500124755424));
#6395 = CARTESIAN_POINT('',(-1.808821549464,-0.500128819377));
#6396 = CARTESIAN_POINT('',(-1.761220542676,-0.500132681927));
#6397 = CARTESIAN_POINT('',(-1.71362038881,-0.500137288406));
#6398 = CARTESIAN_POINT('',(-1.66601597019,-0.500141713155));
#6399 = CARTESIAN_POINT('',(-1.618411551623,-0.500145572717));
#6400 = CARTESIAN_POINT('',(-1.570807618863,-0.500148828353));
#6401 = CARTESIAN_POINT('',(-1.523204626052,-0.500151594924));
#6402 = CARTESIAN_POINT('',(-1.475602273275,-0.500154007218));
#6403 = CARTESIAN_POINT('',(-1.4280000063,-0.500156132975));
#6404 = CARTESIAN_POINT('',(-1.380397203937,-0.500157936458));
#6405 = CARTESIAN_POINT('',(-1.332793451221,-0.5001592958));
#6406 = CARTESIAN_POINT('',(-1.285188791575,-0.500160060506));
#6407 = CARTESIAN_POINT('',(-1.237583938508,-0.500160199047));
#6408 = CARTESIAN_POINT('',(-1.189980583135,-0.500159844459));
#6409 = CARTESIAN_POINT('',(-1.142381224472,-0.500159945839));
#6410 = CARTESIAN_POINT('',(-1.094776822179,-0.500160187447));
#6411 = CARTESIAN_POINT('',(-1.04717200827,-0.500159856667));
#6412 = CARTESIAN_POINT('',(-0.999567538975,-0.500158891676));
#6413 = CARTESIAN_POINT('',(-0.951964085753,-0.500157371122));
#6414 = CARTESIAN_POINT('',(-0.904361491186,-0.500155447546));
#6415 = CARTESIAN_POINT('',(-0.856759269376,-0.500153223174));
#6416 = CARTESIAN_POINT('',(-0.809156784455,-0.500150703996));
#6417 = CARTESIAN_POINT('',(-0.761553545483,-0.50014779913));
#6418 = CARTESIAN_POINT('',(-0.713949382503,-0.500144366135));
#6419 = CARTESIAN_POINT('',(-0.666344957708,-0.500140332677));
#6420 = CARTESIAN_POINT('',(-0.618740982673,-0.500135767761));
#6421 = CARTESIAN_POINT('',(-0.571142156109,-0.500131370098));
#6422 = CARTESIAN_POINT('',(-0.523539536419,-0.50012752171));
#6423 = CARTESIAN_POINT('',(-0.47593538688,-0.500123265075));
#6424 = CARTESIAN_POINT('',(-0.428331505408,-0.500118465366));
#6425 = CARTESIAN_POINT('',(-0.380728611096,-0.50011315978));
#6426 = CARTESIAN_POINT('',(-0.333126769884,-0.500107510554));
#6427 = CARTESIAN_POINT('',(-0.285525572693,-0.500101657025));
#6428 = CARTESIAN_POINT('',(-0.237924399603,-0.500095657494));
#6429 = CARTESIAN_POINT('',(-0.190322674307,-0.500089473147));
#6430 = CARTESIAN_POINT('',(-0.142720109244,-0.500083000173));
#6431 = CARTESIAN_POINT('',(-9.511698627303E-02,-0.500076174425));
#6432 = CARTESIAN_POINT('',(-4.751424367849E-02,-0.500069041603));
#6433 = CARTESIAN_POINT('',(-1.578087651744E-02,-0.500064472842));
#6434 = CARTESIAN_POINT('',(8.503856496311E-05,-0.500062307103));
#6435 = ( GEOMETRIC_REPRESENTATION_CONTEXT(2) 
PARAMETRIC_REPRESENTATION_CONTEXT() REPRESENTATION_CONTEXT('2D SPACE',''
  ) );
#6436 = ADVANCED_FACE('',(#6437,#6463),#5377,.F.);
#6437 = FACE_BOUND('',#6438,.F.);
#6438 = EDGE_LOOP('',(#6439));
#6439 = ORIENTED_EDGE('',*,*,#6440,.T.);
#6440 = EDGE_CURVE('',#6441,#6441,#6443,.T.);
#6441 = VERTEX_POINT('',#6442);
#6442 = CARTESIAN_POINT('',(-13.75125277099,-14.71714881219,25.6));
#6443 = SURFACE_CURVE('',#6444,(#6449,#6456),.PCURVE_S1.);
#6444 = CIRCLE('',#6445,2.750315084425);
#6445 = AXIS2_PLACEMENT_3D('',#6446,#6447,#6448);
#6446 = CARTESIAN_POINT('',(-11.00093768657,-14.71714881219,25.6));
#6447 = DIRECTION('',(0.,0.,1.));
#6448 = DIRECTION('',(1.,0.,-0.));
#6449 = PCURVE('',#5377,#6450);
#6450 = DEFINITIONAL_REPRESENTATION('',(#6451),#6455);
#6451 = CIRCLE('',#6452,2.750315084425);
#6452 = AXIS2_PLACEMENT_2D('',#6453,#6454);
#6453 = CARTESIAN_POINT('',(20.04906231343,6.78285118781));
#6454 = DIRECTION('',(1.,0.));
#6455 = ( GEOMETRIC_REPRESENTATION_CONTEXT(2) 
PARAMETRIC_REPRESENTATION_CONTEXT() REPRESENTATION_CONTEXT('2D SPACE',''
  ) );
#6456 = PCURVE('',#5620,#6457);
#6457 = DEFINITIONAL_REPRESENTATION('',(#6458),#6462);
#6458 = LINE('',#6459,#6460);
#6459 = CARTESIAN_POINT('',(-6.28318530718,0.500315084425));
#6460 = VECTOR('',#6461,1.);
#6461 = DIRECTION('',(1.,0.));
#6462 = ( GEOMETRIC_REPRESENTATION_CONTEXT(2) 
PARAMETRIC_REPRESENTATION_CONTEXT() REPRESENTATION_CONTEXT('2D SPACE',''
  ) );
#6463 = FACE_BOUND('',#6464,.F.);
#6464 = EDGE_LOOP('',(#6465));
#6465 = ORIENTED_EDGE('',*,*,#5362,.F.);
#6466 = ADVANCED_FACE('',(#6467,#6493),#5432,.F.);
#6467 = FACE_BOUND('',#6468,.F.);
#6468 = EDGE_LOOP('',(#6469));
#6469 = ORIENTED_EDGE('',*,*,#6470,.T.);
#6470 = EDGE_CURVE('',#6471,#6471,#6473,.T.);
#6471 = VERTEX_POINT('',#6472);
#6472 = CARTESIAN_POINT('',(8.248747229005,-14.71714881219,25.6));
#6473 = SURFACE_CURVE('',#6474,(#6479,#6486),.PCURVE_S1.);
#6474 = CIRCLE('',#6475,2.750315084425);
#6475 = AXIS2_PLACEMENT_3D('',#6476,#6477,#6478);
#6476 = CARTESIAN_POINT('',(10.99906231343,-14.71714881219,25.6));
#6477 = DIRECTION('',(0.,0.,1.));
#6478 = DIRECTION('',(1.,0.,-0.));
#6479 = PCURVE('',#5432,#6480);
#6480 = DEFINITIONAL_REPRESENTATION('',(#6481),#6485);
#6481 = CIRCLE('',#6482,2.750315084425);
#6482 = AXIS2_PLACEMENT_2D('',#6483,#6484);
#6483 = CARTESIAN_POINT('',(42.04906231343,6.78285118781));
#6484 = DIRECTION('',(1.,0.));
#6485 = ( GEOMETRIC_REPRESENTATION_CONTEXT(2) 
PARAMETRIC_REPRESENTATION_CONTEXT() REPRESENTATION_CONTEXT('2D SPACE',''
  ) );
#6486 = PCURVE('',#6109,#6487);
#6487 = DEFINITIONAL_REPRESENTATION('',(#6488),#6492);
#6488 = LINE('',#6489,#6490);
#6489 = CARTESIAN_POINT('',(-6.28318530718,0.500315084425));
#6490 = VECTOR('',#6491,1.);
#6491 = DIRECTION('',(1.,0.));
#6492 = ( GEOMETRIC_REPRESENTATION_CONTEXT(2) 
PARAMETRIC_REPRESENTATION_CONTEXT() REPRESENTATION_CONTEXT('2D SPACE',''
  ) );
#6493 = FACE_BOUND('',#6494,.F.);
#6494 = EDGE_LOOP('',(#6495));
#6495 = ORIENTED_EDGE('',*,*,#5417,.F.);
#6496 = ADVANCED_FACE('',(#6497),#5620,.F.);
#6497 = FACE_BOUND('',#6498,.F.);
#6498 = EDGE_LOOP('',(#6499,#6520,#6521,#6522,#6523));
#6499 = ORIENTED_EDGE('',*,*,#6500,.F.);
#6500 = EDGE_CURVE('',#6441,#5465,#6501,.T.);
#6501 = SEAM_CURVE('',#6502,(#6506,#6513),.PCURVE_S1.);
#6502 = LINE('',#6503,#6504);
#6503 = CARTESIAN_POINT('',(-13.25093768657,-14.71714881219,
    25.099684915575));
#6504 = VECTOR('',#6505,1.);
#6505 = DIRECTION('',(0.707106781187,-8.659560562349E-17,-0.707106781187
    ));
#6506 = PCURVE('',#5620,#6507);
#6507 = DEFINITIONAL_REPRESENTATION('',(#6508),#6512);
#6508 = LINE('',#6509,#6510);
#6509 = CARTESIAN_POINT('',(3.14159265359,-9.420554752103E-16));
#6510 = VECTOR('',#6511,1.);
#6511 = DIRECTION('',(0.,-1.));
#6512 = ( GEOMETRIC_REPRESENTATION_CONTEXT(2) 
PARAMETRIC_REPRESENTATION_CONTEXT() REPRESENTATION_CONTEXT('2D SPACE',''
  ) );
#6513 = PCURVE('',#5620,#6514);
#6514 = DEFINITIONAL_REPRESENTATION('',(#6515),#6519);
#6515 = LINE('',#6516,#6517);
#6516 = CARTESIAN_POINT('',(-3.14159265359,-9.420554752103E-16));
#6517 = VECTOR('',#6518,1.);
#6518 = DIRECTION('',(0.,-1.));
#6519 = ( GEOMETRIC_REPRESENTATION_CONTEXT(2) 
PARAMETRIC_REPRESENTATION_CONTEXT() REPRESENTATION_CONTEXT('2D SPACE',''
  ) );
#6520 = ORIENTED_EDGE('',*,*,#6440,.F.);
#6521 = ORIENTED_EDGE('',*,*,#6500,.T.);
#6522 = ORIENTED_EDGE('',*,*,#5721,.T.);
#6523 = ORIENTED_EDGE('',*,*,#5462,.T.);
#6524 = ADVANCED_FACE('',(#6525),#6109,.F.);
#6525 = FACE_BOUND('',#6526,.F.);
#6526 = EDGE_LOOP('',(#6527,#6548,#6549,#6550,#6551));
#6527 = ORIENTED_EDGE('',*,*,#6528,.F.);
#6528 = EDGE_CURVE('',#6471,#5954,#6529,.T.);
#6529 = SEAM_CURVE('',#6530,(#6534,#6541),.PCURVE_S1.);
#6530 = LINE('',#6531,#6532);
#6531 = CARTESIAN_POINT('',(8.74906231343,-14.71714881219,
    25.099684915575));
#6532 = VECTOR('',#6533,1.);
#6533 = DIRECTION('',(0.707106781187,-8.659560562349E-17,-0.707106781187
    ));
#6534 = PCURVE('',#6109,#6535);
#6535 = DEFINITIONAL_REPRESENTATION('',(#6536),#6540);
#6536 = LINE('',#6537,#6538);
#6537 = CARTESIAN_POINT('',(3.14159265359,-2.13532574381E-14));
#6538 = VECTOR('',#6539,1.);
#6539 = DIRECTION('',(0.,-1.));
#6540 = ( GEOMETRIC_REPRESENTATION_CONTEXT(2) 
PARAMETRIC_REPRESENTATION_CONTEXT() REPRESENTATION_CONTEXT('2D SPACE',''
  ) );
#6541 = PCURVE('',#6109,#6542);
#6542 = DEFINITIONAL_REPRESENTATION('',(#6543),#6547);
#6543 = LINE('',#6544,#6545);
#6544 = CARTESIAN_POINT('',(-3.14159265359,-2.13532574381E-14));
#6545 = VECTOR('',#6546,1.);
#6546 = DIRECTION('',(0.,-1.));
#6547 = ( GEOMETRIC_REPRESENTATION_CONTEXT(2) 
PARAMETRIC_REPRESENTATION_CONTEXT() REPRESENTATION_CONTEXT('2D SPACE',''
  ) );
#6548 = ORIENTED_EDGE('',*,*,#6470,.F.);
#6549 = ORIENTED_EDGE('',*,*,#6528,.T.);
#6550 = ORIENTED_EDGE('',*,*,#6210,.T.);
#6551 = ORIENTED_EDGE('',*,*,#5951,.T.);
#6552 = ( GEOMETRIC_REPRESENTATION_CONTEXT(3) 
GLOBAL_UNCERTAINTY_ASSIGNED_CONTEXT((#6556)) 
GLOBAL_UNIT_ASSIGNED_CONTEXT((#6553,#6554,#6555)) REPRESENTATION_CONTEXT
('Context #1','3D Context with UNIT and UNCERTAINTY') );
#6553 = ( LENGTH_UNIT() NAMED_UNIT(*) SI_UNIT(.MILLI.,.METRE.) );
#6554 = ( NAMED_UNIT(*) PLANE_ANGLE_UNIT() SI_UNIT($,.RADIAN.) );
#6555 = ( NAMED_UNIT(*) SI_UNIT($,.STERADIAN.) SOLID_ANGLE_UNIT() );
#6556 = UNCERTAINTY_MEASURE_WITH_UNIT(LENGTH_MEASURE(2.E-07),#6553,
  'distance_accuracy_value','confusion accuracy');
#6557 = PRODUCT_RELATED_PRODUCT_CATEGORY('part',$,(#7));
ENDSEC;
END-ISO-10303-21;
