ISO-10303-21;
HEADER;
/* Generated by software containing ST-Developer
 * from STEP Tools, Inc. (www.steptools.com) 
 */

FILE_DESCRIPTION(
/* description */ (''),
/* implementation_level */ '2;1');

FILE_NAME(
/* name */ '',
/* time_stamp */ '2026-09-17T15:19:19+08:00',
/* author */ (''),
/* organization */ (''),
/* preprocessor_version */ 'ST-DEVELOPER v20.1',
/* originating_system */ 'Autodesk Translation Framework v15.8.0.0',
/* authorisation */ '');

FILE_SCHEMA (('AUTOMOTIVE_DESIGN { 1 0 10303 214 3 1 1 }'));
ENDSEC;

DATA;
#10=MECHANICAL_DESIGN_GEOMETRIC_PRESENTATION_REPRESENTATION('',(#23,#24),
#2988);
#11=ITEM_DEFINED_TRANSFORMATION($,$,#1589,#1723);
#12=ITEM_DEFINED_TRANSFORMATION($,$,#1673,#1724);
#13=(
REPRESENTATION_RELATIONSHIP($,$,#3002,#3001)
REPRESENTATION_RELATIONSHIP_WITH_TRANSFORMATION(#11)
SHAPE_REPRESENTATION_RELATIONSHIP()
);
#14=(
REPRESENTATION_RELATIONSHIP($,$,#3003,#3001)
REPRESENTATION_RELATIONSHIP_WITH_TRANSFORMATION(#12)
SHAPE_REPRESENTATION_RELATIONSHIP()
);
#15=CONTEXT_DEPENDENT_SHAPE_REPRESENTATION(#13,#2999);
#16=CONTEXT_DEPENDENT_SHAPE_REPRESENTATION(#14,#3000);
#17=NEXT_ASSEMBLY_USAGE_OCCURRENCE('uvc32_mount_dyx0914 (1):1',
'uvc32_mount_dyx0914 (1):1','uvc32_mount_dyx0914 (1):1',#3005,#3006,
'uvc32_mount_dyx0914 (1):1');
#18=NEXT_ASSEMBLY_USAGE_OCCURRENCE('uvc32_mount_dyx0914 (2):1',
'uvc32_mount_dyx0914 (2):1','uvc32_mount_dyx0914 (2):1',#3005,#3007,
'uvc32_mount_dyx0914 (2):1');
#19=SHAPE_REPRESENTATION_RELATIONSHIP('SRR','None',#3002,#21);
#20=SHAPE_REPRESENTATION_RELATIONSHIP('SRR','None',#3003,#22);
#21=ADVANCED_BREP_SHAPE_REPRESENTATION('',(#25),#2986);
#22=ADVANCED_BREP_SHAPE_REPRESENTATION('',(#26),#2987);
#23=STYLED_ITEM('',(#3020),#25);
#24=STYLED_ITEM('',(#3020),#26);
#25=MANIFOLD_SOLID_BREP('\X2\5B9E4F53\X0\1',#1563);
#26=MANIFOLD_SOLID_BREP('\X2\5B9E4F53\X0\1',#1564);
#27=B_SPLINE_SURFACE_WITH_KNOTS('',3,3,((#2256,#2257,#2258,#2259),(#2260,
#2261,#2262,#2263),(#2264,#2265,#2266,#2267),(#2268,#2269,#2270,#2271),
(#2272,#2273,#2274,#2275),(#2276,#2277,#2278,#2279),(#2280,#2281,#2282,
#2283),(#2284,#2285,#2286,#2287)),.UNSPECIFIED.,.F.,.F.,.F.,(4,1,1,1,1,
4),(4,4),(-0.04870089251922,0.,0.3333333333333,0.6666666666667,1.,1.048192552365),
(-0.1101551918978,1.110155191898),.UNSPECIFIED.);
#28=B_SPLINE_SURFACE_WITH_KNOTS('',3,3,((#2294,#2295,#2296,#2297),(#2298,
#2299,#2300,#2301),(#2302,#2303,#2304,#2305),(#2306,#2307,#2308,#2309),
(#2310,#2311,#2312,#2313),(#2314,#2315,#2316,#2317),(#2318,#2319,#2320,
#2321),(#2322,#2323,#2324,#2325)),.UNSPECIFIED.,.F.,.F.,.F.,(4,1,1,1,1,
4),(4,4),(-0.02867274130711,0.,0.3333333333333,0.6666666666667,1.,1.02864205374),
(-0.1115748157797,1.11157481578),.UNSPECIFIED.);
#29=B_SPLINE_SURFACE_WITH_KNOTS('',3,3,((#2384,#2385,#2386,#2387,#2388,
#2389,#2390),(#2391,#2392,#2393,#2394,#2395,#2396,#2397),(#2398,#2399,#2400,
#2401,#2402,#2403,#2404),(#2405,#2406,#2407,#2408,#2409,#2410,#2411),(#2412,
#2413,#2414,#2415,#2416,#2417,#2418),(#2419,#2420,#2421,#2422,#2423,#2424,
#2425),(#2426,#2427,#2428,#2429,#2430,#2431,#2432),(#2433,#2434,#2435,#2436,
#2437,#2438,#2439)),.UNSPECIFIED.,.F.,.F.,.F.,(4,1,1,1,1,4),(4,3,4),(-0.0288172847702,
0.,0.3333333333333,0.6666666666667,1.,1.028563312708),(-3.17107115914969,
-0.1115680082571,1.111568008257),.UNSPECIFIED.);
#30=B_SPLINE_SURFACE_WITH_KNOTS('',3,3,((#2469,#2470,#2471,#2472),(#2473,
#2474,#2475,#2476),(#2477,#2478,#2479,#2480),(#2481,#2482,#2483,#2484),
(#2485,#2486,#2487,#2488),(#2489,#2490,#2491,#2492),(#2493,#2494,#2495,
#2496),(#2497,#2498,#2499,#2500)),.UNSPECIFIED.,.F.,.F.,.F.,(4,1,1,1,1,
4),(4,4),(-0.01635056618961,0.,0.3333333333333,0.6666666666667,1.,1.016363329763),
(-0.1158210202446,1.115821020245),.UNSPECIFIED.);
#31=B_SPLINE_SURFACE_WITH_KNOTS('',3,3,((#2642,#2643,#2644,#2645),(#2646,
#2647,#2648,#2649),(#2650,#2651,#2652,#2653),(#2654,#2655,#2656,#2657),
(#2658,#2659,#2660,#2661),(#2662,#2663,#2664,#2665),(#2666,#2667,#2668,
#2669),(#2670,#2671,#2672,#2673)),.UNSPECIFIED.,.F.,.F.,.F.,(4,1,1,1,1,
4),(4,4),(-0.01647781218317,0.,0.3333333333333,0.6666666666667,1.,1.016362458478),
(-0.1158207853013,1.115820785301),.UNSPECIFIED.);
#32=B_SPLINE_SURFACE_WITH_KNOTS('',3,3,((#2695,#2696,#2697,#2698,#2699,
#2700,#2701),(#2702,#2703,#2704,#2705,#2706,#2707,#2708),(#2709,#2710,#2711,
#2712,#2713,#2714,#2715),(#2716,#2717,#2718,#2719,#2720,#2721,#2722),(#2723,
#2724,#2725,#2726,#2727,#2728,#2729),(#2730,#2731,#2732,#2733,#2734,#2735,
#2736),(#2737,#2738,#2739,#2740,#2741,#2742,#2743),(#2744,#2745,#2746,#2747,
#2748,#2749,#2750)),.UNSPECIFIED.,.F.,.F.,.F.,(4,1,1,1,1,4),(4,3,4),(-0.04858439625279,
0.,0.3333333333333,0.6666666666667,1.,1.048150923267),(-283.020205569935,
-0.1101541103013,1.110154110301),.UNSPECIFIED.);
#33=B_SPLINE_CURVE_WITH_KNOTS('',3,(#2201,#2202,#2203,#2204,#2205,#2206,
#2207,#2208,#2209,#2210),.UNSPECIFIED.,.F.,.F.,(4,2,2,2,4),(9.99999985568653E-7,
0.112228650122929,0.224194631059872,0.336306730126892,0.448839262850297),
 .UNSPECIFIED.);
#34=B_SPLINE_CURVE_WITH_KNOTS('',3,(#2212,#2213,#2214,#2215,#2216,#2217,
#2218,#2219,#2220,#2221),.UNSPECIFIED.,.F.,.F.,(4,2,2,2,4),(-1.3772966860265,
-1.35607210353873,-0.904048058559535,-0.452023980711907,9.71357194679001E-8),
 .UNSPECIFIED.);
#35=B_SPLINE_CURVE_WITH_KNOTS('',3,(#2240,#2241,#2242,#2243,#2244,#2245,
#2246),.UNSPECIFIED.,.F.,.F.,(4,3,4),(0.,0.333333362315966,0.580494888293109),
 .UNSPECIFIED.);
#36=B_SPLINE_CURVE_WITH_KNOTS('',3,(#2249,#2250,#2251,#2252,#2253,#2254,
#2255),.UNSPECIFIED.,.F.,.F.,(4,3,4),(0.421489850340514,0.666666638014965,
1.),.UNSPECIFIED.);
#37=B_SPLINE_CURVE_WITH_KNOTS('',3,(#2289,#2290,#2291,#2292),
 .UNSPECIFIED.,.F.,.F.,(4,4),(-0.10738727896869,0.),.UNSPECIFIED.);
#38=B_SPLINE_CURVE_WITH_KNOTS('',3,(#2327,#2328,#2329,#2330,#2331,#2332,
#2333,#2334),.UNSPECIFIED.,.F.,.F.,(4,2,2,4),(-0.253282234476758,-0.159955088827348,
-0.0740705029293767,0.),.UNSPECIFIED.);
#39=B_SPLINE_CURVE_WITH_KNOTS('',3,(#2337,#2338,#2339,#2340,#2341,#2342,
#2343,#2344,#2345,#2346),.UNSPECIFIED.,.F.,.F.,(4,2,2,2,4),(9.99999752455473E-7,
0.0674147855276636,0.13444001012168,0.201402109007014,0.268566985789144),
 .UNSPECIFIED.);
#40=B_SPLINE_CURVE_WITH_KNOTS('',3,(#2442,#2443,#2444,#2445,#2446,#2447),
 .UNSPECIFIED.,.F.,.F.,(4,2,4),(0.,0.120708451804758,0.252962725362789),
 .UNSPECIFIED.);
#41=B_SPLINE_CURVE_WITH_KNOTS('',3,(#2448,#2449,#2450,#2451),
 .UNSPECIFIED.,.F.,.F.,(4,4),(0.526369851650268,0.999999998874391),
 .UNSPECIFIED.);
#42=B_SPLINE_CURVE_WITH_KNOTS('',3,(#2453,#2454,#2455,#2456,#2457,#2458,
#2459,#2460,#2461,#2462),.UNSPECIFIED.,.F.,.F.,(4,2,2,2,4),(9.99996101240734E-7,
0.0667834664081227,0.13346526387281,0.200498760889355,0.268019745319986),
 .UNSPECIFIED.);
#43=B_SPLINE_CURVE_WITH_KNOTS('',3,(#2502,#2503,#2504,#2505,#2506,#2507,
#2508,#2509,#2510,#2511),.UNSPECIFIED.,.F.,.F.,(4,2,2,2,4),(9.99999634156264E-7,
0.104275613746011,0.208500859420201,0.312440038588123,0.4162979937287),
 .UNSPECIFIED.);
#44=B_SPLINE_CURVE_WITH_KNOTS('',3,(#2564,#2565,#2566,#2567,#2568,#2569,
#2570,#2571,#2572,#2573,#2574,#2575,#2576),.UNSPECIFIED.,.F.,.F.,(4,3,2,
2,2,4),(-1.03833786435045E-6,0.,0.452024252122807,0.904048504245613,1.35607232619606,
1.80804184245151),.UNSPECIFIED.);
#45=B_SPLINE_CURVE_WITH_KNOTS('',3,(#2579,#2580,#2581,#2582,#2583,#2584,
#2585,#2586,#2587,#2588),.UNSPECIFIED.,.F.,.F.,(4,2,2,2,4),(-3.53135802133202E-9,
0.452024034400602,0.904048072332562,1.35607211026132,1.8080428769262),
 .UNSPECIFIED.);
#46=B_SPLINE_CURVE_WITH_KNOTS('',3,(#2597,#2598,#2599,#2600,#2601,#2602,
#2603,#2604,#2605,#2606,#2607,#2608),.UNSPECIFIED.,.F.,.F.,(4,2,2,2,2,4),
(1.80804229005466,1.80809499401779,2.26011905622521,2.71214311843263,3.16416741967834,
3.61619172092405),.UNSPECIFIED.);
#47=B_SPLINE_CURVE_WITH_KNOTS('',3,(#2620,#2621,#2622,#2623,#2624,#2625,
#2626,#2627,#2628,#2629),.UNSPECIFIED.,.F.,.F.,(4,2,2,2,4),(3.6161912887293,
4.06821490516884,4.52023852160838,4.97226248657591,4.99394736263864),
 .UNSPECIFIED.);
#48=B_SPLINE_CURVE_WITH_KNOTS('',3,(#2631,#2632,#2633,#2634,#2635,#2636,
#2637,#2638,#2639,#2640),.UNSPECIFIED.,.F.,.F.,(4,2,2,2,4),(5.50180591856991E-6,
0.112062734153695,0.223884201108687,0.33586916254682,0.448293470467351),
 .UNSPECIFIED.);
#49=B_SPLINE_CURVE_WITH_KNOTS('',3,(#2681,#2682,#2683,#2684,#2685,#2686,
#2687,#2688,#2689,#2690),.UNSPECIFIED.,.F.,.F.,(4,2,2,2,4),(1.37855688086993E-6,
0.103369876152586,0.206926758055463,0.311062547221013,0.415353835188295),
 .UNSPECIFIED.);
#50=B_SPLINE_CURVE_WITH_KNOTS('',3,(#2751,#2752,#2753,#2754),
 .UNSPECIFIED.,.F.,.F.,(4,4),(0.,0.107405387029684),.UNSPECIFIED.);
#51=B_SPLINE_CURVE_WITH_KNOTS('',3,(#2802,#2803,#2804,#2805,#2806,#2807,
#2808,#2809,#2810,#2811,#2812,#2813),.UNSPECIFIED.,.F.,.F.,(4,2,2,2,2,4),
(1.8080439118048,1.80809822540438,2.26012247754106,2.71214672967775,3.16417055161446,
3.61619334294728),.UNSPECIFIED.);
#52=CYLINDRICAL_SURFACE('',#1601,12.);
#53=CYLINDRICAL_SURFACE('',#1628,1.65);
#54=CYLINDRICAL_SURFACE('',#1635,2.9);
#55=CYLINDRICAL_SURFACE('',#1638,2.9);
#56=CYLINDRICAL_SURFACE('',#1641,1.65);
#57=CYLINDRICAL_SURFACE('',#1642,12.);
#58=CYLINDRICAL_SURFACE('',#1649,12.);
#59=CYLINDRICAL_SURFACE('',#1651,9.1);
#60=CYLINDRICAL_SURFACE('',#1661,12.81044449107);
#61=CYLINDRICAL_SURFACE('',#1663,12.81044449107);
#62=CYLINDRICAL_SURFACE('',#1667,12.);
#63=CYLINDRICAL_SURFACE('',#1674,2.);
#64=CYLINDRICAL_SURFACE('',#1693,28.65);
#65=CYLINDRICAL_SURFACE('',#1699,1.65);
#66=CYLINDRICAL_SURFACE('',#1700,1.65);
#67=CYLINDRICAL_SURFACE('',#1701,1.65);
#68=CYLINDRICAL_SURFACE('',#1704,1.65);
#69=CYLINDRICAL_SURFACE('',#1708,28.65);
#70=FACE_BOUND('',#218,.T.);
#71=FACE_BOUND('',#219,.T.);
#72=FACE_BOUND('',#227,.T.);
#73=FACE_BOUND('',#228,.T.);
#74=FACE_BOUND('',#243,.T.);
#75=FACE_BOUND('',#245,.T.);
#76=FACE_BOUND('',#263,.T.);
#77=FACE_BOUND('',#281,.T.);
#78=FACE_BOUND('',#282,.T.);
#79=FACE_BOUND('',#285,.T.);
#80=FACE_BOUND('',#286,.T.);
#81=FACE_BOUND('',#289,.T.);
#82=FACE_BOUND('',#290,.T.);
#83=FACE_BOUND('',#307,.T.);
#84=FACE_BOUND('',#308,.T.);
#85=PLANE('',#1592);
#86=PLANE('',#1593);
#87=PLANE('',#1604);
#88=PLANE('',#1605);
#89=PLANE('',#1606);
#90=PLANE('',#1607);
#91=PLANE('',#1616);
#92=PLANE('',#1617);
#93=PLANE('',#1619);
#94=PLANE('',#1622);
#95=PLANE('',#1623);
#96=PLANE('',#1624);
#97=PLANE('',#1627);
#98=PLANE('',#1630);
#99=PLANE('',#1632);
#100=PLANE('',#1644);
#101=PLANE('',#1646);
#102=PLANE('',#1650);
#103=PLANE('',#1652);
#104=PLANE('',#1658);
#105=PLANE('',#1659);
#106=PLANE('',#1660);
#107=PLANE('',#1662);
#108=PLANE('',#1665);
#109=PLANE('',#1666);
#110=PLANE('',#1669);
#111=PLANE('',#1670);
#112=PLANE('',#1672);
#113=PLANE('',#1677);
#114=PLANE('',#1681);
#115=PLANE('',#1682);
#116=PLANE('',#1686);
#117=PLANE('',#1687);
#118=PLANE('',#1691);
#119=PLANE('',#1692);
#120=PLANE('',#1707);
#121=PLANE('',#1714);
#122=PLANE('',#1715);
#123=PLANE('',#1716);
#124=PLANE('',#1717);
#125=PLANE('',#1718);
#126=PLANE('',#1719);
#127=PLANE('',#1720);
#128=PLANE('',#1721);
#129=PLANE('',#1722);
#130=FACE_OUTER_BOUND('',#215,.T.);
#131=FACE_OUTER_BOUND('',#216,.T.);
#132=FACE_OUTER_BOUND('',#217,.T.);
#133=FACE_OUTER_BOUND('',#220,.T.);
#134=FACE_OUTER_BOUND('',#221,.T.);
#135=FACE_OUTER_BOUND('',#222,.T.);
#136=FACE_OUTER_BOUND('',#223,.T.);
#137=FACE_OUTER_BOUND('',#224,.T.);
#138=FACE_OUTER_BOUND('',#225,.T.);
#139=FACE_OUTER_BOUND('',#226,.T.);
#140=FACE_OUTER_BOUND('',#229,.T.);
#141=FACE_OUTER_BOUND('',#230,.T.);
#142=FACE_OUTER_BOUND('',#231,.T.);
#143=FACE_OUTER_BOUND('',#232,.T.);
#144=FACE_OUTER_BOUND('',#233,.T.);
#145=FACE_OUTER_BOUND('',#234,.T.);
#146=FACE_OUTER_BOUND('',#235,.T.);
#147=FACE_OUTER_BOUND('',#236,.T.);
#148=FACE_OUTER_BOUND('',#237,.T.);
#149=FACE_OUTER_BOUND('',#238,.T.);
#150=FACE_OUTER_BOUND('',#239,.T.);
#151=FACE_OUTER_BOUND('',#240,.T.);
#152=FACE_OUTER_BOUND('',#241,.T.);
#153=FACE_OUTER_BOUND('',#242,.T.);
#154=FACE_OUTER_BOUND('',#244,.T.);
#155=FACE_OUTER_BOUND('',#246,.T.);
#156=FACE_OUTER_BOUND('',#247,.T.);
#157=FACE_OUTER_BOUND('',#248,.T.);
#158=FACE_OUTER_BOUND('',#249,.T.);
#159=FACE_OUTER_BOUND('',#250,.T.);
#160=FACE_OUTER_BOUND('',#251,.T.);
#161=FACE_OUTER_BOUND('',#252,.T.);
#162=FACE_OUTER_BOUND('',#253,.T.);
#163=FACE_OUTER_BOUND('',#254,.T.);
#164=FACE_OUTER_BOUND('',#255,.T.);
#165=FACE_OUTER_BOUND('',#256,.T.);
#166=FACE_OUTER_BOUND('',#257,.T.);
#167=FACE_OUTER_BOUND('',#258,.T.);
#168=FACE_OUTER_BOUND('',#259,.T.);
#169=FACE_OUTER_BOUND('',#260,.T.);
#170=FACE_OUTER_BOUND('',#261,.T.);
#171=FACE_OUTER_BOUND('',#262,.T.);
#172=FACE_OUTER_BOUND('',#264,.T.);
#173=FACE_OUTER_BOUND('',#265,.T.);
#174=FACE_OUTER_BOUND('',#266,.T.);
#175=FACE_OUTER_BOUND('',#267,.T.);
#176=FACE_OUTER_BOUND('',#268,.T.);
#177=FACE_OUTER_BOUND('',#269,.T.);
#178=FACE_OUTER_BOUND('',#270,.T.);
#179=FACE_OUTER_BOUND('',#271,.T.);
#180=FACE_OUTER_BOUND('',#272,.T.);
#181=FACE_OUTER_BOUND('',#273,.T.);
#182=FACE_OUTER_BOUND('',#274,.T.);
#183=FACE_OUTER_BOUND('',#275,.T.);
#184=FACE_OUTER_BOUND('',#276,.T.);
#185=FACE_OUTER_BOUND('',#277,.T.);
#186=FACE_OUTER_BOUND('',#278,.T.);
#187=FACE_OUTER_BOUND('',#279,.T.);
#188=FACE_OUTER_BOUND('',#280,.T.);
#189=FACE_OUTER_BOUND('',#283,.T.);
#190=FACE_OUTER_BOUND('',#284,.T.);
#191=FACE_OUTER_BOUND('',#287,.T.);
#192=FACE_OUTER_BOUND('',#288,.T.);
#193=FACE_OUTER_BOUND('',#291,.T.);
#194=FACE_OUTER_BOUND('',#292,.T.);
#195=FACE_OUTER_BOUND('',#293,.T.);
#196=FACE_OUTER_BOUND('',#294,.T.);
#197=FACE_OUTER_BOUND('',#295,.T.);
#198=FACE_OUTER_BOUND('',#296,.T.);
#199=FACE_OUTER_BOUND('',#297,.T.);
#200=FACE_OUTER_BOUND('',#298,.T.);
#201=FACE_OUTER_BOUND('',#299,.T.);
#202=FACE_OUTER_BOUND('',#300,.T.);
#203=FACE_OUTER_BOUND('',#301,.T.);
#204=FACE_OUTER_BOUND('',#302,.T.);
#205=FACE_OUTER_BOUND('',#303,.T.);
#206=FACE_OUTER_BOUND('',#304,.T.);
#207=FACE_OUTER_BOUND('',#305,.T.);
#208=FACE_OUTER_BOUND('',#306,.T.);
#209=FACE_OUTER_BOUND('',#309,.T.);
#210=FACE_OUTER_BOUND('',#310,.T.);
#211=FACE_OUTER_BOUND('',#311,.T.);
#212=FACE_OUTER_BOUND('',#312,.T.);
#213=FACE_OUTER_BOUND('',#313,.T.);
#214=FACE_OUTER_BOUND('',#314,.T.);
#215=EDGE_LOOP('',(#1022,#1023,#1024));
#216=EDGE_LOOP('',(#1025,#1026,#1027,#1028));
#217=EDGE_LOOP('',(#1029,#1030,#1031,#1032,#1033,#1034,#1035,#1036,#1037,
#1038,#1039,#1040));
#218=EDGE_LOOP('',(#1041));
#219=EDGE_LOOP('',(#1042));
#220=EDGE_LOOP('',(#1043,#1044,#1045,#1046,#1047,#1048,#1049,#1050,#1051,
#1052));
#221=EDGE_LOOP('',(#1053,#1054,#1055,#1056,#1057));
#222=EDGE_LOOP('',(#1058,#1059,#1060,#1061));
#223=EDGE_LOOP('',(#1062,#1063,#1064,#1065));
#224=EDGE_LOOP('',(#1066,#1067,#1068));
#225=EDGE_LOOP('',(#1069,#1070,#1071,#1072));
#226=EDGE_LOOP('',(#1073,#1074,#1075,#1076,#1077,#1078,#1079,#1080,#1081,
#1082,#1083,#1084));
#227=EDGE_LOOP('',(#1085));
#228=EDGE_LOOP('',(#1086));
#229=EDGE_LOOP('',(#1087,#1088,#1089,#1090));
#230=EDGE_LOOP('',(#1091,#1092,#1093,#1094));
#231=EDGE_LOOP('',(#1095,#1096,#1097,#1098));
#232=EDGE_LOOP('',(#1099,#1100,#1101));
#233=EDGE_LOOP('',(#1102,#1103,#1104,#1105));
#234=EDGE_LOOP('',(#1106,#1107,#1108,#1109));
#235=EDGE_LOOP('',(#1110,#1111,#1112,#1113));
#236=EDGE_LOOP('',(#1114,#1115,#1116,#1117));
#237=EDGE_LOOP('',(#1118,#1119,#1120,#1121));
#238=EDGE_LOOP('',(#1122,#1123,#1124,#1125));
#239=EDGE_LOOP('',(#1126,#1127,#1128,#1129,#1130,#1131));
#240=EDGE_LOOP('',(#1132,#1133,#1134,#1135));
#241=EDGE_LOOP('',(#1136,#1137,#1138,#1139));
#242=EDGE_LOOP('',(#1140));
#243=EDGE_LOOP('',(#1141));
#244=EDGE_LOOP('',(#1142));
#245=EDGE_LOOP('',(#1143));
#246=EDGE_LOOP('',(#1144,#1145,#1146,#1147));
#247=EDGE_LOOP('',(#1148,#1149,#1150,#1151));
#248=EDGE_LOOP('',(#1152,#1153,#1154,#1155));
#249=EDGE_LOOP('',(#1156,#1157,#1158,#1159));
#250=EDGE_LOOP('',(#1160,#1161,#1162,#1163));
#251=EDGE_LOOP('',(#1164,#1165,#1166,#1167,#1168,#1169,#1170,#1171));
#252=EDGE_LOOP('',(#1172,#1173,#1174,#1175));
#253=EDGE_LOOP('',(#1176,#1177,#1178,#1179));
#254=EDGE_LOOP('',(#1180,#1181,#1182,#1183));
#255=EDGE_LOOP('',(#1184,#1185,#1186,#1187));
#256=EDGE_LOOP('',(#1188,#1189,#1190,#1191));
#257=EDGE_LOOP('',(#1192,#1193,#1194,#1195,#1196));
#258=EDGE_LOOP('',(#1197,#1198,#1199,#1200,#1201,#1202));
#259=EDGE_LOOP('',(#1203,#1204,#1205,#1206,#1207));
#260=EDGE_LOOP('',(#1208,#1209,#1210));
#261=EDGE_LOOP('',(#1211,#1212,#1213,#1214,#1215,#1216,#1217,#1218));
#262=EDGE_LOOP('',(#1219,#1220,#1221,#1222,#1223,#1224,#1225,#1226));
#263=EDGE_LOOP('',(#1227,#1228,#1229,#1230,#1231,#1232));
#264=EDGE_LOOP('',(#1233,#1234,#1235,#1236));
#265=EDGE_LOOP('',(#1237,#1238,#1239,#1240));
#266=EDGE_LOOP('',(#1241,#1242,#1243,#1244));
#267=EDGE_LOOP('',(#1245,#1246,#1247,#1248));
#268=EDGE_LOOP('',(#1249,#1250,#1251,#1252));
#269=EDGE_LOOP('',(#1253,#1254,#1255,#1256,#1257,#1258,#1259,#1260));
#270=EDGE_LOOP('',(#1261,#1262,#1263,#1264,#1265));
#271=EDGE_LOOP('',(#1266,#1267,#1268,#1269));
#272=EDGE_LOOP('',(#1270,#1271,#1272,#1273));
#273=EDGE_LOOP('',(#1274,#1275,#1276,#1277));
#274=EDGE_LOOP('',(#1278,#1279,#1280,#1281));
#275=EDGE_LOOP('',(#1282,#1283,#1284,#1285));
#276=EDGE_LOOP('',(#1286,#1287,#1288,#1289));
#277=EDGE_LOOP('',(#1290,#1291,#1292,#1293));
#278=EDGE_LOOP('',(#1294,#1295,#1296,#1297,#1298,#1299,#1300,#1301,#1302,
#1303,#1304,#1305,#1306,#1307));
#279=EDGE_LOOP('',(#1308,#1309,#1310,#1311));
#280=EDGE_LOOP('',(#1312,#1313,#1314,#1315,#1316,#1317));
#281=EDGE_LOOP('',(#1318));
#282=EDGE_LOOP('',(#1319));
#283=EDGE_LOOP('',(#1320,#1321,#1322,#1323));
#284=EDGE_LOOP('',(#1324,#1325,#1326,#1327,#1328,#1329));
#285=EDGE_LOOP('',(#1330));
#286=EDGE_LOOP('',(#1331));
#287=EDGE_LOOP('',(#1332,#1333,#1334,#1335));
#288=EDGE_LOOP('',(#1336,#1337,#1338,#1339,#1340,#1341));
#289=EDGE_LOOP('',(#1342));
#290=EDGE_LOOP('',(#1343));
#291=EDGE_LOOP('',(#1344,#1345,#1346,#1347,#1348));
#292=EDGE_LOOP('',(#1349,#1350,#1351,#1352));
#293=EDGE_LOOP('',(#1353,#1354,#1355,#1356));
#294=EDGE_LOOP('',(#1357,#1358,#1359,#1360));
#295=EDGE_LOOP('',(#1361,#1362,#1363,#1364,#1365));
#296=EDGE_LOOP('',(#1366,#1367,#1368,#1369,#1370));
#297=EDGE_LOOP('',(#1371,#1372,#1373,#1374));
#298=EDGE_LOOP('',(#1375,#1376,#1377,#1378,#1379));
#299=EDGE_LOOP('',(#1380,#1381,#1382,#1383,#1384));
#300=EDGE_LOOP('',(#1385,#1386,#1387,#1388,#1389));
#301=EDGE_LOOP('',(#1390,#1391,#1392,#1393));
#302=EDGE_LOOP('',(#1394,#1395,#1396,#1397,#1398));
#303=EDGE_LOOP('',(#1399,#1400,#1401,#1402,#1403));
#304=EDGE_LOOP('',(#1404,#1405,#1406,#1407));
#305=EDGE_LOOP('',(#1408,#1409,#1410,#1411,#1412,#1413,#1414,#1415,#1416,
#1417,#1418,#1419));
#306=EDGE_LOOP('',(#1420,#1421,#1422,#1423,#1424,#1425));
#307=EDGE_LOOP('',(#1426));
#308=EDGE_LOOP('',(#1427));
#309=EDGE_LOOP('',(#1428,#1429,#1430,#1431));
#310=EDGE_LOOP('',(#1432,#1433,#1434,#1435));
#311=EDGE_LOOP('',(#1436,#1437,#1438,#1439,#1440,#1441));
#312=EDGE_LOOP('',(#1442,#1443,#1444,#1445,#1446,#1447,#1448,#1449,#1450,
#1451,#1452,#1453));
#313=EDGE_LOOP('',(#1454,#1455,#1456,#1457));
#314=EDGE_LOOP('',(#1458,#1459,#1460,#1461));
#315=CIRCLE('',#1591,7.000000000078);
#316=CIRCLE('',#1594,12.);
#317=CIRCLE('',#1595,12.81044449107);
#318=CIRCLE('',#1596,12.81044449107);
#319=CIRCLE('',#1597,12.81044449107);
#320=CIRCLE('',#1598,12.000000000059);
#321=CIRCLE('',#1599,1.65);
#322=CIRCLE('',#1600,1.65);
#323=CIRCLE('',#1602,12.);
#324=CIRCLE('',#1603,12.);
#325=CIRCLE('',#1608,11.);
#326=CIRCLE('',#1609,11.00000000001);
#327=CIRCLE('',#1610,11.00000000001);
#328=CIRCLE('',#1611,11.);
#329=CIRCLE('',#1612,7.);
#330=CIRCLE('',#1613,3.9);
#331=CIRCLE('',#1614,3.9);
#332=CIRCLE('',#1621,11.16897697266);
#333=CIRCLE('',#1625,12.81044449107);
#334=CIRCLE('',#1626,12.000000000059);
#335=CIRCLE('',#1629,1.65);
#336=CIRCLE('',#1631,2.9);
#337=CIRCLE('',#1633,2.9);
#338=CIRCLE('',#1634,1.65);
#339=CIRCLE('',#1636,2.9);
#340=CIRCLE('',#1639,2.9);
#341=CIRCLE('',#1648,12.);
#342=CIRCLE('',#1653,11.16897697296);
#343=CIRCLE('',#1654,11.16897697285);
#344=CIRCLE('',#1655,11.16897697285);
#345=CIRCLE('',#1656,12.8104444913308);
#346=CIRCLE('',#1657,12.8104444913308);
#347=CIRCLE('',#1675,2.);
#348=CIRCLE('',#1676,2.);
#349=CIRCLE('',#1678,28.65);
#350=CIRCLE('',#1679,3.15);
#351=CIRCLE('',#1680,3.15);
#352=CIRCLE('',#1683,28.65);
#353=CIRCLE('',#1684,1.65);
#354=CIRCLE('',#1685,1.65);
#355=CIRCLE('',#1688,28.65);
#356=CIRCLE('',#1689,1.65);
#357=CIRCLE('',#1690,1.65);
#358=CIRCLE('',#1695,1.65);
#359=CIRCLE('',#1697,1.65);
#360=CIRCLE('',#1698,1.65);
#361=CIRCLE('',#1702,1.65);
#362=CIRCLE('',#1703,1.65);
#363=CIRCLE('',#1705,1.65);
#364=CIRCLE('',#1706,1.65);
#365=CIRCLE('',#1709,28.65);
#366=CIRCLE('',#1711,3.15);
#367=CIRCLE('',#1713,3.15);
#368=LINE('',#2154,#514);
#369=LINE('',#2159,#515);
#370=LINE('',#2161,#516);
#371=LINE('',#2163,#517);
#372=LINE('',#2164,#518);
#373=LINE('',#2171,#519);
#374=LINE('',#2173,#520);
#375=LINE('',#2175,#521);
#376=LINE('',#2179,#522);
#377=LINE('',#2183,#523);
#378=LINE('',#2186,#524);
#379=LINE('',#2193,#525);
#380=LINE('',#2195,#526);
#381=LINE('',#2199,#527);
#382=LINE('',#2223,#528);
#383=LINE('',#2227,#529);
#384=LINE('',#2228,#530);
#385=LINE('',#2232,#531);
#386=LINE('',#2233,#532);
#387=LINE('',#2234,#533);
#388=LINE('',#2238,#534);
#389=LINE('',#2248,#535);
#390=LINE('',#2293,#536);
#391=LINE('',#2336,#537);
#392=LINE('',#2349,#538);
#393=LINE('',#2351,#539);
#394=LINE('',#2356,#540);
#395=LINE('',#2360,#541);
#396=LINE('',#2364,#542);
#397=LINE('',#2371,#543);
#398=LINE('',#2373,#544);
#399=LINE('',#2376,#545);
#400=LINE('',#2378,#546);
#401=LINE('',#2379,#547);
#402=LINE('',#2463,#548);
#403=LINE('',#2465,#549);
#404=LINE('',#2467,#550);
#405=LINE('',#2468,#551);
#406=LINE('',#2512,#552);
#407=LINE('',#2516,#553);
#408=LINE('',#2519,#554);
#409=LINE('',#2521,#555);
#410=LINE('',#2522,#556);
#411=LINE('',#2525,#557);
#412=LINE('',#2526,#558);
#413=LINE('',#2530,#559);
#414=LINE('',#2534,#560);
#415=LINE('',#2535,#561);
#416=LINE('',#2538,#562);
#417=LINE('',#2550,#563);
#418=LINE('',#2553,#564);
#419=LINE('',#2556,#565);
#420=LINE('',#2559,#566);
#421=LINE('',#2561,#567);
#422=LINE('',#2578,#568);
#423=LINE('',#2590,#569);
#424=LINE('',#2593,#570);
#425=LINE('',#2594,#571);
#426=LINE('',#2609,#572);
#427=LINE('',#2612,#573);
#428=LINE('',#2613,#574);
#429=LINE('',#2618,#575);
#430=LINE('',#2641,#576);
#431=LINE('',#2675,#577);
#432=LINE('',#2677,#578);
#433=LINE('',#2679,#579);
#434=LINE('',#2691,#580);
#435=LINE('',#2693,#581);
#436=LINE('',#2694,#582);
#437=LINE('',#2756,#583);
#438=LINE('',#2761,#584);
#439=LINE('',#2765,#585);
#440=LINE('',#2769,#586);
#441=LINE('',#2773,#587);
#442=LINE('',#2777,#588);
#443=LINE('',#2778,#589);
#444=LINE('',#2780,#590);
#445=LINE('',#2781,#591);
#446=LINE('',#2783,#592);
#447=LINE('',#2785,#593);
#448=LINE('',#2787,#594);
#449=LINE('',#2789,#595);
#450=LINE('',#2792,#596);
#451=LINE('',#2795,#597);
#452=LINE('',#2796,#598);
#453=LINE('',#2798,#599);
#454=LINE('',#2801,#600);
#455=LINE('',#2815,#601);
#456=LINE('',#2817,#602);
#457=LINE('',#2818,#603);
#458=LINE('',#2826,#604);
#459=LINE('',#2830,#605);
#460=LINE('',#2834,#606);
#461=LINE('',#2836,#607);
#462=LINE('',#2840,#608);
#463=LINE('',#2841,#609);
#464=LINE('',#2849,#610);
#465=LINE('',#2850,#611);
#466=LINE('',#2851,#612);
#467=LINE('',#2856,#613);
#468=LINE('',#2858,#614);
#469=LINE('',#2860,#615);
#470=LINE('',#2861,#616);
#471=LINE('',#2868,#617);
#472=LINE('',#2870,#618);
#473=LINE('',#2871,#619);
#474=LINE('',#2874,#620);
#475=LINE('',#2876,#621);
#476=LINE('',#2880,#622);
#477=LINE('',#2881,#623);
#478=LINE('',#2888,#624);
#479=LINE('',#2890,#625);
#480=LINE('',#2892,#626);
#481=LINE('',#2893,#627);
#482=LINE('',#2895,#628);
#483=LINE('',#2896,#629);
#484=LINE('',#2900,#630);
#485=LINE('',#2904,#631);
#486=LINE('',#2909,#632);
#487=LINE('',#2911,#633);
#488=LINE('',#2916,#634);
#489=LINE('',#2922,#635);
#490=LINE('',#2926,#636);
#491=LINE('',#2928,#637);
#492=LINE('',#2930,#638);
#493=LINE('',#2931,#639);
#494=LINE('',#2936,#640);
#495=LINE('',#2940,#641);
#496=LINE('',#2945,#642);
#497=LINE('',#2946,#643);
#498=LINE('',#2947,#644);
#499=LINE('',#2951,#645);
#500=LINE('',#2952,#646);
#501=LINE('',#2954,#647);
#502=LINE('',#2955,#648);
#503=LINE('',#2958,#649);
#504=LINE('',#2960,#650);
#505=LINE('',#2961,#651);
#506=LINE('',#2964,#652);
#507=LINE('',#2965,#653);
#508=LINE('',#2967,#654);
#509=LINE('',#2970,#655);
#510=LINE('',#2971,#656);
#511=LINE('',#2974,#657);
#512=LINE('',#2975,#658);
#513=LINE('',#2977,#659);
#514=VECTOR('',#1731,1.41421356102903);
#515=VECTOR('',#1736,4.73114108340409);
#516=VECTOR('',#1737,12.0866055693002);
#517=VECTOR('',#1738,4.73114108340409);
#518=VECTOR('',#1739,12.0866055693002);
#519=VECTOR('',#1746,0.50000000000001);
#520=VECTOR('',#1747,72.63245191358);
#521=VECTOR('',#1748,0.50000000000011);
#522=VECTOR('',#1751,10.);
#523=VECTOR('',#1754,10.);
#524=VECTOR('',#1757,7.86862884282415);
#525=VECTOR('',#1764,5.00000000054627);
#526=VECTOR('',#1765,5.00000000054627);
#527=VECTOR('',#1768,21.6985868512708);
#528=VECTOR('',#1769,4.58193009407088);
#529=VECTOR('',#1774,7.86864444357195);
#530=VECTOR('',#1775,4.99999908599283);
#531=VECTOR('',#1778,7.86864442691672);
#532=VECTOR('',#1779,1.41421356254509);
#533=VECTOR('',#1780,1.41421356248001);
#534=VECTOR('',#1783,10.);
#535=VECTOR('',#1784,57.7173828383493);
#536=VECTOR('',#1785,1.24402485939998);
#537=VECTOR('',#1786,1.21996729646901);
#538=VECTOR('',#1789,10.);
#539=VECTOR('',#1790,4.40865912745701);
#540=VECTOR('',#1795,71.7614483916813);
#541=VECTOR('',#1798,7.87183037276113);
#542=VECTOR('',#1801,4.38141939313);
#543=VECTOR('',#1810,1.41421356247206);
#544=VECTOR('',#1813,4.40865917564);
#545=VECTOR('',#1816,1.41421356254506);
#546=VECTOR('',#1817,4.381419442062);
#547=VECTOR('',#1818,1.41421356099006);
#548=VECTOR('',#1821,1.22004173496592);
#549=VECTOR('',#1824,4.40853852881818);
#550=VECTOR('',#1825,4.40853850977321);
#551=VECTOR('',#1826,1.22004694612202);
#552=VECTOR('',#1827,1.17524112697896);
#553=VECTOR('',#1832,1.17524077040302);
#554=VECTOR('',#1835,7.86857651361057);
#555=VECTOR('',#1836,7.86857649648183);
#556=VECTOR('',#1837,1.175240770454);
#557=VECTOR('',#1840,4.58195329535179);
#558=VECTOR('',#1841,7.86859094972415);
#559=VECTOR('',#1844,10.);
#560=VECTOR('',#1851,12.0866055693002);
#561=VECTOR('',#1852,12.0866055692694);
#562=VECTOR('',#1855,1.65);
#563=VECTOR('',#1870,2.9);
#564=VECTOR('',#1875,3.399999991771);
#565=VECTOR('',#1878,2.9);
#566=VECTOR('',#1883,3.399999991771);
#567=VECTOR('',#1886,1.65);
#568=VECTOR('',#1889,21.668659494311);
#569=VECTOR('',#1892,1.41421577940599);
#570=VECTOR('',#1895,71.7614484083513);
#571=VECTOR('',#1896,1.41421577933601);
#572=VECTOR('',#1899,1.41421356255503);
#573=VECTOR('',#1902,7.87183038942121);
#574=VECTOR('',#1903,1.41421356247193);
#575=VECTOR('',#1910,21.6690598638507);
#576=VECTOR('',#1911,21.6988702642298);
#577=VECTOR('',#1912,1.21996211703202);
#578=VECTOR('',#1913,1.17524351087597);
#579=VECTOR('',#1914,1.17524351087597);
#580=VECTOR('',#1915,1.21996211703202);
#581=VECTOR('',#1918,4.38141937602778);
#582=VECTOR('',#1919,4.38141935736181);
#583=VECTOR('',#1922,79.9164817068299);
#584=VECTOR('',#1927,7.87176244053391);
#585=VECTOR('',#1930,71.7614483875971);
#586=VECTOR('',#1933,0.500000000002502);
#587=VECTOR('',#1936,10.);
#588=VECTOR('',#1939,0.500000000002502);
#589=VECTOR('',#1940,72.6324519147029);
#590=VECTOR('',#1943,17.4995910272303);
#591=VECTOR('',#1944,17.4995925949203);
#592=VECTOR('',#1947,17.4999946407603);
#593=VECTOR('',#1950,17.4999962084503);
#594=VECTOR('',#1953,17.5000559929694);
#595=VECTOR('',#1956,17.4996905358098);
#596=VECTOR('',#1961,1.17524730114901);
#597=VECTOR('',#1964,7.87176245770164);
#598=VECTOR('',#1965,1.17524730115699);
#599=VECTOR('',#1968,21.6690840279001);
#600=VECTOR('',#1971,21.6690551144294);
#601=VECTOR('',#1974,1.17524403583403);
#602=VECTOR('',#1977,71.7614484063969);
#603=VECTOR('',#1978,1.17524403578696);
#604=VECTOR('',#1989,10.);
#605=VECTOR('',#1992,10.);
#606=VECTOR('',#1997,14.04942357891);
#607=VECTOR('',#1998,3.09854447587);
#608=VECTOR('',#2001,3.1);
#609=VECTOR('',#2002,14.04942357891);
#610=VECTOR('',#2009,10.);
#611=VECTOR('',#2010,14.);
#612=VECTOR('',#2011,10.);
#613=VECTOR('',#2016,10.);
#614=VECTOR('',#2017,10.);
#615=VECTOR('',#2018,10.);
#616=VECTOR('',#2019,10.);
#617=VECTOR('',#2026,10.);
#618=VECTOR('',#2027,10.);
#619=VECTOR('',#2028,10.);
#620=VECTOR('',#2031,10.);
#621=VECTOR('',#2032,10.);
#622=VECTOR('',#2035,10.);
#623=VECTOR('',#2036,10.);
#624=VECTOR('',#2043,3.);
#625=VECTOR('',#2044,3.1);
#626=VECTOR('',#2045,1.41421356237291);
#627=VECTOR('',#2046,14.);
#628=VECTOR('',#2049,11.);
#629=VECTOR('',#2050,14.);
#630=VECTOR('',#2055,2.25);
#631=VECTOR('',#2060,2.25);
#632=VECTOR('',#2067,1.65);
#633=VECTOR('',#2070,1.65);
#634=VECTOR('',#2075,1.65);
#635=VECTOR('',#2082,1.65);
#636=VECTOR('',#2087,14.);
#637=VECTOR('',#2088,1.41421356237291);
#638=VECTOR('',#2089,3.09854447587);
#639=VECTOR('',#2090,3.);
#640=VECTOR('',#2097,2.399999997624);
#641=VECTOR('',#2102,2.399999997624);
#642=VECTOR('',#2107,10.);
#643=VECTOR('',#2108,10.);
#644=VECTOR('',#2109,10.);
#645=VECTOR('',#2112,10.);
#646=VECTOR('',#2113,10.);
#647=VECTOR('',#2114,10.11748813289);
#648=VECTOR('',#2115,10.);
#649=VECTOR('',#2118,9.596921082338);
#650=VECTOR('',#2119,10.);
#651=VECTOR('',#2120,9.596921082338);
#652=VECTOR('',#2123,10.);
#653=VECTOR('',#2124,10.11748813289);
#654=VECTOR('',#2127,10.);
#655=VECTOR('',#2130,10.);
#656=VECTOR('',#2131,10.);
#657=VECTOR('',#2134,10.);
#658=VECTOR('',#2135,10.);
#659=VECTOR('',#2138,10.);
#660=(
BOUNDED_CURVE()
B_SPLINE_CURVE(2,(#2150,#2151,#2152),.UNSPECIFIED.,.F.,.F.)
B_SPLINE_CURVE_WITH_KNOTS((3,3),(0.476724721592818,0.871915196071083),
 .UNSPECIFIED.)
CURVE()
GEOMETRIC_REPRESENTATION_ITEM()
RATIONAL_B_SPLINE_CURVE((1.12604776938424,1.12604770299531,1.0394286088428))
REPRESENTATION_ITEM('')
);
#661=(
BOUNDED_CURVE()
B_SPLINE_CURVE(2,(#2381,#2382,#2383),.UNSPECIFIED.,.F.,.F.)
B_SPLINE_CURVE_WITH_KNOTS((3,3),(0.0815315805262612,0.476721644223952),
 .UNSPECIFIED.)
CURVE()
GEOMETRIC_REPRESENTATION_ITEM()
RATIONAL_B_SPLINE_CURVE((1.03942750604731,1.12604646673861,1.12604646488458))
REPRESENTATION_ITEM('')
);
#662=VERTEX_POINT('',#2148);
#663=VERTEX_POINT('',#2149);
#664=VERTEX_POINT('',#2153);
#665=VERTEX_POINT('',#2157);
#666=VERTEX_POINT('',#2158);
#667=VERTEX_POINT('',#2160);
#668=VERTEX_POINT('',#2162);
#669=VERTEX_POINT('',#2166);
#670=VERTEX_POINT('',#2168);
#671=VERTEX_POINT('',#2170);
#672=VERTEX_POINT('',#2172);
#673=VERTEX_POINT('',#2174);
#674=VERTEX_POINT('',#2176);
#675=VERTEX_POINT('',#2178);
#676=VERTEX_POINT('',#2180);
#677=VERTEX_POINT('',#2182);
#678=VERTEX_POINT('',#2184);
#679=VERTEX_POINT('',#2187);
#680=VERTEX_POINT('',#2189);
#681=VERTEX_POINT('',#2192);
#682=VERTEX_POINT('',#2194);
#683=VERTEX_POINT('',#2196);
#684=VERTEX_POINT('',#2198);
#685=VERTEX_POINT('',#2200);
#686=VERTEX_POINT('',#2211);
#687=VERTEX_POINT('',#2222);
#688=VERTEX_POINT('',#2226);
#689=VERTEX_POINT('',#2230);
#690=VERTEX_POINT('',#2231);
#691=VERTEX_POINT('',#2236);
#692=VERTEX_POINT('',#2237);
#693=VERTEX_POINT('',#2239);
#694=VERTEX_POINT('',#2247);
#695=VERTEX_POINT('',#2288);
#696=VERTEX_POINT('',#2326);
#697=VERTEX_POINT('',#2335);
#698=VERTEX_POINT('',#2348);
#699=VERTEX_POINT('',#2350);
#700=VERTEX_POINT('',#2353);
#701=VERTEX_POINT('',#2355);
#702=VERTEX_POINT('',#2357);
#703=VERTEX_POINT('',#2359);
#704=VERTEX_POINT('',#2361);
#705=VERTEX_POINT('',#2363);
#706=VERTEX_POINT('',#2366);
#707=VERTEX_POINT('',#2368);
#708=VERTEX_POINT('',#2375);
#709=VERTEX_POINT('',#2377);
#710=VERTEX_POINT('',#2440);
#711=VERTEX_POINT('',#2441);
#712=VERTEX_POINT('',#2452);
#713=VERTEX_POINT('',#2466);
#714=VERTEX_POINT('',#2501);
#715=VERTEX_POINT('',#2514);
#716=VERTEX_POINT('',#2518);
#717=VERTEX_POINT('',#2520);
#718=VERTEX_POINT('',#2524);
#719=VERTEX_POINT('',#2528);
#720=VERTEX_POINT('',#2529);
#721=VERTEX_POINT('',#2537);
#722=VERTEX_POINT('',#2541);
#723=VERTEX_POINT('',#2544);
#724=VERTEX_POINT('',#2546);
#725=VERTEX_POINT('',#2549);
#726=VERTEX_POINT('',#2555);
#727=VERTEX_POINT('',#2563);
#728=VERTEX_POINT('',#2577);
#729=VERTEX_POINT('',#2592);
#730=VERTEX_POINT('',#2596);
#731=VERTEX_POINT('',#2611);
#732=VERTEX_POINT('',#2617);
#733=VERTEX_POINT('',#2619);
#734=VERTEX_POINT('',#2630);
#735=VERTEX_POINT('',#2674);
#736=VERTEX_POINT('',#2676);
#737=VERTEX_POINT('',#2678);
#738=VERTEX_POINT('',#2680);
#739=VERTEX_POINT('',#2758);
#740=VERTEX_POINT('',#2760);
#741=VERTEX_POINT('',#2762);
#742=VERTEX_POINT('',#2764);
#743=VERTEX_POINT('',#2767);
#744=VERTEX_POINT('',#2768);
#745=VERTEX_POINT('',#2770);
#746=VERTEX_POINT('',#2772);
#747=VERTEX_POINT('',#2774);
#748=VERTEX_POINT('',#2776);
#749=VERTEX_POINT('',#2794);
#750=VERTEX_POINT('',#2800);
#751=VERTEX_POINT('',#2824);
#752=VERTEX_POINT('',#2825);
#753=VERTEX_POINT('',#2827);
#754=VERTEX_POINT('',#2829);
#755=VERTEX_POINT('',#2833);
#756=VERTEX_POINT('',#2835);
#757=VERTEX_POINT('',#2837);
#758=VERTEX_POINT('',#2839);
#759=VERTEX_POINT('',#2842);
#760=VERTEX_POINT('',#2844);
#761=VERTEX_POINT('',#2847);
#762=VERTEX_POINT('',#2848);
#763=VERTEX_POINT('',#2853);
#764=VERTEX_POINT('',#2855);
#765=VERTEX_POINT('',#2857);
#766=VERTEX_POINT('',#2859);
#767=VERTEX_POINT('',#2862);
#768=VERTEX_POINT('',#2864);
#769=VERTEX_POINT('',#2867);
#770=VERTEX_POINT('',#2869);
#771=VERTEX_POINT('',#2873);
#772=VERTEX_POINT('',#2875);
#773=VERTEX_POINT('',#2877);
#774=VERTEX_POINT('',#2879);
#775=VERTEX_POINT('',#2882);
#776=VERTEX_POINT('',#2884);
#777=VERTEX_POINT('',#2887);
#778=VERTEX_POINT('',#2889);
#779=VERTEX_POINT('',#2891);
#780=VERTEX_POINT('',#2899);
#781=VERTEX_POINT('',#2903);
#782=VERTEX_POINT('',#2905);
#783=VERTEX_POINT('',#2913);
#784=VERTEX_POINT('',#2914);
#785=VERTEX_POINT('',#2919);
#786=VERTEX_POINT('',#2920);
#787=VERTEX_POINT('',#2925);
#788=VERTEX_POINT('',#2927);
#789=VERTEX_POINT('',#2929);
#790=VERTEX_POINT('',#2935);
#791=VERTEX_POINT('',#2939);
#792=VERTEX_POINT('',#2943);
#793=VERTEX_POINT('',#2944);
#794=VERTEX_POINT('',#2949);
#795=VERTEX_POINT('',#2950);
#796=VERTEX_POINT('',#2953);
#797=VERTEX_POINT('',#2957);
#798=VERTEX_POINT('',#2959);
#799=VERTEX_POINT('',#2963);
#800=VERTEX_POINT('',#2969);
#801=VERTEX_POINT('',#2973);
#802=EDGE_CURVE('',#662,#663,#660,.T.);
#803=EDGE_CURVE('',#664,#662,#368,.T.);
#804=EDGE_CURVE('',#663,#664,#315,.T.);
#805=EDGE_CURVE('',#665,#666,#369,.T.);
#806=EDGE_CURVE('',#667,#665,#370,.T.);
#807=EDGE_CURVE('',#668,#667,#371,.T.);
#808=EDGE_CURVE('',#666,#668,#372,.T.);
#809=EDGE_CURVE('',#669,#665,#316,.T.);
#810=EDGE_CURVE('',#666,#670,#317,.T.);
#811=EDGE_CURVE('',#671,#670,#373,.T.);
#812=EDGE_CURVE('',#672,#671,#374,.T.);
#813=EDGE_CURVE('',#672,#673,#375,.T.);
#814=EDGE_CURVE('',#674,#673,#318,.T.);
#815=EDGE_CURVE('',#674,#675,#376,.T.);
#816=EDGE_CURVE('',#675,#676,#319,.T.);
#817=EDGE_CURVE('',#677,#676,#377,.T.);
#818=EDGE_CURVE('',#678,#677,#320,.T.);
#819=EDGE_CURVE('',#669,#678,#378,.T.);
#820=EDGE_CURVE('',#679,#679,#321,.T.);
#821=EDGE_CURVE('',#680,#680,#322,.T.);
#822=EDGE_CURVE('',#681,#669,#379,.T.);
#823=EDGE_CURVE('',#682,#681,#380,.T.);
#824=EDGE_CURVE('',#683,#682,#323,.T.);
#825=EDGE_CURVE('',#684,#683,#381,.T.);
#826=EDGE_CURVE('',#684,#685,#33,.T.);
#827=EDGE_CURVE('',#685,#686,#34,.T.);
#828=EDGE_CURVE('',#686,#687,#382,.T.);
#829=EDGE_CURVE('',#667,#687,#324,.T.);
#830=EDGE_CURVE('',#682,#688,#383,.T.);
#831=EDGE_CURVE('',#688,#678,#384,.T.);
#832=EDGE_CURVE('',#689,#690,#385,.T.);
#833=EDGE_CURVE('',#689,#682,#386,.T.);
#834=EDGE_CURVE('',#690,#688,#387,.T.);
#835=EDGE_CURVE('',#691,#692,#388,.T.);
#836=EDGE_CURVE('',#693,#691,#35,.T.);
#837=EDGE_CURVE('',#693,#694,#389,.T.);
#838=EDGE_CURVE('',#692,#694,#36,.T.);
#839=EDGE_CURVE('',#695,#691,#37,.T.);
#840=EDGE_CURVE('',#695,#693,#390,.T.);
#841=EDGE_CURVE('',#696,#695,#38,.T.);
#842=EDGE_CURVE('',#696,#697,#391,.T.);
#843=EDGE_CURVE('',#697,#693,#39,.T.);
#844=EDGE_CURVE('',#663,#698,#392,.T.);
#845=EDGE_CURVE('',#664,#699,#393,.T.);
#846=EDGE_CURVE('',#699,#689,#325,.T.);
#847=EDGE_CURVE('',#690,#700,#326,.T.);
#848=EDGE_CURVE('',#700,#701,#394,.T.);
#849=EDGE_CURVE('',#701,#702,#327,.T.);
#850=EDGE_CURVE('',#702,#703,#395,.T.);
#851=EDGE_CURVE('',#703,#704,#328,.T.);
#852=EDGE_CURVE('',#704,#705,#396,.T.);
#853=EDGE_CURVE('',#705,#698,#329,.T.);
#854=EDGE_CURVE('',#706,#706,#330,.T.);
#855=EDGE_CURVE('',#707,#707,#331,.T.);
#856=EDGE_CURVE('',#699,#683,#397,.T.);
#857=EDGE_CURVE('',#662,#683,#398,.T.);
#858=EDGE_CURVE('',#704,#708,#399,.T.);
#859=EDGE_CURVE('',#708,#709,#400,.T.);
#860=EDGE_CURVE('',#705,#709,#401,.T.);
#861=EDGE_CURVE('',#698,#709,#661,.T.);
#862=EDGE_CURVE('',#710,#711,#40,.T.);
#863=EDGE_CURVE('',#711,#694,#41,.T.);
#864=EDGE_CURVE('',#694,#712,#42,.T.);
#865=EDGE_CURVE('',#710,#712,#402,.T.);
#866=EDGE_CURVE('',#710,#684,#403,.T.);
#867=EDGE_CURVE('',#712,#713,#404,.T.);
#868=EDGE_CURVE('',#684,#713,#405,.T.);
#869=EDGE_CURVE('',#713,#714,#43,.T.);
#870=EDGE_CURVE('',#685,#714,#406,.T.);
#871=EDGE_CURVE('',#714,#715,#332,.T.);
#872=EDGE_CURVE('',#686,#715,#407,.T.);
#873=EDGE_CURVE('',#686,#716,#408,.T.);
#874=EDGE_CURVE('',#715,#717,#409,.T.);
#875=EDGE_CURVE('',#716,#717,#410,.T.);
#876=EDGE_CURVE('',#716,#718,#411,.T.);
#877=EDGE_CURVE('',#687,#718,#412,.T.);
#878=EDGE_CURVE('',#719,#720,#413,.T.);
#879=EDGE_CURVE('',#719,#668,#333,.T.);
#880=EDGE_CURVE('',#720,#718,#334,.T.);
#881=EDGE_CURVE('',#719,#676,#414,.T.);
#882=EDGE_CURVE('',#720,#677,#415,.T.);
#883=EDGE_CURVE('',#679,#721,#416,.T.);
#884=EDGE_CURVE('',#721,#721,#335,.T.);
#885=EDGE_CURVE('',#722,#722,#336,.T.);
#886=EDGE_CURVE('',#723,#723,#337,.T.);
#887=EDGE_CURVE('',#724,#724,#338,.T.);
#888=EDGE_CURVE('',#722,#725,#417,.T.);
#889=EDGE_CURVE('',#725,#725,#339,.T.);
#890=EDGE_CURVE('',#725,#707,#418,.T.);
#891=EDGE_CURVE('',#723,#726,#419,.T.);
#892=EDGE_CURVE('',#726,#726,#340,.T.);
#893=EDGE_CURVE('',#726,#706,#420,.T.);
#894=EDGE_CURVE('',#680,#724,#421,.T.);
#895=EDGE_CURVE('',#716,#727,#44,.T.);
#896=EDGE_CURVE('',#728,#727,#422,.T.);
#897=EDGE_CURVE('',#688,#728,#45,.T.);
#898=EDGE_CURVE('',#700,#728,#423,.T.);
#899=EDGE_CURVE('',#728,#729,#424,.T.);
#900=EDGE_CURVE('',#701,#729,#425,.T.);
#901=EDGE_CURVE('',#729,#730,#46,.T.);
#902=EDGE_CURVE('',#702,#730,#426,.T.);
#903=EDGE_CURVE('',#730,#731,#427,.T.);
#904=EDGE_CURVE('',#703,#731,#428,.T.);
#905=EDGE_CURVE('',#731,#708,#341,.T.);
#906=EDGE_CURVE('',#731,#732,#429,.T.);
#907=EDGE_CURVE('',#732,#733,#47,.T.);
#908=EDGE_CURVE('',#733,#734,#48,.T.);
#909=EDGE_CURVE('',#708,#734,#430,.T.);
#910=EDGE_CURVE('',#734,#735,#431,.T.);
#911=EDGE_CURVE('',#733,#736,#432,.T.);
#912=EDGE_CURVE('',#736,#737,#433,.T.);
#913=EDGE_CURVE('',#737,#738,#49,.T.);
#914=EDGE_CURVE('',#735,#738,#434,.T.);
#915=EDGE_CURVE('',#734,#696,#435,.T.);
#916=EDGE_CURVE('',#738,#697,#436,.T.);
#917=EDGE_CURVE('',#711,#692,#50,.T.);
#918=EDGE_CURVE('',#737,#714,#437,.T.);
#919=EDGE_CURVE('',#739,#737,#342,.T.);
#920=EDGE_CURVE('',#740,#739,#438,.T.);
#921=EDGE_CURVE('',#741,#740,#343,.T.);
#922=EDGE_CURVE('',#742,#741,#439,.T.);
#923=EDGE_CURVE('',#717,#742,#344,.T.);
#924=EDGE_CURVE('',#743,#744,#440,.T.);
#925=EDGE_CURVE('',#745,#744,#345,.T.);
#926=EDGE_CURVE('',#746,#745,#441,.T.);
#927=EDGE_CURVE('',#747,#746,#346,.T.);
#928=EDGE_CURVE('',#748,#747,#442,.T.);
#929=EDGE_CURVE('',#743,#748,#443,.T.);
#930=EDGE_CURVE('',#743,#671,#444,.T.);
#931=EDGE_CURVE('',#670,#744,#445,.T.);
#932=EDGE_CURVE('',#748,#672,#446,.T.);
#933=EDGE_CURVE('',#747,#673,#447,.T.);
#934=EDGE_CURVE('',#746,#674,#448,.T.);
#935=EDGE_CURVE('',#745,#675,#449,.T.);
#936=EDGE_CURVE('',#732,#739,#450,.T.);
#937=EDGE_CURVE('',#749,#732,#451,.T.);
#938=EDGE_CURVE('',#749,#740,#452,.T.);
#939=EDGE_CURVE('',#730,#749,#453,.T.);
#940=EDGE_CURVE('',#729,#750,#454,.T.);
#941=EDGE_CURVE('',#750,#749,#51,.T.);
#942=EDGE_CURVE('',#750,#741,#455,.T.);
#943=EDGE_CURVE('',#727,#750,#456,.T.);
#944=EDGE_CURVE('',#727,#742,#457,.T.);
#945=EDGE_CURVE('',#751,#752,#458,.T.);
#946=EDGE_CURVE('',#752,#753,#347,.T.);
#947=EDGE_CURVE('',#753,#754,#459,.T.);
#948=EDGE_CURVE('',#754,#751,#348,.T.);
#949=EDGE_CURVE('',#753,#755,#460,.T.);
#950=EDGE_CURVE('',#755,#756,#461,.T.);
#951=EDGE_CURVE('',#756,#757,#349,.T.);
#952=EDGE_CURVE('',#757,#758,#462,.T.);
#953=EDGE_CURVE('',#758,#754,#463,.T.);
#954=EDGE_CURVE('',#759,#759,#350,.T.);
#955=EDGE_CURVE('',#760,#760,#351,.T.);
#956=EDGE_CURVE('',#761,#762,#464,.T.);
#957=EDGE_CURVE('',#762,#758,#465,.T.);
#958=EDGE_CURVE('',#761,#757,#466,.T.);
#959=EDGE_CURVE('',#763,#761,#352,.T.);
#960=EDGE_CURVE('',#764,#763,#467,.T.);
#961=EDGE_CURVE('',#765,#764,#468,.T.);
#962=EDGE_CURVE('',#766,#765,#469,.T.);
#963=EDGE_CURVE('',#762,#766,#470,.T.);
#964=EDGE_CURVE('',#767,#767,#353,.T.);
#965=EDGE_CURVE('',#768,#768,#354,.T.);
#966=EDGE_CURVE('',#766,#769,#471,.T.);
#967=EDGE_CURVE('',#770,#765,#472,.T.);
#968=EDGE_CURVE('',#770,#769,#473,.T.);
#969=EDGE_CURVE('',#771,#770,#474,.T.);
#970=EDGE_CURVE('',#772,#771,#475,.T.);
#971=EDGE_CURVE('',#773,#772,#355,.T.);
#972=EDGE_CURVE('',#774,#773,#476,.T.);
#973=EDGE_CURVE('',#769,#774,#477,.T.);
#974=EDGE_CURVE('',#775,#775,#356,.T.);
#975=EDGE_CURVE('',#776,#776,#357,.T.);
#976=EDGE_CURVE('',#777,#773,#478,.T.);
#977=EDGE_CURVE('',#777,#778,#479,.T.);
#978=EDGE_CURVE('',#778,#779,#480,.T.);
#979=EDGE_CURVE('',#779,#774,#481,.T.);
#980=EDGE_CURVE('',#763,#756,#482,.T.);
#981=EDGE_CURVE('',#764,#755,#483,.T.);
#982=EDGE_CURVE('',#759,#780,#484,.T.);
#983=EDGE_CURVE('',#780,#780,#358,.T.);
#984=EDGE_CURVE('',#760,#781,#485,.T.);
#985=EDGE_CURVE('',#782,#781,#359,.T.);
#986=EDGE_CURVE('',#781,#782,#360,.T.);
#987=EDGE_CURVE('',#782,#767,#486,.T.);
#988=EDGE_CURVE('',#780,#768,#487,.T.);
#989=EDGE_CURVE('',#783,#784,#361,.T.);
#990=EDGE_CURVE('',#783,#775,#488,.T.);
#991=EDGE_CURVE('',#784,#783,#362,.T.);
#992=EDGE_CURVE('',#785,#786,#363,.T.);
#993=EDGE_CURVE('',#785,#776,#489,.T.);
#994=EDGE_CURVE('',#786,#785,#364,.T.);
#995=EDGE_CURVE('',#787,#771,#490,.T.);
#996=EDGE_CURVE('',#787,#788,#491,.T.);
#997=EDGE_CURVE('',#788,#789,#492,.T.);
#998=EDGE_CURVE('',#789,#772,#493,.T.);
#999=EDGE_CURVE('',#777,#789,#365,.T.);
#1000=EDGE_CURVE('',#784,#790,#494,.T.);
#1001=EDGE_CURVE('',#790,#790,#366,.T.);
#1002=EDGE_CURVE('',#786,#791,#495,.T.);
#1003=EDGE_CURVE('',#791,#791,#367,.T.);
#1004=EDGE_CURVE('',#792,#793,#496,.T.);
#1005=EDGE_CURVE('',#793,#752,#497,.T.);
#1006=EDGE_CURVE('',#751,#792,#498,.T.);
#1007=EDGE_CURVE('',#794,#795,#499,.T.);
#1008=EDGE_CURVE('',#792,#794,#500,.T.);
#1009=EDGE_CURVE('',#796,#779,#501,.T.);
#1010=EDGE_CURVE('',#795,#796,#502,.T.);
#1011=EDGE_CURVE('',#788,#797,#503,.T.);
#1012=EDGE_CURVE('',#798,#797,#504,.T.);
#1013=EDGE_CURVE('',#798,#778,#505,.T.);
#1014=EDGE_CURVE('',#797,#799,#506,.T.);
#1015=EDGE_CURVE('',#787,#799,#507,.T.);
#1016=EDGE_CURVE('',#796,#798,#508,.T.);
#1017=EDGE_CURVE('',#795,#800,#509,.T.);
#1018=EDGE_CURVE('',#800,#799,#510,.T.);
#1019=EDGE_CURVE('',#800,#801,#511,.T.);
#1020=EDGE_CURVE('',#793,#801,#512,.T.);
#1021=EDGE_CURVE('',#801,#794,#513,.T.);
#1022=ORIENTED_EDGE('',*,*,#802,.F.);
#1023=ORIENTED_EDGE('',*,*,#803,.F.);
#1024=ORIENTED_EDGE('',*,*,#804,.F.);
#1025=ORIENTED_EDGE('',*,*,#805,.F.);
#1026=ORIENTED_EDGE('',*,*,#806,.F.);
#1027=ORIENTED_EDGE('',*,*,#807,.F.);
#1028=ORIENTED_EDGE('',*,*,#808,.F.);
#1029=ORIENTED_EDGE('',*,*,#809,.T.);
#1030=ORIENTED_EDGE('',*,*,#805,.T.);
#1031=ORIENTED_EDGE('',*,*,#810,.T.);
#1032=ORIENTED_EDGE('',*,*,#811,.F.);
#1033=ORIENTED_EDGE('',*,*,#812,.F.);
#1034=ORIENTED_EDGE('',*,*,#813,.T.);
#1035=ORIENTED_EDGE('',*,*,#814,.F.);
#1036=ORIENTED_EDGE('',*,*,#815,.T.);
#1037=ORIENTED_EDGE('',*,*,#816,.T.);
#1038=ORIENTED_EDGE('',*,*,#817,.F.);
#1039=ORIENTED_EDGE('',*,*,#818,.F.);
#1040=ORIENTED_EDGE('',*,*,#819,.F.);
#1041=ORIENTED_EDGE('',*,*,#820,.T.);
#1042=ORIENTED_EDGE('',*,*,#821,.T.);
#1043=ORIENTED_EDGE('',*,*,#806,.T.);
#1044=ORIENTED_EDGE('',*,*,#809,.F.);
#1045=ORIENTED_EDGE('',*,*,#822,.F.);
#1046=ORIENTED_EDGE('',*,*,#823,.F.);
#1047=ORIENTED_EDGE('',*,*,#824,.F.);
#1048=ORIENTED_EDGE('',*,*,#825,.F.);
#1049=ORIENTED_EDGE('',*,*,#826,.T.);
#1050=ORIENTED_EDGE('',*,*,#827,.T.);
#1051=ORIENTED_EDGE('',*,*,#828,.T.);
#1052=ORIENTED_EDGE('',*,*,#829,.F.);
#1053=ORIENTED_EDGE('',*,*,#830,.F.);
#1054=ORIENTED_EDGE('',*,*,#823,.T.);
#1055=ORIENTED_EDGE('',*,*,#822,.T.);
#1056=ORIENTED_EDGE('',*,*,#819,.T.);
#1057=ORIENTED_EDGE('',*,*,#831,.F.);
#1058=ORIENTED_EDGE('',*,*,#832,.F.);
#1059=ORIENTED_EDGE('',*,*,#833,.T.);
#1060=ORIENTED_EDGE('',*,*,#830,.T.);
#1061=ORIENTED_EDGE('',*,*,#834,.F.);
#1062=ORIENTED_EDGE('',*,*,#835,.F.);
#1063=ORIENTED_EDGE('',*,*,#836,.F.);
#1064=ORIENTED_EDGE('',*,*,#837,.T.);
#1065=ORIENTED_EDGE('',*,*,#838,.F.);
#1066=ORIENTED_EDGE('',*,*,#839,.F.);
#1067=ORIENTED_EDGE('',*,*,#840,.T.);
#1068=ORIENTED_EDGE('',*,*,#836,.T.);
#1069=ORIENTED_EDGE('',*,*,#841,.F.);
#1070=ORIENTED_EDGE('',*,*,#842,.T.);
#1071=ORIENTED_EDGE('',*,*,#843,.T.);
#1072=ORIENTED_EDGE('',*,*,#840,.F.);
#1073=ORIENTED_EDGE('',*,*,#844,.F.);
#1074=ORIENTED_EDGE('',*,*,#804,.T.);
#1075=ORIENTED_EDGE('',*,*,#845,.T.);
#1076=ORIENTED_EDGE('',*,*,#846,.T.);
#1077=ORIENTED_EDGE('',*,*,#832,.T.);
#1078=ORIENTED_EDGE('',*,*,#847,.T.);
#1079=ORIENTED_EDGE('',*,*,#848,.T.);
#1080=ORIENTED_EDGE('',*,*,#849,.T.);
#1081=ORIENTED_EDGE('',*,*,#850,.T.);
#1082=ORIENTED_EDGE('',*,*,#851,.T.);
#1083=ORIENTED_EDGE('',*,*,#852,.T.);
#1084=ORIENTED_EDGE('',*,*,#853,.T.);
#1085=ORIENTED_EDGE('',*,*,#854,.T.);
#1086=ORIENTED_EDGE('',*,*,#855,.T.);
#1087=ORIENTED_EDGE('',*,*,#846,.F.);
#1088=ORIENTED_EDGE('',*,*,#856,.T.);
#1089=ORIENTED_EDGE('',*,*,#824,.T.);
#1090=ORIENTED_EDGE('',*,*,#833,.F.);
#1091=ORIENTED_EDGE('',*,*,#845,.F.);
#1092=ORIENTED_EDGE('',*,*,#803,.T.);
#1093=ORIENTED_EDGE('',*,*,#857,.T.);
#1094=ORIENTED_EDGE('',*,*,#856,.F.);
#1095=ORIENTED_EDGE('',*,*,#852,.F.);
#1096=ORIENTED_EDGE('',*,*,#858,.T.);
#1097=ORIENTED_EDGE('',*,*,#859,.T.);
#1098=ORIENTED_EDGE('',*,*,#860,.F.);
#1099=ORIENTED_EDGE('',*,*,#861,.F.);
#1100=ORIENTED_EDGE('',*,*,#853,.F.);
#1101=ORIENTED_EDGE('',*,*,#860,.T.);
#1102=ORIENTED_EDGE('',*,*,#862,.T.);
#1103=ORIENTED_EDGE('',*,*,#863,.T.);
#1104=ORIENTED_EDGE('',*,*,#864,.T.);
#1105=ORIENTED_EDGE('',*,*,#865,.F.);
#1106=ORIENTED_EDGE('',*,*,#866,.F.);
#1107=ORIENTED_EDGE('',*,*,#865,.T.);
#1108=ORIENTED_EDGE('',*,*,#867,.T.);
#1109=ORIENTED_EDGE('',*,*,#868,.F.);
#1110=ORIENTED_EDGE('',*,*,#826,.F.);
#1111=ORIENTED_EDGE('',*,*,#868,.T.);
#1112=ORIENTED_EDGE('',*,*,#869,.T.);
#1113=ORIENTED_EDGE('',*,*,#870,.F.);
#1114=ORIENTED_EDGE('',*,*,#827,.F.);
#1115=ORIENTED_EDGE('',*,*,#870,.T.);
#1116=ORIENTED_EDGE('',*,*,#871,.T.);
#1117=ORIENTED_EDGE('',*,*,#872,.F.);
#1118=ORIENTED_EDGE('',*,*,#873,.F.);
#1119=ORIENTED_EDGE('',*,*,#872,.T.);
#1120=ORIENTED_EDGE('',*,*,#874,.T.);
#1121=ORIENTED_EDGE('',*,*,#875,.F.);
#1122=ORIENTED_EDGE('',*,*,#873,.T.);
#1123=ORIENTED_EDGE('',*,*,#876,.T.);
#1124=ORIENTED_EDGE('',*,*,#877,.F.);
#1125=ORIENTED_EDGE('',*,*,#828,.F.);
#1126=ORIENTED_EDGE('',*,*,#878,.F.);
#1127=ORIENTED_EDGE('',*,*,#879,.T.);
#1128=ORIENTED_EDGE('',*,*,#807,.T.);
#1129=ORIENTED_EDGE('',*,*,#829,.T.);
#1130=ORIENTED_EDGE('',*,*,#877,.T.);
#1131=ORIENTED_EDGE('',*,*,#880,.F.);
#1132=ORIENTED_EDGE('',*,*,#817,.T.);
#1133=ORIENTED_EDGE('',*,*,#881,.F.);
#1134=ORIENTED_EDGE('',*,*,#878,.T.);
#1135=ORIENTED_EDGE('',*,*,#882,.T.);
#1136=ORIENTED_EDGE('',*,*,#820,.F.);
#1137=ORIENTED_EDGE('',*,*,#883,.T.);
#1138=ORIENTED_EDGE('',*,*,#884,.T.);
#1139=ORIENTED_EDGE('',*,*,#883,.F.);
#1140=ORIENTED_EDGE('',*,*,#885,.T.);
#1141=ORIENTED_EDGE('',*,*,#884,.F.);
#1142=ORIENTED_EDGE('',*,*,#886,.T.);
#1143=ORIENTED_EDGE('',*,*,#887,.F.);
#1144=ORIENTED_EDGE('',*,*,#885,.F.);
#1145=ORIENTED_EDGE('',*,*,#888,.T.);
#1146=ORIENTED_EDGE('',*,*,#889,.F.);
#1147=ORIENTED_EDGE('',*,*,#888,.F.);
#1148=ORIENTED_EDGE('',*,*,#889,.T.);
#1149=ORIENTED_EDGE('',*,*,#890,.T.);
#1150=ORIENTED_EDGE('',*,*,#855,.F.);
#1151=ORIENTED_EDGE('',*,*,#890,.F.);
#1152=ORIENTED_EDGE('',*,*,#886,.F.);
#1153=ORIENTED_EDGE('',*,*,#891,.T.);
#1154=ORIENTED_EDGE('',*,*,#892,.F.);
#1155=ORIENTED_EDGE('',*,*,#891,.F.);
#1156=ORIENTED_EDGE('',*,*,#892,.T.);
#1157=ORIENTED_EDGE('',*,*,#893,.T.);
#1158=ORIENTED_EDGE('',*,*,#854,.F.);
#1159=ORIENTED_EDGE('',*,*,#893,.F.);
#1160=ORIENTED_EDGE('',*,*,#821,.F.);
#1161=ORIENTED_EDGE('',*,*,#894,.T.);
#1162=ORIENTED_EDGE('',*,*,#887,.T.);
#1163=ORIENTED_EDGE('',*,*,#894,.F.);
#1164=ORIENTED_EDGE('',*,*,#882,.F.);
#1165=ORIENTED_EDGE('',*,*,#880,.T.);
#1166=ORIENTED_EDGE('',*,*,#876,.F.);
#1167=ORIENTED_EDGE('',*,*,#895,.T.);
#1168=ORIENTED_EDGE('',*,*,#896,.F.);
#1169=ORIENTED_EDGE('',*,*,#897,.F.);
#1170=ORIENTED_EDGE('',*,*,#831,.T.);
#1171=ORIENTED_EDGE('',*,*,#818,.T.);
#1172=ORIENTED_EDGE('',*,*,#847,.F.);
#1173=ORIENTED_EDGE('',*,*,#834,.T.);
#1174=ORIENTED_EDGE('',*,*,#897,.T.);
#1175=ORIENTED_EDGE('',*,*,#898,.F.);
#1176=ORIENTED_EDGE('',*,*,#848,.F.);
#1177=ORIENTED_EDGE('',*,*,#898,.T.);
#1178=ORIENTED_EDGE('',*,*,#899,.T.);
#1179=ORIENTED_EDGE('',*,*,#900,.F.);
#1180=ORIENTED_EDGE('',*,*,#849,.F.);
#1181=ORIENTED_EDGE('',*,*,#900,.T.);
#1182=ORIENTED_EDGE('',*,*,#901,.T.);
#1183=ORIENTED_EDGE('',*,*,#902,.F.);
#1184=ORIENTED_EDGE('',*,*,#850,.F.);
#1185=ORIENTED_EDGE('',*,*,#902,.T.);
#1186=ORIENTED_EDGE('',*,*,#903,.T.);
#1187=ORIENTED_EDGE('',*,*,#904,.F.);
#1188=ORIENTED_EDGE('',*,*,#851,.F.);
#1189=ORIENTED_EDGE('',*,*,#904,.T.);
#1190=ORIENTED_EDGE('',*,*,#905,.T.);
#1191=ORIENTED_EDGE('',*,*,#858,.F.);
#1192=ORIENTED_EDGE('',*,*,#905,.F.);
#1193=ORIENTED_EDGE('',*,*,#906,.T.);
#1194=ORIENTED_EDGE('',*,*,#907,.T.);
#1195=ORIENTED_EDGE('',*,*,#908,.T.);
#1196=ORIENTED_EDGE('',*,*,#909,.F.);
#1197=ORIENTED_EDGE('',*,*,#910,.F.);
#1198=ORIENTED_EDGE('',*,*,#908,.F.);
#1199=ORIENTED_EDGE('',*,*,#911,.T.);
#1200=ORIENTED_EDGE('',*,*,#912,.T.);
#1201=ORIENTED_EDGE('',*,*,#913,.T.);
#1202=ORIENTED_EDGE('',*,*,#914,.F.);
#1203=ORIENTED_EDGE('',*,*,#842,.F.);
#1204=ORIENTED_EDGE('',*,*,#915,.F.);
#1205=ORIENTED_EDGE('',*,*,#910,.T.);
#1206=ORIENTED_EDGE('',*,*,#914,.T.);
#1207=ORIENTED_EDGE('',*,*,#916,.T.);
#1208=ORIENTED_EDGE('',*,*,#917,.T.);
#1209=ORIENTED_EDGE('',*,*,#838,.T.);
#1210=ORIENTED_EDGE('',*,*,#863,.F.);
#1211=ORIENTED_EDGE('',*,*,#843,.F.);
#1212=ORIENTED_EDGE('',*,*,#916,.F.);
#1213=ORIENTED_EDGE('',*,*,#913,.F.);
#1214=ORIENTED_EDGE('',*,*,#918,.T.);
#1215=ORIENTED_EDGE('',*,*,#869,.F.);
#1216=ORIENTED_EDGE('',*,*,#867,.F.);
#1217=ORIENTED_EDGE('',*,*,#864,.F.);
#1218=ORIENTED_EDGE('',*,*,#837,.F.);
#1219=ORIENTED_EDGE('',*,*,#919,.F.);
#1220=ORIENTED_EDGE('',*,*,#920,.F.);
#1221=ORIENTED_EDGE('',*,*,#921,.F.);
#1222=ORIENTED_EDGE('',*,*,#922,.F.);
#1223=ORIENTED_EDGE('',*,*,#923,.F.);
#1224=ORIENTED_EDGE('',*,*,#874,.F.);
#1225=ORIENTED_EDGE('',*,*,#871,.F.);
#1226=ORIENTED_EDGE('',*,*,#918,.F.);
#1227=ORIENTED_EDGE('',*,*,#924,.T.);
#1228=ORIENTED_EDGE('',*,*,#925,.F.);
#1229=ORIENTED_EDGE('',*,*,#926,.F.);
#1230=ORIENTED_EDGE('',*,*,#927,.F.);
#1231=ORIENTED_EDGE('',*,*,#928,.F.);
#1232=ORIENTED_EDGE('',*,*,#929,.F.);
#1233=ORIENTED_EDGE('',*,*,#930,.T.);
#1234=ORIENTED_EDGE('',*,*,#811,.T.);
#1235=ORIENTED_EDGE('',*,*,#931,.T.);
#1236=ORIENTED_EDGE('',*,*,#924,.F.);
#1237=ORIENTED_EDGE('',*,*,#932,.T.);
#1238=ORIENTED_EDGE('',*,*,#812,.T.);
#1239=ORIENTED_EDGE('',*,*,#930,.F.);
#1240=ORIENTED_EDGE('',*,*,#929,.T.);
#1241=ORIENTED_EDGE('',*,*,#933,.T.);
#1242=ORIENTED_EDGE('',*,*,#813,.F.);
#1243=ORIENTED_EDGE('',*,*,#932,.F.);
#1244=ORIENTED_EDGE('',*,*,#928,.T.);
#1245=ORIENTED_EDGE('',*,*,#934,.T.);
#1246=ORIENTED_EDGE('',*,*,#814,.T.);
#1247=ORIENTED_EDGE('',*,*,#933,.F.);
#1248=ORIENTED_EDGE('',*,*,#927,.T.);
#1249=ORIENTED_EDGE('',*,*,#935,.T.);
#1250=ORIENTED_EDGE('',*,*,#815,.F.);
#1251=ORIENTED_EDGE('',*,*,#934,.F.);
#1252=ORIENTED_EDGE('',*,*,#926,.T.);
#1253=ORIENTED_EDGE('',*,*,#931,.F.);
#1254=ORIENTED_EDGE('',*,*,#810,.F.);
#1255=ORIENTED_EDGE('',*,*,#808,.T.);
#1256=ORIENTED_EDGE('',*,*,#879,.F.);
#1257=ORIENTED_EDGE('',*,*,#881,.T.);
#1258=ORIENTED_EDGE('',*,*,#816,.F.);
#1259=ORIENTED_EDGE('',*,*,#935,.F.);
#1260=ORIENTED_EDGE('',*,*,#925,.T.);
#1261=ORIENTED_EDGE('',*,*,#907,.F.);
#1262=ORIENTED_EDGE('',*,*,#936,.T.);
#1263=ORIENTED_EDGE('',*,*,#919,.T.);
#1264=ORIENTED_EDGE('',*,*,#912,.F.);
#1265=ORIENTED_EDGE('',*,*,#911,.F.);
#1266=ORIENTED_EDGE('',*,*,#937,.F.);
#1267=ORIENTED_EDGE('',*,*,#938,.T.);
#1268=ORIENTED_EDGE('',*,*,#920,.T.);
#1269=ORIENTED_EDGE('',*,*,#936,.F.);
#1270=ORIENTED_EDGE('',*,*,#903,.F.);
#1271=ORIENTED_EDGE('',*,*,#939,.T.);
#1272=ORIENTED_EDGE('',*,*,#937,.T.);
#1273=ORIENTED_EDGE('',*,*,#906,.F.);
#1274=ORIENTED_EDGE('',*,*,#901,.F.);
#1275=ORIENTED_EDGE('',*,*,#940,.T.);
#1276=ORIENTED_EDGE('',*,*,#941,.T.);
#1277=ORIENTED_EDGE('',*,*,#939,.F.);
#1278=ORIENTED_EDGE('',*,*,#941,.F.);
#1279=ORIENTED_EDGE('',*,*,#942,.T.);
#1280=ORIENTED_EDGE('',*,*,#921,.T.);
#1281=ORIENTED_EDGE('',*,*,#938,.F.);
#1282=ORIENTED_EDGE('',*,*,#943,.F.);
#1283=ORIENTED_EDGE('',*,*,#944,.T.);
#1284=ORIENTED_EDGE('',*,*,#922,.T.);
#1285=ORIENTED_EDGE('',*,*,#942,.F.);
#1286=ORIENTED_EDGE('',*,*,#899,.F.);
#1287=ORIENTED_EDGE('',*,*,#896,.T.);
#1288=ORIENTED_EDGE('',*,*,#943,.T.);
#1289=ORIENTED_EDGE('',*,*,#940,.F.);
#1290=ORIENTED_EDGE('',*,*,#895,.F.);
#1291=ORIENTED_EDGE('',*,*,#875,.T.);
#1292=ORIENTED_EDGE('',*,*,#923,.T.);
#1293=ORIENTED_EDGE('',*,*,#944,.F.);
#1294=ORIENTED_EDGE('',*,*,#844,.T.);
#1295=ORIENTED_EDGE('',*,*,#861,.T.);
#1296=ORIENTED_EDGE('',*,*,#859,.F.);
#1297=ORIENTED_EDGE('',*,*,#909,.T.);
#1298=ORIENTED_EDGE('',*,*,#915,.T.);
#1299=ORIENTED_EDGE('',*,*,#841,.T.);
#1300=ORIENTED_EDGE('',*,*,#839,.T.);
#1301=ORIENTED_EDGE('',*,*,#835,.T.);
#1302=ORIENTED_EDGE('',*,*,#917,.F.);
#1303=ORIENTED_EDGE('',*,*,#862,.F.);
#1304=ORIENTED_EDGE('',*,*,#866,.T.);
#1305=ORIENTED_EDGE('',*,*,#825,.T.);
#1306=ORIENTED_EDGE('',*,*,#857,.F.);
#1307=ORIENTED_EDGE('',*,*,#802,.T.);
#1308=ORIENTED_EDGE('',*,*,#945,.T.);
#1309=ORIENTED_EDGE('',*,*,#946,.T.);
#1310=ORIENTED_EDGE('',*,*,#947,.T.);
#1311=ORIENTED_EDGE('',*,*,#948,.T.);
#1312=ORIENTED_EDGE('',*,*,#947,.F.);
#1313=ORIENTED_EDGE('',*,*,#949,.T.);
#1314=ORIENTED_EDGE('',*,*,#950,.T.);
#1315=ORIENTED_EDGE('',*,*,#951,.T.);
#1316=ORIENTED_EDGE('',*,*,#952,.T.);
#1317=ORIENTED_EDGE('',*,*,#953,.T.);
#1318=ORIENTED_EDGE('',*,*,#954,.T.);
#1319=ORIENTED_EDGE('',*,*,#955,.T.);
#1320=ORIENTED_EDGE('',*,*,#956,.T.);
#1321=ORIENTED_EDGE('',*,*,#957,.T.);
#1322=ORIENTED_EDGE('',*,*,#952,.F.);
#1323=ORIENTED_EDGE('',*,*,#958,.F.);
#1324=ORIENTED_EDGE('',*,*,#959,.F.);
#1325=ORIENTED_EDGE('',*,*,#960,.F.);
#1326=ORIENTED_EDGE('',*,*,#961,.F.);
#1327=ORIENTED_EDGE('',*,*,#962,.F.);
#1328=ORIENTED_EDGE('',*,*,#963,.F.);
#1329=ORIENTED_EDGE('',*,*,#956,.F.);
#1330=ORIENTED_EDGE('',*,*,#964,.F.);
#1331=ORIENTED_EDGE('',*,*,#965,.F.);
#1332=ORIENTED_EDGE('',*,*,#966,.F.);
#1333=ORIENTED_EDGE('',*,*,#962,.T.);
#1334=ORIENTED_EDGE('',*,*,#967,.F.);
#1335=ORIENTED_EDGE('',*,*,#968,.T.);
#1336=ORIENTED_EDGE('',*,*,#968,.F.);
#1337=ORIENTED_EDGE('',*,*,#969,.F.);
#1338=ORIENTED_EDGE('',*,*,#970,.F.);
#1339=ORIENTED_EDGE('',*,*,#971,.F.);
#1340=ORIENTED_EDGE('',*,*,#972,.F.);
#1341=ORIENTED_EDGE('',*,*,#973,.F.);
#1342=ORIENTED_EDGE('',*,*,#974,.F.);
#1343=ORIENTED_EDGE('',*,*,#975,.F.);
#1344=ORIENTED_EDGE('',*,*,#972,.T.);
#1345=ORIENTED_EDGE('',*,*,#976,.F.);
#1346=ORIENTED_EDGE('',*,*,#977,.T.);
#1347=ORIENTED_EDGE('',*,*,#978,.T.);
#1348=ORIENTED_EDGE('',*,*,#979,.T.);
#1349=ORIENTED_EDGE('',*,*,#960,.T.);
#1350=ORIENTED_EDGE('',*,*,#980,.T.);
#1351=ORIENTED_EDGE('',*,*,#950,.F.);
#1352=ORIENTED_EDGE('',*,*,#981,.F.);
#1353=ORIENTED_EDGE('',*,*,#959,.T.);
#1354=ORIENTED_EDGE('',*,*,#958,.T.);
#1355=ORIENTED_EDGE('',*,*,#951,.F.);
#1356=ORIENTED_EDGE('',*,*,#980,.F.);
#1357=ORIENTED_EDGE('',*,*,#954,.F.);
#1358=ORIENTED_EDGE('',*,*,#982,.T.);
#1359=ORIENTED_EDGE('',*,*,#983,.F.);
#1360=ORIENTED_EDGE('',*,*,#982,.F.);
#1361=ORIENTED_EDGE('',*,*,#955,.F.);
#1362=ORIENTED_EDGE('',*,*,#984,.T.);
#1363=ORIENTED_EDGE('',*,*,#985,.F.);
#1364=ORIENTED_EDGE('',*,*,#986,.F.);
#1365=ORIENTED_EDGE('',*,*,#984,.F.);
#1366=ORIENTED_EDGE('',*,*,#985,.T.);
#1367=ORIENTED_EDGE('',*,*,#986,.T.);
#1368=ORIENTED_EDGE('',*,*,#987,.T.);
#1369=ORIENTED_EDGE('',*,*,#964,.T.);
#1370=ORIENTED_EDGE('',*,*,#987,.F.);
#1371=ORIENTED_EDGE('',*,*,#983,.T.);
#1372=ORIENTED_EDGE('',*,*,#988,.T.);
#1373=ORIENTED_EDGE('',*,*,#965,.T.);
#1374=ORIENTED_EDGE('',*,*,#988,.F.);
#1375=ORIENTED_EDGE('',*,*,#989,.F.);
#1376=ORIENTED_EDGE('',*,*,#990,.T.);
#1377=ORIENTED_EDGE('',*,*,#974,.T.);
#1378=ORIENTED_EDGE('',*,*,#990,.F.);
#1379=ORIENTED_EDGE('',*,*,#991,.F.);
#1380=ORIENTED_EDGE('',*,*,#992,.F.);
#1381=ORIENTED_EDGE('',*,*,#993,.T.);
#1382=ORIENTED_EDGE('',*,*,#975,.T.);
#1383=ORIENTED_EDGE('',*,*,#993,.F.);
#1384=ORIENTED_EDGE('',*,*,#994,.F.);
#1385=ORIENTED_EDGE('',*,*,#970,.T.);
#1386=ORIENTED_EDGE('',*,*,#995,.F.);
#1387=ORIENTED_EDGE('',*,*,#996,.T.);
#1388=ORIENTED_EDGE('',*,*,#997,.T.);
#1389=ORIENTED_EDGE('',*,*,#998,.T.);
#1390=ORIENTED_EDGE('',*,*,#971,.T.);
#1391=ORIENTED_EDGE('',*,*,#998,.F.);
#1392=ORIENTED_EDGE('',*,*,#999,.F.);
#1393=ORIENTED_EDGE('',*,*,#976,.T.);
#1394=ORIENTED_EDGE('',*,*,#989,.T.);
#1395=ORIENTED_EDGE('',*,*,#1000,.T.);
#1396=ORIENTED_EDGE('',*,*,#1001,.F.);
#1397=ORIENTED_EDGE('',*,*,#1000,.F.);
#1398=ORIENTED_EDGE('',*,*,#991,.T.);
#1399=ORIENTED_EDGE('',*,*,#992,.T.);
#1400=ORIENTED_EDGE('',*,*,#1002,.T.);
#1401=ORIENTED_EDGE('',*,*,#1003,.F.);
#1402=ORIENTED_EDGE('',*,*,#1002,.F.);
#1403=ORIENTED_EDGE('',*,*,#994,.T.);
#1404=ORIENTED_EDGE('',*,*,#1004,.T.);
#1405=ORIENTED_EDGE('',*,*,#1005,.T.);
#1406=ORIENTED_EDGE('',*,*,#945,.F.);
#1407=ORIENTED_EDGE('',*,*,#1006,.T.);
#1408=ORIENTED_EDGE('',*,*,#1007,.F.);
#1409=ORIENTED_EDGE('',*,*,#1008,.F.);
#1410=ORIENTED_EDGE('',*,*,#1006,.F.);
#1411=ORIENTED_EDGE('',*,*,#948,.F.);
#1412=ORIENTED_EDGE('',*,*,#953,.F.);
#1413=ORIENTED_EDGE('',*,*,#957,.F.);
#1414=ORIENTED_EDGE('',*,*,#963,.T.);
#1415=ORIENTED_EDGE('',*,*,#966,.T.);
#1416=ORIENTED_EDGE('',*,*,#973,.T.);
#1417=ORIENTED_EDGE('',*,*,#979,.F.);
#1418=ORIENTED_EDGE('',*,*,#1009,.F.);
#1419=ORIENTED_EDGE('',*,*,#1010,.F.);
#1420=ORIENTED_EDGE('',*,*,#1011,.T.);
#1421=ORIENTED_EDGE('',*,*,#1012,.F.);
#1422=ORIENTED_EDGE('',*,*,#1013,.T.);
#1423=ORIENTED_EDGE('',*,*,#977,.F.);
#1424=ORIENTED_EDGE('',*,*,#999,.T.);
#1425=ORIENTED_EDGE('',*,*,#997,.F.);
#1426=ORIENTED_EDGE('',*,*,#1003,.T.);
#1427=ORIENTED_EDGE('',*,*,#1001,.T.);
#1428=ORIENTED_EDGE('',*,*,#1014,.F.);
#1429=ORIENTED_EDGE('',*,*,#1011,.F.);
#1430=ORIENTED_EDGE('',*,*,#996,.F.);
#1431=ORIENTED_EDGE('',*,*,#1015,.T.);
#1432=ORIENTED_EDGE('',*,*,#1016,.F.);
#1433=ORIENTED_EDGE('',*,*,#1009,.T.);
#1434=ORIENTED_EDGE('',*,*,#978,.F.);
#1435=ORIENTED_EDGE('',*,*,#1013,.F.);
#1436=ORIENTED_EDGE('',*,*,#1017,.F.);
#1437=ORIENTED_EDGE('',*,*,#1010,.T.);
#1438=ORIENTED_EDGE('',*,*,#1016,.T.);
#1439=ORIENTED_EDGE('',*,*,#1012,.T.);
#1440=ORIENTED_EDGE('',*,*,#1014,.T.);
#1441=ORIENTED_EDGE('',*,*,#1018,.F.);
#1442=ORIENTED_EDGE('',*,*,#1019,.F.);
#1443=ORIENTED_EDGE('',*,*,#1018,.T.);
#1444=ORIENTED_EDGE('',*,*,#1015,.F.);
#1445=ORIENTED_EDGE('',*,*,#995,.T.);
#1446=ORIENTED_EDGE('',*,*,#969,.T.);
#1447=ORIENTED_EDGE('',*,*,#967,.T.);
#1448=ORIENTED_EDGE('',*,*,#961,.T.);
#1449=ORIENTED_EDGE('',*,*,#981,.T.);
#1450=ORIENTED_EDGE('',*,*,#949,.F.);
#1451=ORIENTED_EDGE('',*,*,#946,.F.);
#1452=ORIENTED_EDGE('',*,*,#1005,.F.);
#1453=ORIENTED_EDGE('',*,*,#1020,.T.);
#1454=ORIENTED_EDGE('',*,*,#1021,.F.);
#1455=ORIENTED_EDGE('',*,*,#1020,.F.);
#1456=ORIENTED_EDGE('',*,*,#1004,.F.);
#1457=ORIENTED_EDGE('',*,*,#1008,.T.);
#1458=ORIENTED_EDGE('',*,*,#1017,.T.);
#1459=ORIENTED_EDGE('',*,*,#1019,.T.);
#1460=ORIENTED_EDGE('',*,*,#1021,.T.);
#1461=ORIENTED_EDGE('',*,*,#1007,.T.);
#1462=CONICAL_SURFACE('',#1590,6.499999499509,0.78539914573263);
#1463=CONICAL_SURFACE('',#1615,11.4999999991,0.785398163397448);
#1464=CONICAL_SURFACE('',#1618,6.499999995554,0.785398163397448);
#1465=CONICAL_SURFACE('',#1620,11.58448856054,0.785400789751453);
#1466=CONICAL_SURFACE('',#1637,3.399999991771,0.785398163397448);
#1467=CONICAL_SURFACE('',#1640,3.399999991771,0.785398163397448);
#1468=CONICAL_SURFACE('',#1643,11.5000009139,0.785397379614762);
#1469=CONICAL_SURFACE('',#1645,11.50000091445,0.785397379614762);
#1470=CONICAL_SURFACE('',#1647,11.4999999991,0.785398163397448);
#1471=CONICAL_SURFACE('',#1664,11.58448929654,0.785396997054647);
#1472=CONICAL_SURFACE('',#1668,11.58449012617,0.785396774165629);
#1473=CONICAL_SURFACE('',#1671,11.58449012599,0.785399552631187);
#1474=CONICAL_SURFACE('',#1694,2.25,0.785398163397448);
#1475=CONICAL_SURFACE('',#1696,2.25,0.785398163397448);
#1476=CONICAL_SURFACE('',#1710,2.399999997624,0.785398163397448);
#1477=CONICAL_SURFACE('',#1712,2.399999997624,0.785398163397448);
#1478=ADVANCED_FACE('',(#130),#1462,.F.);
#1479=ADVANCED_FACE('',(#131),#85,.F.);
#1480=ADVANCED_FACE('',(#132,#70,#71),#86,.T.);
#1481=ADVANCED_FACE('',(#133),#52,.T.);
#1482=ADVANCED_FACE('',(#134),#87,.T.);
#1483=ADVANCED_FACE('',(#135),#88,.T.);
#1484=ADVANCED_FACE('',(#136),#89,.T.);
#1485=ADVANCED_FACE('',(#137),#27,.F.);
#1486=ADVANCED_FACE('',(#138),#28,.F.);
#1487=ADVANCED_FACE('',(#139,#72,#73),#90,.F.);
#1488=ADVANCED_FACE('',(#140),#1463,.T.);
#1489=ADVANCED_FACE('',(#141),#91,.T.);
#1490=ADVANCED_FACE('',(#142),#92,.T.);
#1491=ADVANCED_FACE('',(#143),#1464,.F.);
#1492=ADVANCED_FACE('',(#144),#29,.F.);
#1493=ADVANCED_FACE('',(#145),#93,.T.);
#1494=ADVANCED_FACE('',(#146),#30,.F.);
#1495=ADVANCED_FACE('',(#147),#1465,.T.);
#1496=ADVANCED_FACE('',(#148),#94,.T.);
#1497=ADVANCED_FACE('',(#149),#95,.T.);
#1498=ADVANCED_FACE('',(#150),#96,.F.);
#1499=ADVANCED_FACE('',(#151),#97,.F.);
#1500=ADVANCED_FACE('',(#152),#53,.F.);
#1501=ADVANCED_FACE('',(#153,#74),#98,.T.);
#1502=ADVANCED_FACE('',(#154,#75),#99,.T.);
#1503=ADVANCED_FACE('',(#155),#54,.F.);
#1504=ADVANCED_FACE('',(#156),#1466,.F.);
#1505=ADVANCED_FACE('',(#157),#55,.F.);
#1506=ADVANCED_FACE('',(#158),#1467,.F.);
#1507=ADVANCED_FACE('',(#159),#56,.F.);
#1508=ADVANCED_FACE('',(#160),#57,.T.);
#1509=ADVANCED_FACE('',(#161),#1468,.T.);
#1510=ADVANCED_FACE('',(#162),#100,.T.);
#1511=ADVANCED_FACE('',(#163),#1469,.T.);
#1512=ADVANCED_FACE('',(#164),#101,.T.);
#1513=ADVANCED_FACE('',(#165),#1470,.T.);
#1514=ADVANCED_FACE('',(#166),#58,.T.);
#1515=ADVANCED_FACE('',(#167),#31,.F.);
#1516=ADVANCED_FACE('',(#168),#102,.T.);
#1517=ADVANCED_FACE('',(#169),#32,.F.);
#1518=ADVANCED_FACE('',(#170),#59,.F.);
#1519=ADVANCED_FACE('',(#171,#76),#103,.T.);
#1520=ADVANCED_FACE('',(#172),#104,.F.);
#1521=ADVANCED_FACE('',(#173),#105,.F.);
#1522=ADVANCED_FACE('',(#174),#106,.F.);
#1523=ADVANCED_FACE('',(#175),#60,.F.);
#1524=ADVANCED_FACE('',(#176),#107,.T.);
#1525=ADVANCED_FACE('',(#177),#61,.F.);
#1526=ADVANCED_FACE('',(#178),#1471,.T.);
#1527=ADVANCED_FACE('',(#179),#108,.T.);
#1528=ADVANCED_FACE('',(#180),#109,.T.);
#1529=ADVANCED_FACE('',(#181),#62,.T.);
#1530=ADVANCED_FACE('',(#182),#1472,.T.);
#1531=ADVANCED_FACE('',(#183),#110,.T.);
#1532=ADVANCED_FACE('',(#184),#111,.T.);
#1533=ADVANCED_FACE('',(#185),#1473,.T.);
#1534=ADVANCED_FACE('',(#186),#112,.T.);
#1535=ADVANCED_FACE('',(#187),#63,.T.);
#1536=ADVANCED_FACE('',(#188,#77,#78),#113,.T.);
#1537=ADVANCED_FACE('',(#189),#114,.F.);
#1538=ADVANCED_FACE('',(#190,#79,#80),#115,.F.);
#1539=ADVANCED_FACE('',(#191),#116,.F.);
#1540=ADVANCED_FACE('',(#192,#81,#82),#117,.T.);
#1541=ADVANCED_FACE('',(#193),#118,.F.);
#1542=ADVANCED_FACE('',(#194),#119,.F.);
#1543=ADVANCED_FACE('',(#195),#64,.F.);
#1544=ADVANCED_FACE('',(#196),#1474,.F.);
#1545=ADVANCED_FACE('',(#197),#1475,.F.);
#1546=ADVANCED_FACE('',(#198),#65,.F.);
#1547=ADVANCED_FACE('',(#199),#66,.F.);
#1548=ADVANCED_FACE('',(#200),#67,.F.);
#1549=ADVANCED_FACE('',(#201),#68,.F.);
#1550=ADVANCED_FACE('',(#202),#120,.F.);
#1551=ADVANCED_FACE('',(#203),#69,.F.);
#1552=ADVANCED_FACE('',(#204),#1476,.F.);
#1553=ADVANCED_FACE('',(#205),#1477,.F.);
#1554=ADVANCED_FACE('',(#206),#121,.T.);
#1555=ADVANCED_FACE('',(#207),#122,.F.);
#1556=ADVANCED_FACE('',(#208,#83,#84),#123,.T.);
#1557=ADVANCED_FACE('',(#209),#124,.T.);
#1558=ADVANCED_FACE('',(#210),#125,.T.);
#1559=ADVANCED_FACE('',(#211),#126,.T.);
#1560=ADVANCED_FACE('',(#212),#127,.T.);
#1561=ADVANCED_FACE('',(#213),#128,.T.);
#1562=ADVANCED_FACE('',(#214),#129,.T.);
#1563=CLOSED_SHELL('',(#1478,#1479,#1480,#1481,#1482,#1483,#1484,#1485,
#1486,#1487,#1488,#1489,#1490,#1491,#1492,#1493,#1494,#1495,#1496,#1497,
#1498,#1499,#1500,#1501,#1502,#1503,#1504,#1505,#1506,#1507,#1508,#1509,
#1510,#1511,#1512,#1513,#1514,#1515,#1516,#1517,#1518,#1519,#1520,#1521,
#1522,#1523,#1524,#1525,#1526,#1527,#1528,#1529,#1530,#1531,#1532,#1533,
#1534));
#1564=CLOSED_SHELL('',(#1535,#1536,#1537,#1538,#1539,#1540,#1541,#1542,
#1543,#1544,#1545,#1546,#1547,#1548,#1549,#1550,#1551,#1552,#1553,#1554,
#1555,#1556,#1557,#1558,#1559,#1560,#1561,#1562));
#1565=DERIVED_UNIT_ELEMENT(#1569,1.);
#1566=DERIVED_UNIT_ELEMENT(#2990,-3.);
#1567=DERIVED_UNIT_ELEMENT(#1569,1.);
#1568=DERIVED_UNIT_ELEMENT(#2990,-3.);
#1569=(
MASS_UNIT()
NAMED_UNIT(*)
SI_UNIT(.KILO.,.GRAM.)
);
#1570=DERIVED_UNIT((#1565,#1566));
#1571=DERIVED_UNIT((#1567,#1568));
#1572=MEASURE_REPRESENTATION_ITEM('density measure',
POSITIVE_RATIO_MEASURE(7850.),#1570);
#1573=MEASURE_REPRESENTATION_ITEM('density measure',
POSITIVE_RATIO_MEASURE(7850.),#1571);
#1574=PROPERTY_DEFINITION_REPRESENTATION(#1584,#1578);
#1575=PROPERTY_DEFINITION_REPRESENTATION(#1585,#1579);
#1576=PROPERTY_DEFINITION_REPRESENTATION(#1586,#1580);
#1577=PROPERTY_DEFINITION_REPRESENTATION(#1587,#1581);
#1578=REPRESENTATION('material name',(#1582),#2986);
#1579=REPRESENTATION('density',(#1572),#2986);
#1580=REPRESENTATION('material name',(#1583),#2987);
#1581=REPRESENTATION('density',(#1573),#2987);
#1582=DESCRIPTIVE_REPRESENTATION_ITEM('\X2\94A2\X0\','\X2\94A2\X0\');
#1583=DESCRIPTIVE_REPRESENTATION_ITEM('\X2\94A2\X0\','\X2\94A2\X0\');
#1584=PROPERTY_DEFINITION('material property','material name',#3006);
#1585=PROPERTY_DEFINITION('material property','density of part',#3006);
#1586=PROPERTY_DEFINITION('material property','material name',#3007);
#1587=PROPERTY_DEFINITION('material property','density of part',#3007);
#1588=AXIS2_PLACEMENT_3D('',#2145,#1725,#1726);
#1589=AXIS2_PLACEMENT_3D('',#2146,#1727,#1728);
#1590=AXIS2_PLACEMENT_3D('',#2147,#1729,#1730);
#1591=AXIS2_PLACEMENT_3D('',#2155,#1732,#1733);
#1592=AXIS2_PLACEMENT_3D('',#2156,#1734,#1735);
#1593=AXIS2_PLACEMENT_3D('',#2165,#1740,#1741);
#1594=AXIS2_PLACEMENT_3D('',#2167,#1742,#1743);
#1595=AXIS2_PLACEMENT_3D('',#2169,#1744,#1745);
#1596=AXIS2_PLACEMENT_3D('',#2177,#1749,#1750);
#1597=AXIS2_PLACEMENT_3D('',#2181,#1752,#1753);
#1598=AXIS2_PLACEMENT_3D('',#2185,#1755,#1756);
#1599=AXIS2_PLACEMENT_3D('',#2188,#1758,#1759);
#1600=AXIS2_PLACEMENT_3D('',#2190,#1760,#1761);
#1601=AXIS2_PLACEMENT_3D('',#2191,#1762,#1763);
#1602=AXIS2_PLACEMENT_3D('',#2197,#1766,#1767);
#1603=AXIS2_PLACEMENT_3D('',#2224,#1770,#1771);
#1604=AXIS2_PLACEMENT_3D('',#2225,#1772,#1773);
#1605=AXIS2_PLACEMENT_3D('',#2229,#1776,#1777);
#1606=AXIS2_PLACEMENT_3D('',#2235,#1781,#1782);
#1607=AXIS2_PLACEMENT_3D('',#2347,#1787,#1788);
#1608=AXIS2_PLACEMENT_3D('',#2352,#1791,#1792);
#1609=AXIS2_PLACEMENT_3D('',#2354,#1793,#1794);
#1610=AXIS2_PLACEMENT_3D('',#2358,#1796,#1797);
#1611=AXIS2_PLACEMENT_3D('',#2362,#1799,#1800);
#1612=AXIS2_PLACEMENT_3D('',#2365,#1802,#1803);
#1613=AXIS2_PLACEMENT_3D('',#2367,#1804,#1805);
#1614=AXIS2_PLACEMENT_3D('',#2369,#1806,#1807);
#1615=AXIS2_PLACEMENT_3D('',#2370,#1808,#1809);
#1616=AXIS2_PLACEMENT_3D('',#2372,#1811,#1812);
#1617=AXIS2_PLACEMENT_3D('',#2374,#1814,#1815);
#1618=AXIS2_PLACEMENT_3D('',#2380,#1819,#1820);
#1619=AXIS2_PLACEMENT_3D('',#2464,#1822,#1823);
#1620=AXIS2_PLACEMENT_3D('',#2513,#1828,#1829);
#1621=AXIS2_PLACEMENT_3D('',#2515,#1830,#1831);
#1622=AXIS2_PLACEMENT_3D('',#2517,#1833,#1834);
#1623=AXIS2_PLACEMENT_3D('',#2523,#1838,#1839);
#1624=AXIS2_PLACEMENT_3D('',#2527,#1842,#1843);
#1625=AXIS2_PLACEMENT_3D('',#2531,#1845,#1846);
#1626=AXIS2_PLACEMENT_3D('',#2532,#1847,#1848);
#1627=AXIS2_PLACEMENT_3D('',#2533,#1849,#1850);
#1628=AXIS2_PLACEMENT_3D('',#2536,#1853,#1854);
#1629=AXIS2_PLACEMENT_3D('',#2539,#1856,#1857);
#1630=AXIS2_PLACEMENT_3D('',#2540,#1858,#1859);
#1631=AXIS2_PLACEMENT_3D('',#2542,#1860,#1861);
#1632=AXIS2_PLACEMENT_3D('',#2543,#1862,#1863);
#1633=AXIS2_PLACEMENT_3D('',#2545,#1864,#1865);
#1634=AXIS2_PLACEMENT_3D('',#2547,#1866,#1867);
#1635=AXIS2_PLACEMENT_3D('',#2548,#1868,#1869);
#1636=AXIS2_PLACEMENT_3D('',#2551,#1871,#1872);
#1637=AXIS2_PLACEMENT_3D('',#2552,#1873,#1874);
#1638=AXIS2_PLACEMENT_3D('',#2554,#1876,#1877);
#1639=AXIS2_PLACEMENT_3D('',#2557,#1879,#1880);
#1640=AXIS2_PLACEMENT_3D('',#2558,#1881,#1882);
#1641=AXIS2_PLACEMENT_3D('',#2560,#1884,#1885);
#1642=AXIS2_PLACEMENT_3D('',#2562,#1887,#1888);
#1643=AXIS2_PLACEMENT_3D('',#2589,#1890,#1891);
#1644=AXIS2_PLACEMENT_3D('',#2591,#1893,#1894);
#1645=AXIS2_PLACEMENT_3D('',#2595,#1897,#1898);
#1646=AXIS2_PLACEMENT_3D('',#2610,#1900,#1901);
#1647=AXIS2_PLACEMENT_3D('',#2614,#1904,#1905);
#1648=AXIS2_PLACEMENT_3D('',#2615,#1906,#1907);
#1649=AXIS2_PLACEMENT_3D('',#2616,#1908,#1909);
#1650=AXIS2_PLACEMENT_3D('',#2692,#1916,#1917);
#1651=AXIS2_PLACEMENT_3D('',#2755,#1920,#1921);
#1652=AXIS2_PLACEMENT_3D('',#2757,#1923,#1924);
#1653=AXIS2_PLACEMENT_3D('',#2759,#1925,#1926);
#1654=AXIS2_PLACEMENT_3D('',#2763,#1928,#1929);
#1655=AXIS2_PLACEMENT_3D('',#2766,#1931,#1932);
#1656=AXIS2_PLACEMENT_3D('',#2771,#1934,#1935);
#1657=AXIS2_PLACEMENT_3D('',#2775,#1937,#1938);
#1658=AXIS2_PLACEMENT_3D('',#2779,#1941,#1942);
#1659=AXIS2_PLACEMENT_3D('',#2782,#1945,#1946);
#1660=AXIS2_PLACEMENT_3D('',#2784,#1948,#1949);
#1661=AXIS2_PLACEMENT_3D('',#2786,#1951,#1952);
#1662=AXIS2_PLACEMENT_3D('',#2788,#1954,#1955);
#1663=AXIS2_PLACEMENT_3D('',#2790,#1957,#1958);
#1664=AXIS2_PLACEMENT_3D('',#2791,#1959,#1960);
#1665=AXIS2_PLACEMENT_3D('',#2793,#1962,#1963);
#1666=AXIS2_PLACEMENT_3D('',#2797,#1966,#1967);
#1667=AXIS2_PLACEMENT_3D('',#2799,#1969,#1970);
#1668=AXIS2_PLACEMENT_3D('',#2814,#1972,#1973);
#1669=AXIS2_PLACEMENT_3D('',#2816,#1975,#1976);
#1670=AXIS2_PLACEMENT_3D('',#2819,#1979,#1980);
#1671=AXIS2_PLACEMENT_3D('',#2820,#1981,#1982);
#1672=AXIS2_PLACEMENT_3D('',#2821,#1983,#1984);
#1673=AXIS2_PLACEMENT_3D('',#2822,#1985,#1986);
#1674=AXIS2_PLACEMENT_3D('',#2823,#1987,#1988);
#1675=AXIS2_PLACEMENT_3D('',#2828,#1990,#1991);
#1676=AXIS2_PLACEMENT_3D('',#2831,#1993,#1994);
#1677=AXIS2_PLACEMENT_3D('',#2832,#1995,#1996);
#1678=AXIS2_PLACEMENT_3D('',#2838,#1999,#2000);
#1679=AXIS2_PLACEMENT_3D('',#2843,#2003,#2004);
#1680=AXIS2_PLACEMENT_3D('',#2845,#2005,#2006);
#1681=AXIS2_PLACEMENT_3D('',#2846,#2007,#2008);
#1682=AXIS2_PLACEMENT_3D('',#2852,#2012,#2013);
#1683=AXIS2_PLACEMENT_3D('',#2854,#2014,#2015);
#1684=AXIS2_PLACEMENT_3D('',#2863,#2020,#2021);
#1685=AXIS2_PLACEMENT_3D('',#2865,#2022,#2023);
#1686=AXIS2_PLACEMENT_3D('',#2866,#2024,#2025);
#1687=AXIS2_PLACEMENT_3D('',#2872,#2029,#2030);
#1688=AXIS2_PLACEMENT_3D('',#2878,#2033,#2034);
#1689=AXIS2_PLACEMENT_3D('',#2883,#2037,#2038);
#1690=AXIS2_PLACEMENT_3D('',#2885,#2039,#2040);
#1691=AXIS2_PLACEMENT_3D('',#2886,#2041,#2042);
#1692=AXIS2_PLACEMENT_3D('',#2894,#2047,#2048);
#1693=AXIS2_PLACEMENT_3D('',#2897,#2051,#2052);
#1694=AXIS2_PLACEMENT_3D('',#2898,#2053,#2054);
#1695=AXIS2_PLACEMENT_3D('',#2901,#2056,#2057);
#1696=AXIS2_PLACEMENT_3D('',#2902,#2058,#2059);
#1697=AXIS2_PLACEMENT_3D('',#2906,#2061,#2062);
#1698=AXIS2_PLACEMENT_3D('',#2907,#2063,#2064);
#1699=AXIS2_PLACEMENT_3D('',#2908,#2065,#2066);
#1700=AXIS2_PLACEMENT_3D('',#2910,#2068,#2069);
#1701=AXIS2_PLACEMENT_3D('',#2912,#2071,#2072);
#1702=AXIS2_PLACEMENT_3D('',#2915,#2073,#2074);
#1703=AXIS2_PLACEMENT_3D('',#2917,#2076,#2077);
#1704=AXIS2_PLACEMENT_3D('',#2918,#2078,#2079);
#1705=AXIS2_PLACEMENT_3D('',#2921,#2080,#2081);
#1706=AXIS2_PLACEMENT_3D('',#2923,#2083,#2084);
#1707=AXIS2_PLACEMENT_3D('',#2924,#2085,#2086);
#1708=AXIS2_PLACEMENT_3D('',#2932,#2091,#2092);
#1709=AXIS2_PLACEMENT_3D('',#2933,#2093,#2094);
#1710=AXIS2_PLACEMENT_3D('',#2934,#2095,#2096);
#1711=AXIS2_PLACEMENT_3D('',#2937,#2098,#2099);
#1712=AXIS2_PLACEMENT_3D('',#2938,#2100,#2101);
#1713=AXIS2_PLACEMENT_3D('',#2941,#2103,#2104);
#1714=AXIS2_PLACEMENT_3D('',#2942,#2105,#2106);
#1715=AXIS2_PLACEMENT_3D('',#2948,#2110,#2111);
#1716=AXIS2_PLACEMENT_3D('',#2956,#2116,#2117);
#1717=AXIS2_PLACEMENT_3D('',#2962,#2121,#2122);
#1718=AXIS2_PLACEMENT_3D('',#2966,#2125,#2126);
#1719=AXIS2_PLACEMENT_3D('',#2968,#2128,#2129);
#1720=AXIS2_PLACEMENT_3D('',#2972,#2132,#2133);
#1721=AXIS2_PLACEMENT_3D('',#2976,#2136,#2137);
#1722=AXIS2_PLACEMENT_3D('',#2978,#2139,#2140);
#1723=AXIS2_PLACEMENT_3D('',#2979,#2141,#2142);
#1724=AXIS2_PLACEMENT_3D('',#2980,#2143,#2144);
#1725=DIRECTION('axis',(0.,0.,1.));
#1726=DIRECTION('refdir',(1.,0.,0.));
#1727=DIRECTION('axis',(0.,0.,1.));
#1728=DIRECTION('refdir',(1.,0.,0.));
#1729=DIRECTION('center_axis',(-1.8328022260304E-19,0.422615420016349,-0.906309112149053));
#1730=DIRECTION('ref_axis',(-1.,-4.33680868994202E-19,2.40741243048405E-35));
#1731=DIRECTION('',(2.8468479374577E-8,-0.939691647859738,0.342022816406521));
#1732=DIRECTION('center_axis',(1.8328022260304E-19,-0.422615420016349,0.906309112149053));
#1733=DIRECTION('ref_axis',(0.707114378394216,0.64085043355924,0.298831018595956));
#1734=DIRECTION('center_axis',(1.,4.33680868994202E-19,-2.40741243048405E-35));
#1735=DIRECTION('ref_axis',(1.8328022260304E-19,-0.42261542001635,0.906309112149053));
#1736=DIRECTION('',(-3.93048923334165E-19,0.906309112149053,0.422615420016349));
#1737=DIRECTION('',(-1.8328022260304E-19,0.42261542001635,-0.906309112149053));
#1738=DIRECTION('',(3.93048923334165E-19,-0.906309112149053,-0.422615420016349));
#1739=DIRECTION('',(1.8328022260304E-19,-0.42261542001635,0.906309112149053));
#1740=DIRECTION('center_axis',(1.8328022260304E-19,-0.422615420016349,0.906309112149053));
#1741=DIRECTION('ref_axis',(1.,4.33680868994202E-19,-2.40741243048405E-35));
#1742=DIRECTION('center_axis',(1.8328022260304E-19,-0.422615420016349,0.906309112149053));
#1743=DIRECTION('ref_axis',(-1.,-4.33680868994202E-19,2.40741243048405E-35));
#1744=DIRECTION('center_axis',(1.8328022260304E-19,-0.422615420016349,0.906309112149053));
#1745=DIRECTION('ref_axis',(-0.565111812640112,-0.747718001916653,-0.348663776186135));
#1746=DIRECTION('',(-3.93048923334165E-19,0.906309112149053,0.422615420016349));
#1747=DIRECTION('',(-1.,-4.33680868994202E-19,2.40741243048405E-35));
#1748=DIRECTION('',(-2.84221024793228E-14,0.906309112149053,0.42261542001635));
#1749=DIRECTION('center_axis',(-1.8328022260304E-19,0.422615420016349,-0.906309112149053));
#1750=DIRECTION('ref_axis',(-1.85685110397796E-5,0.90630911199281,0.422615419943493));
#1751=DIRECTION('',(-0.999999999827499,1.68339716102854E-5,7.84974561907994E-6));
#1752=DIRECTION('center_axis',(1.8328022260304E-19,-0.422615420016349,0.906309112149053));
#1753=DIRECTION('ref_axis',(1.85740170080092E-5,0.906309111992717,0.42261541994345));
#1754=DIRECTION('',(3.93048923334165E-19,-0.906309112149053,-0.422615420016349));
#1755=DIRECTION('center_axis',(-1.8328022260304E-19,0.422615420016349,-0.906309112149053));
#1756=DIRECTION('ref_axis',(-3.93048923334165E-19,0.906309112149053,0.422615420016349));
#1757=DIRECTION('',(-3.93048923334165E-19,0.906309112149053,0.42261542001635));
#1758=DIRECTION('center_axis',(-1.8328022260304E-19,0.422615420016349,-0.906309112149053));
#1759=DIRECTION('ref_axis',(-1.,-4.33680868994202E-19,2.40741243048405E-35));
#1760=DIRECTION('center_axis',(-1.8328022260304E-19,0.422615420016349,-0.906309112149053));
#1761=DIRECTION('ref_axis',(-1.,-4.33680868994202E-19,2.40741243048405E-35));
#1762=DIRECTION('center_axis',(-1.8328022260304E-19,0.422615420016349,-0.906309112149053));
#1763=DIRECTION('ref_axis',(3.93048923334165E-19,-0.906309112149053,-0.42261542001635));
#1764=DIRECTION('',(-1.09208997205614E-10,-0.422615427137976,0.906309108828211));
#1765=DIRECTION('',(-1.09208997205614E-10,-0.422615427137976,0.906309108828211));
#1766=DIRECTION('center_axis',(-1.8328022260304E-19,0.422615420016349,-0.906309112149053));
#1767=DIRECTION('ref_axis',(3.93048923334165E-19,-0.906309112149053,-0.42261542001635));
#1768=DIRECTION('',(2.6075276581531E-10,0.422615410045531,-0.906309116798484));
#1769=DIRECTION('',(-2.44398097156439E-8,0.422615413796037,-0.906309115049608));
#1770=DIRECTION('center_axis',(-1.8328022260304E-19,0.422615420016349,-0.906309112149053));
#1771=DIRECTION('ref_axis',(-0.352190269408098,-0.848240458643409,-0.395537783852149));
#1772=DIRECTION('center_axis',(-1.,-4.33680868994202E-19,2.40741243048405E-35));
#1773=DIRECTION('ref_axis',(-3.93048923334165E-19,0.906309112149053,0.42261542001635));
#1774=DIRECTION('',(1.16178076550608E-7,0.906309063028163,0.422615525357268));
#1775=DIRECTION('',(-1.82942039163923E-7,-0.422618254956554,0.90630779020013));
#1776=DIRECTION('center_axis',(-0.707106781186541,0.298834229327517,-0.640857319051783));
#1777=DIRECTION('ref_axis',(-0.707106781186555,-0.298834229327511,0.64085731905177));
#1778=DIRECTION('',(1.21704229730911E-7,0.906309060687802,0.422615530376226));
#1779=DIRECTION('',(-0.707106781186557,-0.29883423492283,0.640857316442649));
#1780=DIRECTION('',(-0.707106811966497,-0.298834211241403,0.640857293523531));
#1781=DIRECTION('center_axis',(-2.80244085805379E-6,-0.300705799447162,
0.953716950762117));
#1782=DIRECTION('ref_axis',(-2.12866516779686E-5,-0.953716950531848,-0.300705799437108));
#1783=DIRECTION('',(-0.999999999996005,1.19457397739154E-6,-2.56179313287859E-6));
#1784=DIRECTION('',(-0.999999999769512,2.11441496120398E-5,3.72828390278173E-6));
#1785=DIRECTION('',(-0.257044234150105,0.357935503932459,0.897669447355095));
#1786=DIRECTION('',(-2.66931594687414E-6,0.378232137697059,0.925710780971026));
#1787=DIRECTION('center_axis',(1.8328022260304E-19,-0.422615420016349,0.906309112149053));
#1788=DIRECTION('ref_axis',(1.,4.33680868994202E-19,-2.40741243048405E-35));
#1789=DIRECTION('',(1.,4.33680868994202E-19,-2.40741243048405E-35));
#1790=DIRECTION('',(-0.999999999999998,-1.89514625734611E-8,-5.49241558841776E-8));
#1791=DIRECTION('center_axis',(-1.8328022260304E-19,0.422615420016349,-0.906309112149053));
#1792=DIRECTION('ref_axis',(3.93048923334165E-19,-0.906309112149053,-0.422615420016349));
#1793=DIRECTION('center_axis',(-1.8328022260304E-19,0.422615420016349,-0.906309112149053));
#1794=DIRECTION('ref_axis',(-0.999999999999864,-4.73561121164795E-7,-2.20823369688658E-7));
#1795=DIRECTION('',(0.999999999014482,4.02368138447418E-5,1.87625833021885E-5));
#1796=DIRECTION('center_axis',(-1.8328022260304E-19,0.422615420016349,-0.906309112149053));
#1797=DIRECTION('ref_axis',(-4.38738121569312E-5,0.90630911127677,0.422615419609601));
#1798=DIRECTION('',(1.21742527846591E-7,-0.906309060733442,-0.422615530278351));
#1799=DIRECTION('center_axis',(-1.8328022260304E-19,0.422615420016349,-0.906309112149053));
#1800=DIRECTION('ref_axis',(1.,4.33680868994202E-19,-2.40741243048405E-35));
#1801=DIRECTION('',(-1.,-1.0331626658927E-9,3.76042624078977E-10));
#1802=DIRECTION('center_axis',(1.8328022260304E-19,-0.422615420016349,0.906309112149053));
#1803=DIRECTION('ref_axis',(-3.93048923334165E-19,0.906309112149053,0.42261542001635));
#1804=DIRECTION('center_axis',(1.8328022260304E-19,-0.422615420016349,0.906309112149053));
#1805=DIRECTION('ref_axis',(1.,4.33680868994202E-19,-2.40741243048405E-35));
#1806=DIRECTION('center_axis',(1.8328022260304E-19,-0.422615420016349,0.906309112149053));
#1807=DIRECTION('ref_axis',(1.,4.33680868994202E-19,-2.40741243048405E-35));
#1808=DIRECTION('center_axis',(1.8328022260304E-19,-0.422615420016349,0.906309112149053));
#1809=DIRECTION('ref_axis',(-1.,-4.33680868994202E-19,2.40741243048405E-35));
#1810=DIRECTION('',(-5.60201452734625E-9,-0.939691548379308,0.342023089724215));
#1811=DIRECTION('center_axis',(1.4832887076768E-19,-0.342023089724215,-0.939691548379308));
#1812=DIRECTION('ref_axis',(4.07526247287645E-19,-0.939691548379308,0.342023089724215));
#1813=DIRECTION('',(-0.999999999999999,1.26523965458726E-8,3.28628793265443E-8));
#1814=DIRECTION('center_axis',(1.4832887076768E-19,-0.342023089724215,-0.939691548379308));
#1815=DIRECTION('ref_axis',(4.07526247287645E-19,-0.939691548379308,0.342023089724215));
#1816=DIRECTION('',(6.17369900882428E-9,-0.939691548379308,0.342023089724215));
#1817=DIRECTION('',(-1.,-6.99664995400712E-10,2.54658136000706E-10));
#1818=DIRECTION('',(-2.84271344438113E-8,-0.939691548379308,0.342023089724215));
#1819=DIRECTION('center_axis',(-1.8328022260304E-19,0.422615420016349,-0.906309112149053));
#1820=DIRECTION('ref_axis',(-1.,-4.33680868994202E-19,2.40741243048405E-35));
#1821=DIRECTION('',(-2.68499468322034E-6,0.378294430298069,0.925685326662495));
#1822=DIRECTION('center_axis',(-3.53264784056759E-6,-0.925684707896706,
0.378295944405581));
#1823=DIRECTION('ref_axis',(-2.08600387192919E-6,0.378295944413939,0.925684707897681));
#1824=DIRECTION('',(-0.99999999999176,1.81349951937238E-6,-3.63203086857051E-6));
#1825=DIRECTION('',(-0.999999999991052,3.09856649300342E-6,-2.8802369146222E-6));
#1826=DIRECTION('',(-2.66937013118712E-6,0.378297457981527,0.925684089351));
#1827=DIRECTION('',(0.258277681844408,0.297741091131416,0.919044548274431));
#1828=DIRECTION('center_axis',(5.55693117606373E-6,0.422618261629717,-0.906307787071366));
#1829=DIRECTION('ref_axis',(-0.99999999998456,2.3484605936602E-6,-5.03628999716401E-6));
#1830=DIRECTION('center_axis',(5.55693117606373E-6,0.422618261629717,-0.906307787071366));
#1831=DIRECTION('ref_axis',(-0.365264509470501,-0.84368448240684,-0.393418774675506));
#1832=DIRECTION('',(0.707104812343989,-0.298837064884383,0.640858169185086));
#1833=DIRECTION('center_axis',(-0.707108745855682,-0.298835408348895,0.640854601490348));
#1834=DIRECTION('ref_axis',(0.707104816511954,-0.298837068961316,0.640858162685165));
#1835=DIRECTION('',(1.86821455308717E-7,0.906307866022729,0.422618092354424));
#1836=DIRECTION('',(2.05541510678311E-7,0.906307873930188,0.422618075396806));
#1837=DIRECTION('',(0.707104937649301,-0.298837025137848,0.64085804946083));
#1838=DIRECTION('center_axis',(-1.,-4.33680868994202E-19,2.40741243048405E-35));
#1839=DIRECTION('ref_axis',(-3.93048923334165E-19,0.906309112149053,0.42261542001635));
#1840=DIRECTION('',(-3.45267686756699E-7,0.422618269259766,-0.906307783530386));
#1841=DIRECTION('',(-3.93048923334165E-19,0.906309112149053,0.422615420016349));
#1842=DIRECTION('center_axis',(1.8328022260304E-19,-0.422615420016349,0.906309112149053));
#1843=DIRECTION('ref_axis',(3.93048923334165E-19,-0.906309112149053,-0.42261542001635));
#1844=DIRECTION('',(-3.93048923334165E-19,0.906309112149053,0.422615420016349));
#1845=DIRECTION('center_axis',(1.8328022260304E-19,-0.422615420016349,0.906309112149053));
#1846=DIRECTION('ref_axis',(-0.594685985083176,0.728634525093205,0.339765077646086));
#1847=DIRECTION('center_axis',(1.8328022260304E-19,-0.422615420016349,0.906309112149053));
#1848=DIRECTION('ref_axis',(-3.93048923334165E-19,0.906309112149053,0.422615420016349));
#1849=DIRECTION('center_axis',(1.,4.33680868994202E-19,-2.40741243048405E-35));
#1850=DIRECTION('ref_axis',(-1.8328022260304E-19,0.42261542001635,-0.906309112149053));
#1851=DIRECTION('',(-1.8328022260304E-19,0.42261542001635,-0.906309112149053));
#1852=DIRECTION('',(-1.83281454862265E-19,0.422618261412669,-0.906307787189613));
#1853=DIRECTION('center_axis',(-1.8328022260304E-19,0.422615420016349,-0.906309112149053));
#1854=DIRECTION('ref_axis',(-1.,-4.33680868994202E-19,2.40741243048405E-35));
#1855=DIRECTION('',(-1.8328022260304E-19,0.422615420016349,-0.906309112149053));
#1856=DIRECTION('center_axis',(-1.8328022260304E-19,0.422615420016349,-0.906309112149053));
#1857=DIRECTION('ref_axis',(-1.,-4.33680868994202E-19,2.40741243048405E-35));
#1858=DIRECTION('center_axis',(-1.8328022260304E-19,0.422615420016349,-0.906309112149053));
#1859=DIRECTION('ref_axis',(-1.,-4.33680868994202E-19,2.40741243048405E-35));
#1860=DIRECTION('center_axis',(-1.8328022260304E-19,0.422615420016349,-0.906309112149053));
#1861=DIRECTION('ref_axis',(-1.,-4.33680868994202E-19,2.40741243048405E-35));
#1862=DIRECTION('center_axis',(-1.8328022260304E-19,0.422615420016349,-0.906309112149053));
#1863=DIRECTION('ref_axis',(-1.,-4.33680868994202E-19,2.40741243048405E-35));
#1864=DIRECTION('center_axis',(-1.8328022260304E-19,0.422615420016349,-0.906309112149053));
#1865=DIRECTION('ref_axis',(-1.,-4.33680868994202E-19,2.40741243048405E-35));
#1866=DIRECTION('center_axis',(-1.8328022260304E-19,0.422615420016349,-0.906309112149053));
#1867=DIRECTION('ref_axis',(-1.,-4.33680868994202E-19,2.40741243048405E-35));
#1868=DIRECTION('center_axis',(-1.8328022260304E-19,0.422615420016349,-0.906309112149053));
#1869=DIRECTION('ref_axis',(-1.,-4.33680868994202E-19,2.40741243048405E-35));
#1870=DIRECTION('',(-1.8328022260304E-19,0.422615420016349,-0.906309112149053));
#1871=DIRECTION('center_axis',(1.8328022260304E-19,-0.422615420016349,0.906309112149053));
#1872=DIRECTION('ref_axis',(1.,4.33680868994202E-19,-2.40741243048405E-35));
#1873=DIRECTION('center_axis',(-1.8328022260304E-19,0.422615420016349,-0.906309112149053));
#1874=DIRECTION('ref_axis',(-1.,-4.33680868994202E-19,2.40741243048405E-35));
#1875=DIRECTION('',(0.707106781186547,0.298834229327562,-0.640857319051754));
#1876=DIRECTION('center_axis',(-1.8328022260304E-19,0.422615420016349,-0.906309112149053));
#1877=DIRECTION('ref_axis',(-1.,-4.33680868994202E-19,2.40741243048405E-35));
#1878=DIRECTION('',(-1.8328022260304E-19,0.422615420016349,-0.906309112149053));
#1879=DIRECTION('center_axis',(1.8328022260304E-19,-0.422615420016349,0.906309112149053));
#1880=DIRECTION('ref_axis',(1.,4.33680868994202E-19,-2.40741243048405E-35));
#1881=DIRECTION('center_axis',(-1.8328022260304E-19,0.422615420016349,-0.906309112149053));
#1882=DIRECTION('ref_axis',(-1.,-4.33680868994202E-19,2.40741243048405E-35));
#1883=DIRECTION('',(0.707106781186547,0.298834229327562,-0.640857319051754));
#1884=DIRECTION('center_axis',(-1.8328022260304E-19,0.422615420016349,-0.906309112149053));
#1885=DIRECTION('ref_axis',(-1.,-4.33680868994202E-19,2.40741243048405E-35));
#1886=DIRECTION('',(-1.8328022260304E-19,0.422615420016349,-0.906309112149053));
#1887=DIRECTION('center_axis',(-1.83281454862265E-19,0.422618261412669,
-0.906307787189613));
#1888=DIRECTION('ref_axis',(-1.,-4.33680868994202E-19,2.40741243048405E-35));
#1889=DIRECTION('',(-4.54841063982565E-11,-0.422618233496692,0.906307800207046));
#1890=DIRECTION('center_axis',(1.8328022260304E-19,-0.422615420016349,0.906309112149053));
#1891=DIRECTION('ref_axis',(-1.,-4.33680868994202E-19,2.40741243048405E-35));
#1892=DIRECTION('',(-3.13990813336504E-5,0.342021575160493,0.939692099114829));
#1893=DIRECTION('center_axis',(-3.13930041664999E-5,0.939692083890309,-0.342021616989874));
#1894=DIRECTION('ref_axis',(-3.13929057454269E-5,0.342021616063792,0.93969208422738));
#1895=DIRECTION('',(0.999999999014482,4.02368129846472E-5,1.8762582572367E-5));
#1896=DIRECTION('',(-3.13872977670699E-5,0.34202157513437,0.939692099124731));
#1897=DIRECTION('center_axis',(1.8328022260304E-19,-0.422615420016349,0.906309112149053));
#1898=DIRECTION('ref_axis',(0.707091439124232,0.640871223400948,0.298840712978996));
#1899=DIRECTION('',(0.707106811986585,-0.298834210711883,0.640857293748284));
#1900=DIRECTION('center_axis',(0.707106781186541,0.298834229327517,-0.640857319051783));
#1901=DIRECTION('ref_axis',(0.707106781186555,-0.298834229327511,0.64085731905177));
#1902=DIRECTION('',(1.1620170932179E-7,-0.906309063068769,-0.422615525270188));
#1903=DIRECTION('',(0.707106781186536,-0.298834234404735,0.640857316684261));
#1904=DIRECTION('center_axis',(1.8328022260304E-19,-0.422615420016349,0.906309112149053));
#1905=DIRECTION('ref_axis',(0.707106781043661,-0.640857319181254,-0.298834229387948));
#1906=DIRECTION('center_axis',(-1.8328022260304E-19,0.422615420016349,-0.906309112149053));
#1907=DIRECTION('ref_axis',(1.,4.33680868994202E-19,-2.40741243048405E-35));
#1908=DIRECTION('center_axis',(-1.8328022260304E-19,0.422615420016349,-0.906309112149053));
#1909=DIRECTION('ref_axis',(1.,4.33680868994202E-19,-2.40741243048405E-35));
#1910=DIRECTION('',(5.46682525452116E-8,-0.422615420131942,0.90630911209515));
#1911=DIRECTION('',(5.02744982591185E-10,-0.422615429965778,0.906309107509596));
#1912=DIRECTION('',(-2.68462993911311E-6,0.378229129158414,0.925712010210984));
#1913=DIRECTION('',(-0.258017191753805,0.297834723833753,0.919087376715812));
#1914=DIRECTION('',(-0.258017191753805,0.297834723833753,0.919087376715812));
#1915=DIRECTION('',(-2.68462993911311E-6,0.378229129158414,0.925712010210984));
#1916=DIRECTION('center_axis',(-3.53250065808365E-6,-0.925711395480821,
0.378230633693879));
#1917=DIRECTION('ref_axis',(-2.08625310540222E-6,0.378230633702238,0.925711395481795));
#1918=DIRECTION('',(-0.999999999991749,1.81425751262413E-6,-3.6344882607337E-6));
#1919=DIRECTION('',(-0.999999999991044,3.09907701497158E-6,-2.88244086637242E-6));
#1920=DIRECTION('center_axis',(-0.999999999769512,2.11441507488043E-5,3.72828426118138E-6));
#1921=DIRECTION('ref_axis',(5.55693117605287E-6,0.422618261629717,-0.906307787071366));
#1922=DIRECTION('',(-0.999999999769801,2.11294207537471E-5,3.73425096942959E-6));
#1923=DIRECTION('center_axis',(-5.55693117606373E-6,-0.422618261629717,
0.906307787071366));
#1924=DIRECTION('ref_axis',(0.999999999983452,-9.98990756691989E-7,5.66555811639531E-6));
#1925=DIRECTION('center_axis',(5.55693117606373E-6,0.422618261629717,-0.906307787071366));
#1926=DIRECTION('ref_axis',(0.999999999984162,-3.15700834384377E-6,4.65925798938042E-6));
#1927=DIRECTION('',(-7.51114547614978E-8,-0.906307755338767,-0.422618329717015));
#1928=DIRECTION('center_axis',(5.55693117606373E-6,0.422618261629717,-0.906307787071366));
#1929=DIRECTION('ref_axis',(-4.53225175677709E-5,0.90630778626096,0.422618260973928));
#1930=DIRECTION('',(0.999999999001441,3.78650464706035E-5,2.37351426921949E-5));
#1931=DIRECTION('center_axis',(5.55693117606373E-6,0.422618261629717,-0.906307787071366));
#1932=DIRECTION('ref_axis',(-0.999999999984131,1.50909367934104E-6,-5.42769321719255E-6));
#1933=DIRECTION('',(-3.93048348679389E-19,0.906307787085356,0.422618261636249));
#1934=DIRECTION('center_axis',(-5.55693117606373E-6,-0.422618261629717,
0.906307787071366));
#1935=DIRECTION('ref_axis',(0.870932706377837,0.445359686184832,0.20767997227158));
#1936=DIRECTION('',(-0.99999999981206,1.91823918006834E-5,2.81350104022089E-6));
#1937=DIRECTION('center_axis',(-5.55693117606373E-6,-0.422618261629717,
0.906307787071366));
#1938=DIRECTION('ref_axis',(0.870930438706959,0.445363328700618,0.207681670790681));
#1939=DIRECTION('',(-4.26329571937385E-14,0.906307787085356,0.422618261636249));
#1940=DIRECTION('',(0.99999999998456,-2.34844480300421E-6,5.03629736044043E-6));
#1941=DIRECTION('center_axis',(-1.,-4.33680868994202E-19,2.40741243048405E-35));
#1942=DIRECTION('ref_axis',(-1.8328022260304E-19,0.42261542001635,-0.906309112149053));
#1943=DIRECTION('',(-1.8328022260304E-19,0.422615420016349,-0.906309112149053));
#1944=DIRECTION('',(1.8328022260304E-19,-0.42261542001635,0.906309112149053));
#1945=DIRECTION('center_axis',(3.93048923334165E-19,-0.906309112149053,
-0.422615420016349));
#1946=DIRECTION('ref_axis',(-1.8328022260304E-19,0.42261542001635,-0.906309112149053));
#1947=DIRECTION('',(-1.8328022260304E-19,0.422615420016349,-0.906309112149053));
#1948=DIRECTION('center_axis',(1.,4.33680868994202E-19,-2.40741243048405E-35));
#1949=DIRECTION('ref_axis',(1.8328022260304E-19,-0.42261542001635,0.906309112149053));
#1950=DIRECTION('',(-1.8328022260304E-19,0.42261542001635,-0.906309112149053));
#1951=DIRECTION('center_axis',(-1.8328022260304E-19,0.422615420016349,-0.906309112149053));
#1952=DIRECTION('ref_axis',(0.99081297960081,0.12256851337545,0.0571541685574784));
#1953=DIRECTION('',(8.41819916300728E-11,0.422615420018615,-0.906309112147997));
#1954=DIRECTION('center_axis',(-1.85742054058891E-5,-0.906309111992739,
-0.422615419943395));
#1955=DIRECTION('ref_axis',(-0.9999999998275,1.68339716102861E-5,7.84974561907836E-6));
#1956=DIRECTION('',(1.82607450581301E-5,0.422615419793287,-0.906309112069105));
#1957=DIRECTION('center_axis',(-1.8328022260304E-19,0.422615420016349,-0.906309112149053));
#1958=DIRECTION('ref_axis',(1.85740170970392E-5,0.906309111992717,0.42261541994345));
#1959=DIRECTION('center_axis',(5.55693117606373E-6,0.422618261629717,-0.906307787071366));
#1960=DIRECTION('ref_axis',(-0.99999999998456,2.3484605936602E-6,-5.03628999716401E-6));
#1961=DIRECTION('',(-0.707108789862392,-0.298835383642501,0.640854564454825));
#1962=DIRECTION('center_axis',(0.707104816511961,-0.298837068961313,0.640858162685159));
#1963=DIRECTION('ref_axis',(-0.707108745855676,-0.298835408348898,0.640854601490355));
#1964=DIRECTION('',(-5.04508148231192E-8,-0.906307765761438,-0.422618307365533));
#1965=DIRECTION('',(-0.707108624681607,-0.298835466689979,0.640854707986973));
#1966=DIRECTION('center_axis',(1.,4.33680868994202E-19,-2.40741243048405E-35));
#1967=DIRECTION('ref_axis',(3.93048923334165E-19,-0.906309112149053,-0.42261542001635));
#1968=DIRECTION('',(1.15208681804983E-7,-0.422618261374655,0.906307787207332));
#1969=DIRECTION('center_axis',(-1.83281454862265E-19,0.422618261412669,
-0.906307787189613));
#1970=DIRECTION('ref_axis',(-4.43963426620312E-5,0.90630778629643,0.422618260996172));
#1971=DIRECTION('',(-1.79201642033123E-10,-0.422618365820582,0.906307738503396));
#1972=DIRECTION('center_axis',(5.55693117606373E-6,0.422618261629717,-0.906307787071366));
#1973=DIRECTION('ref_axis',(-0.99999999998456,2.3484605936602E-6,-5.03628999716401E-6));
#1974=DIRECTION('',(2.74554699521497E-5,-0.939692678796679,0.342019982840358));
#1975=DIRECTION('center_axis',(-3.53222986731096E-5,0.342020142880762,0.939692620283973));
#1976=DIRECTION('ref_axis',(2.74636112387295E-5,-0.939692620184016,0.342020143876715));
#1977=DIRECTION('',(0.999999999001243,3.78669665426859E-5,2.37404161179191E-5));
#1978=DIRECTION('',(2.74714594194513E-5,-0.93969256159262,0.342020304854579));
#1979=DIRECTION('center_axis',(-4.43963426615112E-5,0.906307786296447,0.422618260996137));
#1980=DIRECTION('ref_axis',(-0.999999998999043,-3.78882904815128E-5,-2.37989951511059E-5));
#1981=DIRECTION('center_axis',(5.55693117606373E-6,0.422618261629717,-0.906307787071366));
#1982=DIRECTION('ref_axis',(-0.99999999998456,2.3484605936602E-6,-5.03628999716401E-6));
#1983=DIRECTION('center_axis',(3.93048923334165E-19,-0.906309112149053,
-0.422615420016349));
#1984=DIRECTION('ref_axis',(-1.,-4.33680868994202E-19,2.40741243048405E-35));
#1985=DIRECTION('axis',(0.,0.,1.));
#1986=DIRECTION('refdir',(1.,0.,0.));
#1987=DIRECTION('center_axis',(-1.,0.,0.));
#1988=DIRECTION('ref_axis',(0.,0.707106781186549,0.707106781186546));
#1989=DIRECTION('',(-1.,0.,0.));
#1990=DIRECTION('center_axis',(1.,0.,0.));
#1991=DIRECTION('ref_axis',(0.,0.707106781186549,0.707106781186546));
#1992=DIRECTION('',(1.,0.,0.));
#1993=DIRECTION('center_axis',(-1.,0.,0.));
#1994=DIRECTION('ref_axis',(0.,0.707106781186549,0.707106781186546));
#1995=DIRECTION('center_axis',(0.,0.,1.));
#1996=DIRECTION('ref_axis',(1.,0.,0.));
#1997=DIRECTION('',(0.,-1.,0.));
#1998=DIRECTION('',(1.,0.,0.));
#1999=DIRECTION('center_axis',(0.,0.,-1.));
#2000=DIRECTION('ref_axis',(0.527050610820192,0.849833897672988,0.));
#2001=DIRECTION('',(1.,0.,0.));
#2002=DIRECTION('',(0.,1.,0.));
#2003=DIRECTION('center_axis',(0.,0.,-1.));
#2004=DIRECTION('ref_axis',(1.,0.,0.));
#2005=DIRECTION('center_axis',(0.,0.,-1.));
#2006=DIRECTION('ref_axis',(1.,0.,0.));
#2007=DIRECTION('center_axis',(0.,1.,0.));
#2008=DIRECTION('ref_axis',(-1.,0.,0.));
#2009=DIRECTION('',(1.,0.,0.));
#2010=DIRECTION('',(0.,0.,1.));
#2011=DIRECTION('',(0.,0.,1.));
#2012=DIRECTION('center_axis',(0.,0.,1.));
#2013=DIRECTION('ref_axis',(1.,0.,0.));
#2014=DIRECTION('center_axis',(0.,0.,-1.));
#2015=DIRECTION('ref_axis',(0.527050610820192,0.849833897672988,0.));
#2016=DIRECTION('',(1.,0.,0.));
#2017=DIRECTION('',(0.,-1.,0.));
#2018=DIRECTION('',(-1.,0.,0.));
#2019=DIRECTION('',(0.,1.,0.));
#2020=DIRECTION('center_axis',(0.,0.,-1.));
#2021=DIRECTION('ref_axis',(-1.,0.,0.));
#2022=DIRECTION('center_axis',(0.,0.,-1.));
#2023=DIRECTION('ref_axis',(1.,0.,0.));
#2024=DIRECTION('center_axis',(0.,1.,0.));
#2025=DIRECTION('ref_axis',(-1.,0.,0.));
#2026=DIRECTION('',(0.,0.,-1.));
#2027=DIRECTION('',(0.,0.,1.));
#2028=DIRECTION('',(1.,0.,0.));
#2029=DIRECTION('center_axis',(0.,0.,1.));
#2030=DIRECTION('ref_axis',(1.,0.,0.));
#2031=DIRECTION('',(0.,1.,0.));
#2032=DIRECTION('',(-1.,0.,0.));
#2033=DIRECTION('center_axis',(0.,0.,1.));
#2034=DIRECTION('ref_axis',(1.,0.,0.));
#2035=DIRECTION('',(-1.,0.,0.));
#2036=DIRECTION('',(0.,-1.,0.));
#2037=DIRECTION('center_axis',(0.,0.,1.));
#2038=DIRECTION('ref_axis',(1.,0.,0.));
#2039=DIRECTION('center_axis',(0.,0.,1.));
#2040=DIRECTION('ref_axis',(1.,0.,0.));
#2041=DIRECTION('center_axis',(0.,1.,0.));
#2042=DIRECTION('ref_axis',(-1.,0.,0.));
#2043=DIRECTION('',(0.,0.,1.));
#2044=DIRECTION('',(1.,0.,0.));
#2045=DIRECTION('',(0.707106781186548,0.,0.707106781186548));
#2046=DIRECTION('',(0.,0.,1.));
#2047=DIRECTION('center_axis',(0.,1.,0.));
#2048=DIRECTION('ref_axis',(-1.,0.,0.));
#2049=DIRECTION('',(0.,0.,1.));
#2050=DIRECTION('',(0.,0.,1.));
#2051=DIRECTION('center_axis',(0.,0.,1.));
#2052=DIRECTION('ref_axis',(0.527050610820192,0.849833897672988,0.));
#2053=DIRECTION('center_axis',(0.,0.,1.));
#2054=DIRECTION('ref_axis',(1.,0.,0.));
#2055=DIRECTION('',(0.707106781186547,-8.65956056235493E-17,-0.707106781186548));
#2056=DIRECTION('center_axis',(0.,0.,1.));
#2057=DIRECTION('ref_axis',(1.,0.,0.));
#2058=DIRECTION('center_axis',(0.,0.,1.));
#2059=DIRECTION('ref_axis',(1.,0.,0.));
#2060=DIRECTION('',(0.707106781186547,-8.65956056235493E-17,-0.707106781186548));
#2061=DIRECTION('center_axis',(0.,0.,1.));
#2062=DIRECTION('ref_axis',(-1.,0.,0.));
#2063=DIRECTION('center_axis',(0.,0.,1.));
#2064=DIRECTION('ref_axis',(-1.,0.,0.));
#2065=DIRECTION('center_axis',(0.,0.,1.));
#2066=DIRECTION('ref_axis',(-1.,0.,0.));
#2067=DIRECTION('',(0.,0.,-1.));
#2068=DIRECTION('center_axis',(0.,0.,1.));
#2069=DIRECTION('ref_axis',(1.,0.,0.));
#2070=DIRECTION('',(0.,0.,-1.));
#2071=DIRECTION('center_axis',(0.,0.,1.));
#2072=DIRECTION('ref_axis',(1.,0.,0.));
#2073=DIRECTION('center_axis',(0.,0.,1.));
#2074=DIRECTION('ref_axis',(1.,0.,0.));
#2075=DIRECTION('',(0.,0.,1.));
#2076=DIRECTION('center_axis',(0.,0.,1.));
#2077=DIRECTION('ref_axis',(1.,0.,0.));
#2078=DIRECTION('center_axis',(0.,0.,1.));
#2079=DIRECTION('ref_axis',(1.,0.,0.));
#2080=DIRECTION('center_axis',(0.,0.,1.));
#2081=DIRECTION('ref_axis',(1.,0.,0.));
#2082=DIRECTION('',(0.,0.,1.));
#2083=DIRECTION('center_axis',(0.,0.,1.));
#2084=DIRECTION('ref_axis',(1.,0.,0.));
#2085=DIRECTION('center_axis',(0.,1.,0.));
#2086=DIRECTION('ref_axis',(-1.,0.,0.));
#2087=DIRECTION('',(0.,0.,1.));
#2088=DIRECTION('',(0.707106781186548,0.,-0.707106781186548));
#2089=DIRECTION('',(1.,0.,0.));
#2090=DIRECTION('',(0.,0.,1.));
#2091=DIRECTION('center_axis',(0.,0.,1.));
#2092=DIRECTION('ref_axis',(1.,0.,0.));
#2093=DIRECTION('center_axis',(0.,0.,1.));
#2094=DIRECTION('ref_axis',(0.527050610820192,0.849833897672988,0.));
#2095=DIRECTION('center_axis',(0.,0.,-1.));
#2096=DIRECTION('ref_axis',(0.,-1.,0.));
#2097=DIRECTION('',(8.65956056235493E-17,0.707106781186547,-0.707106781186547));
#2098=DIRECTION('center_axis',(0.,0.,1.));
#2099=DIRECTION('ref_axis',(1.,0.,0.));
#2100=DIRECTION('center_axis',(0.,0.,-1.));
#2101=DIRECTION('ref_axis',(0.,-1.,0.));
#2102=DIRECTION('',(8.65956056235493E-17,0.707106781186547,-0.707106781186547));
#2103=DIRECTION('center_axis',(0.,0.,1.));
#2104=DIRECTION('ref_axis',(1.,0.,0.));
#2105=DIRECTION('center_axis',(0.,1.,0.));
#2106=DIRECTION('ref_axis',(0.,0.,1.));
#2107=DIRECTION('',(-1.,0.,0.));
#2108=DIRECTION('',(0.,0.,1.));
#2109=DIRECTION('',(0.,0.,-1.));
#2110=DIRECTION('center_axis',(-1.,0.,0.));
#2111=DIRECTION('ref_axis',(0.,-1.,0.));
#2112=DIRECTION('',(0.,0.414071882501526,-0.910244184887573));
#2113=DIRECTION('',(0.,0.792325692484583,-0.610098350291841));
#2114=DIRECTION('',(0.,-1.,0.));
#2115=DIRECTION('',(0.,-0.835867368336637,0.548931455238252));
#2116=DIRECTION('center_axis',(0.,0.,-1.));
#2117=DIRECTION('ref_axis',(0.,1.,0.));
#2118=DIRECTION('',(0.,1.,0.));
#2119=DIRECTION('',(-1.,0.,0.));
#2120=DIRECTION('',(0.,-1.,0.));
#2121=DIRECTION('center_axis',(-0.707106781186598,0.,-0.707106781186498));
#2122=DIRECTION('ref_axis',(-0.707106781186498,0.,0.707106781186598));
#2123=DIRECTION('',(-0.481199433327349,-0.732730653603908,0.481199433327417));
#2124=DIRECTION('',(0.,1.,0.));
#2125=DIRECTION('center_axis',(0.707106781186548,0.,-0.707106781186548));
#2126=DIRECTION('ref_axis',(0.707106781186548,0.,0.707106781186548));
#2127=DIRECTION('',(-0.481199433327402,0.732730653603884,-0.481199433327402));
#2128=DIRECTION('center_axis',(0.,-0.548931455238252,-0.835867368336637));
#2129=DIRECTION('ref_axis',(-1.,0.,0.));
#2130=DIRECTION('',(-1.,0.,0.));
#2131=DIRECTION('',(0.,-0.835867368336637,0.548931455238252));
#2132=DIRECTION('center_axis',(-1.,0.,0.));
#2133=DIRECTION('ref_axis',(0.,0.965926637809781,0.258816016446995));
#2134=DIRECTION('',(0.,-0.414071882501526,0.910244184887573));
#2135=DIRECTION('',(0.,0.792325692484583,-0.610098350291841));
#2136=DIRECTION('center_axis',(0.,0.610098350291841,0.792325692484583));
#2137=DIRECTION('ref_axis',(1.,0.,0.));
#2138=DIRECTION('',(1.,0.,0.));
#2139=DIRECTION('center_axis',(0.,0.910244184887573,0.414071882501526));
#2140=DIRECTION('ref_axis',(0.,-0.414071882501526,0.910244184887573));
#2141=DIRECTION('',(-6.73200872944172E-17,-0.0871557427476583,0.996194698091746));
#2142=DIRECTION('',(1.,-3.94135663269341E-18,5.82883986109877E-17));
#2143=DIRECTION('',(0.,0.,1.));
#2144=DIRECTION('',(1.,0.,0.));
#2145=CARTESIAN_POINT('',(0.,0.,0.));
#2146=CARTESIAN_POINT('',(0.,0.,0.));
#2147=CARTESIAN_POINT('Origin',(-31.4713397846397,63.7269495697574,-17.5424055990118));
#2148=CARTESIAN_POINT('',(-31.4713372337494,68.953495499409,-14.5535589506273));
#2149=CARTESIAN_POINT('',(-27.8657867009405,69.3761107643266,-15.4598676575375));
#2150=CARTESIAN_POINT('Ctrl Pts',(-31.4713372337496,68.9534957153967,-14.5535593411925));
#2151=CARTESIAN_POINT('Ctrl Pts',(-29.8072371501252,68.9534960143921,-14.5535599823954));
#2152=CARTESIAN_POINT('Ctrl Pts',(-27.8657867009747,69.3761107643201,-15.4598676575235));
#2153=CARTESIAN_POINT('',(-31.4713372740094,70.282420381428,-15.0372519670576));
#2154=CARTESIAN_POINT('',(-31.4713372740097,70.2824199605414,-15.0372519955667));
#2155=CARTESIAN_POINT('Origin',(-31.4713397846397,63.9382570761585,-17.995559718454));
#2156=CARTESIAN_POINT('Origin',(-40.1062796779397,71.8251183610496,-7.69762817455245));
#2157=CARTESIAN_POINT('',(-40.1062796779397,67.5372420862949,-9.69708135067709));
#2158=CARTESIAN_POINT('',(-40.1062796779397,71.8251183610496,-7.69762817455245));
#2159=CARTESIAN_POINT('',(-40.1062796779397,67.5372420862949,-9.69708135067709));
#2160=CARTESIAN_POINT('',(-40.1062796779397,62.4292561970551,1.25711941173343));
#2161=CARTESIAN_POINT('',(-40.1062796779397,62.4292561970551,1.25711941173343));
#2162=CARTESIAN_POINT('',(-40.1062796779397,66.7171324718107,3.25657258785315));
#2163=CARTESIAN_POINT('',(-40.1062796779397,66.7171324718107,3.25657258785315));
#2164=CARTESIAN_POINT('',(-40.1062796779397,71.8251183610496,-7.69762817455245));
#2165=CARTESIAN_POINT('Origin',(0.016393210887204,81.4037183195766,-3.23109022367362));
#2166=CARTESIAN_POINT('',(-47.8799964450397,77.7161275900159,-4.95062794445218));
#2167=CARTESIAN_POINT('Origin',(-35.8799964450397,77.7161275900159,-4.95062794445218));
#2168=CARTESIAN_POINT('',(-36.2998327458997,70.2181315264502,-8.44697230776602));
#2169=CARTESIAN_POINT('Origin',(-32.8669461708697,81.4037183195766,-3.23109022367362));
#2170=CARTESIAN_POINT('',(-36.2998327458997,69.7649769703701,-8.65828001777164));
#2171=CARTESIAN_POINT('',(-36.2998327458997,69.7649769703701,-8.65828001777164));
#2172=CARTESIAN_POINT('',(36.3326191676803,69.7649769703701,-8.65828001777164));
#2173=CARTESIAN_POINT('',(36.3326191676803,69.7649769703701,-8.65828001777164));
#2174=CARTESIAN_POINT('',(36.3326191676803,70.2181315264502,-8.44697230776602));
#2175=CARTESIAN_POINT('',(36.3326191676803,69.7649769703701,-8.65828001777164));
#2176=CARTESIAN_POINT('',(32.8994947537411,93.0135718531779,2.18262907105667));
#2177=CARTESIAN_POINT('Origin',(32.8997325926403,81.4037183195766,-3.23109022367362));
#2178=CARTESIAN_POINT('',(-32.8667082294497,93.0139408905069,2.18280115458041));
#2179=CARTESIAN_POINT('',(0.0165121777264747,93.0133873353099,2.18254302966614));
#2180=CARTESIAN_POINT('',(-40.4851379723897,90.7378504575574,1.12145144351161));
#2181=CARTESIAN_POINT('Origin',(-32.8669461708697,81.4037183195766,-3.23109022367362));
#2182=CARTESIAN_POINT('',(-40.4851379723899,94.8905169789388,3.05785579270481));
#2183=CARTESIAN_POINT('',(-40.4851379723897,86.0707843885675,-1.05481939007937));
#2184=CARTESIAN_POINT('',(-47.8799964450397,84.8475376103841,-1.62522406108935));
#2185=CARTESIAN_POINT('Origin',(-35.8799964450397,84.8475376103895,-1.62522406108344));
#2186=CARTESIAN_POINT('',(-47.8799964450397,77.7161275900159,-4.95062794445218));
#2187=CARTESIAN_POINT('',(24.0816501718703,81.7517517832777,-3.06880088279498));
#2188=CARTESIAN_POINT('Origin',(22.4316501718703,81.7517517832787,-3.06880088279451));
#2189=CARTESIAN_POINT('',(-20.8334839284897,81.886277988183,-3.00607079675402));
#2190=CARTESIAN_POINT('Origin',(-22.4834839284897,81.8862779881841,-3.00607079675355));
#2191=CARTESIAN_POINT('Origin',(-35.8799964450397,48.5324993006697,57.6343772197811));
#2192=CARTESIAN_POINT('',(-47.8799964450321,77.7689623807687,-5.06393344406781));
#2193=CARTESIAN_POINT('',(-47.8799964444997,79.8292047259384,-9.48217348908));
#2194=CARTESIAN_POINT('',(-47.8799964444997,79.8292047259384,-9.48217348908));
#2195=CARTESIAN_POINT('',(-47.8799964444997,79.8292047259384,-9.48217348908));
#2196=CARTESIAN_POINT('',(-35.8799964099489,68.9534953445641,-14.553558545448));
#2197=CARTESIAN_POINT('Origin',(-35.8799964450397,79.8292046901011,-9.4821735051878));
#2198=CARTESIAN_POINT('',(-35.8799964150498,59.7833380760981,5.11206859678702));
#2199=CARTESIAN_POINT('',(-35.8799964150497,59.7833381651758,5.11206853940854));
#2200=CARTESIAN_POINT('',(-40.2631695906131,60.5475050871702,5.43525282833456));
#2201=CARTESIAN_POINT('Ctrl Pts',(-35.8799964150504,59.7833378393342,5.11206867256657));
#2202=CARTESIAN_POINT('Ctrl Pts',(-36.254089415592,59.7833384183119,5.11206742872245));
#2203=CARTESIAN_POINT('Ctrl Pts',(-36.6280272354817,59.7998070460119,5.11814830188706));
#2204=CARTESIAN_POINT('Ctrl Pts',(-37.3721229525683,59.8650093509339,5.14344835682514));
#2205=CARTESIAN_POINT('Ctrl Pts',(-37.7418537681906,59.9136857723951,5.16249248922069));
#2206=CARTESIAN_POINT('Ctrl Pts',(-38.4757212217597,60.0425700488546,5.2142944522415));
#2207=CARTESIAN_POINT('Ctrl Pts',(-38.8393790639415,60.1227362854767,5.24703688647344));
#2208=CARTESIAN_POINT('Ctrl Pts',(-39.558739795964,60.3131512637461,5.32849103925365));
#2209=CARTESIAN_POINT('Ctrl Pts',(-39.9140211779846,60.4233425631853,5.37735645272235));
#2210=CARTESIAN_POINT('Ctrl Pts',(-40.2631695995507,60.547505244728,5.4352524365401));
#2211=CARTESIAN_POINT('',(-47.8799964145503,70.6717475573289,10.1562175281271));
#2212=CARTESIAN_POINT('Ctrl Pts',(-40.2631695995539,60.5475048670365,5.43525324651179));
#2213=CARTESIAN_POINT('Ctrl Pts',(-40.3331025441627,60.572374135669,5.44684954164545));
#2214=CARTESIAN_POINT('Ctrl Pts',(-40.4027850518485,60.5978412246825,5.45872460649418));
#2215=CARTESIAN_POINT('Ctrl Pts',(-41.9504727208816,61.178854449053,5.72964588633657));
#2216=CARTESIAN_POINT('Ctrl Pts',(-43.2998461133651,62.0158510874844,6.11993539569363));
#2217=CARTESIAN_POINT('Ctrl Pts',(-45.4307080221042,63.9470725917034,7.02046539754625));
#2218=CARTESIAN_POINT('Ctrl Pts',(-46.3542283652552,65.1700223813796,7.5907304163302));
#2219=CARTESIAN_POINT('Ctrl Pts',(-47.5788725177145,67.849571306738,8.84021676379203));
#2220=CARTESIAN_POINT('Ctrl Pts',(-47.8799963270228,69.3061704424201,9.51943809246973));
#2221=CARTESIAN_POINT('Ctrl Pts',(-47.8799964450396,70.671746868332,10.1562167072588));
#2222=CARTESIAN_POINT('',(-47.8799964450397,72.608141700776,6.00357281795932));
#2223=CARTESIAN_POINT('',(-47.8799963330597,70.6717474180859,10.1562178267355));
#2224=CARTESIAN_POINT('Origin',(-35.8799964450397,72.608141700776,6.00357281795932));
#2225=CARTESIAN_POINT('Origin',(-47.8799964450397,62.3138051682821,4.41785453762476));
#2226=CARTESIAN_POINT('',(-47.8799928895171,86.9606292142711,-6.15676371718862));
#2227=CARTESIAN_POINT('',(-47.8799964444997,79.8292047259384,-9.48217348908));
#2228=CARTESIAN_POINT('',(-47.8799955303297,86.9606284988928,-6.1567621837188));
#2229=CARTESIAN_POINT('Origin',(-47.3799964450397,83.606224513788,-8.27262280719452));
#2230=CARTESIAN_POINT('',(-46.8799964443697,80.2518201539176,-10.3884825976522));
#2231=CARTESIAN_POINT('',(-46.8799933747532,87.3832442724704,-7.06307200412015));
#2232=CARTESIAN_POINT('',(-46.8799964443697,80.2518201539176,-10.3884825976522));
#2233=CARTESIAN_POINT('',(-46.8799964443697,80.2518201539176,-10.3884825976522));
#2234=CARTESIAN_POINT('',(-46.8799954867297,87.3832438933655,-7.06307125982613));
#2235=CARTESIAN_POINT('Origin',(0.013399418443527,59.4104565603312,5.96500040956459));
#2236=CARTESIAN_POINT('',(28.0427381176288,59.388763510104,5.9582429791937));
#2237=CARTESIAN_POINT('',(-28.0141731416511,59.3888304742314,5.95809937298343));
#2238=CARTESIAN_POINT('',(23.9474219685657,59.388768402074,5.9582324882443));
#2239=CARTESIAN_POINT('',(28.8715397156284,59.7865639790933,6.0836714208249));
#2240=CARTESIAN_POINT('Ctrl Pts',(28.8715397153153,59.7865639801137,6.08367142031099));
#2241=CARTESIAN_POINT('Ctrl Pts',(28.7078992658489,59.7209409062986,6.06298006389613));
#2242=CARTESIAN_POINT('Ctrl Pts',(28.5469795728959,59.649208962982,6.04036259632129));
#2243=CARTESIAN_POINT('Ctrl Pts',(28.3890754676698,59.5715171796711,6.01586600727523));
#2244=CARTESIAN_POINT('Ctrl Pts',(28.2719920190327,59.5139099255229,5.99770216586496));
#2245=CARTESIAN_POINT('Ctrl Pts',(28.1565665383679,59.4530259556147,5.97850518481583));
#2246=CARTESIAN_POINT('Ctrl Pts',(28.0427381176288,59.388763510104,5.9582429791937));
#2247=CARTESIAN_POINT('',(-28.8458431091204,59.7877843640704,6.08388660761682));
#2248=CARTESIAN_POINT('',(28.8715397157803,59.7865639787393,6.0836714209922));
#2249=CARTESIAN_POINT('Ctrl Pts',(-28.0141731416511,59.3888304742314,5.95809937298343));
#2250=CARTESIAN_POINT('Ctrl Pts',(-28.1268351525445,59.4524356438796,5.97815367479494));
#2251=CARTESIAN_POINT('Ctrl Pts',(-28.2415729683139,59.5130271738187,5.99725777355636));
#2252=CARTESIAN_POINT('Ctrl Pts',(-28.3585066885179,59.5706007953562,6.01541032300134));
#2253=CARTESIAN_POINT('Ctrl Pts',(-28.5174854827778,59.6488757781179,6.04008986298753));
#2254=CARTESIAN_POINT('Ctrl Pts',(-28.680523213937,59.721572421687,6.06301054745549));
#2255=CARTESIAN_POINT('Ctrl Pts',(-28.8458431088094,59.7877843650874,6.08388660710811));
#2256=CARTESIAN_POINT('Ctrl Pts',(29.2887277194203,59.3169972231744,4.85119850622669));
#2257=CARTESIAN_POINT('Ctrl Pts',(29.1622106394103,59.4994459300519,5.30606464367293));
#2258=CARTESIAN_POINT('Ctrl Pts',(29.0356935593903,59.6818946369295,5.76093078111917));
#2259=CARTESIAN_POINT('Ctrl Pts',(28.9091764793703,59.8643433438169,6.21579691856725));
#2260=CARTESIAN_POINT('Ctrl Pts',(29.2679460772503,59.3088564783109,4.84881089197892));
#2261=CARTESIAN_POINT('Ctrl Pts',(29.1402411389603,59.4908707361177,5.30347437923115));
#2262=CARTESIAN_POINT('Ctrl Pts',(29.0125362006703,59.6728849939147,5.75813786648164));
#2263=CARTESIAN_POINT('Ctrl Pts',(28.8848312623803,59.8548992517216,6.21280135373387));
#2264=CARTESIAN_POINT('Ctrl Pts',(29.1053160780503,59.2441019239823,4.82981892086417));
#2265=CARTESIAN_POINT('Ctrl Pts',(28.9683137771803,59.4226597431784,5.28287024038679));
#2266=CARTESIAN_POINT('Ctrl Pts',(28.8313114763003,59.6012175623648,5.73592155990728));
#2267=CARTESIAN_POINT('Ctrl Pts',(28.6943091754303,59.779775381561,6.18897287942942));
#2268=CARTESIAN_POINT('Ctrl Pts',(28.8066237310303,59.1097524075526,4.79041550696968));
#2269=CARTESIAN_POINT('Ctrl Pts',(28.6525256260503,59.2811306087278,5.24011932410456));
#2270=CARTESIAN_POINT('Ctrl Pts',(28.4984275210603,59.4525088098932,5.68982314123791));
#2271=CARTESIAN_POINT('Ctrl Pts',(28.3443294160703,59.6238870110586,6.13952695837126));
#2272=CARTESIAN_POINT('Ctrl Pts',(28.4047145744203,58.8907328307339,4.7261794517036));
#2273=CARTESIAN_POINT('Ctrl Pts',(28.2276220239003,59.0504096866885,5.17042705807523));
#2274=CARTESIAN_POINT('Ctrl Pts',(28.0505294733903,59.2100865426431,5.61467466444647));
#2275=CARTESIAN_POINT('Ctrl Pts',(27.8734369228703,59.3697633985977,6.05892227081772));
#2276=CARTESIAN_POINT('Ctrl Pts',(28.1280196428903,58.7109043793365,4.67343786595964));
#2277=CARTESIAN_POINT('Ctrl Pts',(27.9351048526103,58.860980517812,5.11320774983197));
#2278=CARTESIAN_POINT('Ctrl Pts',(27.7421900623303,59.0110566562876,5.55297763370392));
#2279=CARTESIAN_POINT('Ctrl Pts',(27.5492752720503,59.1611327947631,5.99274751757592));
#2280=CARTESIAN_POINT('Ctrl Pts',(27.9856634815903,58.6090582096681,4.64356767367967));
#2281=CARTESIAN_POINT('Ctrl Pts',(27.7845962712703,58.7536880888015,5.08079877384096));
#2282=CARTESIAN_POINT('Ctrl Pts',(27.5835290609503,58.8983179679445,5.51802987400416));
#2283=CARTESIAN_POINT('Ctrl Pts',(27.3824618506303,59.0429478470778,5.95526097416562));
#2284=CARTESIAN_POINT('Ctrl Pts',(27.9677713642603,58.5961026638875,4.63976797776841));
#2285=CARTESIAN_POINT('Ctrl Pts',(27.7656792781303,58.7400395823629,5.07667607660384));
#2286=CARTESIAN_POINT('Ctrl Pts',(27.5635871920003,58.8839765008482,5.51358417544091));
#2287=CARTESIAN_POINT('Ctrl Pts',(27.3614951058703,59.0279134193237,5.95049227427617));
#2288=CARTESIAN_POINT('',(29.0225801587677,59.5762393346073,5.55619648489285));
#2289=CARTESIAN_POINT('Ctrl Pts',(29.0225801584159,59.5762393349875,5.55619648407749));
#2290=CARTESIAN_POINT('Ctrl Pts',(28.6892205017431,59.52115293591,5.67433061519256));
#2291=CARTESIAN_POINT('Ctrl Pts',(28.3615518744693,59.4575491892157,5.8107304067421));
#2292=CARTESIAN_POINT('Ctrl Pts',(28.0427381167533,59.3887635099151,5.9582429795988));
#2293=CARTESIAN_POINT('',(29.1913091330303,59.341283313787,4.96694831295869));
#2294=CARTESIAN_POINT('Ctrl Pts',(31.5668630814503,59.7313760644973,4.98617063818838));
#2295=CARTESIAN_POINT('Ctrl Pts',(31.5706825495203,59.9195038208794,5.44661598136674));
#2296=CARTESIAN_POINT('Ctrl Pts',(31.5745020175903,60.1076315772615,5.9070613245446));
#2297=CARTESIAN_POINT('Ctrl Pts',(31.5783214856603,60.2957593336437,6.36750666772257));
#2298=CARTESIAN_POINT('Ctrl Pts',(31.5445949015403,59.7316197067985,4.9862596765132));
#2299=CARTESIAN_POINT('Ctrl Pts',(31.5471416114903,59.9197511347219,5.44670758353975));
#2300=CARTESIAN_POINT('Ctrl Pts',(31.5496883214303,60.1078825626356,5.90715549056446));
#2301=CARTESIAN_POINT('Ctrl Pts',(31.5522350313803,60.296013990559,6.36760339759091));
#2302=CARTESIAN_POINT('Ctrl Pts',(31.2633289127703,59.7331561550843,4.98681901838092));
#2303=CARTESIAN_POINT('Ctrl Pts',(31.2497951504003,59.9213109388469,5.44728320791922));
#2304=CARTESIAN_POINT('Ctrl Pts',(31.2362613880403,60.1094657225998,5.90774739745548));
#2305=CARTESIAN_POINT('Ctrl Pts',(31.2227276256703,60.2976205063527,6.36821158699166));
#2306=CARTESIAN_POINT('Ctrl Pts',(30.7210232793703,59.6988588384429,4.97430012602459));
#2307=CARTESIAN_POINT('Ctrl Pts',(30.6763787144603,59.8864973233123,5.43440269456645));
#2308=CARTESIAN_POINT('Ctrl Pts',(30.6317341495503,60.0741358081916,5.89450526311004));
#2309=CARTESIAN_POINT('Ctrl Pts',(30.5870895846403,60.2617742930609,6.354607831652));
#2310=CARTESIAN_POINT('Ctrl Pts',(29.9623709894103,59.5536291786868,4.92349015431408));
#2311=CARTESIAN_POINT('Ctrl Pts',(29.8739754020103,59.7389337598936,5.38194687501517));
#2312=CARTESIAN_POINT('Ctrl Pts',(29.7855798146003,59.9242383410905,5.84040359571433));
#2313=CARTESIAN_POINT('Ctrl Pts',(29.6971842271903,60.1095429222875,6.29886031641349));
#2314=CARTESIAN_POINT('Ctrl Pts',(29.4452724066303,59.3825436065327,4.86885802035484));
#2315=CARTESIAN_POINT('Ctrl Pts',(29.3278841216503,59.5655585751525,5.32536060109611));
#2316=CARTESIAN_POINT('Ctrl Pts',(29.2104958366703,59.7485735437821,5.78186318183913));
#2317=CARTESIAN_POINT('Ctrl Pts',(29.0931075516903,59.9315885124018,6.23836576258041));
#2318=CARTESIAN_POINT('Ctrl Pts',(29.1858751757003,59.2746434298603,4.83738897486824));
#2319=CARTESIAN_POINT('Ctrl Pts',(29.0530607404303,59.4559200513354,5.29247356932351));
#2320=CARTESIAN_POINT('Ctrl Pts',(28.9202463051503,59.6371966728204,5.74755816378062));
#2321=CARTESIAN_POINT('Ctrl Pts',(28.7874318698803,59.8184732943053,6.20264275823763));
#2322=CARTESIAN_POINT('Ctrl Pts',(29.1654148985003,59.265988214298,4.83488127098069));
#2323=CARTESIAN_POINT('Ctrl Pts',(29.0313773582303,59.4471236719594,5.28985106329934));
#2324=CARTESIAN_POINT('Ctrl Pts',(28.8973398179603,59.6282591296209,5.74482085561751));
#2325=CARTESIAN_POINT('Ctrl Pts',(28.7633022777003,59.8093945872823,6.19979064793577));
#2326=CARTESIAN_POINT('',(31.5000325631901,59.7832258193381,5.11230933009799));
#2327=CARTESIAN_POINT('Ctrl Pts',(31.5000325631894,59.7832255848108,5.11230940514156));
#2328=CARTESIAN_POINT('Ctrl Pts',(31.1862961495706,59.7832261834829,5.11230812127456));
#2329=CARTESIAN_POINT('Ctrl Pts',(30.8742164841806,59.7725433204426,5.13521778253783));
#2330=CARTESIAN_POINT('Ctrl Pts',(30.2807762571888,59.7337155944922,5.21848479118495));
#2331=CARTESIAN_POINT('Ctrl Pts',(30.0015719254729,59.7071399654945,5.27547687803492));
#2332=CARTESIAN_POINT('Ctrl Pts',(29.4887368040908,59.6459408293616,5.40671992338036));
#2333=CARTESIAN_POINT('Ctrl Pts',(29.2537526244537,59.6128870099985,5.47760464802895));
#2334=CARTESIAN_POINT('Ctrl Pts',(29.0225801589241,59.5762393344311,5.5561964852709));
#2335=CARTESIAN_POINT('',(31.5000293067133,60.2446568876027,6.24164608603924));
#2336=CARTESIAN_POINT('',(31.5000325631903,59.7832259075743,5.11230927326988));
#2337=CARTESIAN_POINT('Ctrl Pts',(31.5000293067146,60.2446571793093,6.24164597501664));
#2338=CARTESIAN_POINT('Ctrl Pts',(31.2753150144353,60.2446579246489,6.24164531089493));
#2339=CARTESIAN_POINT('Ctrl Pts',(31.0502367415064,60.2350411251865,6.23802076965866));
#2340=CARTESIAN_POINT('Ctrl Pts',(30.6039584314474,60.1969689423699,6.22389127788605));
#2341=CARTESIAN_POINT('Ctrl Pts',(30.3816736273391,60.1685309000302,6.21339127261863));
#2342=CARTESIAN_POINT('Ctrl Pts',(29.9410675584337,60.0922881087817,6.18596297333001));
#2343=CARTESIAN_POINT('Ctrl Pts',(29.7233830035635,60.0446520065534,6.16909736641161));
#2344=CARTESIAN_POINT('Ctrl Pts',(29.2931412984469,59.9302400620523,6.13007589935934));
#2345=CARTESIAN_POINT('Ctrl Pts',(29.0803458252359,59.8632921318402,6.10786432852718));
#2346=CARTESIAN_POINT('Ctrl Pts',(28.871539715727,59.7865639787694,6.08367142100128));
#2347=CARTESIAN_POINT('Origin',(0.016393210887204,84.6969680141211,-8.3156930764378));
#2348=CARTESIAN_POINT('',(27.8944811383733,69.376110764327,-15.4598676575382));
#2349=CARTESIAN_POINT('',(23.9489225892238,69.3761107643258,-15.4598676575358));
#2350=CARTESIAN_POINT('',(-35.8799964031697,70.2824198767312,-15.0372522376124));
#2351=CARTESIAN_POINT('',(-31.4713372740097,70.2824199605414,-15.0372519955667));
#2352=CARTESIAN_POINT('Origin',(-35.8799964450397,80.2518201101106,-10.3884826173383));
#2353=CARTESIAN_POINT('',(-35.8804847569125,97.3526473776157,-2.41430135728212));
#2354=CARTESIAN_POINT('Origin',(-35.8799906976397,87.3832495466527,-7.06306968014419));
#2355=CARTESIAN_POINT('',(35.8809636076662,97.3555347059081,-2.41295471500075));
#2356=CARTESIAN_POINT('',(-35.8804847568197,97.3526458340169,-2.41430295774868));
#2357=CARTESIAN_POINT('',(46.8814492125705,87.3861317146454,-7.06172563295708));
#2358=CARTESIAN_POINT('Origin',(35.8814462194703,87.3861369985637,-7.06172325022588));
#2359=CARTESIAN_POINT('',(46.8814519673686,80.2518201481423,-10.3884825998168));
#2360=CARTESIAN_POINT('',(46.8814510088403,87.3861313411615,-7.06172483202454));
#2361=CARTESIAN_POINT('',(35.8814519195403,70.2824198773583,-15.037252237842));
#2362=CARTESIAN_POINT('Origin',(35.8814519675603,80.2518201101106,-10.3884826173383));
#2363=CARTESIAN_POINT('',(31.5000325244582,70.2824198746549,-15.0372522368572));
#2364=CARTESIAN_POINT('',(35.8814519195403,70.2824198773583,-15.037252237842));
#2365=CARTESIAN_POINT('Origin',(31.5000324138403,63.9382560914343,-17.9955601776356));
#2366=CARTESIAN_POINT('',(-18.5834839284845,84.4219705082847,-8.44392546964718));
#2367=CARTESIAN_POINT('Origin',(-22.4834839284897,84.4219705082805,-8.4439254696495));
#2368=CARTESIAN_POINT('',(26.3316501718694,84.2874443033786,-8.50665555569245));
#2369=CARTESIAN_POINT('Origin',(22.4316501718703,84.2874443033751,-8.50665555569046));
#2370=CARTESIAN_POINT('Origin',(-35.8799964450397,80.0405124004843,-9.93532806208481));
#2371=CARTESIAN_POINT('',(-35.8799964014697,70.2824198769888,-15.0372522377041));
#2372=CARTESIAN_POINT('Origin',(-33.6756668032197,69.617957610395,-14.7954053914551));
#2373=CARTESIAN_POINT('',(-31.4713372337497,68.9534952889436,-14.5535586904182));
#2374=CARTESIAN_POINT('Origin',(33.6907421907003,69.617957610395,-14.7954053914551));
#2375=CARTESIAN_POINT('',(35.8814519282703,68.9534953450367,-14.5535585456483));
#2376=CARTESIAN_POINT('',(35.8814519195403,70.2824198773583,-15.037252237842));
#2377=CARTESIAN_POINT('',(31.5000324850785,68.9534953428886,-14.5535585450285));
#2378=CARTESIAN_POINT('',(35.8814519282703,68.9534953450367,-14.5535585456483));
#2379=CARTESIAN_POINT('',(31.5000325264103,70.2824198728332,-15.0372522361928));
#2380=CARTESIAN_POINT('Origin',(31.5000324138403,63.7269483795414,-17.542405617532));
#2381=CARTESIAN_POINT('Ctrl Pts',(27.8944811383744,69.3761107643278,-15.4598676575401));
#2382=CARTESIAN_POINT('Ctrl Pts',(29.8359318635227,68.9534953359613,-14.5535585274838));
#2383=CARTESIAN_POINT('Ctrl Pts',(31.5000324850786,68.9534953443113,-14.5535585453906));
#2384=CARTESIAN_POINT('Ctrl Pts',(-30.1440135984846,57.9074283997293,1.42075009106304));
#2385=CARTESIAN_POINT('Ctrl Pts',(-29.8090940633496,58.3606427136275,2.55884529932328));
#2386=CARTESIAN_POINT('Ctrl Pts',(-29.4741745282147,58.8138570275256,3.69694050758352));
#2387=CARTESIAN_POINT('Ctrl Pts',(-29.1392549930797,59.2670713414237,4.83503571584377));
#2388=CARTESIAN_POINT('Ctrl Pts',(-29.0053600023397,59.4482585222138,5.29002633712785));
#2389=CARTESIAN_POINT('Ctrl Pts',(-28.8714650115897,59.6294457030038,5.74501695841222));
#2390=CARTESIAN_POINT('Ctrl Pts',(-28.7375700208397,59.8106328837938,6.2000075796965));
#2391=CARTESIAN_POINT('Ctrl Pts',(-30.1553114094849,57.9150238368885,1.42239630465394));
#2392=CARTESIAN_POINT('Ctrl Pts',(-29.8234544962798,58.3685910848634,2.56077857361513));
#2393=CARTESIAN_POINT('Ctrl Pts',(-29.4915975830747,58.8221583328383,3.69916084257632));
#2394=CARTESIAN_POINT('Ctrl Pts',(-29.1597406698697,59.2757255808132,4.83754311153751));
#2395=CARTESIAN_POINT('Ctrl Pts',(-29.0270700619797,59.4570538584936,5.29264849468484));
#2396=CARTESIAN_POINT('Ctrl Pts',(-28.8943994540897,59.6383821361641,5.74775387783084));
#2397=CARTESIAN_POINT('Ctrl Pts',(-28.7617288461997,59.8197104138445,6.20285926097848));
#2398=CARTESIAN_POINT('Ctrl Pts',(-30.2983223824779,58.0093318897685,1.44310486479551));
#2399=CARTESIAN_POINT('Ctrl Pts',(-30.0048699726551,58.4672204497,2.58501256917463));
#2400=CARTESIAN_POINT('Ctrl Pts',(-29.7114175628324,58.9251090096315,3.72692027355375));
#2401=CARTESIAN_POINT('Ctrl Pts',(-29.4179651530097,59.382997569563,4.86882797793288));
#2402=CARTESIAN_POINT('Ctrl Pts',(-29.3006479959797,59.5660534324205,5.32534276869346));
#2403=CARTESIAN_POINT('Ctrl Pts',(-29.1833308389497,59.749109295278,5.78185755945412));
#2404=CARTESIAN_POINT('Ctrl Pts',(-29.0660136819197,59.9321651581355,6.23837235021489));
#2405=CARTESIAN_POINT('Ctrl Pts',(-30.595899229362,58.162253318136,1.48276983658627));
#2406=CARTESIAN_POINT('Ctrl Pts',(-30.3745070637079,58.625836736609,2.62953831646233));
#2407=CARTESIAN_POINT('Ctrl Pts',(-30.1531148980538,59.089420155082,3.77630679633839));
#2408=CARTESIAN_POINT('Ctrl Pts',(-29.9317227323997,59.5530035735551,4.92307527621446));
#2409=CARTESIAN_POINT('Ctrl Pts',(-29.8432140045997,59.7383361415662,5.38153332026986));
#2410=CARTESIAN_POINT('Ctrl Pts',(-29.7547052767897,59.9236687095774,5.83999136432516));
#2411=CARTESIAN_POINT('Ctrl Pts',(-29.6661965489897,60.1090012775886,6.29844940838036));
#2412=CARTESIAN_POINT('Ctrl Pts',(-31.0256586076119,58.290331624865,1.52127554815336));
#2413=CARTESIAN_POINT('Ctrl Pts',(-30.9135418989245,58.7597661907785,2.67217445484224));
#2414=CARTESIAN_POINT('Ctrl Pts',(-30.8014251902371,59.229200756692,3.82307336153111));
#2415=CARTESIAN_POINT('Ctrl Pts',(-30.6893084815497,59.6986353226054,4.97397226821999));
#2416=CARTESIAN_POINT('Ctrl Pts',(-30.6444861761997,59.886307077347,5.43408158490011));
#2417=CARTESIAN_POINT('Ctrl Pts',(-30.5996638708497,60.0739788320788,5.89419090157829));
#2418=CARTESIAN_POINT('Ctrl Pts',(-30.5548415654897,60.2616505868204,6.35430021825821));
#2419=CARTESIAN_POINT('Ctrl Pts',(-31.335841998852,58.3210354700824,1.53116289941521));
#2420=CARTESIAN_POINT('Ctrl Pts',(-31.3018850260945,58.791777062144,2.68297595776838));
#2421=CARTESIAN_POINT('Ctrl Pts',(-31.2679280533371,59.2625186542056,3.83478901612156));
#2422=CARTESIAN_POINT('Ctrl Pts',(-31.2339710805797,59.7332602462672,4.98660207447474));
#2423=CARTESIAN_POINT('Ctrl Pts',(-31.2203956749197,59.9214545272745,5.44707685305178));
#2424=CARTESIAN_POINT('Ctrl Pts',(-31.2068202692497,60.1096488082817,5.90755163162892));
#2425=CARTESIAN_POINT('Ctrl Pts',(-31.1932448635897,60.297843089289,6.36802641020616));
#2426=CARTESIAN_POINT('Ctrl Pts',(-31.4968687260052,58.3196642560658,1.53072082458082));
#2427=CARTESIAN_POINT('Ctrl Pts',(-31.5032402745033,58.7903482394527,2.68249310669734));
#2428=CARTESIAN_POINT('Ctrl Pts',(-31.5096118230015,59.2610322228396,3.83426538881386));
#2429=CARTESIAN_POINT('Ctrl Pts',(-31.5159833714997,59.7317162062265,4.98603767093038));
#2430=CARTESIAN_POINT('Ctrl Pts',(-31.5185306054997,59.9198874562901,5.44649614787895));
#2431=CARTESIAN_POINT('Ctrl Pts',(-31.5210778394897,60.1080587063536,5.90695462482772));
#2432=CARTESIAN_POINT('Ctrl Pts',(-31.5236250734897,60.2962299564073,6.36741310177484));
#2433=CARTESIAN_POINT('Ctrl Pts',(-31.5095733618809,58.3194474624155,1.53065068093583));
#2434=CARTESIAN_POINT('Ctrl Pts',(-31.5191251639272,58.7901223243174,2.6824165458836));
#2435=CARTESIAN_POINT('Ctrl Pts',(-31.5286769659734,59.2607971862194,3.83418241083137));
#2436=CARTESIAN_POINT('Ctrl Pts',(-31.5382287680197,59.7314720481214,4.98594827577914));
#2437=CARTESIAN_POINT('Ctrl Pts',(-31.5420474119397,59.9196396515743,5.44640418725553));
#2438=CARTESIAN_POINT('Ctrl Pts',(-31.5458660558697,60.1078072550272,5.90686009873212));
#2439=CARTESIAN_POINT('Ctrl Pts',(-31.5496846997897,60.29597485848,6.36731601020881));
#2440=CARTESIAN_POINT('',(-31.4714578862678,59.7833302610571,5.11208449861805));
#2441=CARTESIAN_POINT('',(-28.9971277708628,59.5768238559126,5.55494296464705));
#2442=CARTESIAN_POINT('Ctrl Pts',(-31.4714578777243,59.783330497315,5.11208441770833));
#2443=CARTESIAN_POINT('Ctrl Pts',(-31.0690963717111,59.7833298693347,5.11208576442757));
#2444=CARTESIAN_POINT('Ctrl Pts',(-30.6708435824482,59.7658856434702,5.1494953337588));
#2445=CARTESIAN_POINT('Ctrl Pts',(-29.8394288746149,59.6968060405022,5.29763823311437));
#2446=CARTESIAN_POINT('Ctrl Pts',(-29.4110451303563,59.6423786644052,5.41435907331692));
#2447=CARTESIAN_POINT('Ctrl Pts',(-28.9971278291399,59.5768238646796,5.55494294584603));
#2448=CARTESIAN_POINT('Ctrl Pts',(-28.9971277708628,59.5768238559126,5.55494296464705));
#2449=CARTESIAN_POINT('Ctrl Pts',(-28.9466995501775,59.6471440256383,5.7312575121365));
#2450=CARTESIAN_POINT('Ctrl Pts',(-28.8962713294922,59.7174641953641,5.90757205962595));
#2451=CARTESIAN_POINT('Ctrl Pts',(-28.8458431088078,59.7877843650905,6.08388660711551));
#2452=CARTESIAN_POINT('',(-31.4714611620755,60.2448650218468,6.24145934931899));
#2453=CARTESIAN_POINT('Ctrl Pts',(-28.8458431092201,59.7877843637442,6.08388660778964));
#2454=CARTESIAN_POINT('Ctrl Pts',(-29.0536019124353,59.8640308477937,6.107926421603));
#2455=CARTESIAN_POINT('Ctrl Pts',(-29.2650481733203,59.9305400842847,6.12998344638946));
#2456=CARTESIAN_POINT('Ctrl Pts',(-29.6933757957009,60.0444758362619,6.16882137485109));
#2457=CARTESIAN_POINT('Ctrl Pts',(-29.9104311023978,60.0920305164209,6.18564625367401));
#2458=CARTESIAN_POINT('Ctrl Pts',(-30.3505112177658,60.1683652291615,6.21308841219436));
#2459=CARTESIAN_POINT('Ctrl Pts',(-30.5728198495925,60.196882401103,6.22361067779081));
#2460=CARTESIAN_POINT('Ctrl Pts',(-31.0200719197487,60.2351551841693,6.23780427751352));
#2461=CARTESIAN_POINT('Ctrl Pts',(-31.2460853268466,60.2448639921265,6.24146012932196));
#2462=CARTESIAN_POINT('Ctrl Pts',(-31.4714611620768,60.2448647302523,6.24145946032373));
#2463=CARTESIAN_POINT('',(-31.4714578862697,59.7833301702901,5.11208455135595));
#2464=CARTESIAN_POINT('Origin',(-33.6757287238097,60.0141030789224,5.67676474052421));
#2465=CARTESIAN_POINT('',(-31.4714578862697,59.7833301702901,5.11208455135595));
#2466=CARTESIAN_POINT('',(-35.8799996718057,60.2448789654965,6.24144651948294));
#2467=CARTESIAN_POINT('',(-31.4714611620697,60.244865163358,6.24145928332953));
#2468=CARTESIAN_POINT('',(-35.8799964150497,59.7833381651758,5.11206853940854));
#2469=CARTESIAN_POINT('Ctrl Pts',(-35.8060919017197,59.7300975476332,4.98134460309165));
#2470=CARTESIAN_POINT('Ctrl Pts',(-35.8081868184697,59.9195693726172,5.44500233955694));
#2471=CARTESIAN_POINT('Ctrl Pts',(-35.8102817352097,60.1090411975914,5.90866007602048));
#2472=CARTESIAN_POINT('Ctrl Pts',(-35.8123766519497,60.2985130225656,6.37231781248403));
#2473=CARTESIAN_POINT('Ctrl Pts',(-35.8307226050997,59.7299535301318,4.98129029179332));
#2474=CARTESIAN_POINT('Ctrl Pts',(-35.8321196213597,59.9194338637069,5.44495155408589));
#2475=CARTESIAN_POINT('Ctrl Pts',(-35.8335166376197,60.1089141972918,5.90861281638048));
#2476=CARTESIAN_POINT('Ctrl Pts',(-35.8349136538797,60.298394530867,6.37227407867334));
#2477=CARTESIAN_POINT('Ctrl Pts',(-36.3575830010097,59.7284153507788,4.98070819108198));
#2478=CARTESIAN_POINT('Ctrl Pts',(-36.3440549929997,59.9179867085688,5.44440719841545));
#2479=CARTESIAN_POINT('Ctrl Pts',(-36.3305269849897,60.1075580663588,5.90810620574863));
#2480=CARTESIAN_POINT('Ctrl Pts',(-36.3169989769797,60.2971294241488,6.37180521308171));
#2481=CARTESIAN_POINT('Ctrl Pts',(-37.3897466548197,59.7896957660509,5.00381345504854));
#2482=CARTESIAN_POINT('Ctrl Pts',(-37.3471170723897,59.9756561253133,5.46601455680364));
#2483=CARTESIAN_POINT('Ctrl Pts',(-37.3044874899597,60.1616164845856,5.92821565856038));
#2484=CARTESIAN_POINT('Ctrl Pts',(-37.2618579075297,60.3475768438579,6.39041676031722));
#2485=CARTESIAN_POINT('Ctrl Pts',(-38.8658098547597,60.0517796273191,5.10742965226664));
#2486=CARTESIAN_POINT('Ctrl Pts',(-38.7818545718097,60.2224657096961,5.56314068573098));
#2487=CARTESIAN_POINT('Ctrl Pts',(-38.6978992888597,60.3931517920634,6.01885171919358));
#2488=CARTESIAN_POINT('Ctrl Pts',(-38.6139440058997,60.5638378744404,6.47456275265782));
#2489=CARTESIAN_POINT('Ctrl Pts',(-39.8535353373097,60.3459391915986,5.23482956600065));
#2490=CARTESIAN_POINT('Ctrl Pts',(-39.7408737912097,60.4989730582164,5.68264146392063));
#2491=CARTESIAN_POINT('Ctrl Pts',(-39.6282122450997,60.6520069248342,6.1304533618405));
#2492=CARTESIAN_POINT('Ctrl Pts',(-39.5155506989997,60.805040791452,6.57826525976038));
#2493=CARTESIAN_POINT('Ctrl Pts',(-40.3442857796397,60.5235391866332,5.31788835434369));
#2494=CARTESIAN_POINT('Ctrl Pts',(-40.2184308312997,60.6662319561728,5.76086978548854));
#2495=CARTESIAN_POINT('Ctrl Pts',(-40.0925758829597,60.8089247257223,6.20385121663515));
#2496=CARTESIAN_POINT('Ctrl Pts',(-39.9667209346197,60.9516174952619,6.64683264778001));
#2497=CARTESIAN_POINT('Ctrl Pts',(-40.3672156924497,60.5319082989983,5.32181424643274));
#2498=CARTESIAN_POINT('Ctrl Pts',(-40.2407468539097,60.6741143924392,5.76456793983094));
#2499=CARTESIAN_POINT('Ctrl Pts',(-40.1142780153597,60.81632048588,6.20732163322912));
#2500=CARTESIAN_POINT('Ctrl Pts',(-39.9878091768197,60.958526579311,6.65007532662559));
#2501=CARTESIAN_POINT('',(-39.9596312261622,60.8974224585654,6.51535128451719));
#2502=CARTESIAN_POINT('Ctrl Pts',(-35.8799996718044,60.2448792580708,6.24144640810563));
#2503=CARTESIAN_POINT('Ctrl Pts',(-36.2275833848607,60.2448804024385,6.24144537866361));
#2504=CARTESIAN_POINT('Ctrl Pts',(-36.576531200143,60.2590430168823,6.24671271055798));
#2505=CARTESIAN_POINT('Ctrl Pts',(-37.2689693867815,60.3147154636954,6.26788676630666));
#2506=CARTESIAN_POINT('Ctrl Pts',(-37.612539324441,60.3562195587407,6.28378977317908));
#2507=CARTESIAN_POINT('Ctrl Pts',(-38.2953814613984,60.4663286916601,6.3275304393277));
#2508=CARTESIAN_POINT('Ctrl Pts',(-38.6334737466358,60.5346888771318,6.35527007816461));
#2509=CARTESIAN_POINT('Ctrl Pts',(-39.3026694218253,60.6971757383488,6.42443823615274));
#2510=CARTESIAN_POINT('Ctrl Pts',(-39.6341479796801,60.7913609181956,6.4658959820567));
#2511=CARTESIAN_POINT('Ctrl Pts',(-39.9596311102136,60.8974227468155,6.51535142943558));
#2512=CARTESIAN_POINT('',(-40.2631696528797,60.547505056575,5.43525251484045));
#2513=CARTESIAN_POINT('Origin',(-35.8799981134597,70.4961166161782,10.5328569985668));
#2514=CARTESIAN_POINT('',(-47.0489776976131,70.3205418782757,10.9093805555207));
#2515=CARTESIAN_POINT('Origin',(-35.8800004224197,70.3205147536096,10.9094364082076));
#2516=CARTESIAN_POINT('',(-47.8799963330597,70.6717474180859,10.1562178267355));
#2517=CARTESIAN_POINT('Origin',(-47.4644872404197,74.0618207049335,12.1955013137305));
#2518=CARTESIAN_POINT('',(-47.8799926454246,77.8031002943484,13.4816204354003));
#2519=CARTESIAN_POINT('',(-47.8799963330597,70.6717474180859,10.1562178267355));
#2520=CARTESIAN_POINT('',(-47.0489725102298,77.4518941458736,14.2347845058936));
#2521=CARTESIAN_POINT('',(-47.0489779286497,70.3205419157266,10.9093804752078));
#2522=CARTESIAN_POINT('',(-47.8799948630397,77.8031002067721,13.4816206224634));
#2523=CARTESIAN_POINT('Origin',(-47.8799964450397,62.3138051682821,4.41785453762476));
#2524=CARTESIAN_POINT('',(-47.8799964450397,79.7395173782871,9.3289606871136));
#2525=CARTESIAN_POINT('',(-47.8799948630397,77.8031002067721,13.4816206224634));
#2526=CARTESIAN_POINT('',(-47.8799964450397,72.608141700776,6.00357281795932));
#2527=CARTESIAN_POINT('Origin',(-47.8799964450397,85.6298645683177,12.0756522059211));
#2528=CARTESIAN_POINT('',(-40.4851379723897,85.6298645683177,12.0756522059211));
#2529=CARTESIAN_POINT('',(-40.4851379723899,89.7824967468363,14.0120405409027));
#2530=CARTESIAN_POINT('',(-40.4851379723897,85.6298645683177,12.0756522059211));
#2531=CARTESIAN_POINT('Origin',(-32.8669461708697,76.2957324303376,7.72311053873198));
#2532=CARTESIAN_POINT('Origin',(-35.8799964450397,79.739517378287,9.32896068711452));
#2533=CARTESIAN_POINT('Origin',(-40.4851379723897,85.6298645683177,12.0756522059211));
#2534=CARTESIAN_POINT('',(-40.4851379723897,85.6298645683177,12.0756522059211));
#2535=CARTESIAN_POINT('',(-40.4851379723897,89.7824922575609,14.0120501681564));
#2536=CARTESIAN_POINT('Origin',(22.4316501718703,83.0195980433269,-5.78772821924249));
#2537=CARTESIAN_POINT('',(24.0816501718703,83.0195980433269,-5.78772821924249));
#2538=CARTESIAN_POINT('',(24.0816501718703,83.0195980433269,-5.78772821924249));
#2539=CARTESIAN_POINT('Origin',(22.4316501718703,83.0195980433269,-5.78772821924249));
#2540=CARTESIAN_POINT('Origin',(0.014937686570335,32.7622085767567,-29.2229419599196));
#2541=CARTESIAN_POINT('',(25.3316501718703,83.0195980433259,-5.78772821924296));
#2542=CARTESIAN_POINT('Origin',(22.4316501718703,83.0195980433269,-5.78772821924249));
#2543=CARTESIAN_POINT('Origin',(0.014937686570335,32.7622085767567,-29.2229419599196));
#2544=CARTESIAN_POINT('',(-19.5834839284897,83.1541242482312,-5.72499813320199));
#2545=CARTESIAN_POINT('Origin',(-22.4834839284897,83.1541242482323,-5.72499813320152));
#2546=CARTESIAN_POINT('',(-20.8334839284897,83.1541242482323,-5.72499813320152));
#2547=CARTESIAN_POINT('Origin',(-22.4834839284897,83.1541242482323,-5.72499813320152));
#2548=CARTESIAN_POINT('Origin',(22.4316501718703,84.2874443033751,-8.50665555569046));
#2549=CARTESIAN_POINT('',(25.3316501718703,83.8648288833594,-7.60034644354286));
#2550=CARTESIAN_POINT('',(25.3316501718703,84.2874443033751,-8.50665555569046));
#2551=CARTESIAN_POINT('Origin',(22.4316501718703,83.8648288833656,-7.60034644353998));
#2552=CARTESIAN_POINT('Origin',(22.4316501718703,84.0761365898931,-8.05350099216079));
#2553=CARTESIAN_POINT('',(25.8316501636413,84.0761365898931,-8.05350099216079));
#2554=CARTESIAN_POINT('Origin',(-22.4834839284897,84.4219705082805,-8.4439254696495));
#2555=CARTESIAN_POINT('',(-19.5834839284897,83.9993550882637,-7.53761635749955));
#2556=CARTESIAN_POINT('',(-19.5834839284897,84.4219705082805,-8.4439254696495));
#2557=CARTESIAN_POINT('Origin',(-22.4834839284897,83.9993550882611,-7.53761635750075));
#2558=CARTESIAN_POINT('Origin',(-22.4834839284897,84.2106627947967,-7.99077090610998));
#2559=CARTESIAN_POINT('',(-19.0834839367187,84.2106627947967,-7.99077090610998));
#2560=CARTESIAN_POINT('Origin',(-22.4834839284897,83.1541242482323,-5.72499813320152));
#2561=CARTESIAN_POINT('',(-20.8334839284897,83.1541242482323,-5.72499813320152));
#2562=CARTESIAN_POINT('Origin',(-35.8799964450397,56.5547234419419,59.0489117811781));
#2563=CARTESIAN_POINT('',(-35.8805291628539,88.6787642615123,18.5531030459691));
#2564=CARTESIAN_POINT('Ctrl Pts',(-47.8799964450397,77.8031048860874,13.4816105884065));
#2565=CARTESIAN_POINT('Ctrl Pts',(-47.8799964450397,77.8031080229327,13.4816120511448));
#2566=CARTESIAN_POINT('Ctrl Pts',(-47.8799964450382,77.8031111597775,13.4816135138828));
#2567=CARTESIAN_POINT('Ctrl Pts',(-47.8799964450352,77.8031142966219,13.4816149766207));
#2568=CARTESIAN_POINT('Ctrl Pts',(-47.8799951462154,79.1686907465458,14.1183951659258));
#2569=CARTESIAN_POINT('Ctrl Pts',(-47.5788698049503,80.6252881205401,14.797621337399));
#2570=CARTESIAN_POINT('Ctrl Pts',(-46.3542223088477,83.3048297248444,16.0471235930419));
#2571=CARTESIAN_POINT('Ctrl Pts',(-45.4307001540104,84.5277739551549,16.617399677211));
#2572=CARTESIAN_POINT('Ctrl Pts',(-43.2998358107984,86.45898163743,17.5179537271835));
#2573=CARTESIAN_POINT('Ctrl Pts',(-41.9504620069454,87.2959694262899,17.9082579780798));
#2574=CARTESIAN_POINT('Ctrl Pts',(-38.9940877875173,88.4057952902189,18.4258003806308));
#2575=CARTESIAN_POINT('Ctrl Pts',(-37.3871183426153,88.6787049040761,18.5530718912254));
#2576=CARTESIAN_POINT('Ctrl Pts',(-35.8805291628921,88.6787614329715,18.5531089214946));
#2577=CARTESIAN_POINT('',(-35.8805291618709,97.8363386780721,-1.08537828705102));
#2578=CARTESIAN_POINT('',(-35.8805291618997,97.8363381425023,-1.08537556339481));
#2579=CARTESIAN_POINT('Ctrl Pts',(-47.8799964450397,86.9606258260257,-6.15675636744462));
#2580=CARTESIAN_POINT('Ctrl Pts',(-47.8799964494737,88.3262044766516,-5.51998259393994));
#2581=CARTESIAN_POINT('Ctrl Pts',(-47.5788727734031,89.7828053555315,-4.84076501800068));
#2582=CARTESIAN_POINT('Ctrl Pts',(-46.3542288969434,92.4623560891908,-3.59128242874277));
#2583=CARTESIAN_POINT('Ctrl Pts',(-45.4307086921202,93.6853059439704,-3.02101741542429));
#2584=CARTESIAN_POINT('Ctrl Pts',(-43.2998469464224,95.6165262234734,-2.12048423371035));
#2585=CARTESIAN_POINT('Ctrl Pts',(-41.9504735612255,96.4535214604261,-1.73019134107572));
#2586=CARTESIAN_POINT('Ctrl Pts',(-38.994095921184,97.5633628095952,-1.21267026668392));
#2587=CARTESIAN_POINT('Ctrl Pts',(-37.3871220471972,97.8362790980617,-1.08540936149697));
#2588=CARTESIAN_POINT('Ctrl Pts',(-35.8805291618616,97.8363400190498,-1.08538175001791));
#2589=CARTESIAN_POINT('Origin',(-35.8799906976397,87.1719411191807,-6.60991358545584));
#2590=CARTESIAN_POINT('',(-35.8804847568197,97.3526458340169,-2.41430295774868));
#2591=CARTESIAN_POINT('Origin',(0.000217203317075009,97.5959344703648,-1.74916559208989));
#2592=CARTESIAN_POINT('',(35.8809191758984,97.8392261461381,-1.08403184300954));
#2593=CARTESIAN_POINT('',(-35.8805291618997,97.8363381425023,-1.08537556339481));
#2594=CARTESIAN_POINT('',(35.8809635641403,97.3555332860588,-2.41295652759404));
#2595=CARTESIAN_POINT('Origin',(35.8814462194703,87.1748285708617,-6.6085671550399));
#2596=CARTESIAN_POINT('',(47.8814519210392,86.9635148352511,-6.1554133704701));
#2597=CARTESIAN_POINT('Ctrl Pts',(35.8809191759121,97.8392274710958,-1.08403532078465));
#2598=CARTESIAN_POINT('Ctrl Pts',(35.8810948584633,97.8392274781296,-1.08403531741191));
#2599=CARTESIAN_POINT('Ctrl Pts',(35.8812705396495,97.8392274816668,-1.08403531566964));
#2600=CARTESIAN_POINT('Ctrl Pts',(37.3881926112501,97.8392278308083,-1.08403435641804));
#2601=CARTESIAN_POINT('Ctrl Pts',(38.995370828215,97.566317157879,-1.21129264284721));
#2602=CARTESIAN_POINT('Ctrl Pts',(41.9519226630763,96.4564122300325,-1.72884336388512));
#2603=CARTESIAN_POINT('Ctrl Pts',(43.3012962809728,95.6194179751152,-2.11913579849362));
#2604=CARTESIAN_POINT('Ctrl Pts',(45.4321594701443,93.6881990037341,-3.01966837005764));
#2605=CARTESIAN_POINT('Ctrl Pts',(46.3556807585802,92.4652493597889,-3.58993328498367));
#2606=CARTESIAN_POINT('Ctrl Pts',(47.58032664643,89.7856986072013,-4.839415882944));
#2607=CARTESIAN_POINT('Ctrl Pts',(47.881451245844,88.329097498559,-5.51863356597817));
#2608=CARTESIAN_POINT('Ctrl Pts',(47.881451967559,86.9635184868412,-6.15540750783784));
#2609=CARTESIAN_POINT('',(46.8814510088403,87.3861313411615,-7.06172483202454));
#2610=CARTESIAN_POINT('Origin',(47.3814519675603,83.607668239665,-8.27194959227968));
#2611=CARTESIAN_POINT('',(47.881451967354,79.8292047219749,-9.48217349050827));
#2612=CARTESIAN_POINT('',(47.8814510525203,86.9635159474152,-6.15541575554541));
#2613=CARTESIAN_POINT('',(46.8814519671703,80.2518201497668,-10.3884825992777));
#2614=CARTESIAN_POINT('Origin',(35.8814519675603,80.0405124004843,-9.93532806208481));
#2615=CARTESIAN_POINT('Origin',(35.8814519675603,79.8292046901011,-9.4821735051878));
#2616=CARTESIAN_POINT('Origin',(35.8814519675603,48.5324993006697,57.6343772197811));
#2617=CARTESIAN_POINT('',(47.8814525597043,70.6715310485308,10.1566818395397));
#2618=CARTESIAN_POINT('',(47.8814519672403,79.8292047225477,-9.48217349040898));
#2619=CARTESIAN_POINT('',(40.2600841523825,60.5457057375673,5.43489830124492));
#2620=CARTESIAN_POINT('Ctrl Pts',(47.8814519675562,70.6715313809685,10.1567046266478));
#2621=CARTESIAN_POINT('Ctrl Pts',(47.8814519716415,69.3059558469128,9.51992491705953));
#2622=CARTESIAN_POINT('Ctrl Pts',(47.5803310068029,67.849358886359,8.840699092759));
#2623=CARTESIAN_POINT('Ctrl Pts',(46.3556900572718,65.16981663823,7.59119703960651));
#2624=CARTESIAN_POINT('Ctrl Pts',(45.4321713196199,63.9468713506523,7.02092081076061));
#2625=CARTESIAN_POINT('Ctrl Pts',(43.3013113037894,62.0156587723538,6.12036524707073));
#2626=CARTESIAN_POINT('Ctrl Pts',(41.9519379965083,61.1786675011192,5.73005984459277));
#2627=CARTESIAN_POINT('Ctrl Pts',(40.402744653001,60.5970955655156,5.45885734245612));
#2628=CARTESIAN_POINT('Ctrl Pts',(40.3315449089931,60.5710895496178,5.44673003074512));
#2629=CARTESIAN_POINT('Ctrl Pts',(40.2600841967291,60.5457077206138,5.43489378103059));
#2630=CARTESIAN_POINT('',(35.88145193918,59.7832180484637,5.11232514525326));
#2631=CARTESIAN_POINT('Ctrl Pts',(40.2600841966714,60.5457037156603,5.43490236969787));
#2632=CARTESIAN_POINT('Ctrl Pts',(39.9123130057138,60.4221801328847,5.37730042519998));
#2633=CARTESIAN_POINT('Ctrl Pts',(39.5584425316965,60.3125023540938,5.32866581353348));
#2634=CARTESIAN_POINT('Ctrl Pts',(38.8414095446327,60.1227448502248,5.24743334863158));
#2635=CARTESIAN_POINT('Ctrl Pts',(38.4786484839189,60.0427549143824,5.21473915472336));
#2636=CARTESIAN_POINT('Ctrl Pts',(37.7456146792734,59.9138835462188,5.16291732656105));
#2637=CARTESIAN_POINT('Ctrl Pts',(37.3757879600427,59.865135894662,5.14382387780211));
#2638=CARTESIAN_POINT('Ctrl Pts',(36.6308879017096,59.7997550967986,5.11841523159164));
#2639=CARTESIAN_POINT('Ctrl Pts',(36.2562376290889,59.7832177002697,5.1123263116335));
#2640=CARTESIAN_POINT('Ctrl Pts',(35.8814519391806,59.7832182825007,5.11232506512223));
#2641=CARTESIAN_POINT('',(35.8814519282703,68.9534953450367,-14.5535585456483));
#2642=CARTESIAN_POINT('Ctrl Pts',(40.3643227368503,60.5301465435657,5.32148382660472));
#2643=CARTESIAN_POINT('Ctrl Pts',(40.2379727325003,60.6723951843351,5.76425721396666));
#2644=CARTESIAN_POINT('Ctrl Pts',(40.1116227281503,60.8146438251144,6.20703060133029));
#2645=CARTESIAN_POINT('Ctrl Pts',(39.9852727237903,60.9568924658839,6.64980398869217));
#2646=CARTESIAN_POINT('Ctrl Pts',(40.3413158327203,60.5217592424882,5.31754912333702));
#2647=CARTESIAN_POINT('Ctrl Pts',(40.2155819083203,60.6644956879188,5.76055077665784));
#2648=CARTESIAN_POINT('Ctrl Pts',(40.0898479839103,60.8072321333395,6.20355242997683));
#2649=CARTESIAN_POINT('Ctrl Pts',(39.9641140595103,60.9499685787602,6.64655408329591));
#2650=CARTESIAN_POINT('Ctrl Pts',(39.8522040014803,60.3449631672467,5.23486056643474));
#2651=CARTESIAN_POINT('Ctrl Pts',(39.7396222643103,60.4979954374788,5.68267153703721));
#2652=CARTESIAN_POINT('Ctrl Pts',(39.6270405271403,60.6510277077207,6.13048250764149));
#2653=CARTESIAN_POINT('Ctrl Pts',(39.5144587899703,60.8040599779528,6.57829347824399));
#2654=CARTESIAN_POINT('Ctrl Pts',(38.8690432729803,60.0522728490666,5.10802948521925));
#2655=CARTESIAN_POINT('Ctrl Pts',(38.7850325304203,60.2228699409471,5.56370242655308));
#2656=CARTESIAN_POINT('Ctrl Pts',(38.7010217878703,60.3934670328276,6.0193753678868));
#2657=CARTESIAN_POINT('Ctrl Pts',(38.6170110453203,60.5640641247081,6.47504830922062));
#2658=CARTESIAN_POINT('Ctrl Pts',(37.3947058005003,59.7899192006234,5.00421792794096));
#2659=CARTESIAN_POINT('Ctrl Pts',(37.3519754692103,59.9758102489141,5.46639190889483));
#2660=CARTESIAN_POINT('Ctrl Pts',(37.3092451379303,60.1617012972147,5.92856588985043));
#2661=CARTESIAN_POINT('Ctrl Pts',(37.2665148066503,60.3475923455055,6.3907398708043));
#2662=CARTESIAN_POINT('Ctrl Pts',(36.3598126328603,59.7282988941385,4.98096948695606));
#2663=CARTESIAN_POINT('Ctrl Pts',(36.3462597278103,59.9178221074447,5.4446503244521));
#2664=CARTESIAN_POINT('Ctrl Pts',(36.3327068227703,60.1073453207509,5.90833116194776));
#2665=CARTESIAN_POINT('Ctrl Pts',(36.3191539177203,60.2968685340572,6.37201199944342));
#2666=CARTESIAN_POINT('Ctrl Pts',(35.8320601086503,59.7298482698004,4.9815518948864));
#2667=CARTESIAN_POINT('Ctrl Pts',(35.8334578366603,59.9192805427202,5.44519499105684));
#2668=CARTESIAN_POINT('Ctrl Pts',(35.8348555646603,60.10871281564,5.90883808722757));
#2669=CARTESIAN_POINT('Ctrl Pts',(35.8362532926703,60.2981450885499,6.37248118339656));
#2670=CARTESIAN_POINT('Ctrl Pts',(35.8073718823703,59.7299933919732,4.98160644667753));
#2671=CARTESIAN_POINT('Ctrl Pts',(35.8094691589503,59.9194171263818,5.44524600294315));
#2672=CARTESIAN_POINT('Ctrl Pts',(35.8115664355303,60.1088408607904,5.90888555920927));
#2673=CARTESIAN_POINT('Ctrl Pts',(35.8136637121103,60.298264595199,6.37252511547539));
#2674=CARTESIAN_POINT('',(35.8814494796377,60.1297352385876,5.96042277418776));
#2675=CARTESIAN_POINT('',(35.8814519391803,59.7832179585495,5.11232519748685));
#2676=CARTESIAN_POINT('',(40.0817730536166,60.7515333897747,6.07006462735958));
#2677=CARTESIAN_POINT('',(40.2600836197403,60.5457057165987,5.4349015618856));
#2678=CARTESIAN_POINT('',(39.9568495021432,60.8957356983771,6.51505469733253));
#2679=CARTESIAN_POINT('',(40.2600836197403,60.5457057165987,5.4349015618856));
#2680=CARTESIAN_POINT('',(35.8814486640315,60.2446430265896,6.24165884700711));
#2681=CARTESIAN_POINT('Ctrl Pts',(39.9568506138837,60.8957328742225,6.51505342843338));
#2682=CARTESIAN_POINT('Ctrl Pts',(39.6325650990115,60.790190006602,6.46583599421371));
#2683=CARTESIAN_POINT('Ctrl Pts',(39.3025679608803,60.6964837057675,6.42457291642491));
#2684=CARTESIAN_POINT('Ctrl Pts',(38.6355598957681,60.5345750720742,6.35561446634649));
#2685=CARTESIAN_POINT('Ctrl Pts',(38.2982188325112,60.4663454689945,6.32790791296871));
#2686=CARTESIAN_POINT('Ctrl Pts',(37.6160894923973,60.3562367523622,6.28413540368185));
#2687=CARTESIAN_POINT('Ctrl Pts',(37.2725732088854,60.3146925632321,6.26820539004552));
#2688=CARTESIAN_POINT('Ctrl Pts',(36.5793816791029,60.2588791787009,6.24696060626891));
#2689=CARTESIAN_POINT('Ctrl Pts',(36.2295910508839,60.2446415872109,6.24165998890166));
#2690=CARTESIAN_POINT('Ctrl Pts',(35.8814486640302,60.2446427358645,6.24165895765684));
#2691=CARTESIAN_POINT('',(35.8814519391803,59.7832179585495,5.11232519748685));
#2692=CARTESIAN_POINT('Origin',(33.6907405570003,60.0139359433022,5.67698485158485));
#2693=CARTESIAN_POINT('',(35.8814519391803,59.7832179585495,5.11232519748685));
#2694=CARTESIAN_POINT('',(35.8814486640303,60.2446431676788,6.24165878122518));
#2695=CARTESIAN_POINT('Ctrl Pts',(-168.441765868202,-41.5472753289498,-299.248751421545));
#2696=CARTESIAN_POINT('Ctrl Pts',(-121.608021663868,-8.16580304457311,-197.952530631142));
#2697=CARTESIAN_POINT('Ctrl Pts',(-74.7742774595338,25.2156692398036,-96.656309840738));
#2698=CARTESIAN_POINT('Ctrl Pts',(-27.9405332551997,58.5971415241803,4.63991094966548));
#2699=CARTESIAN_POINT('Ctrl Pts',(-27.7385199200097,58.7411296392517,5.07684350228676));
#2700=CARTESIAN_POINT('Ctrl Pts',(-27.5365065848197,58.885117754333,5.51377605490967));
#2701=CARTESIAN_POINT('Ctrl Pts',(-27.3344932496397,59.0291058694044,5.95070860753077));
#2702=CARTESIAN_POINT('Ctrl Pts',(-167.746207871832,-42.0163185448651,-299.469616502313));
#2703=CARTESIAN_POINT('Ctrl Pts',(-121.150285961648,-8.47417958074448,-198.098507362848));
#2704=CARTESIAN_POINT('Ctrl Pts',(-74.5543640514638,25.0679593833762,-96.7273982233828));
#2705=CARTESIAN_POINT('Ctrl Pts',(-27.9584421412797,58.6100983474968,4.64371091608209));
#2706=CARTESIAN_POINT('Ctrl Pts',(-27.7574546321397,58.7547794844989,5.08096649316827));
#2707=CARTESIAN_POINT('Ctrl Pts',(-27.5564671230097,58.8994606214911,5.51822207025261));
#2708=CARTESIAN_POINT('Ctrl Pts',(-27.3554796138697,59.0441417584933,5.95547764733861));
#2709=CARTESIAN_POINT('Ctrl Pts',(-162.256205785877,-45.674718083044,-301.192430384463));
#2710=CARTESIAN_POINT('Ctrl Pts',(-117.537413517954,-10.8794182459276,-199.237168095826));
#2711=CARTESIAN_POINT('Ctrl Pts',(-72.8186212500321,23.9158815911889,-97.2819058071899));
#2712=CARTESIAN_POINT('Ctrl Pts',(-28.0998289821097,58.7111814283053,4.67335648144656));
#2713=CARTESIAN_POINT('Ctrl Pts',(-27.9069383105397,58.8612679671557,5.11313175299515));
#2714=CARTESIAN_POINT('Ctrl Pts',(-27.7140476389697,59.011354506006,5.55290702454365));
#2715=CARTESIAN_POINT('Ctrl Pts',(-27.5211569673997,59.1614410448663,5.99268229609396));
#2716=CARTESIAN_POINT('Ctrl Pts',(-151.648524146517,-52.1025953616683,-304.221083220052));
#2717=CARTESIAN_POINT('Ctrl Pts',(-110.556824860448,-15.105369591653,-201.23887846892));
#2718=CARTESIAN_POINT('Ctrl Pts',(-69.4651255743789,21.8918561783624,-98.2566737177874));
#2719=CARTESIAN_POINT('Ctrl Pts',(-28.3734262883097,58.8890819483777,4.72553103334506));
#2720=CARTESIAN_POINT('Ctrl Pts',(-28.1961807709497,59.0486663057156,5.16973593304791));
#2721=CARTESIAN_POINT('Ctrl Pts',(-28.0189352535997,59.2082506630634,5.61394083275271));
#2722=CARTESIAN_POINT('Ctrl Pts',(-27.8416897362497,59.3678350204112,6.05814573245739));
#2723=CARTESIAN_POINT('Ctrl Pts',(-136.054624361306,-60.0409587418949,-307.960549105968));
#2724=CARTESIAN_POINT('Ctrl Pts',(-100.29488859942,-20.3244292273187,-203.710392843431));
#2725=CARTESIAN_POINT('Ctrl Pts',(-64.535152837535,19.3921002872574,-99.4602365808938));
#2726=CARTESIAN_POINT('Ctrl Pts',(-28.7754170756497,59.1086298018336,4.78991968164352));
#2727=CARTESIAN_POINT('Ctrl Pts',(-28.6211705252297,59.2799436424355,5.23959378134372));
#2728=CARTESIAN_POINT('Ctrl Pts',(-28.4669239748197,59.4512574830375,5.68926788104342));
#2729=CARTESIAN_POINT('Ctrl Pts',(-28.3126774244097,59.6225713236394,6.13894198074323));
#2730=CARTESIAN_POINT('Ctrl Pts',(-124.319535010627,-64.961642912146,-310.278277901315));
#2731=CARTESIAN_POINT('Ctrl Pts',(-92.5722926837413,-23.5595348075427,-205.24224508851));
#2732=CARTESIAN_POINT('Ctrl Pts',(-60.8250503568555,17.8425732970605,-100.206212275705));
#2733=CARTESIAN_POINT('Ctrl Pts',(-29.0778080299697,59.2446814016638,4.82982053710083));
#2734=CARTESIAN_POINT('Ctrl Pts',(-28.9408690255297,59.4232658408155,5.28288444783716));
#2735=CARTESIAN_POINT('Ctrl Pts',(-28.8039300210897,59.6018502799772,5.73594835857504));
#2736=CARTESIAN_POINT('Ctrl Pts',(-28.6669910166497,59.780434719129,6.18901226931108));
#2737=CARTESIAN_POINT('Ctrl Pts',(-117.96308223367,-67.3171263781905,-311.388185834629));
#2738=CARTESIAN_POINT('Ctrl Pts',(-88.3893213330432,-25.1081219596754,-205.975809288242));
#2739=CARTESIAN_POINT('Ctrl Pts',(-58.8155604324164,17.1008824588398,-100.563432741855));
#2740=CARTESIAN_POINT('Ctrl Pts',(-29.2417995317897,59.3098868773549,4.84894380453253));
#2741=CARTESIAN_POINT('Ctrl Pts',(-29.1142356528997,59.4919517944888,5.30363104165651));
#2742=CARTESIAN_POINT('Ctrl Pts',(-28.9866717739997,59.6740167116129,5.75831827877884));
#2743=CARTESIAN_POINT('Ctrl Pts',(-28.8591078951097,59.8560816287468,6.2130055159028));
#2744=CARTESIAN_POINT('Ctrl Pts',(-117.159476793382,-67.6100315265063,-311.526212153454));
#2745=CARTESIAN_POINT('Ctrl Pts',(-87.8604963862046,-25.3006887454999,-206.067034014651));
#2746=CARTESIAN_POINT('Ctrl Pts',(-58.5615159790271,17.0086540355065,-100.607855875848));
#2747=CARTESIAN_POINT('Ctrl Pts',(-29.2625355718497,59.3179968165129,4.85132226295511));
#2748=CARTESIAN_POINT('Ctrl Pts',(-29.1361569350297,59.5004945345599,5.3062113747303));
#2749=CARTESIAN_POINT('Ctrl Pts',(-29.0097782982097,59.6829922526069,5.76110048650567));
#2750=CARTESIAN_POINT('Ctrl Pts',(-28.8833996613897,59.8654899706538,6.21598959828104));
#2751=CARTESIAN_POINT('Ctrl Pts',(-28.9971277708628,59.5768238559126,5.55494296464704));
#2752=CARTESIAN_POINT('Ctrl Pts',(-28.6636460652404,59.52177536352,5.67299580394843));
#2753=CARTESIAN_POINT('Ctrl Pts',(-28.3353768065057,59.4581335525125,5.8094772253492));
#2754=CARTESIAN_POINT('Ctrl Pts',(-28.0141731407795,59.3888304740433,5.95809937338672));
#2755=CARTESIAN_POINT('Origin',(172.71617940387,57.0470997068228,14.7619593716652));
#2756=CARTESIAN_POINT('',(39.9568505894403,60.8957340430978,6.51505303729898));
#2757=CARTESIAN_POINT('Origin',(-17.9861029981297,61.2527256109193,6.68116660426502));
#2758=CARTESIAN_POINT('',(47.0504278823287,70.3203208902391,10.9098543774124));
#2759=CARTESIAN_POINT('Origin',(35.8814541466803,70.3203561086478,10.9098024286815));
#2760=CARTESIAN_POINT('',(47.0504297817505,77.4545603614145,14.2366053045054));
#2761=CARTESIAN_POINT('',(47.0504260462103,77.4545597542451,14.236606606586));
#2762=CARTESIAN_POINT('',(35.880951471734,87.5771126364725,18.956759903237));
#2763=CARTESIAN_POINT('Origin',(35.8814576945103,77.4545773808752,14.2365444419141));
#2764=CARTESIAN_POINT('',(-35.8804968773704,87.5744034585807,18.9550571563032));
#2765=CARTESIAN_POINT('',(-35.8804968772097,87.5743994662948,18.955056879725));
#2766=CARTESIAN_POINT('Origin',(-35.8799907194597,77.4518772123333,14.2348453348493));
#2767=CARTESIAN_POINT('',(-36.2998327458997,62.3693799582928,7.20175878908609));
#2768=CARTESIAN_POINT('',(-36.2998327458997,62.8225338518359,7.41306791990491));
#2769=CARTESIAN_POINT('',(-36.2998327458997,62.3693799582928,7.20175878908609));
#2770=CARTESIAN_POINT('',(-32.8670277868396,85.6183018290501,18.0429301458896));
#2771=CARTESIAN_POINT('Origin',(-32.8669461708697,74.0080962292479,12.6290023640774));
#2772=CARTESIAN_POINT('',(32.8994947493934,85.6177782594349,18.0430894519728));
#2773=CARTESIAN_POINT('',(-8.9846121633775,85.6178437093052,18.0428629536718));
#2774=CARTESIAN_POINT('',(36.3326191676803,62.8223632785294,7.41343371853044));
#2775=CARTESIAN_POINT('Origin',(32.8997325926403,74.007941779833,12.629333584628));
#2776=CARTESIAN_POINT('',(36.3326191676803,62.3692093849863,7.20212458771152));
#2777=CARTESIAN_POINT('',(36.3326191676803,62.3692093849863,7.20212458771152));
#2778=CARTESIAN_POINT('',(-36.2998327458997,62.3693799582928,7.20175878908609));
#2779=CARTESIAN_POINT('Origin',(-36.2998327458997,63.8789002261998,5.14766437447015));
#2780=CARTESIAN_POINT('',(-36.2998327458997,62.3693799582928,7.20175878908609));
#2781=CARTESIAN_POINT('',(-36.2998327458997,70.2181315264502,-8.44697230776602));
#2782=CARTESIAN_POINT('Origin',(37.0149376865703,72.3527206447302,-14.207759664984));
#2783=CARTESIAN_POINT('',(36.3326191676803,62.3692093849863,7.20212458771152));
#2784=CARTESIAN_POINT('Origin',(36.3326191676803,70.2181315264502,-8.44697230776602));
#2785=CARTESIAN_POINT('',(36.3326191676803,62.8223632785294,7.41343371853044));
#2786=CARTESIAN_POINT('Origin',(32.8997325926403,75.0644870193264,10.3635464585606));
#2787=CARTESIAN_POINT('',(32.8994946672803,85.6177783393741,18.0430892805907));
#2788=CARTESIAN_POINT('Origin',(0.016393212083216,86.6741560370687,15.777179712835));
#2789=CARTESIAN_POINT('',(-32.8670277868397,85.6183018284653,18.0429301455739));
#2790=CARTESIAN_POINT('Origin',(-32.8669461708697,75.0644870193264,10.3635464585606));
#2791=CARTESIAN_POINT('Origin',(35.8814564556603,70.4959596141491,10.5332194957513));
#2792=CARTESIAN_POINT('',(47.8814531518503,70.6715258843152,10.1566929147331));
#2793=CARTESIAN_POINT('Origin',(47.4659381450003,74.0630434407124,12.196648445406));
#2794=CARTESIAN_POINT('',(47.8814520479908,77.805763406775,13.4834479649027));
#2795=CARTESIAN_POINT('',(47.8814535489903,77.8057653299566,13.4834438405897));
#2796=CARTESIAN_POINT('',(47.8814535489903,77.8057653299566,13.4834438405897));
#2797=CARTESIAN_POINT('Origin',(47.8814519675603,87.5744635738479,16.1969965752053));
#2798=CARTESIAN_POINT('',(47.8814510525203,86.9635159474152,-6.15541575554541));
#2799=CARTESIAN_POINT('Origin',(35.8814519675603,56.5579716666992,59.0494845308422));
#2800=CARTESIAN_POINT('',(35.8809191723684,88.681479289465,18.5548040676666));
#2801=CARTESIAN_POINT('',(35.8809191757303,97.8392255944822,-1.08402913329172));
#2802=CARTESIAN_POINT('Ctrl Pts',(35.8809191721787,88.6814910465005,18.5547938365199));
#2803=CARTESIAN_POINT('Ctrl Pts',(35.8811002204102,88.6814910532947,18.5547938409704));
#2804=CARTESIAN_POINT('Ctrl Pts',(35.8812812671921,88.6814910563754,18.5547938436892));
#2805=CARTESIAN_POINT('Ctrl Pts',(37.3882098196147,88.6814857910125,18.5548020613795));
#2806=CARTESIAN_POINT('Ctrl Pts',(38.9953887461565,88.4085690795758,18.427550578239));
#2807=CARTESIAN_POINT('Ctrl Pts',(41.9519406390953,87.2986530505382,17.9100103389817));
#2808=CARTESIAN_POINT('Ctrl Pts',(43.3013136054922,86.461653732937,17.5197215828654));
#2809=CARTESIAN_POINT('Ctrl Pts',(45.43217275333,84.5304282284361,16.619193459475));
#2810=CARTESIAN_POINT('Ctrl Pts',(46.3556910079564,83.3074772453814,16.0489298750218));
#2811=CARTESIAN_POINT('Ctrl Pts',(47.5803298684254,80.6279299651095,14.7994479438967));
#2812=CARTESIAN_POINT('Ctrl Pts',(47.8814519723749,79.1713342006038,14.1202298456433));
#2813=CARTESIAN_POINT('Ctrl Pts',(47.8814519675603,77.8057606508783,13.4834538749556));
#2814=CARTESIAN_POINT('Origin',(35.8814600035003,77.6301813153179,13.8599605891078));
#2815=CARTESIAN_POINT('',(35.8809191718503,88.6814849331462,18.5548032029733));
#2816=CARTESIAN_POINT('Origin',(0.00021114336839501,88.1279421658415,18.7549299466713));
#2817=CARTESIAN_POINT('',(-35.8805291628797,88.6787675447766,18.5530995563263));
#2818=CARTESIAN_POINT('',(-35.8805291628797,88.6787675447766,18.5530995563263));
#2819=CARTESIAN_POINT('Origin',(47.8814519669803,89.3872805250383,17.0424840782607));
#2820=CARTESIAN_POINT('Origin',(-35.8799884104897,77.6274801708884,13.8582635748472));
#2821=CARTESIAN_POINT('Origin',(47.8814519675603,60.5011869439836,3.57262369759197));
#2822=CARTESIAN_POINT('',(0.,0.,0.));
#2823=CARTESIAN_POINT('Origin',(19.1850623134296,-76.2171488121918,37.2236849155755));
#2824=CARTESIAN_POINT('',(19.1850623134296,-74.2171488121918,37.2236849155755));
#2825=CARTESIAN_POINT('',(-19.2134821624404,-74.2171488121918,37.2236849155755));
#2826=CARTESIAN_POINT('',(19.1850623134296,-74.2171488121918,37.2236849155755));
#2827=CARTESIAN_POINT('',(-19.2134821624404,-76.2171488121918,39.2236849155755));
#2828=CARTESIAN_POINT('Origin',(-19.2134821624404,-76.2171488121918,37.2236849155755));
#2829=CARTESIAN_POINT('',(19.1850623134296,-76.2171488121918,39.2236849155755));
#2830=CARTESIAN_POINT('',(19.1850623134296,-76.2171488121918,39.2236849155755));
#2831=CARTESIAN_POINT('Origin',(19.1850623134296,-76.2171488121918,37.2236849155755));
#2832=CARTESIAN_POINT('Origin',(19.1850623134296,-74.2171488121967,39.2236849155755));
#2833=CARTESIAN_POINT('',(-19.2134821624404,-90.8694076438621,39.2236849155755));
#2834=CARTESIAN_POINT('',(-19.2134821624404,-76.8199840649467,39.2236849155755));
#2835=CARTESIAN_POINT('',(-15.1149376865704,-90.8694076438621,39.2236849155755));
#2836=CARTESIAN_POINT('',(-19.2134821624404,-90.8694076438621,39.2236849155755));
#2837=CARTESIAN_POINT('',(15.0850623134296,-90.8694076438621,39.2236849155755));
#2838=CARTESIAN_POINT('Origin',(-0.014937686570375,-115.217148812197,39.2236849155755));
#2839=CARTESIAN_POINT('',(19.1850623134296,-90.8694076438621,39.2236849155755));
#2840=CARTESIAN_POINT('',(16.0850623134296,-90.8694076438621,39.2236849155755));
#2841=CARTESIAN_POINT('',(19.1850623134296,-76.8199840649467,39.2236849155755));
#2842=CARTESIAN_POINT('',(-14.1649376865704,-84.7171488121927,39.2236849155755));
#2843=CARTESIAN_POINT('Origin',(-11.0149376865704,-84.7171488121927,39.2236849155755));
#2844=CARTESIAN_POINT('',(7.83506231342964,-84.7171488121927,39.2236849155755));
#2845=CARTESIAN_POINT('Origin',(10.9850623134296,-84.7171488121927,39.2236849155755));
#2846=CARTESIAN_POINT('Origin',(42.4251311656196,-90.8694076438621,28.2236849155755));
#2847=CARTESIAN_POINT('',(15.0850623134296,-90.8694076438621,36.4236849155755));
#2848=CARTESIAN_POINT('',(19.1850623134296,-90.8694076438621,36.4236849155755));
#2849=CARTESIAN_POINT('',(28.7550967395246,-90.8694076438621,36.4236849155755));
#2850=CARTESIAN_POINT('',(19.1850623134296,-90.8694076438621,14.2236849155755));
#2851=CARTESIAN_POINT('',(15.0850623134296,-90.8694076438621,28.2236849155755));
#2852=CARTESIAN_POINT('Origin',(19.1850623134296,-91.8270431340768,36.4236849155755));
#2853=CARTESIAN_POINT('',(-15.1149376865704,-90.8694076438621,36.4236849155755));
#2854=CARTESIAN_POINT('Origin',(-0.014937686570375,-115.217148812197,36.4236849155755));
#2855=CARTESIAN_POINT('',(-19.2134821624404,-90.8694076438621,36.4236849155755));
#2856=CARTESIAN_POINT('',(13.6550967395246,-90.8694076438621,36.4236849155755));
#2857=CARTESIAN_POINT('',(-19.2134821624404,-80.7171488121967,36.4236849155755));
#2858=CARTESIAN_POINT('',(-19.2134821624404,-61.0433716807117,36.4236849155755));
#2859=CARTESIAN_POINT('',(19.1850623134296,-80.7171488121967,36.4236849155755));
#2860=CARTESIAN_POINT('',(-15.1149376865704,-80.7171488121967,36.4236849155755));
#2861=CARTESIAN_POINT('',(19.1850623134296,-40.8657343494817,36.4236849155755));
#2862=CARTESIAN_POINT('',(12.6350623134296,-84.7171488121927,36.4236849155755));
#2863=CARTESIAN_POINT('Origin',(10.9850623134296,-84.7171488121927,36.4236849155755));
#2864=CARTESIAN_POINT('',(-12.6649376865704,-84.7171488121927,36.4236849155755));
#2865=CARTESIAN_POINT('Origin',(-11.0149376865704,-84.7171488121927,36.4236849155755));
#2866=CARTESIAN_POINT('Origin',(15.0850623134296,-80.7171488121967,28.2236849155755));
#2867=CARTESIAN_POINT('',(19.1850623134296,-80.7171488121967,16.0236849155755));
#2868=CARTESIAN_POINT('',(19.1850623134296,-80.7171488121967,-12.0315034645845));
#2869=CARTESIAN_POINT('',(-19.2134821624404,-80.7171488121967,16.0236849155755));
#2870=CARTESIAN_POINT('',(-19.2134821624404,-80.7171488121967,8.9466581458702));
#2871=CARTESIAN_POINT('',(15.0850623134296,-80.7171488121967,16.0236849155755));
#2872=CARTESIAN_POINT('Origin',(19.1850623134296,-91.8270431340768,16.0236849155755));
#2873=CARTESIAN_POINT('',(-19.2134821624404,-90.8694076438621,16.0236849155755));
#2874=CARTESIAN_POINT('',(-19.2134821624404,-66.1195010965444,16.0236849155755));
#2875=CARTESIAN_POINT('',(-15.1149376865704,-90.8694076438621,16.0236849155755));
#2876=CARTESIAN_POINT('',(13.6550967395246,-90.8694076438621,16.0236849155755));
#2877=CARTESIAN_POINT('',(15.0850623134296,-90.8694076438621,16.0236849155755));
#2878=CARTESIAN_POINT('Origin',(-0.014937686570375,-115.217148812197,16.0236849155755));
#2879=CARTESIAN_POINT('',(19.1850623134296,-90.8694076438621,16.0236849155755));
#2880=CARTESIAN_POINT('',(28.7550967395246,-90.8694076438621,16.0236849155755));
#2881=CARTESIAN_POINT('',(19.1850623134296,-45.9418637653144,16.0236849155755));
#2882=CARTESIAN_POINT('',(-12.6649376865704,-84.7171488121927,16.0236849155755));
#2883=CARTESIAN_POINT('Origin',(-11.0149376865704,-84.7171488121927,16.0236849155755));
#2884=CARTESIAN_POINT('',(9.33506231342964,-84.7171488121927,16.0236849155755));
#2885=CARTESIAN_POINT('Origin',(10.9850623134296,-84.7171488121927,16.0236849155755));
#2886=CARTESIAN_POINT('Origin',(42.4251311656196,-90.8694076438621,28.2236849155755));
#2887=CARTESIAN_POINT('',(15.0850623134296,-90.8694076438621,13.2236849155755));
#2888=CARTESIAN_POINT('',(15.0850623134296,-90.8694076438621,13.2236849155755));
#2889=CARTESIAN_POINT('',(18.1850623134296,-90.8694076438621,13.2236849155755));
#2890=CARTESIAN_POINT('',(15.0850623134296,-90.8694076438621,13.2236849155755));
#2891=CARTESIAN_POINT('',(19.1850623134296,-90.8694076438621,14.2236849155755));
#2892=CARTESIAN_POINT('',(18.1850623134296,-90.8694076438621,13.2236849155755));
#2893=CARTESIAN_POINT('',(19.1850623134296,-90.8694076438621,14.2236849155755));
#2894=CARTESIAN_POINT('Origin',(42.4251311656196,-90.8694076438621,28.2236849155755));
#2895=CARTESIAN_POINT('',(-15.1149376865704,-90.8694076438621,16.2236849155755));
#2896=CARTESIAN_POINT('',(-19.2134821624404,-90.8694076438621,14.2236849155755));
#2897=CARTESIAN_POINT('Origin',(-0.014937686570375,-115.217148812197,16.2236849155755));
#2898=CARTESIAN_POINT('Origin',(-11.0149376865704,-84.7171488121927,38.3236849155755));
#2899=CARTESIAN_POINT('',(-12.6649376865704,-84.7171488121927,37.7236849155755));
#2900=CARTESIAN_POINT('',(-13.2649376865704,-84.7171488121927,38.3236849155755));
#2901=CARTESIAN_POINT('Origin',(-11.0149376865704,-84.7171488121927,37.7236849155755));
#2902=CARTESIAN_POINT('Origin',(10.9850623134296,-84.7171488121927,38.3236849155755));
#2903=CARTESIAN_POINT('',(9.33506231342964,-84.7171488121927,37.7236849155755));
#2904=CARTESIAN_POINT('',(8.73506231342964,-84.7171488121927,38.3236849155755));
#2905=CARTESIAN_POINT('',(12.6350623134296,-84.7171488121927,37.7236849155755));
#2906=CARTESIAN_POINT('Origin',(10.9850623134296,-84.7171488121927,37.7236849155755));
#2907=CARTESIAN_POINT('Origin',(10.9850623134296,-84.7171488121927,37.7236849155755));
#2908=CARTESIAN_POINT('Origin',(10.9850623134296,-84.7171488121927,16.2236849155755));
#2909=CARTESIAN_POINT('',(12.6350623134296,-84.7171488121927,16.2236849155755));
#2910=CARTESIAN_POINT('Origin',(-11.0149376865704,-84.7171488121927,16.2236849155755));
#2911=CARTESIAN_POINT('',(-12.6649376865704,-84.7171488121927,16.2236849155755));
#2912=CARTESIAN_POINT('Origin',(-11.0149376865704,-84.7171488121927,16.2236849155755));
#2913=CARTESIAN_POINT('',(-12.6649376865704,-84.7171488121927,14.7236849155755));
#2914=CARTESIAN_POINT('',(-11.0149376865704,-83.0671488121907,14.7236849155775));
#2915=CARTESIAN_POINT('Origin',(-11.0149376865704,-84.7171488121927,14.7236849155755));
#2916=CARTESIAN_POINT('',(-12.6649376865704,-84.7171488121927,16.2236849155755));
#2917=CARTESIAN_POINT('Origin',(-11.0149376865704,-84.7171488121927,14.7236849155755));
#2918=CARTESIAN_POINT('Origin',(10.9850623134296,-84.7171488121927,16.2236849155755));
#2919=CARTESIAN_POINT('',(9.33506231342964,-84.7171488121927,14.7236849155755));
#2920=CARTESIAN_POINT('',(10.9850623134296,-83.0671488121907,14.7236849155775));
#2921=CARTESIAN_POINT('Origin',(10.9850623134296,-84.7171488121927,14.7236849155755));
#2922=CARTESIAN_POINT('',(9.33506231342964,-84.7171488121927,16.2236849155755));
#2923=CARTESIAN_POINT('Origin',(10.9850623134296,-84.7171488121927,14.7236849155755));
#2924=CARTESIAN_POINT('Origin',(42.4251311656196,-90.8694076438621,28.2236849155755));
#2925=CARTESIAN_POINT('',(-19.2134821624404,-90.8694076438621,14.2236849155755));
#2926=CARTESIAN_POINT('',(-19.2134821624404,-90.8694076438621,14.2236849155755));
#2927=CARTESIAN_POINT('',(-18.2134821624404,-90.8694076438621,13.2236849155755));
#2928=CARTESIAN_POINT('',(-19.2134821624404,-90.8694076438621,14.2236849155755));
#2929=CARTESIAN_POINT('',(-15.1149376865704,-90.8694076438621,13.2236849155755));
#2930=CARTESIAN_POINT('',(-18.2134821624404,-90.8694076438621,13.2236849155755));
#2931=CARTESIAN_POINT('',(-15.1149376865704,-90.8694076438621,13.2236849155755));
#2932=CARTESIAN_POINT('Origin',(-0.014937686570375,-115.217148812197,28.2236849155755));
#2933=CARTESIAN_POINT('Origin',(-0.014937686570375,-115.217148812197,13.2236849155755));
#2934=CARTESIAN_POINT('Origin',(-11.0149376865704,-84.7171488121927,13.9736849179555));
#2935=CARTESIAN_POINT('',(-11.0149376865704,-81.5671488121907,13.2236849155775));
#2936=CARTESIAN_POINT('',(-11.0149376865704,-82.3171488145687,13.9736849179555));
#2937=CARTESIAN_POINT('Origin',(-11.0149376865704,-84.7171488121927,13.2236849155755));
#2938=CARTESIAN_POINT('Origin',(10.9850623134296,-84.7171488121927,13.9736849179555));
#2939=CARTESIAN_POINT('',(10.9850623134296,-81.5671488121907,13.2236849155775));
#2940=CARTESIAN_POINT('',(10.9850623134296,-82.3171488145687,13.9736849179555));
#2941=CARTESIAN_POINT('Origin',(10.9850623134296,-84.7171488121927,13.2236849155755));
#2942=CARTESIAN_POINT('Origin',(-0.0142099245053662,-74.2171488121918,13.5684965354144));
#2943=CARTESIAN_POINT('',(19.1850623134296,-74.2171488121918,27.0330590500155));
#2944=CARTESIAN_POINT('',(-19.2134821624404,-74.2171488121918,27.0330590500155));
#2945=CARTESIAN_POINT('',(-9.61384604347287,-74.2171488121918,27.0330590500155));
#2946=CARTESIAN_POINT('',(-19.2134821624404,-74.2171488121918,28.2236849155755));
#2947=CARTESIAN_POINT('',(19.1850623134296,-74.2171488121918,-13.2590976546651));
#2948=CARTESIAN_POINT('Origin',(19.1850623134296,-1.01431988676671,-40.0866918447445));
#2949=CARTESIAN_POINT('',(19.1850623134296,-28.7487814264086,-7.97801808108414));
#2950=CARTESIAN_POINT('',(19.1850623134296,-23.1321684186306,-20.3248823458294));
#2951=CARTESIAN_POINT('',(19.1850623134296,-24.4244269437815,-17.4841417459512));
#2952=CARTESIAN_POINT('',(19.1850623134296,-74.2171488121918,27.0330590500155));
#2953=CARTESIAN_POINT('',(19.1850623134296,-75.7398660118717,14.2236849155755));
#2954=CARTESIAN_POINT('',(19.1850623134296,-80.7519195109767,14.2236849155755));
#2955=CARTESIAN_POINT('',(19.1850623134296,-36.4143789440358,-11.6021789257873));
#2956=CARTESIAN_POINT('Origin',(19.1850623134296,-94.2171488121927,13.2236849155755));
#2957=CARTESIAN_POINT('',(-18.2134821624404,-74.2171488121918,13.2236849155755));
#2958=CARTESIAN_POINT('',(-18.2134821624404,-90.8694076438621,13.2236849155755));
#2959=CARTESIAN_POINT('',(18.1850623134296,-74.2171488121918,13.2236849155755));
#2960=CARTESIAN_POINT('',(9.58542619446213,-74.2171488121918,13.2236849155755));
#2961=CARTESIAN_POINT('',(18.1850623134296,-81.2724865615267,13.2236849155755));
#2962=CARTESIAN_POINT('Origin',(-18.7134821624404,-86.0709471026927,13.7236849155755));
#2963=CARTESIAN_POINT('',(-19.2134821624404,-75.7398660118717,14.2236849155755));
#2964=CARTESIAN_POINT('',(-16.2049272952662,-71.1586877694442,11.215130048401));
#2965=CARTESIAN_POINT('',(-19.2134821624404,-90.8694076438621,14.2236849155755));
#2966=CARTESIAN_POINT('Origin',(18.6850623134296,-86.0709471026927,13.7236849155755));
#2967=CARTESIAN_POINT('',(20.3906016131919,-77.5755614385098,15.4292242153377));
#2968=CARTESIAN_POINT('Origin',(18.1850623134296,-74.2171488121918,13.2236849155755));
#2969=CARTESIAN_POINT('',(-19.2134821624404,-23.1321684186306,-20.3248823458294));
#2970=CARTESIAN_POINT('',(9.08542619446214,-23.1321684186306,-20.3248823458294));
#2971=CARTESIAN_POINT('',(-19.2134821624404,-60.137466238914,3.97726504441558));
#2972=CARTESIAN_POINT('Origin',(-19.2134821624404,-41.3695945492267,1.86963137616493));
#2973=CARTESIAN_POINT('',(-19.2134821624404,-28.7487814264086,-7.9780180810841));
#2974=CARTESIAN_POINT('',(-19.2134821624404,-35.7908002781816,7.50228130792696));
#2975=CARTESIAN_POINT('',(-19.2134821624404,-74.2171488121918,27.0330590500155));
#2976=CARTESIAN_POINT('Origin',(-19.2134821624404,-74.2171488121918,27.0330590500155));
#2977=CARTESIAN_POINT('',(-9.61384604347287,-28.7487814264086,-7.97801808108411));
#2978=CARTESIAN_POINT('Origin',(-0.0142099245053662,-36.9572676858581,10.0664983426213));
#2979=CARTESIAN_POINT('',(-0.0149376865703411,-21.0025914465617,-16.4259537353565));
#2980=CARTESIAN_POINT('',(0.,70.,0.));
#2981=UNCERTAINTY_MEASURE_WITH_UNIT(LENGTH_MEASURE(0.01),#2989,
'DISTANCE_ACCURACY_VALUE',
'Maximum model space distance between geometric entities at asserted c
onnectivities');
#2982=UNCERTAINTY_MEASURE_WITH_UNIT(LENGTH_MEASURE(0.01),#2989,
'DISTANCE_ACCURACY_VALUE',
'Maximum model space distance between geometric entities at asserted c
onnectivities');
#2983=UNCERTAINTY_MEASURE_WITH_UNIT(LENGTH_MEASURE(0.01),#2989,
'DISTANCE_ACCURACY_VALUE',
'Maximum model space distance between geometric entities at asserted c
onnectivities');
#2984=UNCERTAINTY_MEASURE_WITH_UNIT(LENGTH_MEASURE(0.01),#2989,
'DISTANCE_ACCURACY_VALUE',
'Maximum model space distance between geometric entities at asserted c
onnectivities');
#2985=(
GEOMETRIC_REPRESENTATION_CONTEXT(3)
GLOBAL_UNCERTAINTY_ASSIGNED_CONTEXT((#2981))
GLOBAL_UNIT_ASSIGNED_CONTEXT((#2989,#2991,#2992))
REPRESENTATION_CONTEXT('','3D')
);
#2986=(
GEOMETRIC_REPRESENTATION_CONTEXT(3)
GLOBAL_UNCERTAINTY_ASSIGNED_CONTEXT((#2982))
GLOBAL_UNIT_ASSIGNED_CONTEXT((#2989,#2991,#2992))
REPRESENTATION_CONTEXT('','3D')
);
#2987=(
GEOMETRIC_REPRESENTATION_CONTEXT(3)
GLOBAL_UNCERTAINTY_ASSIGNED_CONTEXT((#2983))
GLOBAL_UNIT_ASSIGNED_CONTEXT((#2989,#2991,#2992))
REPRESENTATION_CONTEXT('','3D')
);
#2988=(
GEOMETRIC_REPRESENTATION_CONTEXT(3)
GLOBAL_UNCERTAINTY_ASSIGNED_CONTEXT((#2984))
GLOBAL_UNIT_ASSIGNED_CONTEXT((#2989,#2991,#2992))
REPRESENTATION_CONTEXT('','3D')
);
#2989=(
LENGTH_UNIT()
NAMED_UNIT(*)
SI_UNIT(.MILLI.,.METRE.)
);
#2990=(
LENGTH_UNIT()
NAMED_UNIT(*)
SI_UNIT($,.METRE.)
);
#2991=(
NAMED_UNIT(*)
PLANE_ANGLE_UNIT()
SI_UNIT($,.RADIAN.)
);
#2992=(
NAMED_UNIT(*)
SI_UNIT($,.STERADIAN.)
SOLID_ANGLE_UNIT()
);
#2993=SHAPE_DEFINITION_REPRESENTATION(#2996,#3001);
#2994=SHAPE_DEFINITION_REPRESENTATION(#2997,#3002);
#2995=SHAPE_DEFINITION_REPRESENTATION(#2998,#3003);
#2996=PRODUCT_DEFINITION_SHAPE('',$,#3005);
#2997=PRODUCT_DEFINITION_SHAPE('',$,#3006);
#2998=PRODUCT_DEFINITION_SHAPE('',$,#3007);
#2999=PRODUCT_DEFINITION_SHAPE($,$,#17);
#3000=PRODUCT_DEFINITION_SHAPE($,$,#18);
#3001=SHAPE_REPRESENTATION('',(#1588,#1723,#1724),#2985);
#3002=SHAPE_REPRESENTATION('',(#1589),#2986);
#3003=SHAPE_REPRESENTATION('',(#1673),#2987);
#3004=PRODUCT_DEFINITION_CONTEXT('part definition',#3015,'design');
#3005=PRODUCT_DEFINITION('D435_GEMINI2_MOUNT',
'332000146,\X2\815590E8644450CF5934652F67B6\X0\_D435_gemini_mount;FDM,
PLA,L95.76xW57.12xH26mm,\X2\9ED18272\X0\,\X2\53BB6BDB523A652F6491\X0\',
#3008,#3004);
#3006=PRODUCT_DEFINITION('2026-09-16-11-33-49-521',
'uvc32_mount_dyx0914 (1)',#3009,#3004);
#3007=PRODUCT_DEFINITION('2026-09-16-12-21-22-263',
'uvc32_mount_dyx0914 (2)',#3010,#3004);
#3008=PRODUCT_DEFINITION_FORMATION('',$,#3017);
#3009=PRODUCT_DEFINITION_FORMATION('',$,#3018);
#3010=PRODUCT_DEFINITION_FORMATION('',$,#3019);
#3011=PRODUCT_RELATED_PRODUCT_CATEGORY(
'332000146,\X2\815590E8644450CF5934652F67B6\X0\_D435_gemini_mount;FDM,
PLA,L95.76xW57.12xH26mm,\X2\9ED18272\X0\,\X2\53BB6BDB523A652F6491\X0\',

'332000146,\X2\815590E8644450CF5934652F67B6\X0\_D435_gemini_mount;FDM,
PLA,L95.76xW57.12xH26mm,\X2\9ED18272\X0\,\X2\53BB6BDB523A652F6491\X0\',
(#3017));
#3012=PRODUCT_RELATED_PRODUCT_CATEGORY('uvc32_mount_dyx0914 (1)',
'uvc32_mount_dyx0914 (1)',(#3018));
#3013=PRODUCT_RELATED_PRODUCT_CATEGORY('uvc32_mount_dyx0914 (2)',
'uvc32_mount_dyx0914 (2)',(#3019));
#3014=APPLICATION_PROTOCOL_DEFINITION('international standard',
'automotive_design',2009,#3015);
#3015=APPLICATION_CONTEXT(
'Core Data for Automotive Mechanical Design Process');
#3016=PRODUCT_CONTEXT('part definition',#3015,'mechanical');
#3017=PRODUCT('D435_GEMINI2_MOUNT',
'332000146,\X2\815590E8644450CF5934652F67B6\X0\_D435_gemini_mount;FDM,
PLA,L95.76xW57.12xH26mm,\X2\9ED18272\X0\,\X2\53BB6BDB523A652F6491\X0\',
$,(#3016));
#3018=PRODUCT('2026-09-16-11-33-49-521','uvc32_mount_dyx0914 (1)',$,(#3016));
#3019=PRODUCT('2026-09-16-12-21-22-263','uvc32_mount_dyx0914 (2)',$,(#3016));
#3020=PRESENTATION_STYLE_ASSIGNMENT((#3021));
#3021=SURFACE_STYLE_USAGE(.BOTH.,#3022);
#3022=SURFACE_SIDE_STYLE('',(#3023));
#3023=SURFACE_STYLE_FILL_AREA(#3024);
#3024=FILL_AREA_STYLE('\X2\94A2\X0\ - \X2\7F0E5149\X0\',(#3025));
#3025=FILL_AREA_STYLE_COLOUR('\X2\94A2\X0\ - \X2\7F0E5149\X0\',#3026);
#3026=COLOUR_RGB('\X2\94A2\X0\ - \X2\7F0E5149\X0\',0.627450980392157,0.627450980392157,
0.627450980392157);
ENDSEC;
END-ISO-10303-21;
