ISO-10303-21;
HEADER;
FILE_DESCRIPTION(('Open CASCADE Model'),'2;1');
FILE_NAME('Open CASCADE Shape Model','2026-09-23T09:17:02',('Author'),(
    'Open CASCADE'),'Open CASCADE STEP processor 7.9','Open CASCADE 7.9'
  ,'Unknown');
FILE_SCHEMA(('AUTOMOTIVE_DESIGN { 1 0 10303 214 1 1 1 1 }'));
ENDSEC;
DATA;
#1 = APPLICATION_PROTOCOL_DEFINITION('international standard',
  'automotive_design',2000,#2);
#2 = APPLICATION_CONTEXT(
  'core data for automotive mechanical design processes');
#3 = SHAPE_DEFINITION_REPRESENTATION(#4,#10);
#4 = PRODUCT_DEFINITION_SHAPE('','',#5);
#5 = PRODUCT_DEFINITION('design','',#6,#9);
#6 = PRODUCT_DEFINITION_FORMATION('','',#7);
#7 = PRODUCT('Open CASCADE STEP translator 7.9 1',
  'Open CASCADE STEP translator 7.9 1','',(#8));
#8 = PRODUCT_CONTEXT('',#2,'mechanical');
#9 = PRODUCT_DEFINITION_CONTEXT('part definition',#2,'design');
#10 = ADVANCED_BREP_SHAPE_REPRESENTATION('',(#11,#15),#6380);
#11 = AXIS2_PLACEMENT_3D('',#12,#13,#14);
#12 = CARTESIAN_POINT('',(0.,0.,0.));
#13 = DIRECTION('',(0.,0.,1.));
#14 = DIRECTION('',(1.,0.,-0.));
#15 = MANIFOLD_SOLID_BREP('',#16);
#16 = CLOSED_SHELL('',(#17,#468,#824,#913,#939,#966,#1070,#1250,#1374,
    #1421,#1445,#1496,#1795,#1918,#1949,#1981,#1987,#2059,#2104,#2149,
    #2250,#2325,#2352,#2379,#2406,#2617,#2644,#2802,#2980,#3007,#3185,
    #3213,#3292,#3371,#3468,#3495,#3542,#3587,#3632,#3701,#3760,#3840,
    #3953,#3978,#4061,#4132,#4182,#4231,#4259,#4314,#4369,#4422,#4471,
    #4525,#4552,#4628,#4677,#4726,#4753,#4829,#4878,#4927,#4954,#4982,
    #5010,#5017,#5027,#5098,#5153,#5208,#5215,#5222,#5743,#6264,#6294,
    #6324,#6352));
#17 = ADVANCED_FACE('',(#18),#32,.T.);
#18 = FACE_BOUND('',#19,.T.);
#19 = EDGE_LOOP('',(#20,#55,#83,#111,#139,#167,#195,#223,#251,#279,#307,
    #335,#363,#391,#419,#447));
#20 = ORIENTED_EDGE('',*,*,#21,.T.);
#21 = EDGE_CURVE('',#22,#24,#26,.T.);
#22 = VERTEX_POINT('',#23);
#23 = CARTESIAN_POINT('',(31.05,-4.2175,25.6));
#24 = VERTEX_POINT('',#25);
#25 = CARTESIAN_POINT('',(31.05,-4.2175,0.));
#26 = SURFACE_CURVE('',#27,(#31,#43),.PCURVE_S1.);
#27 = LINE('',#28,#29);
#28 = CARTESIAN_POINT('',(31.05,-4.2175,25.6));
#29 = VECTOR('',#30,1.);
#30 = DIRECTION('',(0.,0.,-1.));
#31 = PCURVE('',#32,#37);
#32 = PLANE('',#33);
#33 = AXIS2_PLACEMENT_3D('',#34,#35,#36);
#34 = CARTESIAN_POINT('',(-59.986,-4.2175,-53.224));
#35 = DIRECTION('',(-0.,1.,0.));
#36 = DIRECTION('',(0.,0.,1.));
#37 = DEFINITIONAL_REPRESENTATION('',(#38),#42);
#38 = LINE('',#39,#40);
#39 = CARTESIAN_POINT('',(78.824,91.036));
#40 = VECTOR('',#41,1.);
#41 = DIRECTION('',(-1.,0.));
#42 = ( GEOMETRIC_REPRESENTATION_CONTEXT(2) 
PARAMETRIC_REPRESENTATION_CONTEXT() REPRESENTATION_CONTEXT('2D SPACE',''
  ) );
#43 = PCURVE('',#44,#49);
#44 = PLANE('',#45);
#45 = AXIS2_PLACEMENT_3D('',#46,#47,#48);
#46 = CARTESIAN_POINT('',(31.05,-20.869,23.2));
#47 = DIRECTION('',(1.,0.,-0.));
#48 = DIRECTION('',(0.,0.,1.));
#49 = DEFINITIONAL_REPRESENTATION('',(#50),#54);
#50 = LINE('',#51,#52);
#51 = CARTESIAN_POINT('',(2.4,-16.6515));
#52 = VECTOR('',#53,1.);
#53 = DIRECTION('',(-1.,0.));
#54 = ( GEOMETRIC_REPRESENTATION_CONTEXT(2) 
PARAMETRIC_REPRESENTATION_CONTEXT() REPRESENTATION_CONTEXT('2D SPACE',''
  ) );
#55 = ORIENTED_EDGE('',*,*,#56,.F.);
#56 = EDGE_CURVE('',#57,#24,#59,.T.);
#57 = VERTEX_POINT('',#58);
#58 = CARTESIAN_POINT('',(19.19906231343,-4.2175,0.));
#59 = SURFACE_CURVE('',#60,(#64,#71),.PCURVE_S1.);
#60 = LINE('',#61,#62);
#61 = CARTESIAN_POINT('',(18.,-4.2175,0.));
#62 = VECTOR('',#63,1.);
#63 = DIRECTION('',(1.,0.,-0.));
#64 = PCURVE('',#32,#65);
#65 = DEFINITIONAL_REPRESENTATION('',(#66),#70);
#66 = LINE('',#67,#68);
#67 = CARTESIAN_POINT('',(53.224,77.986));
#68 = VECTOR('',#69,1.);
#69 = DIRECTION('',(0.,1.));
#70 = ( GEOMETRIC_REPRESENTATION_CONTEXT(2) 
PARAMETRIC_REPRESENTATION_CONTEXT() REPRESENTATION_CONTEXT('2D SPACE',''
  ) );
#71 = PCURVE('',#72,#77);
#72 = PLANE('',#73);
#73 = AXIS2_PLACEMENT_3D('',#74,#75,#76);
#74 = CARTESIAN_POINT('',(18.,-20.869,0.));
#75 = DIRECTION('',(0.,0.,1.));
#76 = DIRECTION('',(1.,0.,-0.));
#77 = DEFINITIONAL_REPRESENTATION('',(#78),#82);
#78 = LINE('',#79,#80);
#79 = CARTESIAN_POINT('',(0.,16.6515));
#80 = VECTOR('',#81,1.);
#81 = DIRECTION('',(1.,0.));
#82 = ( GEOMETRIC_REPRESENTATION_CONTEXT(2) 
PARAMETRIC_REPRESENTATION_CONTEXT() REPRESENTATION_CONTEXT('2D SPACE',''
  ) );
#83 = ORIENTED_EDGE('',*,*,#84,.T.);
#84 = EDGE_CURVE('',#57,#85,#87,.T.);
#85 = VERTEX_POINT('',#86);
#86 = CARTESIAN_POINT('',(19.19906231343,-4.2175,-8.445209939367E-05));
#87 = SURFACE_CURVE('',#88,(#92,#99),.PCURVE_S1.);
#88 = LINE('',#89,#90);
#89 = CARTESIAN_POINT('',(19.19906231343,-4.2175,-53.26734592237));
#90 = VECTOR('',#91,1.);
#91 = DIRECTION('',(0.,0.,-1.));
#92 = PCURVE('',#32,#93);
#93 = DEFINITIONAL_REPRESENTATION('',(#94),#98);
#94 = LINE('',#95,#96);
#95 = CARTESIAN_POINT('',(-4.334592237225E-02,79.18506231343));
#96 = VECTOR('',#97,1.);
#97 = DIRECTION('',(-1.,0.));
#98 = ( GEOMETRIC_REPRESENTATION_CONTEXT(2) 
PARAMETRIC_REPRESENTATION_CONTEXT() REPRESENTATION_CONTEXT('2D SPACE',''
  ) );
#99 = PCURVE('',#100,#105);
#100 = PLANE('',#101);
#101 = AXIS2_PLACEMENT_3D('',#102,#103,#104);
#102 = CARTESIAN_POINT('',(19.19906231343,68.985680113233,
    -53.31069184474));
#103 = DIRECTION('',(-1.,0.,0.));
#104 = DIRECTION('',(0.,-1.,0.));
#105 = DEFINITIONAL_REPRESENTATION('',(#106),#110);
#106 = LINE('',#107,#108);
#107 = CARTESIAN_POINT('',(73.203180113233,4.334592237224E-02));
#108 = VECTOR('',#109,1.);
#109 = DIRECTION('',(0.,-1.));
#110 = ( GEOMETRIC_REPRESENTATION_CONTEXT(2) 
PARAMETRIC_REPRESENTATION_CONTEXT() REPRESENTATION_CONTEXT('2D SPACE',''
  ) );
#111 = ORIENTED_EDGE('',*,*,#112,.F.);
#112 = EDGE_CURVE('',#113,#85,#115,.T.);
#113 = VERTEX_POINT('',#114);
#114 = CARTESIAN_POINT('',(18.199292945755,-4.2175,-8.445209942209E-05)
  );
#115 = SURFACE_CURVE('',#116,(#120,#127),.PCURVE_S1.);
#116 = LINE('',#117,#118);
#117 = CARTESIAN_POINT('',(-20.89346884328,-4.2175,-8.445209941144E-05)
  );
#118 = VECTOR('',#119,1.);
#119 = DIRECTION('',(1.,0.,0.));
#120 = PCURVE('',#32,#121);
#121 = DEFINITIONAL_REPRESENTATION('',(#122),#126);
#122 = LINE('',#123,#124);
#123 = CARTESIAN_POINT('',(53.223915547901,39.092531156715));
#124 = VECTOR('',#125,1.);
#125 = DIRECTION('',(0.,1.));
#126 = ( GEOMETRIC_REPRESENTATION_CONTEXT(2) 
PARAMETRIC_REPRESENTATION_CONTEXT() REPRESENTATION_CONTEXT('2D SPACE',''
  ) );
#127 = PCURVE('',#128,#133);
#128 = PLANE('',#129);
#129 = AXIS2_PLACEMENT_3D('',#130,#131,#132);
#130 = CARTESIAN_POINT('',(18.19906231343,-4.217148812192,
    -3.150844244999E-04));
#131 = DIRECTION('',(0.,-0.548931455238,-0.835867368337));
#132 = DIRECTION('',(-1.,0.,0.));
#133 = DEFINITIONAL_REPRESENTATION('',(#134),#138);
#134 = LINE('',#135,#136);
#135 = CARTESIAN_POINT('',(39.092531156715,-4.201477668713E-04));
#136 = VECTOR('',#137,1.);
#137 = DIRECTION('',(-1.,0.));
#138 = ( GEOMETRIC_REPRESENTATION_CONTEXT(2) 
PARAMETRIC_REPRESENTATION_CONTEXT() REPRESENTATION_CONTEXT('2D SPACE',''
  ) );
#139 = ORIENTED_EDGE('',*,*,#140,.F.);
#140 = EDGE_CURVE('',#141,#113,#143,.T.);
#141 = VERTEX_POINT('',#142);
#142 = CARTESIAN_POINT('',(18.19906231343,-4.2175,-3.150844244999E-04));
#143 = SURFACE_CURVE('',#144,(#148,#155),.PCURVE_S1.);
#144 = LINE('',#145,#146);
#145 = CARTESIAN_POINT('',(-14.40312449382,-4.2175,-32.60250189167));
#146 = VECTOR('',#147,1.);
#147 = DIRECTION('',(0.707106781187,0.,0.707106781187));
#148 = PCURVE('',#32,#149);
#149 = DEFINITIONAL_REPRESENTATION('',(#150),#154);
#150 = LINE('',#151,#152);
#151 = CARTESIAN_POINT('',(20.621498108324,45.582875506178));
#152 = VECTOR('',#153,1.);
#153 = DIRECTION('',(0.707106781187,0.707106781187));
#154 = ( GEOMETRIC_REPRESENTATION_CONTEXT(2) 
PARAMETRIC_REPRESENTATION_CONTEXT() REPRESENTATION_CONTEXT('2D SPACE',''
  ) );
#155 = PCURVE('',#156,#161);
#156 = PLANE('',#157);
#157 = AXIS2_PLACEMENT_3D('',#158,#159,#160);
#158 = CARTESIAN_POINT('',(18.69906231343,-16.07094710269,0.499684915576
    ));
#159 = DIRECTION('',(0.707106781187,0.,-0.707106781187));
#160 = DIRECTION('',(0.707106781187,0.,0.707106781187));
#161 = DEFINITIONAL_REPRESENTATION('',(#162),#166);
#162 = LINE('',#163,#164);
#163 = CARTESIAN_POINT('',(-46.81356152702,-11.85344710269));
#164 = VECTOR('',#165,1.);
#165 = DIRECTION('',(1.,0.));
#166 = ( GEOMETRIC_REPRESENTATION_CONTEXT(2) 
PARAMETRIC_REPRESENTATION_CONTEXT() REPRESENTATION_CONTEXT('2D SPACE',''
  ) );
#167 = ORIENTED_EDGE('',*,*,#168,.F.);
#168 = EDGE_CURVE('',#169,#141,#171,.T.);
#169 = VERTEX_POINT('',#170);
#170 = CARTESIAN_POINT('',(-18.19948216244,-4.2175,-3.150844244999E-04)
  );
#171 = SURFACE_CURVE('',#172,(#176,#183),.PCURVE_S1.);
#172 = LINE('',#173,#174);
#173 = CARTESIAN_POINT('',(-20.39346884328,-4.2175,-3.150844244981E-04)
  );
#174 = VECTOR('',#175,1.);
#175 = DIRECTION('',(1.,0.,0.));
#176 = PCURVE('',#32,#177);
#177 = DEFINITIONAL_REPRESENTATION('',(#178),#182);
#178 = LINE('',#179,#180);
#179 = CARTESIAN_POINT('',(53.223684915576,39.592531156715));
#180 = VECTOR('',#181,1.);
#181 = DIRECTION('',(0.,1.));
#182 = ( GEOMETRIC_REPRESENTATION_CONTEXT(2) 
PARAMETRIC_REPRESENTATION_CONTEXT() REPRESENTATION_CONTEXT('2D SPACE',''
  ) );
#183 = PCURVE('',#184,#189);
#184 = PLANE('',#185);
#185 = AXIS2_PLACEMENT_3D('',#186,#187,#188);
#186 = CARTESIAN_POINT('',(19.19906231343,-24.21714881219,
    -3.150844244999E-04));
#187 = DIRECTION('',(0.,0.,-1.));
#188 = DIRECTION('',(0.,1.,0.));
#189 = DEFINITIONAL_REPRESENTATION('',(#190),#194);
#190 = LINE('',#191,#192);
#191 = CARTESIAN_POINT('',(19.999648812193,-39.59253115671));
#192 = VECTOR('',#193,1.);
#193 = DIRECTION('',(0.,1.));
#194 = ( GEOMETRIC_REPRESENTATION_CONTEXT(2) 
PARAMETRIC_REPRESENTATION_CONTEXT() REPRESENTATION_CONTEXT('2D SPACE',''
  ) );
#195 = ORIENTED_EDGE('',*,*,#196,.F.);
#196 = EDGE_CURVE('',#197,#169,#199,.T.);
#197 = VERTEX_POINT('',#198);
#198 = CARTESIAN_POINT('',(-18.19971279476,-4.2175,-8.445209935815E-05)
  );
#199 = SURFACE_CURVE('',#200,(#204,#211),.PCURVE_S1.);
#200 = LINE('',#201,#202);
#201 = CARTESIAN_POINT('',(-15.59019039293,-4.2175,-2.60960685393));
#202 = VECTOR('',#203,1.);
#203 = DIRECTION('',(0.707106781186,0.,-0.707106781187));
#204 = PCURVE('',#32,#205);
#205 = DEFINITIONAL_REPRESENTATION('',(#206),#210);
#206 = LINE('',#207,#208);
#207 = CARTESIAN_POINT('',(50.61439314607,44.395809607065));
#208 = VECTOR('',#209,1.);
#209 = DIRECTION('',(-0.707106781187,0.707106781186));
#210 = ( GEOMETRIC_REPRESENTATION_CONTEXT(2) 
PARAMETRIC_REPRESENTATION_CONTEXT() REPRESENTATION_CONTEXT('2D SPACE',''
  ) );
#211 = PCURVE('',#212,#217);
#212 = PLANE('',#213);
#213 = AXIS2_PLACEMENT_3D('',#214,#215,#216);
#214 = CARTESIAN_POINT('',(-18.69948216244,-16.07094710269,
    0.499684915576));
#215 = DIRECTION('',(-0.707106781187,0.,-0.707106781186));
#216 = DIRECTION('',(-0.707106781186,0.,0.707106781187));
#217 = DEFINITIONAL_REPRESENTATION('',(#218),#222);
#218 = LINE('',#219,#220);
#219 = CARTESIAN_POINT('',(-4.39720258981,11.853447102693));
#220 = VECTOR('',#221,1.);
#221 = DIRECTION('',(-1.,0.));
#222 = ( GEOMETRIC_REPRESENTATION_CONTEXT(2) 
PARAMETRIC_REPRESENTATION_CONTEXT() REPRESENTATION_CONTEXT('2D SPACE',''
  ) );
#223 = ORIENTED_EDGE('',*,*,#224,.F.);
#224 = EDGE_CURVE('',#225,#197,#227,.T.);
#225 = VERTEX_POINT('',#226);
#226 = CARTESIAN_POINT('',(-19.19948216244,-4.2175,-8.445209940788E-05)
  );
#227 = SURFACE_CURVE('',#228,(#232,#239),.PCURVE_S1.);
#228 = LINE('',#229,#230);
#229 = CARTESIAN_POINT('',(-20.89346884328,-4.2175,-8.445209941144E-05)
  );
#230 = VECTOR('',#231,1.);
#231 = DIRECTION('',(1.,0.,0.));
#232 = PCURVE('',#32,#233);
#233 = DEFINITIONAL_REPRESENTATION('',(#234),#238);
#234 = LINE('',#235,#236);
#235 = CARTESIAN_POINT('',(53.223915547901,39.092531156715));
#236 = VECTOR('',#237,1.);
#237 = DIRECTION('',(0.,1.));
#238 = ( GEOMETRIC_REPRESENTATION_CONTEXT(2) 
PARAMETRIC_REPRESENTATION_CONTEXT() REPRESENTATION_CONTEXT('2D SPACE',''
  ) );
#239 = PCURVE('',#240,#245);
#240 = PLANE('',#241);
#241 = AXIS2_PLACEMENT_3D('',#242,#243,#244);
#242 = CARTESIAN_POINT('',(18.19906231343,-4.217148812192,
    -3.150844244999E-04));
#243 = DIRECTION('',(0.,-0.548931455238,-0.835867368337));
#244 = DIRECTION('',(-1.,0.,0.));
#245 = DEFINITIONAL_REPRESENTATION('',(#246),#250);
#246 = LINE('',#247,#248);
#247 = CARTESIAN_POINT('',(39.092531156715,-4.201477668713E-04));
#248 = VECTOR('',#249,1.);
#249 = DIRECTION('',(-1.,0.));
#250 = ( GEOMETRIC_REPRESENTATION_CONTEXT(2) 
PARAMETRIC_REPRESENTATION_CONTEXT() REPRESENTATION_CONTEXT('2D SPACE',''
  ) );
#251 = ORIENTED_EDGE('',*,*,#252,.F.);
#252 = EDGE_CURVE('',#253,#225,#255,.T.);
#253 = VERTEX_POINT('',#254);
#254 = CARTESIAN_POINT('',(-19.19948216244,-4.2175,0.));
#255 = SURFACE_CURVE('',#256,(#260,#267),.PCURVE_S1.);
#256 = LINE('',#257,#258);
#257 = CARTESIAN_POINT('',(-19.19948216244,-4.2175,-32.28918431191));
#258 = VECTOR('',#259,1.);
#259 = DIRECTION('',(0.,0.,-1.));
#260 = PCURVE('',#32,#261);
#261 = DEFINITIONAL_REPRESENTATION('',(#262),#266);
#262 = LINE('',#263,#264);
#263 = CARTESIAN_POINT('',(20.934815688082,40.78651783756));
#264 = VECTOR('',#265,1.);
#265 = DIRECTION('',(-1.,0.));
#266 = ( GEOMETRIC_REPRESENTATION_CONTEXT(2) 
PARAMETRIC_REPRESENTATION_CONTEXT() REPRESENTATION_CONTEXT('2D SPACE',''
  ) );
#267 = PCURVE('',#268,#273);
#268 = PLANE('',#269);
#269 = AXIS2_PLACEMENT_3D('',#270,#271,#272);
#270 = CARTESIAN_POINT('',(-19.19948216244,28.630405450773,
    -11.35436862383));
#271 = DIRECTION('',(-1.,0.,0.));
#272 = DIRECTION('',(0.,0.96592663781,0.258816016447));
#273 = DEFINITIONAL_REPRESENTATION('',(#274),#278);
#274 = LINE('',#275,#276);
#275 = CARTESIAN_POINT('',(-37.1469324726,11.71993209336));
#276 = VECTOR('',#277,1.);
#277 = DIRECTION('',(-0.258816016447,0.96592663781));
#278 = ( GEOMETRIC_REPRESENTATION_CONTEXT(2) 
PARAMETRIC_REPRESENTATION_CONTEXT() REPRESENTATION_CONTEXT('2D SPACE',''
  ) );
#279 = ORIENTED_EDGE('',*,*,#280,.F.);
#280 = EDGE_CURVE('',#281,#253,#283,.T.);
#281 = VERTEX_POINT('',#282);
#282 = CARTESIAN_POINT('',(-31.05,-4.2175,0.));
#283 = SURFACE_CURVE('',#284,(#288,#295),.PCURVE_S1.);
#284 = LINE('',#285,#286);
#285 = CARTESIAN_POINT('',(-31.05,-4.2175,0.));
#286 = VECTOR('',#287,1.);
#287 = DIRECTION('',(1.,0.,-0.));
#288 = PCURVE('',#32,#289);
#289 = DEFINITIONAL_REPRESENTATION('',(#290),#294);
#290 = LINE('',#291,#292);
#291 = CARTESIAN_POINT('',(53.224,28.936));
#292 = VECTOR('',#293,1.);
#293 = DIRECTION('',(0.,1.));
#294 = ( GEOMETRIC_REPRESENTATION_CONTEXT(2) 
PARAMETRIC_REPRESENTATION_CONTEXT() REPRESENTATION_CONTEXT('2D SPACE',''
  ) );
#295 = PCURVE('',#296,#301);
#296 = PLANE('',#297);
#297 = AXIS2_PLACEMENT_3D('',#298,#299,#300);
#298 = CARTESIAN_POINT('',(-31.05,-20.869,0.));
#299 = DIRECTION('',(0.,0.,1.));
#300 = DIRECTION('',(1.,0.,-0.));
#301 = DEFINITIONAL_REPRESENTATION('',(#302),#306);
#302 = LINE('',#303,#304);
#303 = CARTESIAN_POINT('',(0.,16.6515));
#304 = VECTOR('',#305,1.);
#305 = DIRECTION('',(1.,0.));
#306 = ( GEOMETRIC_REPRESENTATION_CONTEXT(2) 
PARAMETRIC_REPRESENTATION_CONTEXT() REPRESENTATION_CONTEXT('2D SPACE',''
  ) );
#307 = ORIENTED_EDGE('',*,*,#308,.T.);
#308 = EDGE_CURVE('',#281,#309,#311,.T.);
#309 = VERTEX_POINT('',#310);
#310 = CARTESIAN_POINT('',(-31.05,-4.2175,25.6));
#311 = SURFACE_CURVE('',#312,(#316,#323),.PCURVE_S1.);
#312 = LINE('',#313,#314);
#313 = CARTESIAN_POINT('',(-31.05,-4.2175,0.));
#314 = VECTOR('',#315,1.);
#315 = DIRECTION('',(0.,0.,1.));
#316 = PCURVE('',#32,#317);
#317 = DEFINITIONAL_REPRESENTATION('',(#318),#322);
#318 = LINE('',#319,#320);
#319 = CARTESIAN_POINT('',(53.224,28.936));
#320 = VECTOR('',#321,1.);
#321 = DIRECTION('',(1.,0.));
#322 = ( GEOMETRIC_REPRESENTATION_CONTEXT(2) 
PARAMETRIC_REPRESENTATION_CONTEXT() REPRESENTATION_CONTEXT('2D SPACE',''
  ) );
#323 = PCURVE('',#324,#329);
#324 = PLANE('',#325);
#325 = AXIS2_PLACEMENT_3D('',#326,#327,#328);
#326 = CARTESIAN_POINT('',(-31.05,-21.5,25.6));
#327 = DIRECTION('',(1.,0.,-0.));
#328 = DIRECTION('',(0.,0.,1.));
#329 = DEFINITIONAL_REPRESENTATION('',(#330),#334);
#330 = LINE('',#331,#332);
#331 = CARTESIAN_POINT('',(-25.6,-17.2825));
#332 = VECTOR('',#333,1.);
#333 = DIRECTION('',(1.,0.));
#334 = ( GEOMETRIC_REPRESENTATION_CONTEXT(2) 
PARAMETRIC_REPRESENTATION_CONTEXT() REPRESENTATION_CONTEXT('2D SPACE',''
  ) );
#335 = ORIENTED_EDGE('',*,*,#336,.F.);
#336 = EDGE_CURVE('',#337,#309,#339,.T.);
#337 = VERTEX_POINT('',#338);
#338 = CARTESIAN_POINT('',(-18.,-4.2175,25.6));
#339 = SURFACE_CURVE('',#340,(#344,#351),.PCURVE_S1.);
#340 = LINE('',#341,#342);
#341 = CARTESIAN_POINT('',(-31.05,-4.2175,25.6));
#342 = VECTOR('',#343,1.);
#343 = DIRECTION('',(-1.,-0.,0.));
#344 = PCURVE('',#32,#345);
#345 = DEFINITIONAL_REPRESENTATION('',(#346),#350);
#346 = LINE('',#347,#348);
#347 = CARTESIAN_POINT('',(78.824,28.936));
#348 = VECTOR('',#349,1.);
#349 = DIRECTION('',(0.,-1.));
#350 = ( GEOMETRIC_REPRESENTATION_CONTEXT(2) 
PARAMETRIC_REPRESENTATION_CONTEXT() REPRESENTATION_CONTEXT('2D SPACE',''
  ) );
#351 = PCURVE('',#352,#357);
#352 = PLANE('',#353);
#353 = AXIS2_PLACEMENT_3D('',#354,#355,#356);
#354 = CARTESIAN_POINT('',(-31.05,-21.5,25.6));
#355 = DIRECTION('',(0.,0.,1.));
#356 = DIRECTION('',(1.,0.,-0.));
#357 = DEFINITIONAL_REPRESENTATION('',(#358),#362);
#358 = LINE('',#359,#360);
#359 = CARTESIAN_POINT('',(0.,17.2825));
#360 = VECTOR('',#361,1.);
#361 = DIRECTION('',(-1.,0.));
#362 = ( GEOMETRIC_REPRESENTATION_CONTEXT(2) 
PARAMETRIC_REPRESENTATION_CONTEXT() REPRESENTATION_CONTEXT('2D SPACE',''
  ) );
#363 = ORIENTED_EDGE('',*,*,#364,.F.);
#364 = EDGE_CURVE('',#365,#337,#367,.T.);
#365 = VERTEX_POINT('',#366);
#366 = CARTESIAN_POINT('',(-18.,-4.2175,24.037163281334));
#367 = SURFACE_CURVE('',#368,(#372,#379),.PCURVE_S1.);
#368 = LINE('',#369,#370);
#369 = CARTESIAN_POINT('',(-18.,-4.2175,23.2));
#370 = VECTOR('',#371,1.);
#371 = DIRECTION('',(0.,0.,1.));
#372 = PCURVE('',#32,#373);
#373 = DEFINITIONAL_REPRESENTATION('',(#374),#378);
#374 = LINE('',#375,#376);
#375 = CARTESIAN_POINT('',(76.424,41.986));
#376 = VECTOR('',#377,1.);
#377 = DIRECTION('',(1.,0.));
#378 = ( GEOMETRIC_REPRESENTATION_CONTEXT(2) 
PARAMETRIC_REPRESENTATION_CONTEXT() REPRESENTATION_CONTEXT('2D SPACE',''
  ) );
#379 = PCURVE('',#380,#385);
#380 = PLANE('',#381);
#381 = AXIS2_PLACEMENT_3D('',#382,#383,#384);
#382 = CARTESIAN_POINT('',(-18.,-20.869,23.2));
#383 = DIRECTION('',(1.,0.,-0.));
#384 = DIRECTION('',(0.,0.,1.));
#385 = DEFINITIONAL_REPRESENTATION('',(#386),#390);
#386 = LINE('',#387,#388);
#387 = CARTESIAN_POINT('',(0.,-16.6515));
#388 = VECTOR('',#389,1.);
#389 = DIRECTION('',(1.,0.));
#390 = ( GEOMETRIC_REPRESENTATION_CONTEXT(2) 
PARAMETRIC_REPRESENTATION_CONTEXT() REPRESENTATION_CONTEXT('2D SPACE',''
  ) );
#391 = ORIENTED_EDGE('',*,*,#392,.F.);
#392 = EDGE_CURVE('',#393,#365,#395,.T.);
#393 = VERTEX_POINT('',#394);
#394 = CARTESIAN_POINT('',(18.,-4.2175,24.037163281334));
#395 = SURFACE_CURVE('',#396,(#400,#407),.PCURVE_S1.);
#396 = LINE('',#397,#398);
#397 = CARTESIAN_POINT('',(19.19906231343,-4.2175,24.037163281334));
#398 = VECTOR('',#399,1.);
#399 = DIRECTION('',(-1.,0.,0.));
#400 = PCURVE('',#32,#401);
#401 = DEFINITIONAL_REPRESENTATION('',(#402),#406);
#402 = LINE('',#403,#404);
#403 = CARTESIAN_POINT('',(77.261163281334,79.18506231343));
#404 = VECTOR('',#405,1.);
#405 = DIRECTION('',(0.,-1.));
#406 = ( GEOMETRIC_REPRESENTATION_CONTEXT(2) 
PARAMETRIC_REPRESENTATION_CONTEXT() REPRESENTATION_CONTEXT('2D SPACE',''
  ) );
#407 = PCURVE('',#408,#413);
#408 = CYLINDRICAL_SURFACE('',#409,2.);
#409 = AXIS2_PLACEMENT_3D('',#410,#411,#412);
#410 = CARTESIAN_POINT('',(19.19906231343,-6.217148812192,
    23.999684915575));
#411 = DIRECTION('',(-1.,0.,0.));
#412 = DIRECTION('',(0.,0.707106781187,0.707106781187));
#413 = DEFINITIONAL_REPRESENTATION('',(#414),#418);
#414 = LINE('',#415,#416);
#415 = CARTESIAN_POINT('',(0.766657883612,0.));
#416 = VECTOR('',#417,1.);
#417 = DIRECTION('',(0.,1.));
#418 = ( GEOMETRIC_REPRESENTATION_CONTEXT(2) 
PARAMETRIC_REPRESENTATION_CONTEXT() REPRESENTATION_CONTEXT('2D SPACE',''
  ) );
#419 = ORIENTED_EDGE('',*,*,#420,.T.);
#420 = EDGE_CURVE('',#393,#421,#423,.T.);
#421 = VERTEX_POINT('',#422);
#422 = CARTESIAN_POINT('',(18.,-4.2175,25.6));
#423 = SURFACE_CURVE('',#424,(#428,#435),.PCURVE_S1.);
#424 = LINE('',#425,#426);
#425 = CARTESIAN_POINT('',(18.,-4.2175,23.2));
#426 = VECTOR('',#427,1.);
#427 = DIRECTION('',(0.,0.,1.));
#428 = PCURVE('',#32,#429);
#429 = DEFINITIONAL_REPRESENTATION('',(#430),#434);
#430 = LINE('',#431,#432);
#431 = CARTESIAN_POINT('',(76.424,77.986));
#432 = VECTOR('',#433,1.);
#433 = DIRECTION('',(1.,0.));
#434 = ( GEOMETRIC_REPRESENTATION_CONTEXT(2) 
PARAMETRIC_REPRESENTATION_CONTEXT() REPRESENTATION_CONTEXT('2D SPACE',''
  ) );
#435 = PCURVE('',#436,#441);
#436 = PLANE('',#437);
#437 = AXIS2_PLACEMENT_3D('',#438,#439,#440);
#438 = CARTESIAN_POINT('',(18.,-20.869,23.2));
#439 = DIRECTION('',(1.,0.,-0.));
#440 = DIRECTION('',(0.,0.,1.));
#441 = DEFINITIONAL_REPRESENTATION('',(#442),#446);
#442 = LINE('',#443,#444);
#443 = CARTESIAN_POINT('',(0.,-16.6515));
#444 = VECTOR('',#445,1.);
#445 = DIRECTION('',(1.,0.));
#446 = ( GEOMETRIC_REPRESENTATION_CONTEXT(2) 
PARAMETRIC_REPRESENTATION_CONTEXT() REPRESENTATION_CONTEXT('2D SPACE',''
  ) );
#447 = ORIENTED_EDGE('',*,*,#448,.F.);
#448 = EDGE_CURVE('',#22,#421,#449,.T.);
#449 = SURFACE_CURVE('',#450,(#454,#461),.PCURVE_S1.);
#450 = LINE('',#451,#452);
#451 = CARTESIAN_POINT('',(-6.525,-4.2175,25.6));
#452 = VECTOR('',#453,1.);
#453 = DIRECTION('',(-1.,-0.,0.));
#454 = PCURVE('',#32,#455);
#455 = DEFINITIONAL_REPRESENTATION('',(#456),#460);
#456 = LINE('',#457,#458);
#457 = CARTESIAN_POINT('',(78.824,53.461));
#458 = VECTOR('',#459,1.);
#459 = DIRECTION('',(0.,-1.));
#460 = ( GEOMETRIC_REPRESENTATION_CONTEXT(2) 
PARAMETRIC_REPRESENTATION_CONTEXT() REPRESENTATION_CONTEXT('2D SPACE',''
  ) );
#461 = PCURVE('',#352,#462);
#462 = DEFINITIONAL_REPRESENTATION('',(#463),#467);
#463 = LINE('',#464,#465);
#464 = CARTESIAN_POINT('',(24.525,17.2825));
#465 = VECTOR('',#466,1.);
#466 = DIRECTION('',(-1.,0.));
#467 = ( GEOMETRIC_REPRESENTATION_CONTEXT(2) 
PARAMETRIC_REPRESENTATION_CONTEXT() REPRESENTATION_CONTEXT('2D SPACE',''
  ) );
#468 = ADVANCED_FACE('',(#469),#44,.T.);
#469 = FACE_BOUND('',#470,.T.);
#470 = EDGE_LOOP('',(#471,#501,#529,#557,#585,#613,#634,#635,#658,#686,
    #714,#742,#770,#798));
#471 = ORIENTED_EDGE('',*,*,#472,.F.);
#472 = EDGE_CURVE('',#473,#475,#477,.T.);
#473 = VERTEX_POINT('',#474);
#474 = CARTESIAN_POINT('',(31.05,-20.869,23.2));
#475 = VERTEX_POINT('',#476);
#476 = CARTESIAN_POINT('',(31.05,-20.869,25.6));
#477 = SURFACE_CURVE('',#478,(#482,#489),.PCURVE_S1.);
#478 = LINE('',#479,#480);
#479 = CARTESIAN_POINT('',(31.05,-20.869,23.2));
#480 = VECTOR('',#481,1.);
#481 = DIRECTION('',(0.,0.,1.));
#482 = PCURVE('',#44,#483);
#483 = DEFINITIONAL_REPRESENTATION('',(#484),#488);
#484 = LINE('',#485,#486);
#485 = CARTESIAN_POINT('',(0.,0.));
#486 = VECTOR('',#487,1.);
#487 = DIRECTION('',(1.,0.));
#488 = ( GEOMETRIC_REPRESENTATION_CONTEXT(2) 
PARAMETRIC_REPRESENTATION_CONTEXT() REPRESENTATION_CONTEXT('2D SPACE',''
  ) );
#489 = PCURVE('',#490,#495);
#490 = PLANE('',#491);
#491 = AXIS2_PLACEMENT_3D('',#492,#493,#494);
#492 = CARTESIAN_POINT('',(18.,-20.869,23.2));
#493 = DIRECTION('',(-0.,1.,0.));
#494 = DIRECTION('',(0.,0.,1.));
#495 = DEFINITIONAL_REPRESENTATION('',(#496),#500);
#496 = LINE('',#497,#498);
#497 = CARTESIAN_POINT('',(0.,13.05));
#498 = VECTOR('',#499,1.);
#499 = DIRECTION('',(1.,0.));
#500 = ( GEOMETRIC_REPRESENTATION_CONTEXT(2) 
PARAMETRIC_REPRESENTATION_CONTEXT() REPRESENTATION_CONTEXT('2D SPACE',''
  ) );
#501 = ORIENTED_EDGE('',*,*,#502,.T.);
#502 = EDGE_CURVE('',#473,#503,#505,.T.);
#503 = VERTEX_POINT('',#504);
#504 = CARTESIAN_POINT('',(31.05,-10.717,23.2));
#505 = SURFACE_CURVE('',#506,(#510,#517),.PCURVE_S1.);
#506 = LINE('',#507,#508);
#507 = CARTESIAN_POINT('',(31.05,-20.869,23.2));
#508 = VECTOR('',#509,1.);
#509 = DIRECTION('',(-0.,1.,0.));
#510 = PCURVE('',#44,#511);
#511 = DEFINITIONAL_REPRESENTATION('',(#512),#516);
#512 = LINE('',#513,#514);
#513 = CARTESIAN_POINT('',(0.,0.));
#514 = VECTOR('',#515,1.);
#515 = DIRECTION('',(0.,-1.));
#516 = ( GEOMETRIC_REPRESENTATION_CONTEXT(2) 
PARAMETRIC_REPRESENTATION_CONTEXT() REPRESENTATION_CONTEXT('2D SPACE',''
  ) );
#517 = PCURVE('',#518,#523);
#518 = PLANE('',#519);
#519 = AXIS2_PLACEMENT_3D('',#520,#521,#522);
#520 = CARTESIAN_POINT('',(18.,-20.869,23.2));
#521 = DIRECTION('',(0.,0.,1.));
#522 = DIRECTION('',(1.,0.,-0.));
#523 = DEFINITIONAL_REPRESENTATION('',(#524),#528);
#524 = LINE('',#525,#526);
#525 = CARTESIAN_POINT('',(13.05,0.));
#526 = VECTOR('',#527,1.);
#527 = DIRECTION('',(0.,1.));
#528 = ( GEOMETRIC_REPRESENTATION_CONTEXT(2) 
PARAMETRIC_REPRESENTATION_CONTEXT() REPRESENTATION_CONTEXT('2D SPACE',''
  ) );
#529 = ORIENTED_EDGE('',*,*,#530,.F.);
#530 = EDGE_CURVE('',#531,#503,#533,.T.);
#531 = VERTEX_POINT('',#532);
#532 = CARTESIAN_POINT('',(31.05,-10.717,2.8));
#533 = SURFACE_CURVE('',#534,(#538,#545),.PCURVE_S1.);
#534 = LINE('',#535,#536);
#535 = CARTESIAN_POINT('',(31.05,-10.717,2.7));
#536 = VECTOR('',#537,1.);
#537 = DIRECTION('',(0.,0.,1.));
#538 = PCURVE('',#44,#539);
#539 = DEFINITIONAL_REPRESENTATION('',(#540),#544);
#540 = LINE('',#541,#542);
#541 = CARTESIAN_POINT('',(-20.5,-10.152));
#542 = VECTOR('',#543,1.);
#543 = DIRECTION('',(1.,0.));
#544 = ( GEOMETRIC_REPRESENTATION_CONTEXT(2) 
PARAMETRIC_REPRESENTATION_CONTEXT() REPRESENTATION_CONTEXT('2D SPACE',''
  ) );
#545 = PCURVE('',#546,#551);
#546 = PLANE('',#547);
#547 = AXIS2_PLACEMENT_3D('',#548,#549,#550);
#548 = CARTESIAN_POINT('',(18.,-10.717,2.7));
#549 = DIRECTION('',(-0.,1.,0.));
#550 = DIRECTION('',(0.,0.,1.));
#551 = DEFINITIONAL_REPRESENTATION('',(#552),#556);
#552 = LINE('',#553,#554);
#553 = CARTESIAN_POINT('',(0.,13.05));
#554 = VECTOR('',#555,1.);
#555 = DIRECTION('',(1.,0.));
#556 = ( GEOMETRIC_REPRESENTATION_CONTEXT(2) 
PARAMETRIC_REPRESENTATION_CONTEXT() REPRESENTATION_CONTEXT('2D SPACE',''
  ) );
#557 = ORIENTED_EDGE('',*,*,#558,.F.);
#558 = EDGE_CURVE('',#559,#531,#561,.T.);
#559 = VERTEX_POINT('',#560);
#560 = CARTESIAN_POINT('',(31.05,-20.869,2.8));
#561 = SURFACE_CURVE('',#562,(#566,#573),.PCURVE_S1.);
#562 = LINE('',#563,#564);
#563 = CARTESIAN_POINT('',(31.05,-20.869,2.8));
#564 = VECTOR('',#565,1.);
#565 = DIRECTION('',(-0.,1.,0.));
#566 = PCURVE('',#44,#567);
#567 = DEFINITIONAL_REPRESENTATION('',(#568),#572);
#568 = LINE('',#569,#570);
#569 = CARTESIAN_POINT('',(-20.4,0.));
#570 = VECTOR('',#571,1.);
#571 = DIRECTION('',(0.,-1.));
#572 = ( GEOMETRIC_REPRESENTATION_CONTEXT(2) 
PARAMETRIC_REPRESENTATION_CONTEXT() REPRESENTATION_CONTEXT('2D SPACE',''
  ) );
#573 = PCURVE('',#574,#579);
#574 = PLANE('',#575);
#575 = AXIS2_PLACEMENT_3D('',#576,#577,#578);
#576 = CARTESIAN_POINT('',(18.,-20.869,2.8));
#577 = DIRECTION('',(0.,0.,1.));
#578 = DIRECTION('',(1.,0.,-0.));
#579 = DEFINITIONAL_REPRESENTATION('',(#580),#584);
#580 = LINE('',#581,#582);
#581 = CARTESIAN_POINT('',(13.05,0.));
#582 = VECTOR('',#583,1.);
#583 = DIRECTION('',(0.,1.));
#584 = ( GEOMETRIC_REPRESENTATION_CONTEXT(2) 
PARAMETRIC_REPRESENTATION_CONTEXT() REPRESENTATION_CONTEXT('2D SPACE',''
  ) );
#585 = ORIENTED_EDGE('',*,*,#586,.F.);
#586 = EDGE_CURVE('',#587,#559,#589,.T.);
#587 = VERTEX_POINT('',#588);
#588 = CARTESIAN_POINT('',(31.05,-20.869,0.));
#589 = SURFACE_CURVE('',#590,(#594,#601),.PCURVE_S1.);
#590 = LINE('',#591,#592);
#591 = CARTESIAN_POINT('',(31.05,-20.869,0.));
#592 = VECTOR('',#593,1.);
#593 = DIRECTION('',(0.,0.,1.));
#594 = PCURVE('',#44,#595);
#595 = DEFINITIONAL_REPRESENTATION('',(#596),#600);
#596 = LINE('',#597,#598);
#597 = CARTESIAN_POINT('',(-23.2,0.));
#598 = VECTOR('',#599,1.);
#599 = DIRECTION('',(1.,0.));
#600 = ( GEOMETRIC_REPRESENTATION_CONTEXT(2) 
PARAMETRIC_REPRESENTATION_CONTEXT() REPRESENTATION_CONTEXT('2D SPACE',''
  ) );
#601 = PCURVE('',#602,#607);
#602 = PLANE('',#603);
#603 = AXIS2_PLACEMENT_3D('',#604,#605,#606);
#604 = CARTESIAN_POINT('',(18.,-20.869,0.));
#605 = DIRECTION('',(-0.,1.,0.));
#606 = DIRECTION('',(0.,0.,1.));
#607 = DEFINITIONAL_REPRESENTATION('',(#608),#612);
#608 = LINE('',#609,#610);
#609 = CARTESIAN_POINT('',(0.,13.05));
#610 = VECTOR('',#611,1.);
#611 = DIRECTION('',(1.,0.));
#612 = ( GEOMETRIC_REPRESENTATION_CONTEXT(2) 
PARAMETRIC_REPRESENTATION_CONTEXT() REPRESENTATION_CONTEXT('2D SPACE',''
  ) );
#613 = ORIENTED_EDGE('',*,*,#614,.T.);
#614 = EDGE_CURVE('',#587,#24,#615,.T.);
#615 = SURFACE_CURVE('',#616,(#620,#627),.PCURVE_S1.);
#616 = LINE('',#617,#618);
#617 = CARTESIAN_POINT('',(31.05,-20.869,0.));
#618 = VECTOR('',#619,1.);
#619 = DIRECTION('',(-0.,1.,0.));
#620 = PCURVE('',#44,#621);
#621 = DEFINITIONAL_REPRESENTATION('',(#622),#626);
#622 = LINE('',#623,#624);
#623 = CARTESIAN_POINT('',(-23.2,0.));
#624 = VECTOR('',#625,1.);
#625 = DIRECTION('',(0.,-1.));
#626 = ( GEOMETRIC_REPRESENTATION_CONTEXT(2) 
PARAMETRIC_REPRESENTATION_CONTEXT() REPRESENTATION_CONTEXT('2D SPACE',''
  ) );
#627 = PCURVE('',#72,#628);
#628 = DEFINITIONAL_REPRESENTATION('',(#629),#633);
#629 = LINE('',#630,#631);
#630 = CARTESIAN_POINT('',(13.05,0.));
#631 = VECTOR('',#632,1.);
#632 = DIRECTION('',(0.,1.));
#633 = ( GEOMETRIC_REPRESENTATION_CONTEXT(2) 
PARAMETRIC_REPRESENTATION_CONTEXT() REPRESENTATION_CONTEXT('2D SPACE',''
  ) );
#634 = ORIENTED_EDGE('',*,*,#21,.F.);
#635 = ORIENTED_EDGE('',*,*,#636,.F.);
#636 = EDGE_CURVE('',#637,#22,#639,.T.);
#637 = VERTEX_POINT('',#638);
#638 = CARTESIAN_POINT('',(31.05,27.5,25.6));
#639 = SURFACE_CURVE('',#640,(#644,#651),.PCURVE_S1.);
#640 = LINE('',#641,#642);
#641 = CARTESIAN_POINT('',(31.05,27.5,25.6));
#642 = VECTOR('',#643,1.);
#643 = DIRECTION('',(0.,-1.,0.));
#644 = PCURVE('',#44,#645);
#645 = DEFINITIONAL_REPRESENTATION('',(#646),#650);
#646 = LINE('',#647,#648);
#647 = CARTESIAN_POINT('',(2.4,-48.369));
#648 = VECTOR('',#649,1.);
#649 = DIRECTION('',(0.,1.));
#650 = ( GEOMETRIC_REPRESENTATION_CONTEXT(2) 
PARAMETRIC_REPRESENTATION_CONTEXT() REPRESENTATION_CONTEXT('2D SPACE',''
  ) );
#651 = PCURVE('',#352,#652);
#652 = DEFINITIONAL_REPRESENTATION('',(#653),#657);
#653 = LINE('',#654,#655);
#654 = CARTESIAN_POINT('',(62.1,49.));
#655 = VECTOR('',#656,1.);
#656 = DIRECTION('',(0.,-1.));
#657 = ( GEOMETRIC_REPRESENTATION_CONTEXT(2) 
PARAMETRIC_REPRESENTATION_CONTEXT() REPRESENTATION_CONTEXT('2D SPACE',''
  ) );
#658 = ORIENTED_EDGE('',*,*,#659,.T.);
#659 = EDGE_CURVE('',#637,#660,#662,.T.);
#660 = VERTEX_POINT('',#661);
#661 = CARTESIAN_POINT('',(31.05,27.5,44.));
#662 = SURFACE_CURVE('',#663,(#667,#674),.PCURVE_S1.);
#663 = LINE('',#664,#665);
#664 = CARTESIAN_POINT('',(31.05,27.5,25.6));
#665 = VECTOR('',#666,1.);
#666 = DIRECTION('',(0.,0.,1.));
#667 = PCURVE('',#44,#668);
#668 = DEFINITIONAL_REPRESENTATION('',(#669),#673);
#669 = LINE('',#670,#671);
#670 = CARTESIAN_POINT('',(2.4,-48.369));
#671 = VECTOR('',#672,1.);
#672 = DIRECTION('',(1.,0.));
#673 = ( GEOMETRIC_REPRESENTATION_CONTEXT(2) 
PARAMETRIC_REPRESENTATION_CONTEXT() REPRESENTATION_CONTEXT('2D SPACE',''
  ) );
#674 = PCURVE('',#675,#680);
#675 = PLANE('',#676);
#676 = AXIS2_PLACEMENT_3D('',#677,#678,#679);
#677 = CARTESIAN_POINT('',(-31.05,27.5,25.6));
#678 = DIRECTION('',(-0.,1.,0.));
#679 = DIRECTION('',(0.,0.,1.));
#680 = DEFINITIONAL_REPRESENTATION('',(#681),#685);
#681 = LINE('',#682,#683);
#682 = CARTESIAN_POINT('',(0.,62.1));
#683 = VECTOR('',#684,1.);
#684 = DIRECTION('',(1.,0.));
#685 = ( GEOMETRIC_REPRESENTATION_CONTEXT(2) 
PARAMETRIC_REPRESENTATION_CONTEXT() REPRESENTATION_CONTEXT('2D SPACE',''
  ) );
#686 = ORIENTED_EDGE('',*,*,#687,.F.);
#687 = EDGE_CURVE('',#688,#660,#690,.T.);
#688 = VERTEX_POINT('',#689);
#689 = CARTESIAN_POINT('',(31.05,24.,44.));
#690 = SURFACE_CURVE('',#691,(#695,#702),.PCURVE_S1.);
#691 = LINE('',#692,#693);
#692 = CARTESIAN_POINT('',(31.05,24.,44.));
#693 = VECTOR('',#694,1.);
#694 = DIRECTION('',(-0.,1.,0.));
#695 = PCURVE('',#44,#696);
#696 = DEFINITIONAL_REPRESENTATION('',(#697),#701);
#697 = LINE('',#698,#699);
#698 = CARTESIAN_POINT('',(20.8,-44.869));
#699 = VECTOR('',#700,1.);
#700 = DIRECTION('',(0.,-1.));
#701 = ( GEOMETRIC_REPRESENTATION_CONTEXT(2) 
PARAMETRIC_REPRESENTATION_CONTEXT() REPRESENTATION_CONTEXT('2D SPACE',''
  ) );
#702 = PCURVE('',#703,#708);
#703 = PLANE('',#704);
#704 = AXIS2_PLACEMENT_3D('',#705,#706,#707);
#705 = CARTESIAN_POINT('',(-31.05,24.,44.));
#706 = DIRECTION('',(0.,0.,1.));
#707 = DIRECTION('',(1.,0.,-0.));
#708 = DEFINITIONAL_REPRESENTATION('',(#709),#713);
#709 = LINE('',#710,#711);
#710 = CARTESIAN_POINT('',(62.1,0.));
#711 = VECTOR('',#712,1.);
#712 = DIRECTION('',(0.,1.));
#713 = ( GEOMETRIC_REPRESENTATION_CONTEXT(2) 
PARAMETRIC_REPRESENTATION_CONTEXT() REPRESENTATION_CONTEXT('2D SPACE',''
  ) );
#714 = ORIENTED_EDGE('',*,*,#715,.F.);
#715 = EDGE_CURVE('',#716,#688,#718,.T.);
#716 = VERTEX_POINT('',#717);
#717 = CARTESIAN_POINT('',(31.05,24.,30.));
#718 = SURFACE_CURVE('',#719,(#723,#730),.PCURVE_S1.);
#719 = LINE('',#720,#721);
#720 = CARTESIAN_POINT('',(31.05,24.,29.8));
#721 = VECTOR('',#722,1.);
#722 = DIRECTION('',(0.,0.,1.));
#723 = PCURVE('',#44,#724);
#724 = DEFINITIONAL_REPRESENTATION('',(#725),#729);
#725 = LINE('',#726,#727);
#726 = CARTESIAN_POINT('',(6.6,-44.869));
#727 = VECTOR('',#728,1.);
#728 = DIRECTION('',(1.,0.));
#729 = ( GEOMETRIC_REPRESENTATION_CONTEXT(2) 
PARAMETRIC_REPRESENTATION_CONTEXT() REPRESENTATION_CONTEXT('2D SPACE',''
  ) );
#730 = PCURVE('',#731,#736);
#731 = PLANE('',#732);
#732 = AXIS2_PLACEMENT_3D('',#733,#734,#735);
#733 = CARTESIAN_POINT('',(-31.05,24.,29.8));
#734 = DIRECTION('',(-0.,1.,0.));
#735 = DIRECTION('',(0.,0.,1.));
#736 = DEFINITIONAL_REPRESENTATION('',(#737),#741);
#737 = LINE('',#738,#739);
#738 = CARTESIAN_POINT('',(0.,62.1));
#739 = VECTOR('',#740,1.);
#740 = DIRECTION('',(1.,0.));
#741 = ( GEOMETRIC_REPRESENTATION_CONTEXT(2) 
PARAMETRIC_REPRESENTATION_CONTEXT() REPRESENTATION_CONTEXT('2D SPACE',''
  ) );
#742 = ORIENTED_EDGE('',*,*,#743,.T.);
#743 = EDGE_CURVE('',#716,#744,#746,.T.);
#744 = VERTEX_POINT('',#745);
#745 = CARTESIAN_POINT('',(31.05,-21.5,30.));
#746 = SURFACE_CURVE('',#747,(#751,#758),.PCURVE_S1.);
#747 = LINE('',#748,#749);
#748 = CARTESIAN_POINT('',(31.05,24.,30.));
#749 = VECTOR('',#750,1.);
#750 = DIRECTION('',(0.,-1.,0.));
#751 = PCURVE('',#44,#752);
#752 = DEFINITIONAL_REPRESENTATION('',(#753),#757);
#753 = LINE('',#754,#755);
#754 = CARTESIAN_POINT('',(6.8,-44.869));
#755 = VECTOR('',#756,1.);
#756 = DIRECTION('',(0.,1.));
#757 = ( GEOMETRIC_REPRESENTATION_CONTEXT(2) 
PARAMETRIC_REPRESENTATION_CONTEXT() REPRESENTATION_CONTEXT('2D SPACE',''
  ) );
#758 = PCURVE('',#759,#764);
#759 = PLANE('',#760);
#760 = AXIS2_PLACEMENT_3D('',#761,#762,#763);
#761 = CARTESIAN_POINT('',(-31.05,-21.5,30.));
#762 = DIRECTION('',(0.,0.,1.));
#763 = DIRECTION('',(1.,0.,-0.));
#764 = DEFINITIONAL_REPRESENTATION('',(#765),#769);
#765 = LINE('',#766,#767);
#766 = CARTESIAN_POINT('',(62.1,45.5));
#767 = VECTOR('',#768,1.);
#768 = DIRECTION('',(0.,-1.));
#769 = ( GEOMETRIC_REPRESENTATION_CONTEXT(2) 
PARAMETRIC_REPRESENTATION_CONTEXT() REPRESENTATION_CONTEXT('2D SPACE',''
  ) );
#770 = ORIENTED_EDGE('',*,*,#771,.F.);
#771 = EDGE_CURVE('',#772,#744,#774,.T.);
#772 = VERTEX_POINT('',#773);
#773 = CARTESIAN_POINT('',(31.05,-21.5,25.6));
#774 = SURFACE_CURVE('',#775,(#779,#786),.PCURVE_S1.);
#775 = LINE('',#776,#777);
#776 = CARTESIAN_POINT('',(31.05,-21.5,25.6));
#777 = VECTOR('',#778,1.);
#778 = DIRECTION('',(0.,0.,1.));
#779 = PCURVE('',#44,#780);
#780 = DEFINITIONAL_REPRESENTATION('',(#781),#785);
#781 = LINE('',#782,#783);
#782 = CARTESIAN_POINT('',(2.4,0.631));
#783 = VECTOR('',#784,1.);
#784 = DIRECTION('',(1.,0.));
#785 = ( GEOMETRIC_REPRESENTATION_CONTEXT(2) 
PARAMETRIC_REPRESENTATION_CONTEXT() REPRESENTATION_CONTEXT('2D SPACE',''
  ) );
#786 = PCURVE('',#787,#792);
#787 = PLANE('',#788);
#788 = AXIS2_PLACEMENT_3D('',#789,#790,#791);
#789 = CARTESIAN_POINT('',(-31.05,-21.5,25.6));
#790 = DIRECTION('',(-0.,1.,0.));
#791 = DIRECTION('',(0.,0.,1.));
#792 = DEFINITIONAL_REPRESENTATION('',(#793),#797);
#793 = LINE('',#794,#795);
#794 = CARTESIAN_POINT('',(0.,62.1));
#795 = VECTOR('',#796,1.);
#796 = DIRECTION('',(1.,0.));
#797 = ( GEOMETRIC_REPRESENTATION_CONTEXT(2) 
PARAMETRIC_REPRESENTATION_CONTEXT() REPRESENTATION_CONTEXT('2D SPACE',''
  ) );
#798 = ORIENTED_EDGE('',*,*,#799,.F.);
#799 = EDGE_CURVE('',#475,#772,#800,.T.);
#800 = SURFACE_CURVE('',#801,(#805,#812),.PCURVE_S1.);
#801 = LINE('',#802,#803);
#802 = CARTESIAN_POINT('',(31.05,27.5,25.6));
#803 = VECTOR('',#804,1.);
#804 = DIRECTION('',(0.,-1.,0.));
#805 = PCURVE('',#44,#806);
#806 = DEFINITIONAL_REPRESENTATION('',(#807),#811);
#807 = LINE('',#808,#809);
#808 = CARTESIAN_POINT('',(2.4,-48.369));
#809 = VECTOR('',#810,1.);
#810 = DIRECTION('',(0.,1.));
#811 = ( GEOMETRIC_REPRESENTATION_CONTEXT(2) 
PARAMETRIC_REPRESENTATION_CONTEXT() REPRESENTATION_CONTEXT('2D SPACE',''
  ) );
#812 = PCURVE('',#813,#818);
#813 = PLANE('',#814);
#814 = AXIS2_PLACEMENT_3D('',#815,#816,#817);
#815 = CARTESIAN_POINT('',(-31.05,-21.5,25.6));
#816 = DIRECTION('',(0.,0.,1.));
#817 = DIRECTION('',(1.,0.,-0.));
#818 = DEFINITIONAL_REPRESENTATION('',(#819),#823);
#819 = LINE('',#820,#821);
#820 = CARTESIAN_POINT('',(62.1,49.));
#821 = VECTOR('',#822,1.);
#822 = DIRECTION('',(0.,-1.));
#823 = ( GEOMETRIC_REPRESENTATION_CONTEXT(2) 
PARAMETRIC_REPRESENTATION_CONTEXT() REPRESENTATION_CONTEXT('2D SPACE',''
  ) );
#824 = ADVANCED_FACE('',(#825),#72,.F.);
#825 = FACE_BOUND('',#826,.F.);
#826 = EDGE_LOOP('',(#827,#828,#849,#870,#891,#912));
#827 = ORIENTED_EDGE('',*,*,#56,.F.);
#828 = ORIENTED_EDGE('',*,*,#829,.F.);
#829 = EDGE_CURVE('',#830,#57,#832,.T.);
#830 = VERTEX_POINT('',#831);
#831 = CARTESIAN_POINT('',(19.19906231343,-4.217628596664,0.));
#832 = SURFACE_CURVE('',#833,(#837,#843),.PCURVE_S1.);
#833 = LINE('',#834,#835);
#834 = CARTESIAN_POINT('',(19.19906231343,24.058340056617,0.));
#835 = VECTOR('',#836,1.);
#836 = DIRECTION('',(0.,1.,-0.));
#837 = PCURVE('',#72,#838);
#838 = DEFINITIONAL_REPRESENTATION('',(#839),#842);
#839 = B_SPLINE_CURVE_WITH_KNOTS('',1,(#840,#841),.UNSPECIFIED.,.F.,.F.,
  (2,2),(-44.92734005661,-28.27584005661),.PIECEWISE_BEZIER_KNOTS.);
#840 = CARTESIAN_POINT('',(1.19906231343,0.));
#841 = CARTESIAN_POINT('',(1.19906231343,16.6515));
#842 = ( GEOMETRIC_REPRESENTATION_CONTEXT(2) 
PARAMETRIC_REPRESENTATION_CONTEXT() REPRESENTATION_CONTEXT('2D SPACE',''
  ) );
#843 = PCURVE('',#100,#844);
#844 = DEFINITIONAL_REPRESENTATION('',(#845),#848);
#845 = B_SPLINE_CURVE_WITH_KNOTS('',1,(#846,#847),.UNSPECIFIED.,.F.,.F.,
  (2,2),(-44.92734005661,-28.27584005661),.PIECEWISE_BEZIER_KNOTS.);
#846 = CARTESIAN_POINT('',(89.854680113233,53.310691844744));
#847 = CARTESIAN_POINT('',(73.203180113233,53.310691844744));
#848 = ( GEOMETRIC_REPRESENTATION_CONTEXT(2) 
PARAMETRIC_REPRESENTATION_CONTEXT() REPRESENTATION_CONTEXT('2D SPACE',''
  ) );
#849 = ORIENTED_EDGE('',*,*,#850,.T.);
#850 = EDGE_CURVE('',#830,#851,#853,.T.);
#851 = VERTEX_POINT('',#852);
#852 = CARTESIAN_POINT('',(18.199377397854,-4.217628596664,0.));
#853 = SURFACE_CURVE('',#854,(#858,#864),.PCURVE_S1.);
#854 = LINE('',#855,#856);
#855 = CARTESIAN_POINT('',(18.099531156715,-4.217628596664,
    5.421010862428E-20));
#856 = VECTOR('',#857,1.);
#857 = DIRECTION('',(-1.,-0.,0.));
#858 = PCURVE('',#72,#859);
#859 = DEFINITIONAL_REPRESENTATION('',(#860),#863);
#860 = B_SPLINE_CURVE_WITH_KNOTS('',1,(#861,#862),.UNSPECIFIED.,.F.,.F.,
  (2,2),(-1.099531156715,-9.976178903998E-02),.PIECEWISE_BEZIER_KNOTS.);
#861 = CARTESIAN_POINT('',(1.19906231343,16.651371403336));
#862 = CARTESIAN_POINT('',(0.199292945755,16.651371403336));
#863 = ( GEOMETRIC_REPRESENTATION_CONTEXT(2) 
PARAMETRIC_REPRESENTATION_CONTEXT() REPRESENTATION_CONTEXT('2D SPACE',''
  ) );
#864 = PCURVE('',#128,#865);
#865 = DEFINITIONAL_REPRESENTATION('',(#866),#869);
#866 = B_SPLINE_CURVE_WITH_KNOTS('',1,(#867,#868),.UNSPECIFIED.,.F.,.F.,
  (2,2),(-1.099531156715,-9.976178903998E-02),.PIECEWISE_BEZIER_KNOTS.);
#867 = CARTESIAN_POINT('',(-1.,-5.739959360897E-04));
#868 = CARTESIAN_POINT('',(-2.306323251791E-04,-5.739959360897E-04));
#869 = ( GEOMETRIC_REPRESENTATION_CONTEXT(2) 
PARAMETRIC_REPRESENTATION_CONTEXT() REPRESENTATION_CONTEXT('2D SPACE',''
  ) );
#870 = ORIENTED_EDGE('',*,*,#871,.T.);
#871 = EDGE_CURVE('',#851,#872,#874,.T.);
#872 = VERTEX_POINT('',#873);
#873 = CARTESIAN_POINT('',(18.199377397854,-20.869,0.));
#874 = SURFACE_CURVE('',#875,(#879,#885),.PCURVE_S1.);
#875 = LINE('',#876,#877);
#876 = CARTESIAN_POINT('',(18.199377397854,-18.46997355134,
    -1.110223024625E-16));
#877 = VECTOR('',#878,1.);
#878 = DIRECTION('',(0.,-1.,0.));
#879 = PCURVE('',#72,#880);
#880 = DEFINITIONAL_REPRESENTATION('',(#881),#884);
#881 = B_SPLINE_CURVE_WITH_KNOTS('',1,(#882,#883),.UNSPECIFIED.,.F.,.F.,
  (2,2),(-14.25247355134,2.399026448654),.PIECEWISE_BEZIER_KNOTS.);
#882 = CARTESIAN_POINT('',(0.199377397854,16.6515));
#883 = CARTESIAN_POINT('',(0.199377397854,0.));
#884 = ( GEOMETRIC_REPRESENTATION_CONTEXT(2) 
PARAMETRIC_REPRESENTATION_CONTEXT() REPRESENTATION_CONTEXT('2D SPACE',''
  ) );
#885 = PCURVE('',#156,#886);
#886 = DEFINITIONAL_REPRESENTATION('',(#887),#890);
#887 = B_SPLINE_CURVE_WITH_KNOTS('',1,(#888,#889),.UNSPECIFIED.,.F.,.F.,
  (2,2),(-14.25247355134,2.399026448654),.PIECEWISE_BEZIER_KNOTS.);
#888 = CARTESIAN_POINT('',(-0.70666118452,-11.85344710269));
#889 = CARTESIAN_POINT('',(-0.70666118452,4.798052897307));
#890 = ( GEOMETRIC_REPRESENTATION_CONTEXT(2) 
PARAMETRIC_REPRESENTATION_CONTEXT() REPRESENTATION_CONTEXT('2D SPACE',''
  ) );
#891 = ORIENTED_EDGE('',*,*,#892,.T.);
#892 = EDGE_CURVE('',#872,#587,#893,.T.);
#893 = SURFACE_CURVE('',#894,(#898,#905),.PCURVE_S1.);
#894 = LINE('',#895,#896);
#895 = CARTESIAN_POINT('',(18.,-20.869,0.));
#896 = VECTOR('',#897,1.);
#897 = DIRECTION('',(1.,0.,-0.));
#898 = PCURVE('',#72,#899);
#899 = DEFINITIONAL_REPRESENTATION('',(#900),#904);
#900 = LINE('',#901,#902);
#901 = CARTESIAN_POINT('',(0.,0.));
#902 = VECTOR('',#903,1.);
#903 = DIRECTION('',(1.,0.));
#904 = ( GEOMETRIC_REPRESENTATION_CONTEXT(2) 
PARAMETRIC_REPRESENTATION_CONTEXT() REPRESENTATION_CONTEXT('2D SPACE',''
  ) );
#905 = PCURVE('',#602,#906);
#906 = DEFINITIONAL_REPRESENTATION('',(#907),#911);
#907 = LINE('',#908,#909);
#908 = CARTESIAN_POINT('',(0.,0.));
#909 = VECTOR('',#910,1.);
#910 = DIRECTION('',(0.,1.));
#911 = ( GEOMETRIC_REPRESENTATION_CONTEXT(2) 
PARAMETRIC_REPRESENTATION_CONTEXT() REPRESENTATION_CONTEXT('2D SPACE',''
  ) );
#912 = ORIENTED_EDGE('',*,*,#614,.T.);
#913 = ADVANCED_FACE('',(#914),#100,.F.);
#914 = FACE_BOUND('',#915,.F.);
#915 = EDGE_LOOP('',(#916,#917,#918));
#916 = ORIENTED_EDGE('',*,*,#829,.T.);
#917 = ORIENTED_EDGE('',*,*,#84,.T.);
#918 = ORIENTED_EDGE('',*,*,#919,.T.);
#919 = EDGE_CURVE('',#85,#830,#920,.T.);
#920 = SURFACE_CURVE('',#921,(#925,#932),.PCURVE_S1.);
#921 = LINE('',#922,#923);
#922 = CARTESIAN_POINT('',(19.19906231343,33.585621055964,
    -24.82617892578));
#923 = VECTOR('',#924,1.);
#924 = DIRECTION('',(0.,-0.835867368337,0.548931455238));
#925 = PCURVE('',#100,#926);
#926 = DEFINITIONAL_REPRESENTATION('',(#927),#931);
#927 = LINE('',#928,#929);
#928 = CARTESIAN_POINT('',(35.400059057269,28.484512918957));
#929 = VECTOR('',#930,1.);
#930 = DIRECTION('',(0.835867368337,0.548931455238));
#931 = ( GEOMETRIC_REPRESENTATION_CONTEXT(2) 
PARAMETRIC_REPRESENTATION_CONTEXT() REPRESENTATION_CONTEXT('2D SPACE',''
  ) );
#932 = PCURVE('',#128,#933);
#933 = DEFINITIONAL_REPRESENTATION('',(#934),#938);
#934 = LINE('',#935,#936);
#935 = CARTESIAN_POINT('',(-1.,45.225799331517));
#936 = VECTOR('',#937,1.);
#937 = DIRECTION('',(0.,-1.));
#938 = ( GEOMETRIC_REPRESENTATION_CONTEXT(2) 
PARAMETRIC_REPRESENTATION_CONTEXT() REPRESENTATION_CONTEXT('2D SPACE',''
  ) );
#939 = ADVANCED_FACE('',(#940),#128,.T.);
#940 = FACE_BOUND('',#941,.T.);
#941 = EDGE_LOOP('',(#942,#963,#964,#965));
#942 = ORIENTED_EDGE('',*,*,#943,.T.);
#943 = EDGE_CURVE('',#851,#113,#944,.T.);
#944 = SURFACE_CURVE('',#945,(#949,#956),.PCURVE_S1.);
#945 = LINE('',#946,#947);
#946 = CARTESIAN_POINT('',(20.404601613192,-7.57556143851,2.205224215338
    ));
#947 = VECTOR('',#948,1.);
#948 = DIRECTION('',(-0.481199433327,0.732730653604,-0.481199433327));
#949 = PCURVE('',#128,#950);
#950 = DEFINITIONAL_REPRESENTATION('',(#951),#955);
#951 = LINE('',#952,#953);
#952 = CARTESIAN_POINT('',(-2.205539299762,-4.017877421153));
#953 = VECTOR('',#954,1.);
#954 = DIRECTION('',(0.481199433327,0.876611148324));
#955 = ( GEOMETRIC_REPRESENTATION_CONTEXT(2) 
PARAMETRIC_REPRESENTATION_CONTEXT() REPRESENTATION_CONTEXT('2D SPACE',''
  ) );
#956 = PCURVE('',#156,#957);
#957 = DEFINITIONAL_REPRESENTATION('',(#958),#962);
#958 = LINE('',#959,#960);
#959 = CARTESIAN_POINT('',(2.411996808884,-8.495385664183));
#960 = VECTOR('',#961,1.);
#961 = DIRECTION('',(-0.680518764818,-0.732730653604));
#962 = ( GEOMETRIC_REPRESENTATION_CONTEXT(2) 
PARAMETRIC_REPRESENTATION_CONTEXT() REPRESENTATION_CONTEXT('2D SPACE',''
  ) );
#963 = ORIENTED_EDGE('',*,*,#112,.T.);
#964 = ORIENTED_EDGE('',*,*,#919,.T.);
#965 = ORIENTED_EDGE('',*,*,#850,.T.);
#966 = ADVANCED_FACE('',(#967),#156,.T.);
#967 = FACE_BOUND('',#968,.T.);
#968 = EDGE_LOOP('',(#969,#970,#971,#992,#1020,#1048,#1069));
#969 = ORIENTED_EDGE('',*,*,#943,.F.);
#970 = ORIENTED_EDGE('',*,*,#871,.T.);
#971 = ORIENTED_EDGE('',*,*,#972,.T.);
#972 = EDGE_CURVE('',#872,#973,#975,.T.);
#973 = VERTEX_POINT('',#974);
#974 = CARTESIAN_POINT('',(19.19906231343,-20.869,0.999684915576));
#975 = SURFACE_CURVE('',#976,(#980,#986),.PCURVE_S1.);
#976 = LINE('',#977,#978);
#977 = CARTESIAN_POINT('',(18.399375506178,-20.869,0.199998108324));
#978 = VECTOR('',#979,1.);
#979 = DIRECTION('',(0.707106781187,0.,0.707106781187));
#980 = PCURVE('',#156,#981);
#981 = DEFINITIONAL_REPRESENTATION('',(#982),#985);
#982 = B_SPLINE_CURVE_WITH_KNOTS('',1,(#983,#984),.UNSPECIFIED.,.F.,.F.,
  (2,2),(-0.282840037241,1.130927928466),.PIECEWISE_BEZIER_KNOTS.);
#983 = CARTESIAN_POINT('',(-0.70666118452,4.798052897307));
#984 = CARTESIAN_POINT('',(0.707106781187,4.798052897307));
#985 = ( GEOMETRIC_REPRESENTATION_CONTEXT(2) 
PARAMETRIC_REPRESENTATION_CONTEXT() REPRESENTATION_CONTEXT('2D SPACE',''
  ) );
#986 = PCURVE('',#602,#987);
#987 = DEFINITIONAL_REPRESENTATION('',(#988),#991);
#988 = B_SPLINE_CURVE_WITH_KNOTS('',1,(#989,#990),.UNSPECIFIED.,.F.,.F.,
  (2,2),(-0.282840037241,1.130927928466),.PIECEWISE_BEZIER_KNOTS.);
#989 = CARTESIAN_POINT('',(-2.775557561563E-17,0.199377397854));
#990 = CARTESIAN_POINT('',(0.999684915576,1.19906231343));
#991 = ( GEOMETRIC_REPRESENTATION_CONTEXT(2) 
PARAMETRIC_REPRESENTATION_CONTEXT() REPRESENTATION_CONTEXT('2D SPACE',''
  ) );
#992 = ORIENTED_EDGE('',*,*,#993,.T.);
#993 = EDGE_CURVE('',#973,#994,#996,.T.);
#994 = VERTEX_POINT('',#995);
#995 = CARTESIAN_POINT('',(19.19906231343,-20.86940764386,0.999684915576
    ));
#996 = SURFACE_CURVE('',#997,(#1001,#1008),.PCURVE_S1.);
#997 = LINE('',#998,#999);
#998 = CARTESIAN_POINT('',(19.19906231343,-10.75191951097,0.999684915576
    ));
#999 = VECTOR('',#1000,1.);
#1000 = DIRECTION('',(0.,-1.,0.));
#1001 = PCURVE('',#156,#1002);
#1002 = DEFINITIONAL_REPRESENTATION('',(#1003),#1007);
#1003 = LINE('',#1004,#1005);
#1004 = CARTESIAN_POINT('',(0.707106781187,-5.319027591716));
#1005 = VECTOR('',#1006,1.);
#1006 = DIRECTION('',(0.,1.));
#1007 = ( GEOMETRIC_REPRESENTATION_CONTEXT(2) 
PARAMETRIC_REPRESENTATION_CONTEXT() REPRESENTATION_CONTEXT('2D SPACE',''
  ) );
#1008 = PCURVE('',#1009,#1014);
#1009 = PLANE('',#1010);
#1010 = AXIS2_PLACEMENT_3D('',#1011,#1012,#1013);
#1011 = CARTESIAN_POINT('',(19.19906231343,68.985680113233,
    -53.31069184474));
#1012 = DIRECTION('',(-1.,0.,0.));
#1013 = DIRECTION('',(0.,-1.,0.));
#1014 = DEFINITIONAL_REPRESENTATION('',(#1015),#1019);
#1015 = LINE('',#1016,#1017);
#1016 = CARTESIAN_POINT('',(79.73759962421,54.31037676032));
#1017 = VECTOR('',#1018,1.);
#1018 = DIRECTION('',(1.,0.));
#1019 = ( GEOMETRIC_REPRESENTATION_CONTEXT(2) 
PARAMETRIC_REPRESENTATION_CONTEXT() REPRESENTATION_CONTEXT('2D SPACE',''
  ) );
#1020 = ORIENTED_EDGE('',*,*,#1021,.F.);
#1021 = EDGE_CURVE('',#1022,#994,#1024,.T.);
#1022 = VERTEX_POINT('',#1023);
#1023 = CARTESIAN_POINT('',(18.19906231343,-20.86940764386,
    -3.150844244999E-04));
#1024 = SURFACE_CURVE('',#1025,(#1029,#1036),.PCURVE_S1.);
#1025 = LINE('',#1026,#1027);
#1026 = CARTESIAN_POINT('',(18.19906231343,-20.86940764386,
    -3.150844244999E-04));
#1027 = VECTOR('',#1028,1.);
#1028 = DIRECTION('',(0.707106781187,0.,0.707106781187));
#1029 = PCURVE('',#156,#1030);
#1030 = DEFINITIONAL_REPRESENTATION('',(#1031),#1035);
#1031 = LINE('',#1032,#1033);
#1032 = CARTESIAN_POINT('',(-0.707106781187,4.798460541169));
#1033 = VECTOR('',#1034,1.);
#1034 = DIRECTION('',(1.,0.));
#1035 = ( GEOMETRIC_REPRESENTATION_CONTEXT(2) 
PARAMETRIC_REPRESENTATION_CONTEXT() REPRESENTATION_CONTEXT('2D SPACE',''
  ) );
#1036 = PCURVE('',#1037,#1042);
#1037 = PLANE('',#1038);
#1038 = AXIS2_PLACEMENT_3D('',#1039,#1040,#1041);
#1039 = CARTESIAN_POINT('',(42.43913116562,-20.86940764386,
    14.999684915576));
#1040 = DIRECTION('',(0.,1.,0.));
#1041 = DIRECTION('',(-1.,0.,0.));
#1042 = DEFINITIONAL_REPRESENTATION('',(#1043),#1047);
#1043 = LINE('',#1044,#1045);
#1044 = CARTESIAN_POINT('',(24.24006885219,-15.));
#1045 = VECTOR('',#1046,1.);
#1046 = DIRECTION('',(-0.707106781187,0.707106781187));
#1047 = ( GEOMETRIC_REPRESENTATION_CONTEXT(2) 
PARAMETRIC_REPRESENTATION_CONTEXT() REPRESENTATION_CONTEXT('2D SPACE',''
  ) );
#1048 = ORIENTED_EDGE('',*,*,#1049,.F.);
#1049 = EDGE_CURVE('',#141,#1022,#1050,.T.);
#1050 = SURFACE_CURVE('',#1051,(#1055,#1062),.PCURVE_S1.);
#1051 = LINE('',#1052,#1053);
#1052 = CARTESIAN_POINT('',(18.19906231343,-11.27248656152,
    -3.150844244999E-04));
#1053 = VECTOR('',#1054,1.);
#1054 = DIRECTION('',(0.,-1.,0.));
#1055 = PCURVE('',#156,#1056);
#1056 = DEFINITIONAL_REPRESENTATION('',(#1057),#1061);
#1057 = LINE('',#1058,#1059);
#1058 = CARTESIAN_POINT('',(-0.707106781187,-4.798460541166));
#1059 = VECTOR('',#1060,1.);
#1060 = DIRECTION('',(0.,1.));
#1061 = ( GEOMETRIC_REPRESENTATION_CONTEXT(2) 
PARAMETRIC_REPRESENTATION_CONTEXT() REPRESENTATION_CONTEXT('2D SPACE',''
  ) );
#1062 = PCURVE('',#184,#1063);
#1063 = DEFINITIONAL_REPRESENTATION('',(#1064),#1068);
#1064 = LINE('',#1065,#1066);
#1065 = CARTESIAN_POINT('',(12.944662250666,-1.));
#1066 = VECTOR('',#1067,1.);
#1067 = DIRECTION('',(-1.,0.));
#1068 = ( GEOMETRIC_REPRESENTATION_CONTEXT(2) 
PARAMETRIC_REPRESENTATION_CONTEXT() REPRESENTATION_CONTEXT('2D SPACE',''
  ) );
#1069 = ORIENTED_EDGE('',*,*,#140,.T.);
#1070 = ADVANCED_FACE('',(#1071,#1180,#1215),#184,.T.);
#1071 = FACE_BOUND('',#1072,.T.);
#1072 = EDGE_LOOP('',(#1073,#1103,#1124,#1125,#1126,#1149));
#1073 = ORIENTED_EDGE('',*,*,#1074,.F.);
#1074 = EDGE_CURVE('',#1075,#1077,#1079,.T.);
#1075 = VERTEX_POINT('',#1076);
#1076 = CARTESIAN_POINT('',(-18.19948216244,-20.86940764386,
    -3.150844244999E-04));
#1077 = VERTEX_POINT('',#1078);
#1078 = CARTESIAN_POINT('',(-15.10093768657,-20.86940764386,
    -3.150844244999E-04));
#1079 = SURFACE_CURVE('',#1080,(#1084,#1091),.PCURVE_S1.);
#1080 = LINE('',#1081,#1082);
#1081 = CARTESIAN_POINT('',(-18.19948216244,-20.86940764386,
    -3.150844244999E-04));
#1082 = VECTOR('',#1083,1.);
#1083 = DIRECTION('',(1.,0.,0.));
#1084 = PCURVE('',#184,#1085);
#1085 = DEFINITIONAL_REPRESENTATION('',(#1086),#1090);
#1086 = LINE('',#1087,#1088);
#1087 = CARTESIAN_POINT('',(3.347741168331,-37.39854447587));
#1088 = VECTOR('',#1089,1.);
#1089 = DIRECTION('',(0.,1.));
#1090 = ( GEOMETRIC_REPRESENTATION_CONTEXT(2) 
PARAMETRIC_REPRESENTATION_CONTEXT() REPRESENTATION_CONTEXT('2D SPACE',''
  ) );
#1091 = PCURVE('',#1092,#1097);
#1092 = PLANE('',#1093);
#1093 = AXIS2_PLACEMENT_3D('',#1094,#1095,#1096);
#1094 = CARTESIAN_POINT('',(42.43913116562,-20.86940764386,
    14.999684915576));
#1095 = DIRECTION('',(0.,1.,0.));
#1096 = DIRECTION('',(-1.,0.,0.));
#1097 = DEFINITIONAL_REPRESENTATION('',(#1098),#1102);
#1098 = LINE('',#1099,#1100);
#1099 = CARTESIAN_POINT('',(60.63861332806,-15.));
#1100 = VECTOR('',#1101,1.);
#1101 = DIRECTION('',(-1.,0.));
#1102 = ( GEOMETRIC_REPRESENTATION_CONTEXT(2) 
PARAMETRIC_REPRESENTATION_CONTEXT() REPRESENTATION_CONTEXT('2D SPACE',''
  ) );
#1103 = ORIENTED_EDGE('',*,*,#1104,.T.);
#1104 = EDGE_CURVE('',#1075,#169,#1105,.T.);
#1105 = SURFACE_CURVE('',#1106,(#1110,#1117),.PCURVE_S1.);
#1106 = LINE('',#1107,#1108);
#1107 = CARTESIAN_POINT('',(-18.19948216244,-20.86940764386,
    -3.150844244999E-04));
#1108 = VECTOR('',#1109,1.);
#1109 = DIRECTION('',(0.,1.,0.));
#1110 = PCURVE('',#184,#1111);
#1111 = DEFINITIONAL_REPRESENTATION('',(#1112),#1116);
#1112 = LINE('',#1113,#1114);
#1113 = CARTESIAN_POINT('',(3.347741168331,-37.39854447587));
#1114 = VECTOR('',#1115,1.);
#1115 = DIRECTION('',(1.,0.));
#1116 = ( GEOMETRIC_REPRESENTATION_CONTEXT(2) 
PARAMETRIC_REPRESENTATION_CONTEXT() REPRESENTATION_CONTEXT('2D SPACE',''
  ) );
#1117 = PCURVE('',#212,#1118);
#1118 = DEFINITIONAL_REPRESENTATION('',(#1119),#1123);
#1119 = LINE('',#1120,#1121);
#1120 = CARTESIAN_POINT('',(-0.707106781187,-4.798460541169));
#1121 = VECTOR('',#1122,1.);
#1122 = DIRECTION('',(0.,1.));
#1123 = ( GEOMETRIC_REPRESENTATION_CONTEXT(2) 
PARAMETRIC_REPRESENTATION_CONTEXT() REPRESENTATION_CONTEXT('2D SPACE',''
  ) );
#1124 = ORIENTED_EDGE('',*,*,#168,.T.);
#1125 = ORIENTED_EDGE('',*,*,#1049,.T.);
#1126 = ORIENTED_EDGE('',*,*,#1127,.F.);
#1127 = EDGE_CURVE('',#1128,#1022,#1130,.T.);
#1128 = VERTEX_POINT('',#1129);
#1129 = CARTESIAN_POINT('',(15.09906231343,-20.86940764386,
    -3.150844244999E-04));
#1130 = SURFACE_CURVE('',#1131,(#1135,#1142),.PCURVE_S1.);
#1131 = LINE('',#1132,#1133);
#1132 = CARTESIAN_POINT('',(15.09906231343,-20.86940764386,
    -3.150844244999E-04));
#1133 = VECTOR('',#1134,1.);
#1134 = DIRECTION('',(1.,0.,0.));
#1135 = PCURVE('',#184,#1136);
#1136 = DEFINITIONAL_REPRESENTATION('',(#1137),#1141);
#1137 = LINE('',#1138,#1139);
#1138 = CARTESIAN_POINT('',(3.347741168331,-4.1));
#1139 = VECTOR('',#1140,1.);
#1140 = DIRECTION('',(0.,1.));
#1141 = ( GEOMETRIC_REPRESENTATION_CONTEXT(2) 
PARAMETRIC_REPRESENTATION_CONTEXT() REPRESENTATION_CONTEXT('2D SPACE',''
  ) );
#1142 = PCURVE('',#1037,#1143);
#1143 = DEFINITIONAL_REPRESENTATION('',(#1144),#1148);
#1144 = LINE('',#1145,#1146);
#1145 = CARTESIAN_POINT('',(27.34006885219,-15.));
#1146 = VECTOR('',#1147,1.);
#1147 = DIRECTION('',(-1.,0.));
#1148 = ( GEOMETRIC_REPRESENTATION_CONTEXT(2) 
PARAMETRIC_REPRESENTATION_CONTEXT() REPRESENTATION_CONTEXT('2D SPACE',''
  ) );
#1149 = ORIENTED_EDGE('',*,*,#1150,.T.);
#1150 = EDGE_CURVE('',#1128,#1077,#1151,.T.);
#1151 = SURFACE_CURVE('',#1152,(#1157,#1168),.PCURVE_S1.);
#1152 = CIRCLE('',#1153,28.65);
#1153 = AXIS2_PLACEMENT_3D('',#1154,#1155,#1156);
#1154 = CARTESIAN_POINT('',(-9.37686570375E-04,-45.21714881219,
    -3.150844244999E-04));
#1155 = DIRECTION('',(0.,-0.,1.));
#1156 = DIRECTION('',(0.52705061082,0.849833897673,0.));
#1157 = PCURVE('',#184,#1158);
#1158 = DEFINITIONAL_REPRESENTATION('',(#1159),#1167);
#1159 = ( BOUNDED_CURVE() B_SPLINE_CURVE(2,(#1160,#1161,#1162,#1163,
#1164,#1165,#1166),.UNSPECIFIED.,.T.,.F.) B_SPLINE_CURVE_WITH_KNOTS((1,2
    ,2,2,2,1),(-2.094395102393,0.,2.094395102393,4.188790204786,
6.28318530718,8.377580409573),.UNSPECIFIED.) CURVE() 
GEOMETRIC_REPRESENTATION_ITEM() RATIONAL_B_SPLINE_CURVE((1.,0.5,1.,0.5,
1.,0.5,1.)) REPRESENTATION_ITEM('') );
#1160 = CARTESIAN_POINT('',(3.347741168327,-4.100000000001));
#1161 = CARTESIAN_POINT('',(29.501708362614,-46.27152475308));
#1162 = CARTESIAN_POINT('',(-20.09688698702,-47.83576237654));
#1163 = CARTESIAN_POINT('',(-69.69548233666,-49.39999999999));
#1164 = CARTESIAN_POINT('',(-46.25085418131,-5.664237623456));
#1165 = CARTESIAN_POINT('',(-22.80622602596,38.071524753084));
#1166 = CARTESIAN_POINT('',(3.347741168327,-4.100000000001));
#1167 = ( GEOMETRIC_REPRESENTATION_CONTEXT(2) 
PARAMETRIC_REPRESENTATION_CONTEXT() REPRESENTATION_CONTEXT('2D SPACE',''
  ) );
#1168 = PCURVE('',#1169,#1174);
#1169 = CYLINDRICAL_SURFACE('',#1170,28.65);
#1170 = AXIS2_PLACEMENT_3D('',#1171,#1172,#1173);
#1171 = CARTESIAN_POINT('',(-9.37686570375E-04,-45.21714881219,
    14.999684915576));
#1172 = DIRECTION('',(0.,0.,1.));
#1173 = DIRECTION('',(1.,0.,0.));
#1174 = DEFINITIONAL_REPRESENTATION('',(#1175),#1179);
#1175 = LINE('',#1176,#1177);
#1176 = CARTESIAN_POINT('',(1.015670059278,-15.));
#1177 = VECTOR('',#1178,1.);
#1178 = DIRECTION('',(1.,0.));
#1179 = ( GEOMETRIC_REPRESENTATION_CONTEXT(2) 
PARAMETRIC_REPRESENTATION_CONTEXT() REPRESENTATION_CONTEXT('2D SPACE',''
  ) );
#1180 = FACE_BOUND('',#1181,.T.);
#1181 = EDGE_LOOP('',(#1182));
#1182 = ORIENTED_EDGE('',*,*,#1183,.T.);
#1183 = EDGE_CURVE('',#1184,#1184,#1186,.T.);
#1184 = VERTEX_POINT('',#1185);
#1185 = CARTESIAN_POINT('',(-11.00093768657,-11.56714881219,
    -3.150844224997E-04));
#1186 = SURFACE_CURVE('',#1187,(#1192,#1203),.PCURVE_S1.);
#1187 = CIRCLE('',#1188,3.15);
#1188 = AXIS2_PLACEMENT_3D('',#1189,#1190,#1191);
#1189 = CARTESIAN_POINT('',(-11.00093768657,-14.71714881219,
    -3.150844244999E-04));
#1190 = DIRECTION('',(0.,0.,1.));
#1191 = DIRECTION('',(1.,0.,0.));
#1192 = PCURVE('',#184,#1193);
#1193 = DEFINITIONAL_REPRESENTATION('',(#1194),#1202);
#1194 = ( BOUNDED_CURVE() B_SPLINE_CURVE(2,(#1195,#1196,#1197,#1198,
#1199,#1200,#1201),.UNSPECIFIED.,.T.,.F.) B_SPLINE_CURVE_WITH_KNOTS((1,2
    ,2,2,2,1),(-2.094395102393,0.,2.094395102393,4.188790204786,
6.28318530718,8.377580409573),.UNSPECIFIED.) CURVE() 
GEOMETRIC_REPRESENTATION_ITEM() RATIONAL_B_SPLINE_CURVE((1.,0.5,1.,0.5,
1.,0.5,1.)) REPRESENTATION_ITEM('') );
#1195 = CARTESIAN_POINT('',(9.5,-27.05));
#1196 = CARTESIAN_POINT('',(14.955960043842,-27.05));
#1197 = CARTESIAN_POINT('',(12.227980021921,-31.775));
#1198 = CARTESIAN_POINT('',(9.5,-36.5));
#1199 = CARTESIAN_POINT('',(6.772019978079,-31.775));
#1200 = CARTESIAN_POINT('',(4.044039956158,-27.05));
#1201 = CARTESIAN_POINT('',(9.5,-27.05));
#1202 = ( GEOMETRIC_REPRESENTATION_CONTEXT(2) 
PARAMETRIC_REPRESENTATION_CONTEXT() REPRESENTATION_CONTEXT('2D SPACE',''
  ) );
#1203 = PCURVE('',#1204,#1209);
#1204 = CONICAL_SURFACE('',#1205,2.399999997624,0.785398163397);
#1205 = AXIS2_PLACEMENT_3D('',#1206,#1207,#1208);
#1206 = CARTESIAN_POINT('',(-11.00093768657,-14.71714881219,
    0.749684917956));
#1207 = DIRECTION('',(0.,0.,-1.));
#1208 = DIRECTION('',(0.,-1.,0.));
#1209 = DEFINITIONAL_REPRESENTATION('',(#1210),#1214);
#1210 = LINE('',#1211,#1212);
#1211 = CARTESIAN_POINT('',(4.712388980385,0.750000002378));
#1212 = VECTOR('',#1213,1.);
#1213 = DIRECTION('',(-1.,0.));
#1214 = ( GEOMETRIC_REPRESENTATION_CONTEXT(2) 
PARAMETRIC_REPRESENTATION_CONTEXT() REPRESENTATION_CONTEXT('2D SPACE',''
  ) );
#1215 = FACE_BOUND('',#1216,.T.);
#1216 = EDGE_LOOP('',(#1217));
#1217 = ORIENTED_EDGE('',*,*,#1218,.T.);
#1218 = EDGE_CURVE('',#1219,#1219,#1221,.T.);
#1219 = VERTEX_POINT('',#1220);
#1220 = CARTESIAN_POINT('',(10.99906231343,-11.56714881219,
    -3.150844224997E-04));
#1221 = SURFACE_CURVE('',#1222,(#1227,#1238),.PCURVE_S1.);
#1222 = CIRCLE('',#1223,3.15);
#1223 = AXIS2_PLACEMENT_3D('',#1224,#1225,#1226);
#1224 = CARTESIAN_POINT('',(10.99906231343,-14.71714881219,
    -3.150844244999E-04));
#1225 = DIRECTION('',(0.,0.,1.));
#1226 = DIRECTION('',(1.,0.,0.));
#1227 = PCURVE('',#184,#1228);
#1228 = DEFINITIONAL_REPRESENTATION('',(#1229),#1237);
#1229 = ( BOUNDED_CURVE() B_SPLINE_CURVE(2,(#1230,#1231,#1232,#1233,
#1234,#1235,#1236),.UNSPECIFIED.,.T.,.F.) B_SPLINE_CURVE_WITH_KNOTS((1,2
    ,2,2,2,1),(-2.094395102393,0.,2.094395102393,4.188790204786,
6.28318530718,8.377580409573),.UNSPECIFIED.) CURVE() 
GEOMETRIC_REPRESENTATION_ITEM() RATIONAL_B_SPLINE_CURVE((1.,0.5,1.,0.5,
1.,0.5,1.)) REPRESENTATION_ITEM('') );
#1230 = CARTESIAN_POINT('',(9.5,-5.05));
#1231 = CARTESIAN_POINT('',(14.955960043842,-5.05));
#1232 = CARTESIAN_POINT('',(12.227980021921,-9.775));
#1233 = CARTESIAN_POINT('',(9.5,-14.5));
#1234 = CARTESIAN_POINT('',(6.772019978079,-9.775));
#1235 = CARTESIAN_POINT('',(4.044039956158,-5.05));
#1236 = CARTESIAN_POINT('',(9.5,-5.05));
#1237 = ( GEOMETRIC_REPRESENTATION_CONTEXT(2) 
PARAMETRIC_REPRESENTATION_CONTEXT() REPRESENTATION_CONTEXT('2D SPACE',''
  ) );
#1238 = PCURVE('',#1239,#1244);
#1239 = CONICAL_SURFACE('',#1240,2.399999997624,0.785398163397);
#1240 = AXIS2_PLACEMENT_3D('',#1241,#1242,#1243);
#1241 = CARTESIAN_POINT('',(10.99906231343,-14.71714881219,
    0.749684917956));
#1242 = DIRECTION('',(0.,0.,-1.));
#1243 = DIRECTION('',(0.,-1.,0.));
#1244 = DEFINITIONAL_REPRESENTATION('',(#1245),#1249);
#1245 = LINE('',#1246,#1247);
#1246 = CARTESIAN_POINT('',(4.712388980385,0.750000002378));
#1247 = VECTOR('',#1248,1.);
#1248 = DIRECTION('',(-1.,0.));
#1249 = ( GEOMETRIC_REPRESENTATION_CONTEXT(2) 
PARAMETRIC_REPRESENTATION_CONTEXT() REPRESENTATION_CONTEXT('2D SPACE',''
  ) );
#1250 = ADVANCED_FACE('',(#1251),#212,.T.);
#1251 = FACE_BOUND('',#1252,.T.);
#1252 = EDGE_LOOP('',(#1253,#1276,#1277,#1278,#1301,#1329,#1355));
#1253 = ORIENTED_EDGE('',*,*,#1254,.F.);
#1254 = EDGE_CURVE('',#197,#1255,#1257,.T.);
#1255 = VERTEX_POINT('',#1256);
#1256 = CARTESIAN_POINT('',(-18.19979724686,-4.217628596664,0.));
#1257 = SURFACE_CURVE('',#1258,(#1262,#1269),.PCURVE_S1.);
#1258 = LINE('',#1259,#1260);
#1259 = CARTESIAN_POINT('',(-16.19092729526,-1.158687769444,
    -2.008869951599));
#1260 = VECTOR('',#1261,1.);
#1261 = DIRECTION('',(-0.481199433327,-0.732730653604,0.481199433327));
#1262 = PCURVE('',#212,#1263);
#1263 = DEFINITIONAL_REPRESENTATION('',(#1264),#1268);
#1264 = LINE('',#1265,#1266);
#1265 = CARTESIAN_POINT('',(-3.547632315115,14.912259333248));
#1266 = VECTOR('',#1267,1.);
#1267 = DIRECTION('',(0.680518764818,-0.732730653604));
#1268 = ( GEOMETRIC_REPRESENTATION_CONTEXT(2) 
PARAMETRIC_REPRESENTATION_CONTEXT() REPRESENTATION_CONTEXT('2D SPACE',''
  ) );
#1269 = PCURVE('',#240,#1270);
#1270 = DEFINITIONAL_REPRESENTATION('',(#1271),#1275);
#1271 = LINE('',#1272,#1273);
#1272 = CARTESIAN_POINT('',(34.389989608696,3.659026729126));
#1273 = VECTOR('',#1274,1.);
#1274 = DIRECTION('',(0.481199433327,-0.876611148324));
#1275 = ( GEOMETRIC_REPRESENTATION_CONTEXT(2) 
PARAMETRIC_REPRESENTATION_CONTEXT() REPRESENTATION_CONTEXT('2D SPACE',''
  ) );
#1276 = ORIENTED_EDGE('',*,*,#196,.T.);
#1277 = ORIENTED_EDGE('',*,*,#1104,.F.);
#1278 = ORIENTED_EDGE('',*,*,#1279,.F.);
#1279 = EDGE_CURVE('',#1280,#1075,#1282,.T.);
#1280 = VERTEX_POINT('',#1281);
#1281 = CARTESIAN_POINT('',(-19.19948216244,-20.86940764386,
    0.999684915576));
#1282 = SURFACE_CURVE('',#1283,(#1287,#1294),.PCURVE_S1.);
#1283 = LINE('',#1284,#1285);
#1284 = CARTESIAN_POINT('',(-19.19948216244,-20.86940764386,
    0.999684915576));
#1285 = VECTOR('',#1286,1.);
#1286 = DIRECTION('',(0.707106781187,0.,-0.707106781187));
#1287 = PCURVE('',#212,#1288);
#1288 = DEFINITIONAL_REPRESENTATION('',(#1289),#1293);
#1289 = LINE('',#1290,#1291);
#1290 = CARTESIAN_POINT('',(0.707106781187,-4.798460541169));
#1291 = VECTOR('',#1292,1.);
#1292 = DIRECTION('',(-1.,0.));
#1293 = ( GEOMETRIC_REPRESENTATION_CONTEXT(2) 
PARAMETRIC_REPRESENTATION_CONTEXT() REPRESENTATION_CONTEXT('2D SPACE',''
  ) );
#1294 = PCURVE('',#1092,#1295);
#1295 = DEFINITIONAL_REPRESENTATION('',(#1296),#1300);
#1296 = LINE('',#1297,#1298);
#1297 = CARTESIAN_POINT('',(61.63861332806,-14.));
#1298 = VECTOR('',#1299,1.);
#1299 = DIRECTION('',(-0.707106781187,-0.707106781187));
#1300 = ( GEOMETRIC_REPRESENTATION_CONTEXT(2) 
PARAMETRIC_REPRESENTATION_CONTEXT() REPRESENTATION_CONTEXT('2D SPACE',''
  ) );
#1301 = ORIENTED_EDGE('',*,*,#1302,.T.);
#1302 = EDGE_CURVE('',#1280,#1303,#1305,.T.);
#1303 = VERTEX_POINT('',#1304);
#1304 = CARTESIAN_POINT('',(-19.19948216244,-20.869,0.999684915576));
#1305 = SURFACE_CURVE('',#1306,(#1310,#1317),.PCURVE_S1.);
#1306 = LINE('',#1307,#1308);
#1307 = CARTESIAN_POINT('',(-19.19948216244,-20.86940764386,
    0.999684915576));
#1308 = VECTOR('',#1309,1.);
#1309 = DIRECTION('',(0.,1.,0.));
#1310 = PCURVE('',#212,#1311);
#1311 = DEFINITIONAL_REPRESENTATION('',(#1312),#1316);
#1312 = LINE('',#1313,#1314);
#1313 = CARTESIAN_POINT('',(0.707106781187,-4.798460541169));
#1314 = VECTOR('',#1315,1.);
#1315 = DIRECTION('',(0.,1.));
#1316 = ( GEOMETRIC_REPRESENTATION_CONTEXT(2) 
PARAMETRIC_REPRESENTATION_CONTEXT() REPRESENTATION_CONTEXT('2D SPACE',''
  ) );
#1317 = PCURVE('',#1318,#1323);
#1318 = PLANE('',#1319);
#1319 = AXIS2_PLACEMENT_3D('',#1320,#1321,#1322);
#1320 = CARTESIAN_POINT('',(-19.19948216244,28.630405450773,
    -11.35436862383));
#1321 = DIRECTION('',(-1.,0.,0.));
#1322 = DIRECTION('',(0.,0.96592663781,0.258816016447));
#1323 = DEFINITIONAL_REPRESENTATION('',(#1324),#1328);
#1324 = LINE('',#1325,#1326);
#1325 = CARTESIAN_POINT('',(-44.61576111067,-24.74445383866));
#1326 = VECTOR('',#1327,1.);
#1327 = DIRECTION('',(0.96592663781,0.258816016447));
#1328 = ( GEOMETRIC_REPRESENTATION_CONTEXT(2) 
PARAMETRIC_REPRESENTATION_CONTEXT() REPRESENTATION_CONTEXT('2D SPACE',''
  ) );
#1329 = ORIENTED_EDGE('',*,*,#1330,.T.);
#1330 = EDGE_CURVE('',#1303,#1331,#1333,.T.);
#1331 = VERTEX_POINT('',#1332);
#1332 = CARTESIAN_POINT('',(-18.19979724686,-20.869,0.));
#1333 = SURFACE_CURVE('',#1334,(#1338,#1344),.PCURVE_S1.);
#1334 = LINE('',#1335,#1336);
#1335 = CARTESIAN_POINT('',(-21.66219039293,-20.869,3.462393146072));
#1336 = VECTOR('',#1337,1.);
#1337 = DIRECTION('',(0.707106781186,0.,-0.707106781187));
#1338 = PCURVE('',#212,#1339);
#1339 = DEFINITIONAL_REPRESENTATION('',(#1340),#1343);
#1340 = B_SPLINE_CURVE_WITH_KNOTS('',1,(#1341,#1342),.UNSPECIFIED.,.F.,
  .F.,(2,2),(3.482795379735,4.896563345442),.PIECEWISE_BEZIER_KNOTS.);
#1341 = CARTESIAN_POINT('',(0.707106781187,-4.798052897307));
#1342 = CARTESIAN_POINT('',(-0.70666118452,-4.798052897307));
#1343 = ( GEOMETRIC_REPRESENTATION_CONTEXT(2) 
PARAMETRIC_REPRESENTATION_CONTEXT() REPRESENTATION_CONTEXT('2D SPACE',''
  ) );
#1344 = PCURVE('',#1345,#1350);
#1345 = PLANE('',#1346);
#1346 = AXIS2_PLACEMENT_3D('',#1347,#1348,#1349);
#1347 = CARTESIAN_POINT('',(-31.05,-20.869,0.));
#1348 = DIRECTION('',(-0.,1.,0.));
#1349 = DIRECTION('',(0.,0.,1.));
#1350 = DEFINITIONAL_REPRESENTATION('',(#1351),#1354);
#1351 = B_SPLINE_CURVE_WITH_KNOTS('',1,(#1352,#1353),.UNSPECIFIED.,.F.,
  .F.,(2,2),(3.482795379735,4.896563345442),.PIECEWISE_BEZIER_KNOTS.);
#1352 = CARTESIAN_POINT('',(0.999684915576,11.85051783756));
#1353 = CARTESIAN_POINT('',(0.,12.850202753135));
#1354 = ( GEOMETRIC_REPRESENTATION_CONTEXT(2) 
PARAMETRIC_REPRESENTATION_CONTEXT() REPRESENTATION_CONTEXT('2D SPACE',''
  ) );
#1355 = ORIENTED_EDGE('',*,*,#1356,.T.);
#1356 = EDGE_CURVE('',#1331,#1255,#1357,.T.);
#1357 = SURFACE_CURVE('',#1358,(#1362,#1368),.PCURVE_S1.);
#1358 = LINE('',#1359,#1360);
#1359 = CARTESIAN_POINT('',(-18.19979724686,-18.46997355134,0.));
#1360 = VECTOR('',#1361,1.);
#1361 = DIRECTION('',(0.,1.,-0.));
#1362 = PCURVE('',#212,#1363);
#1363 = DEFINITIONAL_REPRESENTATION('',(#1364),#1367);
#1364 = B_SPLINE_CURVE_WITH_KNOTS('',1,(#1365,#1366),.UNSPECIFIED.,.F.,
  .F.,(2,2),(-2.399026448654,14.252473551346),.PIECEWISE_BEZIER_KNOTS.);
#1365 = CARTESIAN_POINT('',(-0.70666118452,-4.798052897307));
#1366 = CARTESIAN_POINT('',(-0.70666118452,11.853447102693));
#1367 = ( GEOMETRIC_REPRESENTATION_CONTEXT(2) 
PARAMETRIC_REPRESENTATION_CONTEXT() REPRESENTATION_CONTEXT('2D SPACE',''
  ) );
#1368 = PCURVE('',#296,#1369);
#1369 = DEFINITIONAL_REPRESENTATION('',(#1370),#1373);
#1370 = B_SPLINE_CURVE_WITH_KNOTS('',1,(#1371,#1372),.UNSPECIFIED.,.F.,
  .F.,(2,2),(-2.399026448654,14.252473551346),.PIECEWISE_BEZIER_KNOTS.);
#1371 = CARTESIAN_POINT('',(12.850202753135,0.));
#1372 = CARTESIAN_POINT('',(12.850202753135,16.6515));
#1373 = ( GEOMETRIC_REPRESENTATION_CONTEXT(2) 
PARAMETRIC_REPRESENTATION_CONTEXT() REPRESENTATION_CONTEXT('2D SPACE',''
  ) );
#1374 = ADVANCED_FACE('',(#1375),#240,.T.);
#1375 = FACE_BOUND('',#1376,.T.);
#1376 = EDGE_LOOP('',(#1377,#1400,#1401,#1402));
#1377 = ORIENTED_EDGE('',*,*,#1378,.F.);
#1378 = EDGE_CURVE('',#225,#1379,#1381,.T.);
#1379 = VERTEX_POINT('',#1380);
#1380 = CARTESIAN_POINT('',(-19.19948216244,-4.217628596664,0.));
#1381 = SURFACE_CURVE('',#1382,(#1386,#1393),.PCURVE_S1.);
#1382 = LINE('',#1383,#1384);
#1383 = CARTESIAN_POINT('',(-19.19948216244,9.862533761086,
    -9.246734955584));
#1384 = VECTOR('',#1385,1.);
#1385 = DIRECTION('',(0.,-0.835867368337,0.548931455238));
#1386 = PCURVE('',#240,#1387);
#1387 = DEFINITIONAL_REPRESENTATION('',(#1388),#1392);
#1388 = LINE('',#1389,#1390);
#1389 = CARTESIAN_POINT('',(37.39854447587,16.844397935161));
#1390 = VECTOR('',#1391,1.);
#1391 = DIRECTION('',(0.,-1.));
#1392 = ( GEOMETRIC_REPRESENTATION_CONTEXT(2) 
PARAMETRIC_REPRESENTATION_CONTEXT() REPRESENTATION_CONTEXT('2D SPACE',''
  ) );
#1393 = PCURVE('',#268,#1394);
#1394 = DEFINITIONAL_REPRESENTATION('',(#1395),#1399);
#1395 = LINE('',#1396,#1397);
#1396 = CARTESIAN_POINT('',(-17.58289784991,-6.893245290821));
#1397 = VECTOR('',#1398,1.);
#1398 = DIRECTION('',(-0.665314304205,-0.746563377497));
#1399 = ( GEOMETRIC_REPRESENTATION_CONTEXT(2) 
PARAMETRIC_REPRESENTATION_CONTEXT() REPRESENTATION_CONTEXT('2D SPACE',''
  ) );
#1400 = ORIENTED_EDGE('',*,*,#224,.T.);
#1401 = ORIENTED_EDGE('',*,*,#1254,.T.);
#1402 = ORIENTED_EDGE('',*,*,#1403,.T.);
#1403 = EDGE_CURVE('',#1255,#1379,#1404,.T.);
#1404 = SURFACE_CURVE('',#1405,(#1409,#1415),.PCURVE_S1.);
#1405 = LINE('',#1406,#1407);
#1406 = CARTESIAN_POINT('',(-6.425468843285,-4.217628596664,
    5.421010862428E-20));
#1407 = VECTOR('',#1408,1.);
#1408 = DIRECTION('',(-1.,-0.,0.));
#1409 = PCURVE('',#240,#1410);
#1410 = DEFINITIONAL_REPRESENTATION('',(#1411),#1414);
#1411 = B_SPLINE_CURVE_WITH_KNOTS('',1,(#1412,#1413),.UNSPECIFIED.,.F.,
  .F.,(2,2),(11.77424395148,12.774013319155),.PIECEWISE_BEZIER_KNOTS.);
#1412 = CARTESIAN_POINT('',(36.398775108195,-5.739959360897E-04));
#1413 = CARTESIAN_POINT('',(37.39854447587,-5.739959360897E-04));
#1414 = ( GEOMETRIC_REPRESENTATION_CONTEXT(2) 
PARAMETRIC_REPRESENTATION_CONTEXT() REPRESENTATION_CONTEXT('2D SPACE',''
  ) );
#1415 = PCURVE('',#296,#1416);
#1416 = DEFINITIONAL_REPRESENTATION('',(#1417),#1420);
#1417 = B_SPLINE_CURVE_WITH_KNOTS('',1,(#1418,#1419),.UNSPECIFIED.,.F.,
  .F.,(2,2),(11.77424395148,12.774013319155),.PIECEWISE_BEZIER_KNOTS.);
#1418 = CARTESIAN_POINT('',(12.850287205234,16.651371403336));
#1419 = CARTESIAN_POINT('',(11.85051783756,16.651371403336));
#1420 = ( GEOMETRIC_REPRESENTATION_CONTEXT(2) 
PARAMETRIC_REPRESENTATION_CONTEXT() REPRESENTATION_CONTEXT('2D SPACE',''
  ) );
#1421 = ADVANCED_FACE('',(#1422),#268,.T.);
#1422 = FACE_BOUND('',#1423,.T.);
#1423 = EDGE_LOOP('',(#1424,#1443,#1444));
#1424 = ORIENTED_EDGE('',*,*,#1425,.T.);
#1425 = EDGE_CURVE('',#1379,#253,#1426,.T.);
#1426 = SURFACE_CURVE('',#1427,(#1431,#1437),.PCURVE_S1.);
#1427 = LINE('',#1428,#1429);
#1428 = CARTESIAN_POINT('',(-19.19948216244,3.880702725387,0.));
#1429 = VECTOR('',#1430,1.);
#1430 = DIRECTION('',(0.,1.,-0.));
#1431 = PCURVE('',#268,#1432);
#1432 = DEFINITIONAL_REPRESENTATION('',(#1433),#1436);
#1433 = B_SPLINE_CURVE_WITH_KNOTS('',1,(#1434,#1435),.UNSPECIFIED.,.F.,
  .F.,(2,2),(-24.48224896298,-8.098202725387),.PIECEWISE_BEZIER_KNOTS.);
#1434 = CARTESIAN_POINT('',(-44.61576111067,-23.70950472716));
#1435 = CARTESIAN_POINT('',(-28.78997441466,-19.46905114667));
#1436 = ( GEOMETRIC_REPRESENTATION_CONTEXT(2) 
PARAMETRIC_REPRESENTATION_CONTEXT() REPRESENTATION_CONTEXT('2D SPACE',''
  ) );
#1437 = PCURVE('',#296,#1438);
#1438 = DEFINITIONAL_REPRESENTATION('',(#1439),#1442);
#1439 = B_SPLINE_CURVE_WITH_KNOTS('',1,(#1440,#1441),.UNSPECIFIED.,.F.,
  .F.,(2,2),(-24.48224896298,-8.098202725387),.PIECEWISE_BEZIER_KNOTS.);
#1440 = CARTESIAN_POINT('',(11.85051783756,0.267453762402));
#1441 = CARTESIAN_POINT('',(11.85051783756,16.6515));
#1442 = ( GEOMETRIC_REPRESENTATION_CONTEXT(2) 
PARAMETRIC_REPRESENTATION_CONTEXT() REPRESENTATION_CONTEXT('2D SPACE',''
  ) );
#1443 = ORIENTED_EDGE('',*,*,#252,.T.);
#1444 = ORIENTED_EDGE('',*,*,#1378,.T.);
#1445 = ADVANCED_FACE('',(#1446),#296,.F.);
#1446 = FACE_BOUND('',#1447,.F.);
#1447 = EDGE_LOOP('',(#1448,#1449,#1472,#1493,#1494,#1495));
#1448 = ORIENTED_EDGE('',*,*,#280,.F.);
#1449 = ORIENTED_EDGE('',*,*,#1450,.F.);
#1450 = EDGE_CURVE('',#1451,#281,#1453,.T.);
#1451 = VERTEX_POINT('',#1452);
#1452 = CARTESIAN_POINT('',(-31.05,-20.869,0.));
#1453 = SURFACE_CURVE('',#1454,(#1458,#1465),.PCURVE_S1.);
#1454 = LINE('',#1455,#1456);
#1455 = CARTESIAN_POINT('',(-31.05,-20.869,0.));
#1456 = VECTOR('',#1457,1.);
#1457 = DIRECTION('',(-0.,1.,0.));
#1458 = PCURVE('',#296,#1459);
#1459 = DEFINITIONAL_REPRESENTATION('',(#1460),#1464);
#1460 = LINE('',#1461,#1462);
#1461 = CARTESIAN_POINT('',(0.,0.));
#1462 = VECTOR('',#1463,1.);
#1463 = DIRECTION('',(0.,1.));
#1464 = ( GEOMETRIC_REPRESENTATION_CONTEXT(2) 
PARAMETRIC_REPRESENTATION_CONTEXT() REPRESENTATION_CONTEXT('2D SPACE',''
  ) );
#1465 = PCURVE('',#324,#1466);
#1466 = DEFINITIONAL_REPRESENTATION('',(#1467),#1471);
#1467 = LINE('',#1468,#1469);
#1468 = CARTESIAN_POINT('',(-25.6,-0.631));
#1469 = VECTOR('',#1470,1.);
#1470 = DIRECTION('',(0.,-1.));
#1471 = ( GEOMETRIC_REPRESENTATION_CONTEXT(2) 
PARAMETRIC_REPRESENTATION_CONTEXT() REPRESENTATION_CONTEXT('2D SPACE',''
  ) );
#1472 = ORIENTED_EDGE('',*,*,#1473,.T.);
#1473 = EDGE_CURVE('',#1451,#1331,#1474,.T.);
#1474 = SURFACE_CURVE('',#1475,(#1479,#1486),.PCURVE_S1.);
#1475 = LINE('',#1476,#1477);
#1476 = CARTESIAN_POINT('',(-31.05,-20.869,0.));
#1477 = VECTOR('',#1478,1.);
#1478 = DIRECTION('',(1.,0.,-0.));
#1479 = PCURVE('',#296,#1480);
#1480 = DEFINITIONAL_REPRESENTATION('',(#1481),#1485);
#1481 = LINE('',#1482,#1483);
#1482 = CARTESIAN_POINT('',(0.,0.));
#1483 = VECTOR('',#1484,1.);
#1484 = DIRECTION('',(1.,0.));
#1485 = ( GEOMETRIC_REPRESENTATION_CONTEXT(2) 
PARAMETRIC_REPRESENTATION_CONTEXT() REPRESENTATION_CONTEXT('2D SPACE',''
  ) );
#1486 = PCURVE('',#1345,#1487);
#1487 = DEFINITIONAL_REPRESENTATION('',(#1488),#1492);
#1488 = LINE('',#1489,#1490);
#1489 = CARTESIAN_POINT('',(0.,0.));
#1490 = VECTOR('',#1491,1.);
#1491 = DIRECTION('',(0.,1.));
#1492 = ( GEOMETRIC_REPRESENTATION_CONTEXT(2) 
PARAMETRIC_REPRESENTATION_CONTEXT() REPRESENTATION_CONTEXT('2D SPACE',''
  ) );
#1493 = ORIENTED_EDGE('',*,*,#1356,.T.);
#1494 = ORIENTED_EDGE('',*,*,#1403,.T.);
#1495 = ORIENTED_EDGE('',*,*,#1425,.T.);
#1496 = ADVANCED_FACE('',(#1497),#324,.F.);
#1497 = FACE_BOUND('',#1498,.F.);
#1498 = EDGE_LOOP('',(#1499,#1524,#1547,#1570,#1598,#1626,#1654,#1682,
    #1703,#1704,#1705,#1728,#1751,#1774));
#1499 = ORIENTED_EDGE('',*,*,#1500,.F.);
#1500 = EDGE_CURVE('',#1501,#1503,#1505,.T.);
#1501 = VERTEX_POINT('',#1502);
#1502 = CARTESIAN_POINT('',(-31.05,-21.5,30.));
#1503 = VERTEX_POINT('',#1504);
#1504 = CARTESIAN_POINT('',(-31.05,24.,30.));
#1505 = SURFACE_CURVE('',#1506,(#1510,#1517),.PCURVE_S1.);
#1506 = LINE('',#1507,#1508);
#1507 = CARTESIAN_POINT('',(-31.05,-21.5,30.));
#1508 = VECTOR('',#1509,1.);
#1509 = DIRECTION('',(0.,1.,0.));
#1510 = PCURVE('',#324,#1511);
#1511 = DEFINITIONAL_REPRESENTATION('',(#1512),#1516);
#1512 = LINE('',#1513,#1514);
#1513 = CARTESIAN_POINT('',(4.4,0.));
#1514 = VECTOR('',#1515,1.);
#1515 = DIRECTION('',(0.,-1.));
#1516 = ( GEOMETRIC_REPRESENTATION_CONTEXT(2) 
PARAMETRIC_REPRESENTATION_CONTEXT() REPRESENTATION_CONTEXT('2D SPACE',''
  ) );
#1517 = PCURVE('',#759,#1518);
#1518 = DEFINITIONAL_REPRESENTATION('',(#1519),#1523);
#1519 = LINE('',#1520,#1521);
#1520 = CARTESIAN_POINT('',(0.,0.));
#1521 = VECTOR('',#1522,1.);
#1522 = DIRECTION('',(0.,1.));
#1523 = ( GEOMETRIC_REPRESENTATION_CONTEXT(2) 
PARAMETRIC_REPRESENTATION_CONTEXT() REPRESENTATION_CONTEXT('2D SPACE',''
  ) );
#1524 = ORIENTED_EDGE('',*,*,#1525,.F.);
#1525 = EDGE_CURVE('',#1526,#1501,#1528,.T.);
#1526 = VERTEX_POINT('',#1527);
#1527 = CARTESIAN_POINT('',(-31.05,-21.5,25.6));
#1528 = SURFACE_CURVE('',#1529,(#1533,#1540),.PCURVE_S1.);
#1529 = LINE('',#1530,#1531);
#1530 = CARTESIAN_POINT('',(-31.05,-21.5,25.6));
#1531 = VECTOR('',#1532,1.);
#1532 = DIRECTION('',(0.,0.,1.));
#1533 = PCURVE('',#324,#1534);
#1534 = DEFINITIONAL_REPRESENTATION('',(#1535),#1539);
#1535 = LINE('',#1536,#1537);
#1536 = CARTESIAN_POINT('',(0.,0.));
#1537 = VECTOR('',#1538,1.);
#1538 = DIRECTION('',(1.,0.));
#1539 = ( GEOMETRIC_REPRESENTATION_CONTEXT(2) 
PARAMETRIC_REPRESENTATION_CONTEXT() REPRESENTATION_CONTEXT('2D SPACE',''
  ) );
#1540 = PCURVE('',#787,#1541);
#1541 = DEFINITIONAL_REPRESENTATION('',(#1542),#1546);
#1542 = LINE('',#1543,#1544);
#1543 = CARTESIAN_POINT('',(0.,0.));
#1544 = VECTOR('',#1545,1.);
#1545 = DIRECTION('',(1.,0.));
#1546 = ( GEOMETRIC_REPRESENTATION_CONTEXT(2) 
PARAMETRIC_REPRESENTATION_CONTEXT() REPRESENTATION_CONTEXT('2D SPACE',''
  ) );
#1547 = ORIENTED_EDGE('',*,*,#1548,.T.);
#1548 = EDGE_CURVE('',#1526,#1549,#1551,.T.);
#1549 = VERTEX_POINT('',#1550);
#1550 = CARTESIAN_POINT('',(-31.05,-20.869,25.6));
#1551 = SURFACE_CURVE('',#1552,(#1556,#1563),.PCURVE_S1.);
#1552 = LINE('',#1553,#1554);
#1553 = CARTESIAN_POINT('',(-31.05,-21.5,25.6));
#1554 = VECTOR('',#1555,1.);
#1555 = DIRECTION('',(0.,1.,0.));
#1556 = PCURVE('',#324,#1557);
#1557 = DEFINITIONAL_REPRESENTATION('',(#1558),#1562);
#1558 = LINE('',#1559,#1560);
#1559 = CARTESIAN_POINT('',(0.,0.));
#1560 = VECTOR('',#1561,1.);
#1561 = DIRECTION('',(0.,-1.));
#1562 = ( GEOMETRIC_REPRESENTATION_CONTEXT(2) 
PARAMETRIC_REPRESENTATION_CONTEXT() REPRESENTATION_CONTEXT('2D SPACE',''
  ) );
#1563 = PCURVE('',#813,#1564);
#1564 = DEFINITIONAL_REPRESENTATION('',(#1565),#1569);
#1565 = LINE('',#1566,#1567);
#1566 = CARTESIAN_POINT('',(0.,0.));
#1567 = VECTOR('',#1568,1.);
#1568 = DIRECTION('',(0.,1.));
#1569 = ( GEOMETRIC_REPRESENTATION_CONTEXT(2) 
PARAMETRIC_REPRESENTATION_CONTEXT() REPRESENTATION_CONTEXT('2D SPACE',''
  ) );
#1570 = ORIENTED_EDGE('',*,*,#1571,.F.);
#1571 = EDGE_CURVE('',#1572,#1549,#1574,.T.);
#1572 = VERTEX_POINT('',#1573);
#1573 = CARTESIAN_POINT('',(-31.05,-20.869,23.2));
#1574 = SURFACE_CURVE('',#1575,(#1579,#1586),.PCURVE_S1.);
#1575 = LINE('',#1576,#1577);
#1576 = CARTESIAN_POINT('',(-31.05,-20.869,23.2));
#1577 = VECTOR('',#1578,1.);
#1578 = DIRECTION('',(0.,0.,1.));
#1579 = PCURVE('',#324,#1580);
#1580 = DEFINITIONAL_REPRESENTATION('',(#1581),#1585);
#1581 = LINE('',#1582,#1583);
#1582 = CARTESIAN_POINT('',(-2.4,-0.631));
#1583 = VECTOR('',#1584,1.);
#1584 = DIRECTION('',(1.,0.));
#1585 = ( GEOMETRIC_REPRESENTATION_CONTEXT(2) 
PARAMETRIC_REPRESENTATION_CONTEXT() REPRESENTATION_CONTEXT('2D SPACE',''
  ) );
#1586 = PCURVE('',#1587,#1592);
#1587 = PLANE('',#1588);
#1588 = AXIS2_PLACEMENT_3D('',#1589,#1590,#1591);
#1589 = CARTESIAN_POINT('',(-31.05,-20.869,23.2));
#1590 = DIRECTION('',(-0.,1.,0.));
#1591 = DIRECTION('',(0.,0.,1.));
#1592 = DEFINITIONAL_REPRESENTATION('',(#1593),#1597);
#1593 = LINE('',#1594,#1595);
#1594 = CARTESIAN_POINT('',(0.,0.));
#1595 = VECTOR('',#1596,1.);
#1596 = DIRECTION('',(1.,0.));
#1597 = ( GEOMETRIC_REPRESENTATION_CONTEXT(2) 
PARAMETRIC_REPRESENTATION_CONTEXT() REPRESENTATION_CONTEXT('2D SPACE',''
  ) );
#1598 = ORIENTED_EDGE('',*,*,#1599,.T.);
#1599 = EDGE_CURVE('',#1572,#1600,#1602,.T.);
#1600 = VERTEX_POINT('',#1601);
#1601 = CARTESIAN_POINT('',(-31.05,-10.717,23.2));
#1602 = SURFACE_CURVE('',#1603,(#1607,#1614),.PCURVE_S1.);
#1603 = LINE('',#1604,#1605);
#1604 = CARTESIAN_POINT('',(-31.05,-20.869,23.2));
#1605 = VECTOR('',#1606,1.);
#1606 = DIRECTION('',(-0.,1.,0.));
#1607 = PCURVE('',#324,#1608);
#1608 = DEFINITIONAL_REPRESENTATION('',(#1609),#1613);
#1609 = LINE('',#1610,#1611);
#1610 = CARTESIAN_POINT('',(-2.4,-0.631));
#1611 = VECTOR('',#1612,1.);
#1612 = DIRECTION('',(0.,-1.));
#1613 = ( GEOMETRIC_REPRESENTATION_CONTEXT(2) 
PARAMETRIC_REPRESENTATION_CONTEXT() REPRESENTATION_CONTEXT('2D SPACE',''
  ) );
#1614 = PCURVE('',#1615,#1620);
#1615 = PLANE('',#1616);
#1616 = AXIS2_PLACEMENT_3D('',#1617,#1618,#1619);
#1617 = CARTESIAN_POINT('',(-31.05,-20.869,23.2));
#1618 = DIRECTION('',(0.,0.,1.));
#1619 = DIRECTION('',(1.,0.,-0.));
#1620 = DEFINITIONAL_REPRESENTATION('',(#1621),#1625);
#1621 = LINE('',#1622,#1623);
#1622 = CARTESIAN_POINT('',(0.,0.));
#1623 = VECTOR('',#1624,1.);
#1624 = DIRECTION('',(0.,1.));
#1625 = ( GEOMETRIC_REPRESENTATION_CONTEXT(2) 
PARAMETRIC_REPRESENTATION_CONTEXT() REPRESENTATION_CONTEXT('2D SPACE',''
  ) );
#1626 = ORIENTED_EDGE('',*,*,#1627,.F.);
#1627 = EDGE_CURVE('',#1628,#1600,#1630,.T.);
#1628 = VERTEX_POINT('',#1629);
#1629 = CARTESIAN_POINT('',(-31.05,-10.717,2.8));
#1630 = SURFACE_CURVE('',#1631,(#1635,#1642),.PCURVE_S1.);
#1631 = LINE('',#1632,#1633);
#1632 = CARTESIAN_POINT('',(-31.05,-10.717,2.7));
#1633 = VECTOR('',#1634,1.);
#1634 = DIRECTION('',(0.,0.,1.));
#1635 = PCURVE('',#324,#1636);
#1636 = DEFINITIONAL_REPRESENTATION('',(#1637),#1641);
#1637 = LINE('',#1638,#1639);
#1638 = CARTESIAN_POINT('',(-22.9,-10.783));
#1639 = VECTOR('',#1640,1.);
#1640 = DIRECTION('',(1.,0.));
#1641 = ( GEOMETRIC_REPRESENTATION_CONTEXT(2) 
PARAMETRIC_REPRESENTATION_CONTEXT() REPRESENTATION_CONTEXT('2D SPACE',''
  ) );
#1642 = PCURVE('',#1643,#1648);
#1643 = PLANE('',#1644);
#1644 = AXIS2_PLACEMENT_3D('',#1645,#1646,#1647);
#1645 = CARTESIAN_POINT('',(-31.05,-10.717,2.7));
#1646 = DIRECTION('',(-0.,1.,0.));
#1647 = DIRECTION('',(0.,0.,1.));
#1648 = DEFINITIONAL_REPRESENTATION('',(#1649),#1653);
#1649 = LINE('',#1650,#1651);
#1650 = CARTESIAN_POINT('',(0.,0.));
#1651 = VECTOR('',#1652,1.);
#1652 = DIRECTION('',(1.,0.));
#1653 = ( GEOMETRIC_REPRESENTATION_CONTEXT(2) 
PARAMETRIC_REPRESENTATION_CONTEXT() REPRESENTATION_CONTEXT('2D SPACE',''
  ) );
#1654 = ORIENTED_EDGE('',*,*,#1655,.F.);
#1655 = EDGE_CURVE('',#1656,#1628,#1658,.T.);
#1656 = VERTEX_POINT('',#1657);
#1657 = CARTESIAN_POINT('',(-31.05,-20.869,2.8));
#1658 = SURFACE_CURVE('',#1659,(#1663,#1670),.PCURVE_S1.);
#1659 = LINE('',#1660,#1661);
#1660 = CARTESIAN_POINT('',(-31.05,-20.869,2.8));
#1661 = VECTOR('',#1662,1.);
#1662 = DIRECTION('',(-0.,1.,0.));
#1663 = PCURVE('',#324,#1664);
#1664 = DEFINITIONAL_REPRESENTATION('',(#1665),#1669);
#1665 = LINE('',#1666,#1667);
#1666 = CARTESIAN_POINT('',(-22.8,-0.631));
#1667 = VECTOR('',#1668,1.);
#1668 = DIRECTION('',(0.,-1.));
#1669 = ( GEOMETRIC_REPRESENTATION_CONTEXT(2) 
PARAMETRIC_REPRESENTATION_CONTEXT() REPRESENTATION_CONTEXT('2D SPACE',''
  ) );
#1670 = PCURVE('',#1671,#1676);
#1671 = PLANE('',#1672);
#1672 = AXIS2_PLACEMENT_3D('',#1673,#1674,#1675);
#1673 = CARTESIAN_POINT('',(-31.05,-20.869,2.8));
#1674 = DIRECTION('',(0.,0.,1.));
#1675 = DIRECTION('',(1.,0.,-0.));
#1676 = DEFINITIONAL_REPRESENTATION('',(#1677),#1681);
#1677 = LINE('',#1678,#1679);
#1678 = CARTESIAN_POINT('',(0.,0.));
#1679 = VECTOR('',#1680,1.);
#1680 = DIRECTION('',(0.,1.));
#1681 = ( GEOMETRIC_REPRESENTATION_CONTEXT(2) 
PARAMETRIC_REPRESENTATION_CONTEXT() REPRESENTATION_CONTEXT('2D SPACE',''
  ) );
#1682 = ORIENTED_EDGE('',*,*,#1683,.F.);
#1683 = EDGE_CURVE('',#1451,#1656,#1684,.T.);
#1684 = SURFACE_CURVE('',#1685,(#1689,#1696),.PCURVE_S1.);
#1685 = LINE('',#1686,#1687);
#1686 = CARTESIAN_POINT('',(-31.05,-20.869,0.));
#1687 = VECTOR('',#1688,1.);
#1688 = DIRECTION('',(0.,0.,1.));
#1689 = PCURVE('',#324,#1690);
#1690 = DEFINITIONAL_REPRESENTATION('',(#1691),#1695);
#1691 = LINE('',#1692,#1693);
#1692 = CARTESIAN_POINT('',(-25.6,-0.631));
#1693 = VECTOR('',#1694,1.);
#1694 = DIRECTION('',(1.,0.));
#1695 = ( GEOMETRIC_REPRESENTATION_CONTEXT(2) 
PARAMETRIC_REPRESENTATION_CONTEXT() REPRESENTATION_CONTEXT('2D SPACE',''
  ) );
#1696 = PCURVE('',#1345,#1697);
#1697 = DEFINITIONAL_REPRESENTATION('',(#1698),#1702);
#1698 = LINE('',#1699,#1700);
#1699 = CARTESIAN_POINT('',(0.,0.));
#1700 = VECTOR('',#1701,1.);
#1701 = DIRECTION('',(1.,0.));
#1702 = ( GEOMETRIC_REPRESENTATION_CONTEXT(2) 
PARAMETRIC_REPRESENTATION_CONTEXT() REPRESENTATION_CONTEXT('2D SPACE',''
  ) );
#1703 = ORIENTED_EDGE('',*,*,#1450,.T.);
#1704 = ORIENTED_EDGE('',*,*,#308,.T.);
#1705 = ORIENTED_EDGE('',*,*,#1706,.T.);
#1706 = EDGE_CURVE('',#309,#1707,#1709,.T.);
#1707 = VERTEX_POINT('',#1708);
#1708 = CARTESIAN_POINT('',(-31.05,27.5,25.6));
#1709 = SURFACE_CURVE('',#1710,(#1714,#1721),.PCURVE_S1.);
#1710 = LINE('',#1711,#1712);
#1711 = CARTESIAN_POINT('',(-31.05,-21.5,25.6));
#1712 = VECTOR('',#1713,1.);
#1713 = DIRECTION('',(0.,1.,0.));
#1714 = PCURVE('',#324,#1715);
#1715 = DEFINITIONAL_REPRESENTATION('',(#1716),#1720);
#1716 = LINE('',#1717,#1718);
#1717 = CARTESIAN_POINT('',(0.,0.));
#1718 = VECTOR('',#1719,1.);
#1719 = DIRECTION('',(0.,-1.));
#1720 = ( GEOMETRIC_REPRESENTATION_CONTEXT(2) 
PARAMETRIC_REPRESENTATION_CONTEXT() REPRESENTATION_CONTEXT('2D SPACE',''
  ) );
#1721 = PCURVE('',#352,#1722);
#1722 = DEFINITIONAL_REPRESENTATION('',(#1723),#1727);
#1723 = LINE('',#1724,#1725);
#1724 = CARTESIAN_POINT('',(0.,0.));
#1725 = VECTOR('',#1726,1.);
#1726 = DIRECTION('',(0.,1.));
#1727 = ( GEOMETRIC_REPRESENTATION_CONTEXT(2) 
PARAMETRIC_REPRESENTATION_CONTEXT() REPRESENTATION_CONTEXT('2D SPACE',''
  ) );
#1728 = ORIENTED_EDGE('',*,*,#1729,.F.);
#1729 = EDGE_CURVE('',#1730,#1707,#1732,.T.);
#1730 = VERTEX_POINT('',#1731);
#1731 = CARTESIAN_POINT('',(-31.05,27.5,44.));
#1732 = SURFACE_CURVE('',#1733,(#1737,#1744),.PCURVE_S1.);
#1733 = LINE('',#1734,#1735);
#1734 = CARTESIAN_POINT('',(-31.05,27.5,44.));
#1735 = VECTOR('',#1736,1.);
#1736 = DIRECTION('',(0.,0.,-1.));
#1737 = PCURVE('',#324,#1738);
#1738 = DEFINITIONAL_REPRESENTATION('',(#1739),#1743);
#1739 = LINE('',#1740,#1741);
#1740 = CARTESIAN_POINT('',(18.4,-49.));
#1741 = VECTOR('',#1742,1.);
#1742 = DIRECTION('',(-1.,0.));
#1743 = ( GEOMETRIC_REPRESENTATION_CONTEXT(2) 
PARAMETRIC_REPRESENTATION_CONTEXT() REPRESENTATION_CONTEXT('2D SPACE',''
  ) );
#1744 = PCURVE('',#675,#1745);
#1745 = DEFINITIONAL_REPRESENTATION('',(#1746),#1750);
#1746 = LINE('',#1747,#1748);
#1747 = CARTESIAN_POINT('',(18.4,0.));
#1748 = VECTOR('',#1749,1.);
#1749 = DIRECTION('',(-1.,0.));
#1750 = ( GEOMETRIC_REPRESENTATION_CONTEXT(2) 
PARAMETRIC_REPRESENTATION_CONTEXT() REPRESENTATION_CONTEXT('2D SPACE',''
  ) );
#1751 = ORIENTED_EDGE('',*,*,#1752,.F.);
#1752 = EDGE_CURVE('',#1753,#1730,#1755,.T.);
#1753 = VERTEX_POINT('',#1754);
#1754 = CARTESIAN_POINT('',(-31.05,24.,44.));
#1755 = SURFACE_CURVE('',#1756,(#1760,#1767),.PCURVE_S1.);
#1756 = LINE('',#1757,#1758);
#1757 = CARTESIAN_POINT('',(-31.05,24.,44.));
#1758 = VECTOR('',#1759,1.);
#1759 = DIRECTION('',(-0.,1.,0.));
#1760 = PCURVE('',#324,#1761);
#1761 = DEFINITIONAL_REPRESENTATION('',(#1762),#1766);
#1762 = LINE('',#1763,#1764);
#1763 = CARTESIAN_POINT('',(18.4,-45.5));
#1764 = VECTOR('',#1765,1.);
#1765 = DIRECTION('',(0.,-1.));
#1766 = ( GEOMETRIC_REPRESENTATION_CONTEXT(2) 
PARAMETRIC_REPRESENTATION_CONTEXT() REPRESENTATION_CONTEXT('2D SPACE',''
  ) );
#1767 = PCURVE('',#703,#1768);
#1768 = DEFINITIONAL_REPRESENTATION('',(#1769),#1773);
#1769 = LINE('',#1770,#1771);
#1770 = CARTESIAN_POINT('',(0.,0.));
#1771 = VECTOR('',#1772,1.);
#1772 = DIRECTION('',(0.,1.));
#1773 = ( GEOMETRIC_REPRESENTATION_CONTEXT(2) 
PARAMETRIC_REPRESENTATION_CONTEXT() REPRESENTATION_CONTEXT('2D SPACE',''
  ) );
#1774 = ORIENTED_EDGE('',*,*,#1775,.F.);
#1775 = EDGE_CURVE('',#1503,#1753,#1776,.T.);
#1776 = SURFACE_CURVE('',#1777,(#1781,#1788),.PCURVE_S1.);
#1777 = LINE('',#1778,#1779);
#1778 = CARTESIAN_POINT('',(-31.05,24.,29.8));
#1779 = VECTOR('',#1780,1.);
#1780 = DIRECTION('',(0.,0.,1.));
#1781 = PCURVE('',#324,#1782);
#1782 = DEFINITIONAL_REPRESENTATION('',(#1783),#1787);
#1783 = LINE('',#1784,#1785);
#1784 = CARTESIAN_POINT('',(4.2,-45.5));
#1785 = VECTOR('',#1786,1.);
#1786 = DIRECTION('',(1.,0.));
#1787 = ( GEOMETRIC_REPRESENTATION_CONTEXT(2) 
PARAMETRIC_REPRESENTATION_CONTEXT() REPRESENTATION_CONTEXT('2D SPACE',''
  ) );
#1788 = PCURVE('',#731,#1789);
#1789 = DEFINITIONAL_REPRESENTATION('',(#1790),#1794);
#1790 = LINE('',#1791,#1792);
#1791 = CARTESIAN_POINT('',(0.,0.));
#1792 = VECTOR('',#1793,1.);
#1793 = DIRECTION('',(1.,0.));
#1794 = ( GEOMETRIC_REPRESENTATION_CONTEXT(2) 
PARAMETRIC_REPRESENTATION_CONTEXT() REPRESENTATION_CONTEXT('2D SPACE',''
  ) );
#1795 = ADVANCED_FACE('',(#1796,#1887),#352,.F.);
#1796 = FACE_BOUND('',#1797,.F.);
#1797 = EDGE_LOOP('',(#1798,#1799,#1800,#1821,#1822,#1823,#1845,#1867));
#1798 = ORIENTED_EDGE('',*,*,#448,.F.);
#1799 = ORIENTED_EDGE('',*,*,#636,.F.);
#1800 = ORIENTED_EDGE('',*,*,#1801,.F.);
#1801 = EDGE_CURVE('',#1707,#637,#1802,.T.);
#1802 = SURFACE_CURVE('',#1803,(#1807,#1814),.PCURVE_S1.);
#1803 = LINE('',#1804,#1805);
#1804 = CARTESIAN_POINT('',(-31.05,27.5,25.6));
#1805 = VECTOR('',#1806,1.);
#1806 = DIRECTION('',(1.,0.,-0.));
#1807 = PCURVE('',#352,#1808);
#1808 = DEFINITIONAL_REPRESENTATION('',(#1809),#1813);
#1809 = LINE('',#1810,#1811);
#1810 = CARTESIAN_POINT('',(0.,49.));
#1811 = VECTOR('',#1812,1.);
#1812 = DIRECTION('',(1.,0.));
#1813 = ( GEOMETRIC_REPRESENTATION_CONTEXT(2) 
PARAMETRIC_REPRESENTATION_CONTEXT() REPRESENTATION_CONTEXT('2D SPACE',''
  ) );
#1814 = PCURVE('',#675,#1815);
#1815 = DEFINITIONAL_REPRESENTATION('',(#1816),#1820);
#1816 = LINE('',#1817,#1818);
#1817 = CARTESIAN_POINT('',(0.,0.));
#1818 = VECTOR('',#1819,1.);
#1819 = DIRECTION('',(0.,1.));
#1820 = ( GEOMETRIC_REPRESENTATION_CONTEXT(2) 
PARAMETRIC_REPRESENTATION_CONTEXT() REPRESENTATION_CONTEXT('2D SPACE',''
  ) );
#1821 = ORIENTED_EDGE('',*,*,#1706,.F.);
#1822 = ORIENTED_EDGE('',*,*,#336,.F.);
#1823 = ORIENTED_EDGE('',*,*,#1824,.F.);
#1824 = EDGE_CURVE('',#1825,#337,#1827,.T.);
#1825 = VERTEX_POINT('',#1826);
#1826 = CARTESIAN_POINT('',(-18.,-5.017569039703,25.6));
#1827 = SURFACE_CURVE('',#1828,(#1832,#1839),.PCURVE_S1.);
#1828 = LINE('',#1829,#1830);
#1829 = CARTESIAN_POINT('',(-18.,-21.1845,25.6));
#1830 = VECTOR('',#1831,1.);
#1831 = DIRECTION('',(-0.,1.,0.));
#1832 = PCURVE('',#352,#1833);
#1833 = DEFINITIONAL_REPRESENTATION('',(#1834),#1838);
#1834 = LINE('',#1835,#1836);
#1835 = CARTESIAN_POINT('',(13.05,0.3155));
#1836 = VECTOR('',#1837,1.);
#1837 = DIRECTION('',(0.,1.));
#1838 = ( GEOMETRIC_REPRESENTATION_CONTEXT(2) 
PARAMETRIC_REPRESENTATION_CONTEXT() REPRESENTATION_CONTEXT('2D SPACE',''
  ) );
#1839 = PCURVE('',#380,#1840);
#1840 = DEFINITIONAL_REPRESENTATION('',(#1841),#1844);
#1841 = B_SPLINE_CURVE_WITH_KNOTS('',1,(#1842,#1843),.UNSPECIFIED.,.F.,
  .F.,(2,2),(0.3155,16.967),.PIECEWISE_BEZIER_KNOTS.);
#1842 = CARTESIAN_POINT('',(2.4,0.));
#1843 = CARTESIAN_POINT('',(2.4,-16.6515));
#1844 = ( GEOMETRIC_REPRESENTATION_CONTEXT(2) 
PARAMETRIC_REPRESENTATION_CONTEXT() REPRESENTATION_CONTEXT('2D SPACE',''
  ) );
#1845 = ORIENTED_EDGE('',*,*,#1846,.F.);
#1846 = EDGE_CURVE('',#1847,#1825,#1849,.T.);
#1847 = VERTEX_POINT('',#1848);
#1848 = CARTESIAN_POINT('',(18.,-5.017569039703,25.6));
#1849 = SURFACE_CURVE('',#1850,(#1854,#1861),.PCURVE_S1.);
#1850 = LINE('',#1851,#1852);
#1851 = CARTESIAN_POINT('',(19.19906231343,-5.017569039703,25.6));
#1852 = VECTOR('',#1853,1.);
#1853 = DIRECTION('',(-1.,0.,0.));
#1854 = PCURVE('',#352,#1855);
#1855 = DEFINITIONAL_REPRESENTATION('',(#1856),#1860);
#1856 = LINE('',#1857,#1858);
#1857 = CARTESIAN_POINT('',(50.24906231343,16.482430960297));
#1858 = VECTOR('',#1859,1.);
#1859 = DIRECTION('',(-1.,0.));
#1860 = ( GEOMETRIC_REPRESENTATION_CONTEXT(2) 
PARAMETRIC_REPRESENTATION_CONTEXT() REPRESENTATION_CONTEXT('2D SPACE',''
  ) );
#1861 = PCURVE('',#408,#1862);
#1862 = DEFINITIONAL_REPRESENTATION('',(#1863),#1866);
#1863 = B_SPLINE_CURVE_WITH_KNOTS('',1,(#1864,#1865),.UNSPECIFIED.,.F.,
  .F.,(2,2),(-5.999999999062E-07,38.39854507587),
  .PIECEWISE_BEZIER_KNOTS.);
#1864 = CARTESIAN_POINT('',(-0.142159670939,-5.999999999062E-07));
#1865 = CARTESIAN_POINT('',(-0.142159670939,38.39854507587));
#1866 = ( GEOMETRIC_REPRESENTATION_CONTEXT(2) 
PARAMETRIC_REPRESENTATION_CONTEXT() REPRESENTATION_CONTEXT('2D SPACE',''
  ) );
#1867 = ORIENTED_EDGE('',*,*,#1868,.T.);
#1868 = EDGE_CURVE('',#1847,#421,#1869,.T.);
#1869 = SURFACE_CURVE('',#1870,(#1874,#1881),.PCURVE_S1.);
#1870 = LINE('',#1871,#1872);
#1871 = CARTESIAN_POINT('',(18.,-21.1845,25.6));
#1872 = VECTOR('',#1873,1.);
#1873 = DIRECTION('',(-0.,1.,0.));
#1874 = PCURVE('',#352,#1875);
#1875 = DEFINITIONAL_REPRESENTATION('',(#1876),#1880);
#1876 = LINE('',#1877,#1878);
#1877 = CARTESIAN_POINT('',(49.05,0.3155));
#1878 = VECTOR('',#1879,1.);
#1879 = DIRECTION('',(0.,1.));
#1880 = ( GEOMETRIC_REPRESENTATION_CONTEXT(2) 
PARAMETRIC_REPRESENTATION_CONTEXT() REPRESENTATION_CONTEXT('2D SPACE',''
  ) );
#1881 = PCURVE('',#436,#1882);
#1882 = DEFINITIONAL_REPRESENTATION('',(#1883),#1886);
#1883 = B_SPLINE_CURVE_WITH_KNOTS('',1,(#1884,#1885),.UNSPECIFIED.,.F.,
  .F.,(2,2),(0.3155,16.967),.PIECEWISE_BEZIER_KNOTS.);
#1884 = CARTESIAN_POINT('',(2.4,0.));
#1885 = CARTESIAN_POINT('',(2.4,-16.6515));
#1886 = ( GEOMETRIC_REPRESENTATION_CONTEXT(2) 
PARAMETRIC_REPRESENTATION_CONTEXT() REPRESENTATION_CONTEXT('2D SPACE',''
  ) );
#1887 = FACE_BOUND('',#1888,.F.);
#1888 = EDGE_LOOP('',(#1889));
#1889 = ORIENTED_EDGE('',*,*,#1890,.F.);
#1890 = EDGE_CURVE('',#1891,#1891,#1893,.T.);
#1891 = VERTEX_POINT('',#1892);
#1892 = CARTESIAN_POINT('',(16.15,5.,25.6));
#1893 = SURFACE_CURVE('',#1894,(#1899,#1906),.PCURVE_S1.);
#1894 = CIRCLE('',#1895,3.4);
#1895 = AXIS2_PLACEMENT_3D('',#1896,#1897,#1898);
#1896 = CARTESIAN_POINT('',(12.75,5.,25.6));
#1897 = DIRECTION('',(0.,0.,1.));
#1898 = DIRECTION('',(1.,0.,-0.));
#1899 = PCURVE('',#352,#1900);
#1900 = DEFINITIONAL_REPRESENTATION('',(#1901),#1905);
#1901 = CIRCLE('',#1902,3.4);
#1902 = AXIS2_PLACEMENT_2D('',#1903,#1904);
#1903 = CARTESIAN_POINT('',(43.8,26.5));
#1904 = DIRECTION('',(1.,0.));
#1905 = ( GEOMETRIC_REPRESENTATION_CONTEXT(2) 
PARAMETRIC_REPRESENTATION_CONTEXT() REPRESENTATION_CONTEXT('2D SPACE',''
  ) );
#1906 = PCURVE('',#1907,#1912);
#1907 = CYLINDRICAL_SURFACE('',#1908,3.4);
#1908 = AXIS2_PLACEMENT_3D('',#1909,#1910,#1911);
#1909 = CARTESIAN_POINT('',(12.75,5.,24.));
#1910 = DIRECTION('',(0.,0.,1.));
#1911 = DIRECTION('',(1.,0.,-0.));
#1912 = DEFINITIONAL_REPRESENTATION('',(#1913),#1917);
#1913 = LINE('',#1914,#1915);
#1914 = CARTESIAN_POINT('',(0.,1.6));
#1915 = VECTOR('',#1916,1.);
#1916 = DIRECTION('',(1.,0.));
#1917 = ( GEOMETRIC_REPRESENTATION_CONTEXT(2) 
PARAMETRIC_REPRESENTATION_CONTEXT() REPRESENTATION_CONTEXT('2D SPACE',''
  ) );
#1918 = ADVANCED_FACE('',(#1919),#380,.T.);
#1919 = FACE_BOUND('',#1920,.T.);
#1920 = EDGE_LOOP('',(#1921,#1922,#1923));
#1921 = ORIENTED_EDGE('',*,*,#364,.T.);
#1922 = ORIENTED_EDGE('',*,*,#1824,.F.);
#1923 = ORIENTED_EDGE('',*,*,#1924,.T.);
#1924 = EDGE_CURVE('',#1825,#365,#1925,.T.);
#1925 = SURFACE_CURVE('',#1926,(#1931,#1942),.PCURVE_S1.);
#1926 = CIRCLE('',#1927,2.);
#1927 = AXIS2_PLACEMENT_3D('',#1928,#1929,#1930);
#1928 = CARTESIAN_POINT('',(-18.,-6.217148812192,23.999684915575));
#1929 = DIRECTION('',(-1.,0.,0.));
#1930 = DIRECTION('',(0.,0.707106781187,0.707106781187));
#1931 = PCURVE('',#380,#1932);
#1932 = DEFINITIONAL_REPRESENTATION('',(#1933),#1941);
#1933 = ( BOUNDED_CURVE() B_SPLINE_CURVE(2,(#1934,#1935,#1936,#1937,
#1938,#1939,#1940),.UNSPECIFIED.,.T.,.F.) B_SPLINE_CURVE_WITH_KNOTS((1,2
    ,2,2,2,1),(-2.094395102393,0.,2.094395102393,4.188790204786,
6.28318530718,8.377580409573),.UNSPECIFIED.) CURVE() 
GEOMETRIC_REPRESENTATION_ITEM() RATIONAL_B_SPLINE_CURVE((1.,0.5,1.,0.5,
1.,0.5,1.)) REPRESENTATION_ITEM('') );
#1934 = CARTESIAN_POINT('',(2.213898477949,-16.06606475018));
#1935 = CARTESIAN_POINT('',(-0.235591264835,-18.51555449296));
#1936 = CARTESIAN_POINT('',(-1.132166737003,-15.16948927801));
#1937 = CARTESIAN_POINT('',(-2.028742209171,-11.82342406306));
#1938 = CARTESIAN_POINT('',(1.317323005781,-12.71999953523));
#1939 = CARTESIAN_POINT('',(4.663388220732,-13.61657500739));
#1940 = CARTESIAN_POINT('',(2.213898477949,-16.06606475018));
#1941 = ( GEOMETRIC_REPRESENTATION_CONTEXT(2) 
PARAMETRIC_REPRESENTATION_CONTEXT() REPRESENTATION_CONTEXT('2D SPACE',''
  ) );
#1942 = PCURVE('',#408,#1943);
#1943 = DEFINITIONAL_REPRESENTATION('',(#1944),#1948);
#1944 = LINE('',#1945,#1946);
#1945 = CARTESIAN_POINT('',(-6.28318530718,37.19906231343));
#1946 = VECTOR('',#1947,1.);
#1947 = DIRECTION('',(1.,0.));
#1948 = ( GEOMETRIC_REPRESENTATION_CONTEXT(2) 
PARAMETRIC_REPRESENTATION_CONTEXT() REPRESENTATION_CONTEXT('2D SPACE',''
  ) );
#1949 = ADVANCED_FACE('',(#1950),#408,.T.);
#1950 = FACE_BOUND('',#1951,.T.);
#1951 = EDGE_LOOP('',(#1952,#1953,#1979,#1980));
#1952 = ORIENTED_EDGE('',*,*,#1846,.F.);
#1953 = ORIENTED_EDGE('',*,*,#1954,.T.);
#1954 = EDGE_CURVE('',#1847,#393,#1955,.T.);
#1955 = SURFACE_CURVE('',#1956,(#1961,#1968),.PCURVE_S1.);
#1956 = CIRCLE('',#1957,2.);
#1957 = AXIS2_PLACEMENT_3D('',#1958,#1959,#1960);
#1958 = CARTESIAN_POINT('',(18.,-6.217148812192,23.999684915575));
#1959 = DIRECTION('',(-1.,0.,0.));
#1960 = DIRECTION('',(0.,0.707106781187,0.707106781187));
#1961 = PCURVE('',#408,#1962);
#1962 = DEFINITIONAL_REPRESENTATION('',(#1963),#1967);
#1963 = LINE('',#1964,#1965);
#1964 = CARTESIAN_POINT('',(-6.28318530718,1.19906231343));
#1965 = VECTOR('',#1966,1.);
#1966 = DIRECTION('',(1.,0.));
#1967 = ( GEOMETRIC_REPRESENTATION_CONTEXT(2) 
PARAMETRIC_REPRESENTATION_CONTEXT() REPRESENTATION_CONTEXT('2D SPACE',''
  ) );
#1968 = PCURVE('',#436,#1969);
#1969 = DEFINITIONAL_REPRESENTATION('',(#1970),#1978);
#1970 = ( BOUNDED_CURVE() B_SPLINE_CURVE(2,(#1971,#1972,#1973,#1974,
#1975,#1976,#1977),.UNSPECIFIED.,.T.,.F.) B_SPLINE_CURVE_WITH_KNOTS((1,2
    ,2,2,2,1),(-2.094395102393,0.,2.094395102393,4.188790204786,
6.28318530718,8.377580409573),.UNSPECIFIED.) CURVE() 
GEOMETRIC_REPRESENTATION_ITEM() RATIONAL_B_SPLINE_CURVE((1.,0.5,1.,0.5,
1.,0.5,1.)) REPRESENTATION_ITEM('') );
#1971 = CARTESIAN_POINT('',(2.213898477949,-16.06606475018));
#1972 = CARTESIAN_POINT('',(-0.235591264835,-18.51555449296));
#1973 = CARTESIAN_POINT('',(-1.132166737003,-15.16948927801));
#1974 = CARTESIAN_POINT('',(-2.028742209171,-11.82342406306));
#1975 = CARTESIAN_POINT('',(1.317323005781,-12.71999953523));
#1976 = CARTESIAN_POINT('',(4.663388220732,-13.61657500739));
#1977 = CARTESIAN_POINT('',(2.213898477949,-16.06606475018));
#1978 = ( GEOMETRIC_REPRESENTATION_CONTEXT(2) 
PARAMETRIC_REPRESENTATION_CONTEXT() REPRESENTATION_CONTEXT('2D SPACE',''
  ) );
#1979 = ORIENTED_EDGE('',*,*,#392,.T.);
#1980 = ORIENTED_EDGE('',*,*,#1924,.F.);
#1981 = ADVANCED_FACE('',(#1982),#436,.F.);
#1982 = FACE_BOUND('',#1983,.F.);
#1983 = EDGE_LOOP('',(#1984,#1985,#1986));
#1984 = ORIENTED_EDGE('',*,*,#420,.T.);
#1985 = ORIENTED_EDGE('',*,*,#1868,.F.);
#1986 = ORIENTED_EDGE('',*,*,#1954,.T.);
#1987 = ADVANCED_FACE('',(#1988),#490,.F.);
#1988 = FACE_BOUND('',#1989,.F.);
#1989 = EDGE_LOOP('',(#1990,#2013,#2039,#2058));
#1990 = ORIENTED_EDGE('',*,*,#1991,.F.);
#1991 = EDGE_CURVE('',#1992,#473,#1994,.T.);
#1992 = VERTEX_POINT('',#1993);
#1993 = CARTESIAN_POINT('',(19.19906231343,-20.869,23.2));
#1994 = SURFACE_CURVE('',#1995,(#1999,#2006),.PCURVE_S1.);
#1995 = LINE('',#1996,#1997);
#1996 = CARTESIAN_POINT('',(18.,-20.869,23.2));
#1997 = VECTOR('',#1998,1.);
#1998 = DIRECTION('',(1.,0.,-0.));
#1999 = PCURVE('',#490,#2000);
#2000 = DEFINITIONAL_REPRESENTATION('',(#2001),#2005);
#2001 = LINE('',#2002,#2003);
#2002 = CARTESIAN_POINT('',(0.,0.));
#2003 = VECTOR('',#2004,1.);
#2004 = DIRECTION('',(0.,1.));
#2005 = ( GEOMETRIC_REPRESENTATION_CONTEXT(2) 
PARAMETRIC_REPRESENTATION_CONTEXT() REPRESENTATION_CONTEXT('2D SPACE',''
  ) );
#2006 = PCURVE('',#518,#2007);
#2007 = DEFINITIONAL_REPRESENTATION('',(#2008),#2012);
#2008 = LINE('',#2009,#2010);
#2009 = CARTESIAN_POINT('',(0.,0.));
#2010 = VECTOR('',#2011,1.);
#2011 = DIRECTION('',(1.,0.));
#2012 = ( GEOMETRIC_REPRESENTATION_CONTEXT(2) 
PARAMETRIC_REPRESENTATION_CONTEXT() REPRESENTATION_CONTEXT('2D SPACE',''
  ) );
#2013 = ORIENTED_EDGE('',*,*,#2014,.F.);
#2014 = EDGE_CURVE('',#2015,#1992,#2017,.T.);
#2015 = VERTEX_POINT('',#2016);
#2016 = CARTESIAN_POINT('',(19.19906231343,-20.869,25.6));
#2017 = SURFACE_CURVE('',#2018,(#2022,#2028),.PCURVE_S1.);
#2018 = LINE('',#2019,#2020);
#2019 = CARTESIAN_POINT('',(19.19906231343,-20.869,-15.05534592237));
#2020 = VECTOR('',#2021,1.);
#2021 = DIRECTION('',(0.,0.,-1.));
#2022 = PCURVE('',#490,#2023);
#2023 = DEFINITIONAL_REPRESENTATION('',(#2024),#2027);
#2024 = B_SPLINE_CURVE_WITH_KNOTS('',1,(#2025,#2026),.UNSPECIFIED.,.F.,
  .F.,(2,2),(-40.65534592237,-38.25534592237),.PIECEWISE_BEZIER_KNOTS.);
#2025 = CARTESIAN_POINT('',(2.4,1.19906231343));
#2026 = CARTESIAN_POINT('',(0.,1.19906231343));
#2027 = ( GEOMETRIC_REPRESENTATION_CONTEXT(2) 
PARAMETRIC_REPRESENTATION_CONTEXT() REPRESENTATION_CONTEXT('2D SPACE',''
  ) );
#2028 = PCURVE('',#2029,#2034);
#2029 = PLANE('',#2030);
#2030 = AXIS2_PLACEMENT_3D('',#2031,#2032,#2033);
#2031 = CARTESIAN_POINT('',(19.19906231343,68.985680113233,
    -53.31069184474));
#2032 = DIRECTION('',(-1.,0.,0.));
#2033 = DIRECTION('',(0.,-1.,0.));
#2034 = DEFINITIONAL_REPRESENTATION('',(#2035),#2038);
#2035 = B_SPLINE_CURVE_WITH_KNOTS('',1,(#2036,#2037),.UNSPECIFIED.,.F.,
  .F.,(2,2),(-40.65534592237,-38.25534592237),.PIECEWISE_BEZIER_KNOTS.);
#2036 = CARTESIAN_POINT('',(89.854680113233,78.910691844744));
#2037 = CARTESIAN_POINT('',(89.854680113233,76.510691844744));
#2038 = ( GEOMETRIC_REPRESENTATION_CONTEXT(2) 
PARAMETRIC_REPRESENTATION_CONTEXT() REPRESENTATION_CONTEXT('2D SPACE',''
  ) );
#2039 = ORIENTED_EDGE('',*,*,#2040,.F.);
#2040 = EDGE_CURVE('',#475,#2015,#2041,.T.);
#2041 = SURFACE_CURVE('',#2042,(#2046,#2052),.PCURVE_S1.);
#2042 = LINE('',#2043,#2044);
#2043 = CARTESIAN_POINT('',(-6.525,-20.869,25.6));
#2044 = VECTOR('',#2045,1.);
#2045 = DIRECTION('',(-1.,-0.,0.));
#2046 = PCURVE('',#490,#2047);
#2047 = DEFINITIONAL_REPRESENTATION('',(#2048),#2051);
#2048 = B_SPLINE_CURVE_WITH_KNOTS('',1,(#2049,#2050),.UNSPECIFIED.,.F.,
  .F.,(2,2),(-37.575,-24.525),.PIECEWISE_BEZIER_KNOTS.);
#2049 = CARTESIAN_POINT('',(2.4,13.05));
#2050 = CARTESIAN_POINT('',(2.4,0.));
#2051 = ( GEOMETRIC_REPRESENTATION_CONTEXT(2) 
PARAMETRIC_REPRESENTATION_CONTEXT() REPRESENTATION_CONTEXT('2D SPACE',''
  ) );
#2052 = PCURVE('',#813,#2053);
#2053 = DEFINITIONAL_REPRESENTATION('',(#2054),#2057);
#2054 = B_SPLINE_CURVE_WITH_KNOTS('',1,(#2055,#2056),.UNSPECIFIED.,.F.,
  .F.,(2,2),(-37.575,-24.525),.PIECEWISE_BEZIER_KNOTS.);
#2055 = CARTESIAN_POINT('',(62.1,0.631));
#2056 = CARTESIAN_POINT('',(49.05,0.631));
#2057 = ( GEOMETRIC_REPRESENTATION_CONTEXT(2) 
PARAMETRIC_REPRESENTATION_CONTEXT() REPRESENTATION_CONTEXT('2D SPACE',''
  ) );
#2058 = ORIENTED_EDGE('',*,*,#472,.F.);
#2059 = ADVANCED_FACE('',(#2060),#518,.F.);
#2060 = FACE_BOUND('',#2061,.F.);
#2061 = EDGE_LOOP('',(#2062,#2083,#2084,#2085));
#2062 = ORIENTED_EDGE('',*,*,#2063,.F.);
#2063 = EDGE_CURVE('',#1992,#2064,#2066,.T.);
#2064 = VERTEX_POINT('',#2065);
#2065 = CARTESIAN_POINT('',(19.19906231343,-10.717,23.2));
#2066 = SURFACE_CURVE('',#2067,(#2071,#2077),.PCURVE_S1.);
#2067 = LINE('',#2068,#2069);
#2068 = CARTESIAN_POINT('',(19.19906231343,24.058340056617,23.2));
#2069 = VECTOR('',#2070,1.);
#2070 = DIRECTION('',(0.,1.,-0.));
#2071 = PCURVE('',#518,#2072);
#2072 = DEFINITIONAL_REPRESENTATION('',(#2073),#2076);
#2073 = B_SPLINE_CURVE_WITH_KNOTS('',1,(#2074,#2075),.UNSPECIFIED.,.F.,
  .F.,(2,2),(-44.92734005661,-28.27584005661),.PIECEWISE_BEZIER_KNOTS.);
#2074 = CARTESIAN_POINT('',(1.19906231343,0.));
#2075 = CARTESIAN_POINT('',(1.19906231343,16.6515));
#2076 = ( GEOMETRIC_REPRESENTATION_CONTEXT(2) 
PARAMETRIC_REPRESENTATION_CONTEXT() REPRESENTATION_CONTEXT('2D SPACE',''
  ) );
#2077 = PCURVE('',#2029,#2078);
#2078 = DEFINITIONAL_REPRESENTATION('',(#2079),#2082);
#2079 = B_SPLINE_CURVE_WITH_KNOTS('',1,(#2080,#2081),.UNSPECIFIED.,.F.,
  .F.,(2,2),(-44.92734005661,-28.27584005661),.PIECEWISE_BEZIER_KNOTS.);
#2080 = CARTESIAN_POINT('',(89.854680113233,76.510691844744));
#2081 = CARTESIAN_POINT('',(73.203180113233,76.510691844744));
#2082 = ( GEOMETRIC_REPRESENTATION_CONTEXT(2) 
PARAMETRIC_REPRESENTATION_CONTEXT() REPRESENTATION_CONTEXT('2D SPACE',''
  ) );
#2083 = ORIENTED_EDGE('',*,*,#1991,.T.);
#2084 = ORIENTED_EDGE('',*,*,#502,.T.);
#2085 = ORIENTED_EDGE('',*,*,#2086,.T.);
#2086 = EDGE_CURVE('',#503,#2064,#2087,.T.);
#2087 = SURFACE_CURVE('',#2088,(#2092,#2098),.PCURVE_S1.);
#2088 = LINE('',#2089,#2090);
#2089 = CARTESIAN_POINT('',(18.,-10.717,23.2));
#2090 = VECTOR('',#2091,1.);
#2091 = DIRECTION('',(-1.,-0.,0.));
#2092 = PCURVE('',#518,#2093);
#2093 = DEFINITIONAL_REPRESENTATION('',(#2094),#2097);
#2094 = B_SPLINE_CURVE_WITH_KNOTS('',1,(#2095,#2096),.UNSPECIFIED.,.F.,
  .F.,(2,2),(-13.05,0.),.PIECEWISE_BEZIER_KNOTS.);
#2095 = CARTESIAN_POINT('',(13.05,10.152));
#2096 = CARTESIAN_POINT('',(0.,10.152));
#2097 = ( GEOMETRIC_REPRESENTATION_CONTEXT(2) 
PARAMETRIC_REPRESENTATION_CONTEXT() REPRESENTATION_CONTEXT('2D SPACE',''
  ) );
#2098 = PCURVE('',#546,#2099);
#2099 = DEFINITIONAL_REPRESENTATION('',(#2100),#2103);
#2100 = B_SPLINE_CURVE_WITH_KNOTS('',1,(#2101,#2102),.UNSPECIFIED.,.F.,
  .F.,(2,2),(-13.05,0.),.PIECEWISE_BEZIER_KNOTS.);
#2101 = CARTESIAN_POINT('',(20.5,13.05));
#2102 = CARTESIAN_POINT('',(20.5,0.));
#2103 = ( GEOMETRIC_REPRESENTATION_CONTEXT(2) 
PARAMETRIC_REPRESENTATION_CONTEXT() REPRESENTATION_CONTEXT('2D SPACE',''
  ) );
#2104 = ADVANCED_FACE('',(#2105),#546,.F.);
#2105 = FACE_BOUND('',#2106,.F.);
#2106 = EDGE_LOOP('',(#2107,#2128,#2147,#2148));
#2107 = ORIENTED_EDGE('',*,*,#2108,.T.);
#2108 = EDGE_CURVE('',#531,#2109,#2111,.T.);
#2109 = VERTEX_POINT('',#2110);
#2110 = CARTESIAN_POINT('',(19.19906231343,-10.717,2.8));
#2111 = SURFACE_CURVE('',#2112,(#2116,#2122),.PCURVE_S1.);
#2112 = LINE('',#2113,#2114);
#2113 = CARTESIAN_POINT('',(18.,-10.717,2.8));
#2114 = VECTOR('',#2115,1.);
#2115 = DIRECTION('',(-1.,-0.,0.));
#2116 = PCURVE('',#546,#2117);
#2117 = DEFINITIONAL_REPRESENTATION('',(#2118),#2121);
#2118 = B_SPLINE_CURVE_WITH_KNOTS('',1,(#2119,#2120),.UNSPECIFIED.,.F.,
  .F.,(2,2),(-13.05,0.),.PIECEWISE_BEZIER_KNOTS.);
#2119 = CARTESIAN_POINT('',(0.1,13.05));
#2120 = CARTESIAN_POINT('',(0.1,0.));
#2121 = ( GEOMETRIC_REPRESENTATION_CONTEXT(2) 
PARAMETRIC_REPRESENTATION_CONTEXT() REPRESENTATION_CONTEXT('2D SPACE',''
  ) );
#2122 = PCURVE('',#574,#2123);
#2123 = DEFINITIONAL_REPRESENTATION('',(#2124),#2127);
#2124 = B_SPLINE_CURVE_WITH_KNOTS('',1,(#2125,#2126),.UNSPECIFIED.,.F.,
  .F.,(2,2),(-13.05,0.),.PIECEWISE_BEZIER_KNOTS.);
#2125 = CARTESIAN_POINT('',(13.05,10.152));
#2126 = CARTESIAN_POINT('',(0.,10.152));
#2127 = ( GEOMETRIC_REPRESENTATION_CONTEXT(2) 
PARAMETRIC_REPRESENTATION_CONTEXT() REPRESENTATION_CONTEXT('2D SPACE',''
  ) );
#2128 = ORIENTED_EDGE('',*,*,#2129,.F.);
#2129 = EDGE_CURVE('',#2064,#2109,#2130,.T.);
#2130 = SURFACE_CURVE('',#2131,(#2135,#2141),.PCURVE_S1.);
#2131 = LINE('',#2132,#2133);
#2132 = CARTESIAN_POINT('',(19.19906231343,-10.717,-25.30534592237));
#2133 = VECTOR('',#2134,1.);
#2134 = DIRECTION('',(0.,0.,-1.));
#2135 = PCURVE('',#546,#2136);
#2136 = DEFINITIONAL_REPRESENTATION('',(#2137),#2140);
#2137 = B_SPLINE_CURVE_WITH_KNOTS('',1,(#2138,#2139),.UNSPECIFIED.,.F.,
  .F.,(2,2),(-48.60534592237,-28.00534592237),.PIECEWISE_BEZIER_KNOTS.);
#2138 = CARTESIAN_POINT('',(20.6,1.19906231343));
#2139 = CARTESIAN_POINT('',(0.,1.19906231343));
#2140 = ( GEOMETRIC_REPRESENTATION_CONTEXT(2) 
PARAMETRIC_REPRESENTATION_CONTEXT() REPRESENTATION_CONTEXT('2D SPACE',''
  ) );
#2141 = PCURVE('',#2029,#2142);
#2142 = DEFINITIONAL_REPRESENTATION('',(#2143),#2146);
#2143 = B_SPLINE_CURVE_WITH_KNOTS('',1,(#2144,#2145),.UNSPECIFIED.,.F.,
  .F.,(2,2),(-48.60534592237,-28.00534592237),.PIECEWISE_BEZIER_KNOTS.);
#2144 = CARTESIAN_POINT('',(79.702680113233,76.610691844744));
#2145 = CARTESIAN_POINT('',(79.702680113233,56.010691844744));
#2146 = ( GEOMETRIC_REPRESENTATION_CONTEXT(2) 
PARAMETRIC_REPRESENTATION_CONTEXT() REPRESENTATION_CONTEXT('2D SPACE',''
  ) );
#2147 = ORIENTED_EDGE('',*,*,#2086,.F.);
#2148 = ORIENTED_EDGE('',*,*,#530,.F.);
#2149 = ADVANCED_FACE('',(#2150),#574,.T.);
#2150 = FACE_BOUND('',#2151,.T.);
#2151 = EDGE_LOOP('',(#2152,#2180,#2208,#2229,#2230,#2231));
#2152 = ORIENTED_EDGE('',*,*,#2153,.F.);
#2153 = EDGE_CURVE('',#2154,#2156,#2158,.T.);
#2154 = VERTEX_POINT('',#2155);
#2155 = CARTESIAN_POINT('',(18.,-10.71714881219,2.8));
#2156 = VERTEX_POINT('',#2157);
#2157 = CARTESIAN_POINT('',(19.19906231343,-10.71714881219,2.8));
#2158 = SURFACE_CURVE('',#2159,(#2163,#2169),.PCURVE_S1.);
#2159 = LINE('',#2160,#2161);
#2160 = CARTESIAN_POINT('',(16.549531156715,-10.71714881219,2.8));
#2161 = VECTOR('',#2162,1.);
#2162 = DIRECTION('',(1.,0.,0.));
#2163 = PCURVE('',#574,#2164);
#2164 = DEFINITIONAL_REPRESENTATION('',(#2165),#2168);
#2165 = B_SPLINE_CURVE_WITH_KNOTS('',1,(#2166,#2167),.UNSPECIFIED.,.F.,
  .F.,(2,2),(1.450468843285,2.649531156715),.PIECEWISE_BEZIER_KNOTS.);
#2166 = CARTESIAN_POINT('',(0.,10.151851187803));
#2167 = CARTESIAN_POINT('',(1.19906231343,10.151851187803));
#2168 = ( GEOMETRIC_REPRESENTATION_CONTEXT(2) 
PARAMETRIC_REPRESENTATION_CONTEXT() REPRESENTATION_CONTEXT('2D SPACE',''
  ) );
#2169 = PCURVE('',#2170,#2175);
#2170 = PLANE('',#2171);
#2171 = AXIS2_PLACEMENT_3D('',#2172,#2173,#2174);
#2172 = CARTESIAN_POINT('',(15.09906231343,-10.71714881219,
    14.999684915576));
#2173 = DIRECTION('',(0.,1.,0.));
#2174 = DIRECTION('',(-1.,0.,0.));
#2175 = DEFINITIONAL_REPRESENTATION('',(#2176),#2179);
#2176 = B_SPLINE_CURVE_WITH_KNOTS('',1,(#2177,#2178),.UNSPECIFIED.,.F.,
  .F.,(2,2),(1.450468843285,2.649531156715),.PIECEWISE_BEZIER_KNOTS.);
#2177 = CARTESIAN_POINT('',(-2.90093768657,-12.19968491557));
#2178 = CARTESIAN_POINT('',(-4.1,-12.19968491557));
#2179 = ( GEOMETRIC_REPRESENTATION_CONTEXT(2) 
PARAMETRIC_REPRESENTATION_CONTEXT() REPRESENTATION_CONTEXT('2D SPACE',''
  ) );
#2180 = ORIENTED_EDGE('',*,*,#2181,.F.);
#2181 = EDGE_CURVE('',#2182,#2154,#2184,.T.);
#2182 = VERTEX_POINT('',#2183);
#2183 = CARTESIAN_POINT('',(18.,-20.869,2.8));
#2184 = SURFACE_CURVE('',#2185,(#2189,#2196),.PCURVE_S1.);
#2185 = LINE('',#2186,#2187);
#2186 = CARTESIAN_POINT('',(18.,-20.869,2.8));
#2187 = VECTOR('',#2188,1.);
#2188 = DIRECTION('',(-0.,1.,0.));
#2189 = PCURVE('',#574,#2190);
#2190 = DEFINITIONAL_REPRESENTATION('',(#2191),#2195);
#2191 = LINE('',#2192,#2193);
#2192 = CARTESIAN_POINT('',(0.,0.));
#2193 = VECTOR('',#2194,1.);
#2194 = DIRECTION('',(0.,1.));
#2195 = ( GEOMETRIC_REPRESENTATION_CONTEXT(2) 
PARAMETRIC_REPRESENTATION_CONTEXT() REPRESENTATION_CONTEXT('2D SPACE',''
  ) );
#2196 = PCURVE('',#2197,#2202);
#2197 = PLANE('',#2198);
#2198 = AXIS2_PLACEMENT_3D('',#2199,#2200,#2201);
#2199 = CARTESIAN_POINT('',(18.,-20.869,0.));
#2200 = DIRECTION('',(1.,0.,-0.));
#2201 = DIRECTION('',(0.,0.,1.));
#2202 = DEFINITIONAL_REPRESENTATION('',(#2203),#2207);
#2203 = LINE('',#2204,#2205);
#2204 = CARTESIAN_POINT('',(2.8,0.));
#2205 = VECTOR('',#2206,1.);
#2206 = DIRECTION('',(0.,-1.));
#2207 = ( GEOMETRIC_REPRESENTATION_CONTEXT(2) 
PARAMETRIC_REPRESENTATION_CONTEXT() REPRESENTATION_CONTEXT('2D SPACE',''
  ) );
#2208 = ORIENTED_EDGE('',*,*,#2209,.T.);
#2209 = EDGE_CURVE('',#2182,#559,#2210,.T.);
#2210 = SURFACE_CURVE('',#2211,(#2215,#2222),.PCURVE_S1.);
#2211 = LINE('',#2212,#2213);
#2212 = CARTESIAN_POINT('',(18.,-20.869,2.8));
#2213 = VECTOR('',#2214,1.);
#2214 = DIRECTION('',(1.,0.,-0.));
#2215 = PCURVE('',#574,#2216);
#2216 = DEFINITIONAL_REPRESENTATION('',(#2217),#2221);
#2217 = LINE('',#2218,#2219);
#2218 = CARTESIAN_POINT('',(0.,0.));
#2219 = VECTOR('',#2220,1.);
#2220 = DIRECTION('',(1.,0.));
#2221 = ( GEOMETRIC_REPRESENTATION_CONTEXT(2) 
PARAMETRIC_REPRESENTATION_CONTEXT() REPRESENTATION_CONTEXT('2D SPACE',''
  ) );
#2222 = PCURVE('',#602,#2223);
#2223 = DEFINITIONAL_REPRESENTATION('',(#2224),#2228);
#2224 = LINE('',#2225,#2226);
#2225 = CARTESIAN_POINT('',(2.8,0.));
#2226 = VECTOR('',#2227,1.);
#2227 = DIRECTION('',(0.,1.));
#2228 = ( GEOMETRIC_REPRESENTATION_CONTEXT(2) 
PARAMETRIC_REPRESENTATION_CONTEXT() REPRESENTATION_CONTEXT('2D SPACE',''
  ) );
#2229 = ORIENTED_EDGE('',*,*,#558,.T.);
#2230 = ORIENTED_EDGE('',*,*,#2108,.T.);
#2231 = ORIENTED_EDGE('',*,*,#2232,.F.);
#2232 = EDGE_CURVE('',#2156,#2109,#2233,.T.);
#2233 = SURFACE_CURVE('',#2234,(#2238,#2244),.PCURVE_S1.);
#2234 = LINE('',#2235,#2236);
#2235 = CARTESIAN_POINT('',(19.19906231343,24.058340056617,2.8));
#2236 = VECTOR('',#2237,1.);
#2237 = DIRECTION('',(0.,1.,-0.));
#2238 = PCURVE('',#574,#2239);
#2239 = DEFINITIONAL_REPRESENTATION('',(#2240),#2243);
#2240 = B_SPLINE_CURVE_WITH_KNOTS('',1,(#2241,#2242),.UNSPECIFIED.,.F.,
  .F.,(2,2),(-44.92734005661,-28.27584005661),.PIECEWISE_BEZIER_KNOTS.);
#2241 = CARTESIAN_POINT('',(1.19906231343,0.));
#2242 = CARTESIAN_POINT('',(1.19906231343,16.6515));
#2243 = ( GEOMETRIC_REPRESENTATION_CONTEXT(2) 
PARAMETRIC_REPRESENTATION_CONTEXT() REPRESENTATION_CONTEXT('2D SPACE',''
  ) );
#2244 = PCURVE('',#2029,#2245);
#2245 = DEFINITIONAL_REPRESENTATION('',(#2246),#2249);
#2246 = B_SPLINE_CURVE_WITH_KNOTS('',1,(#2247,#2248),.UNSPECIFIED.,.F.,
  .F.,(2,2),(-44.92734005661,-28.27584005661),.PIECEWISE_BEZIER_KNOTS.);
#2247 = CARTESIAN_POINT('',(89.854680113233,56.110691844744));
#2248 = CARTESIAN_POINT('',(73.203180113233,56.110691844744));
#2249 = ( GEOMETRIC_REPRESENTATION_CONTEXT(2) 
PARAMETRIC_REPRESENTATION_CONTEXT() REPRESENTATION_CONTEXT('2D SPACE',''
  ) );
#2250 = ADVANCED_FACE('',(#2251),#602,.F.);
#2251 = FACE_BOUND('',#2252,.F.);
#2252 = EDGE_LOOP('',(#2253,#2254,#2255,#2276,#2302,#2323,#2324));
#2253 = ORIENTED_EDGE('',*,*,#892,.F.);
#2254 = ORIENTED_EDGE('',*,*,#972,.T.);
#2255 = ORIENTED_EDGE('',*,*,#2256,.F.);
#2256 = EDGE_CURVE('',#2257,#973,#2259,.T.);
#2257 = VERTEX_POINT('',#2258);
#2258 = CARTESIAN_POINT('',(19.19906231343,-20.869,2.799684915576));
#2259 = SURFACE_CURVE('',#2260,(#2264,#2270),.PCURVE_S1.);
#2260 = LINE('',#2261,#2262);
#2261 = CARTESIAN_POINT('',(19.19906231343,-20.869,-26.65534592237));
#2262 = VECTOR('',#2263,1.);
#2263 = DIRECTION('',(0.,0.,-1.));
#2264 = PCURVE('',#602,#2265);
#2265 = DEFINITIONAL_REPRESENTATION('',(#2266),#2269);
#2266 = B_SPLINE_CURVE_WITH_KNOTS('',1,(#2267,#2268),.UNSPECIFIED.,.F.,
  .F.,(2,2),(-29.45534592237,-26.65534592237),.PIECEWISE_BEZIER_KNOTS.);
#2267 = CARTESIAN_POINT('',(2.8,1.19906231343));
#2268 = CARTESIAN_POINT('',(0.,1.19906231343));
#2269 = ( GEOMETRIC_REPRESENTATION_CONTEXT(2) 
PARAMETRIC_REPRESENTATION_CONTEXT() REPRESENTATION_CONTEXT('2D SPACE',''
  ) );
#2270 = PCURVE('',#1009,#2271);
#2271 = DEFINITIONAL_REPRESENTATION('',(#2272),#2275);
#2272 = B_SPLINE_CURVE_WITH_KNOTS('',1,(#2273,#2274),.UNSPECIFIED.,.F.,
  .F.,(2,2),(-29.45534592237,-26.65534592237),.PIECEWISE_BEZIER_KNOTS.);
#2273 = CARTESIAN_POINT('',(89.854680113233,56.110691844744));
#2274 = CARTESIAN_POINT('',(89.854680113233,53.310691844744));
#2275 = ( GEOMETRIC_REPRESENTATION_CONTEXT(2) 
PARAMETRIC_REPRESENTATION_CONTEXT() REPRESENTATION_CONTEXT('2D SPACE',''
  ) );
#2276 = ORIENTED_EDGE('',*,*,#2277,.T.);
#2277 = EDGE_CURVE('',#2257,#2278,#2280,.T.);
#2278 = VERTEX_POINT('',#2279);
#2279 = CARTESIAN_POINT('',(18.,-20.869,2.799684915576));
#2280 = SURFACE_CURVE('',#2281,(#2285,#2291),.PCURVE_S1.);
#2281 = LINE('',#2282,#2283);
#2282 = CARTESIAN_POINT('',(18.599531156715,-20.869,2.799684915576));
#2283 = VECTOR('',#2284,1.);
#2284 = DIRECTION('',(-1.,-0.,0.));
#2285 = PCURVE('',#602,#2286);
#2286 = DEFINITIONAL_REPRESENTATION('',(#2287),#2290);
#2287 = B_SPLINE_CURVE_WITH_KNOTS('',1,(#2288,#2289),.UNSPECIFIED.,.F.,
  .F.,(2,2),(-0.599531156715,0.599531156715),.PIECEWISE_BEZIER_KNOTS.);
#2288 = CARTESIAN_POINT('',(2.799684915576,1.19906231343));
#2289 = CARTESIAN_POINT('',(2.799684915576,0.));
#2290 = ( GEOMETRIC_REPRESENTATION_CONTEXT(2) 
PARAMETRIC_REPRESENTATION_CONTEXT() REPRESENTATION_CONTEXT('2D SPACE',''
  ) );
#2291 = PCURVE('',#2292,#2297);
#2292 = PLANE('',#2293);
#2293 = AXIS2_PLACEMENT_3D('',#2294,#2295,#2296);
#2294 = CARTESIAN_POINT('',(19.19906231343,-21.82704313407,
    2.799684915576));
#2295 = DIRECTION('',(0.,0.,1.));
#2296 = DIRECTION('',(1.,0.,0.));
#2297 = DEFINITIONAL_REPRESENTATION('',(#2298),#2301);
#2298 = B_SPLINE_CURVE_WITH_KNOTS('',1,(#2299,#2300),.UNSPECIFIED.,.F.,
  .F.,(2,2),(-0.599531156715,0.599531156715),.PIECEWISE_BEZIER_KNOTS.);
#2299 = CARTESIAN_POINT('',(0.,0.958043134077));
#2300 = CARTESIAN_POINT('',(-1.19906231343,0.958043134077));
#2301 = ( GEOMETRIC_REPRESENTATION_CONTEXT(2) 
PARAMETRIC_REPRESENTATION_CONTEXT() REPRESENTATION_CONTEXT('2D SPACE',''
  ) );
#2302 = ORIENTED_EDGE('',*,*,#2303,.T.);
#2303 = EDGE_CURVE('',#2278,#2182,#2304,.T.);
#2304 = SURFACE_CURVE('',#2305,(#2309,#2316),.PCURVE_S1.);
#2305 = LINE('',#2306,#2307);
#2306 = CARTESIAN_POINT('',(18.,-20.869,0.));
#2307 = VECTOR('',#2308,1.);
#2308 = DIRECTION('',(0.,0.,1.));
#2309 = PCURVE('',#602,#2310);
#2310 = DEFINITIONAL_REPRESENTATION('',(#2311),#2315);
#2311 = LINE('',#2312,#2313);
#2312 = CARTESIAN_POINT('',(0.,0.));
#2313 = VECTOR('',#2314,1.);
#2314 = DIRECTION('',(1.,0.));
#2315 = ( GEOMETRIC_REPRESENTATION_CONTEXT(2) 
PARAMETRIC_REPRESENTATION_CONTEXT() REPRESENTATION_CONTEXT('2D SPACE',''
  ) );
#2316 = PCURVE('',#2197,#2317);
#2317 = DEFINITIONAL_REPRESENTATION('',(#2318),#2322);
#2318 = LINE('',#2319,#2320);
#2319 = CARTESIAN_POINT('',(0.,0.));
#2320 = VECTOR('',#2321,1.);
#2321 = DIRECTION('',(1.,0.));
#2322 = ( GEOMETRIC_REPRESENTATION_CONTEXT(2) 
PARAMETRIC_REPRESENTATION_CONTEXT() REPRESENTATION_CONTEXT('2D SPACE',''
  ) );
#2323 = ORIENTED_EDGE('',*,*,#2209,.T.);
#2324 = ORIENTED_EDGE('',*,*,#586,.F.);
#2325 = ADVANCED_FACE('',(#2326),#675,.T.);
#2326 = FACE_BOUND('',#2327,.T.);
#2327 = EDGE_LOOP('',(#2328,#2329,#2330,#2331));
#2328 = ORIENTED_EDGE('',*,*,#659,.F.);
#2329 = ORIENTED_EDGE('',*,*,#1801,.F.);
#2330 = ORIENTED_EDGE('',*,*,#1729,.F.);
#2331 = ORIENTED_EDGE('',*,*,#2332,.T.);
#2332 = EDGE_CURVE('',#1730,#660,#2333,.T.);
#2333 = SURFACE_CURVE('',#2334,(#2338,#2345),.PCURVE_S1.);
#2334 = LINE('',#2335,#2336);
#2335 = CARTESIAN_POINT('',(-31.05,27.5,44.));
#2336 = VECTOR('',#2337,1.);
#2337 = DIRECTION('',(1.,0.,-0.));
#2338 = PCURVE('',#675,#2339);
#2339 = DEFINITIONAL_REPRESENTATION('',(#2340),#2344);
#2340 = LINE('',#2341,#2342);
#2341 = CARTESIAN_POINT('',(18.4,0.));
#2342 = VECTOR('',#2343,1.);
#2343 = DIRECTION('',(0.,1.));
#2344 = ( GEOMETRIC_REPRESENTATION_CONTEXT(2) 
PARAMETRIC_REPRESENTATION_CONTEXT() REPRESENTATION_CONTEXT('2D SPACE',''
  ) );
#2345 = PCURVE('',#703,#2346);
#2346 = DEFINITIONAL_REPRESENTATION('',(#2347),#2351);
#2347 = LINE('',#2348,#2349);
#2348 = CARTESIAN_POINT('',(0.,3.5));
#2349 = VECTOR('',#2350,1.);
#2350 = DIRECTION('',(1.,0.));
#2351 = ( GEOMETRIC_REPRESENTATION_CONTEXT(2) 
PARAMETRIC_REPRESENTATION_CONTEXT() REPRESENTATION_CONTEXT('2D SPACE',''
  ) );
#2352 = ADVANCED_FACE('',(#2353),#703,.T.);
#2353 = FACE_BOUND('',#2354,.T.);
#2354 = EDGE_LOOP('',(#2355,#2356,#2377,#2378));
#2355 = ORIENTED_EDGE('',*,*,#1752,.F.);
#2356 = ORIENTED_EDGE('',*,*,#2357,.T.);
#2357 = EDGE_CURVE('',#1753,#688,#2358,.T.);
#2358 = SURFACE_CURVE('',#2359,(#2363,#2370),.PCURVE_S1.);
#2359 = LINE('',#2360,#2361);
#2360 = CARTESIAN_POINT('',(-31.05,24.,44.));
#2361 = VECTOR('',#2362,1.);
#2362 = DIRECTION('',(1.,0.,-0.));
#2363 = PCURVE('',#703,#2364);
#2364 = DEFINITIONAL_REPRESENTATION('',(#2365),#2369);
#2365 = LINE('',#2366,#2367);
#2366 = CARTESIAN_POINT('',(0.,0.));
#2367 = VECTOR('',#2368,1.);
#2368 = DIRECTION('',(1.,0.));
#2369 = ( GEOMETRIC_REPRESENTATION_CONTEXT(2) 
PARAMETRIC_REPRESENTATION_CONTEXT() REPRESENTATION_CONTEXT('2D SPACE',''
  ) );
#2370 = PCURVE('',#731,#2371);
#2371 = DEFINITIONAL_REPRESENTATION('',(#2372),#2376);
#2372 = LINE('',#2373,#2374);
#2373 = CARTESIAN_POINT('',(14.2,0.));
#2374 = VECTOR('',#2375,1.);
#2375 = DIRECTION('',(0.,1.));
#2376 = ( GEOMETRIC_REPRESENTATION_CONTEXT(2) 
PARAMETRIC_REPRESENTATION_CONTEXT() REPRESENTATION_CONTEXT('2D SPACE',''
  ) );
#2377 = ORIENTED_EDGE('',*,*,#687,.T.);
#2378 = ORIENTED_EDGE('',*,*,#2332,.F.);
#2379 = ADVANCED_FACE('',(#2380),#731,.F.);
#2380 = FACE_BOUND('',#2381,.F.);
#2381 = EDGE_LOOP('',(#2382,#2383,#2404,#2405));
#2382 = ORIENTED_EDGE('',*,*,#715,.F.);
#2383 = ORIENTED_EDGE('',*,*,#2384,.T.);
#2384 = EDGE_CURVE('',#716,#1503,#2385,.T.);
#2385 = SURFACE_CURVE('',#2386,(#2390,#2397),.PCURVE_S1.);
#2386 = LINE('',#2387,#2388);
#2387 = CARTESIAN_POINT('',(31.05,24.,30.));
#2388 = VECTOR('',#2389,1.);
#2389 = DIRECTION('',(-1.,0.,0.));
#2390 = PCURVE('',#731,#2391);
#2391 = DEFINITIONAL_REPRESENTATION('',(#2392),#2396);
#2392 = LINE('',#2393,#2394);
#2393 = CARTESIAN_POINT('',(0.2,62.1));
#2394 = VECTOR('',#2395,1.);
#2395 = DIRECTION('',(0.,-1.));
#2396 = ( GEOMETRIC_REPRESENTATION_CONTEXT(2) 
PARAMETRIC_REPRESENTATION_CONTEXT() REPRESENTATION_CONTEXT('2D SPACE',''
  ) );
#2397 = PCURVE('',#759,#2398);
#2398 = DEFINITIONAL_REPRESENTATION('',(#2399),#2403);
#2399 = LINE('',#2400,#2401);
#2400 = CARTESIAN_POINT('',(62.1,45.5));
#2401 = VECTOR('',#2402,1.);
#2402 = DIRECTION('',(-1.,0.));
#2403 = ( GEOMETRIC_REPRESENTATION_CONTEXT(2) 
PARAMETRIC_REPRESENTATION_CONTEXT() REPRESENTATION_CONTEXT('2D SPACE',''
  ) );
#2404 = ORIENTED_EDGE('',*,*,#1775,.T.);
#2405 = ORIENTED_EDGE('',*,*,#2357,.T.);
#2406 = ADVANCED_FACE('',(#2407,#2433,#2555,#2586),#759,.T.);
#2407 = FACE_BOUND('',#2408,.T.);
#2408 = EDGE_LOOP('',(#2409,#2430,#2431,#2432));
#2409 = ORIENTED_EDGE('',*,*,#2410,.F.);
#2410 = EDGE_CURVE('',#744,#1501,#2411,.T.);
#2411 = SURFACE_CURVE('',#2412,(#2416,#2423),.PCURVE_S1.);
#2412 = LINE('',#2413,#2414);
#2413 = CARTESIAN_POINT('',(31.05,-21.5,30.));
#2414 = VECTOR('',#2415,1.);
#2415 = DIRECTION('',(-1.,0.,0.));
#2416 = PCURVE('',#759,#2417);
#2417 = DEFINITIONAL_REPRESENTATION('',(#2418),#2422);
#2418 = LINE('',#2419,#2420);
#2419 = CARTESIAN_POINT('',(62.1,0.));
#2420 = VECTOR('',#2421,1.);
#2421 = DIRECTION('',(-1.,0.));
#2422 = ( GEOMETRIC_REPRESENTATION_CONTEXT(2) 
PARAMETRIC_REPRESENTATION_CONTEXT() REPRESENTATION_CONTEXT('2D SPACE',''
  ) );
#2423 = PCURVE('',#787,#2424);
#2424 = DEFINITIONAL_REPRESENTATION('',(#2425),#2429);
#2425 = LINE('',#2426,#2427);
#2426 = CARTESIAN_POINT('',(4.4,62.1));
#2427 = VECTOR('',#2428,1.);
#2428 = DIRECTION('',(0.,-1.));
#2429 = ( GEOMETRIC_REPRESENTATION_CONTEXT(2) 
PARAMETRIC_REPRESENTATION_CONTEXT() REPRESENTATION_CONTEXT('2D SPACE',''
  ) );
#2430 = ORIENTED_EDGE('',*,*,#743,.F.);
#2431 = ORIENTED_EDGE('',*,*,#2384,.T.);
#2432 = ORIENTED_EDGE('',*,*,#1500,.F.);
#2433 = FACE_BOUND('',#2434,.T.);
#2434 = EDGE_LOOP('',(#2435,#2464,#2497,#2524));
#2435 = ORIENTED_EDGE('',*,*,#2436,.F.);
#2436 = EDGE_CURVE('',#2437,#2439,#2441,.T.);
#2437 = VERTEX_POINT('',#2438);
#2438 = CARTESIAN_POINT('',(16.5,12.5,30.));
#2439 = VERTEX_POINT('',#2440);
#2440 = CARTESIAN_POINT('',(-16.5,12.5,30.));
#2441 = SURFACE_CURVE('',#2442,(#2446,#2453),.PCURVE_S1.);
#2442 = LINE('',#2443,#2444);
#2443 = CARTESIAN_POINT('',(-23.775,12.5,30.));
#2444 = VECTOR('',#2445,1.);
#2445 = DIRECTION('',(-1.,0.,0.));
#2446 = PCURVE('',#759,#2447);
#2447 = DEFINITIONAL_REPRESENTATION('',(#2448),#2452);
#2448 = LINE('',#2449,#2450);
#2449 = CARTESIAN_POINT('',(7.275,34.));
#2450 = VECTOR('',#2451,1.);
#2451 = DIRECTION('',(-1.,0.));
#2452 = ( GEOMETRIC_REPRESENTATION_CONTEXT(2) 
PARAMETRIC_REPRESENTATION_CONTEXT() REPRESENTATION_CONTEXT('2D SPACE',''
  ) );
#2453 = PCURVE('',#2454,#2459);
#2454 = PLANE('',#2455);
#2455 = AXIS2_PLACEMENT_3D('',#2456,#2457,#2458);
#2456 = CARTESIAN_POINT('',(-16.5,12.5,29.8));
#2457 = DIRECTION('',(0.,1.,0.));
#2458 = DIRECTION('',(1.,0.,0.));
#2459 = DEFINITIONAL_REPRESENTATION('',(#2460),#2463);
#2460 = B_SPLINE_CURVE_WITH_KNOTS('',1,(#2461,#2462),.UNSPECIFIED.,.F.,
  .F.,(2,2),(-40.275,-7.275),.PIECEWISE_BEZIER_KNOTS.);
#2461 = CARTESIAN_POINT('',(33.,-0.2));
#2462 = CARTESIAN_POINT('',(0.,-0.2));
#2463 = ( GEOMETRIC_REPRESENTATION_CONTEXT(2) 
PARAMETRIC_REPRESENTATION_CONTEXT() REPRESENTATION_CONTEXT('2D SPACE',''
  ) );
#2464 = ORIENTED_EDGE('',*,*,#2465,.T.);
#2465 = EDGE_CURVE('',#2437,#2466,#2468,.T.);
#2466 = VERTEX_POINT('',#2467);
#2467 = CARTESIAN_POINT('',(16.5,-2.5,30.));
#2468 = SURFACE_CURVE('',#2469,(#2474,#2485),.PCURVE_S1.);
#2469 = CIRCLE('',#2470,7.5);
#2470 = AXIS2_PLACEMENT_3D('',#2471,#2472,#2473);
#2471 = CARTESIAN_POINT('',(16.5,5.,30.));
#2472 = DIRECTION('',(0.,0.,-1.));
#2473 = DIRECTION('',(0.,1.,0.));
#2474 = PCURVE('',#759,#2475);
#2475 = DEFINITIONAL_REPRESENTATION('',(#2476),#2484);
#2476 = ( BOUNDED_CURVE() B_SPLINE_CURVE(2,(#2477,#2478,#2479,#2480,
#2481,#2482,#2483),.UNSPECIFIED.,.T.,.F.) B_SPLINE_CURVE_WITH_KNOTS((1,2
    ,2,2,2,1),(-2.094395102393,0.,2.094395102393,4.188790204786,
6.28318530718,8.377580409573),.UNSPECIFIED.) CURVE() 
GEOMETRIC_REPRESENTATION_ITEM() RATIONAL_B_SPLINE_CURVE((1.,0.5,1.,0.5,
1.,0.5,1.)) REPRESENTATION_ITEM('') );
#2477 = CARTESIAN_POINT('',(47.55,34.));
#2478 = CARTESIAN_POINT('',(60.540381056767,34.));
#2479 = CARTESIAN_POINT('',(54.045190528383,22.75));
#2480 = CARTESIAN_POINT('',(47.55,11.5));
#2481 = CARTESIAN_POINT('',(41.054809471617,22.75));
#2482 = CARTESIAN_POINT('',(34.559618943233,34.));
#2483 = CARTESIAN_POINT('',(47.55,34.));
#2484 = ( GEOMETRIC_REPRESENTATION_CONTEXT(2) 
PARAMETRIC_REPRESENTATION_CONTEXT() REPRESENTATION_CONTEXT('2D SPACE',''
  ) );
#2485 = PCURVE('',#2486,#2491);
#2486 = CYLINDRICAL_SURFACE('',#2487,7.5);
#2487 = AXIS2_PLACEMENT_3D('',#2488,#2489,#2490);
#2488 = CARTESIAN_POINT('',(16.5,5.,29.8));
#2489 = DIRECTION('',(0.,0.,-1.));
#2490 = DIRECTION('',(0.,1.,0.));
#2491 = DEFINITIONAL_REPRESENTATION('',(#2492),#2496);
#2492 = LINE('',#2493,#2494);
#2493 = CARTESIAN_POINT('',(0.,-0.2));
#2494 = VECTOR('',#2495,1.);
#2495 = DIRECTION('',(1.,0.));
#2496 = ( GEOMETRIC_REPRESENTATION_CONTEXT(2) 
PARAMETRIC_REPRESENTATION_CONTEXT() REPRESENTATION_CONTEXT('2D SPACE',''
  ) );
#2497 = ORIENTED_EDGE('',*,*,#2498,.F.);
#2498 = EDGE_CURVE('',#2499,#2466,#2501,.T.);
#2499 = VERTEX_POINT('',#2500);
#2500 = CARTESIAN_POINT('',(-16.5,-2.5,30.));
#2501 = SURFACE_CURVE('',#2502,(#2506,#2513),.PCURVE_S1.);
#2502 = LINE('',#2503,#2504);
#2503 = CARTESIAN_POINT('',(-7.275,-2.5,30.));
#2504 = VECTOR('',#2505,1.);
#2505 = DIRECTION('',(1.,0.,-0.));
#2506 = PCURVE('',#759,#2507);
#2507 = DEFINITIONAL_REPRESENTATION('',(#2508),#2512);
#2508 = LINE('',#2509,#2510);
#2509 = CARTESIAN_POINT('',(23.775,19.));
#2510 = VECTOR('',#2511,1.);
#2511 = DIRECTION('',(1.,0.));
#2512 = ( GEOMETRIC_REPRESENTATION_CONTEXT(2) 
PARAMETRIC_REPRESENTATION_CONTEXT() REPRESENTATION_CONTEXT('2D SPACE',''
  ) );
#2513 = PCURVE('',#2514,#2519);
#2514 = PLANE('',#2515);
#2515 = AXIS2_PLACEMENT_3D('',#2516,#2517,#2518);
#2516 = CARTESIAN_POINT('',(16.5,-2.5,29.8));
#2517 = DIRECTION('',(0.,-1.,0.));
#2518 = DIRECTION('',(-1.,0.,0.));
#2519 = DEFINITIONAL_REPRESENTATION('',(#2520),#2523);
#2520 = B_SPLINE_CURVE_WITH_KNOTS('',1,(#2521,#2522),.UNSPECIFIED.,.F.,
  .F.,(2,2),(-9.225,23.775),.PIECEWISE_BEZIER_KNOTS.);
#2521 = CARTESIAN_POINT('',(33.,-0.2));
#2522 = CARTESIAN_POINT('',(0.,-0.2));
#2523 = ( GEOMETRIC_REPRESENTATION_CONTEXT(2) 
PARAMETRIC_REPRESENTATION_CONTEXT() REPRESENTATION_CONTEXT('2D SPACE',''
  ) );
#2524 = ORIENTED_EDGE('',*,*,#2525,.T.);
#2525 = EDGE_CURVE('',#2499,#2439,#2526,.T.);
#2526 = SURFACE_CURVE('',#2527,(#2532,#2543),.PCURVE_S1.);
#2527 = CIRCLE('',#2528,7.5);
#2528 = AXIS2_PLACEMENT_3D('',#2529,#2530,#2531);
#2529 = CARTESIAN_POINT('',(-16.5,5.,30.));
#2530 = DIRECTION('',(0.,-0.,-1.));
#2531 = DIRECTION('',(0.,-1.,0.));
#2532 = PCURVE('',#759,#2533);
#2533 = DEFINITIONAL_REPRESENTATION('',(#2534),#2542);
#2534 = ( BOUNDED_CURVE() B_SPLINE_CURVE(2,(#2535,#2536,#2537,#2538,
#2539,#2540,#2541),.UNSPECIFIED.,.T.,.F.) B_SPLINE_CURVE_WITH_KNOTS((1,2
    ,2,2,2,1),(-2.094395102393,0.,2.094395102393,4.188790204786,
6.28318530718,8.377580409573),.UNSPECIFIED.) CURVE() 
GEOMETRIC_REPRESENTATION_ITEM() RATIONAL_B_SPLINE_CURVE((1.,0.5,1.,0.5,
1.,0.5,1.)) REPRESENTATION_ITEM('') );
#2535 = CARTESIAN_POINT('',(14.55,19.));
#2536 = CARTESIAN_POINT('',(1.559618943233,19.));
#2537 = CARTESIAN_POINT('',(8.054809471617,30.25));
#2538 = CARTESIAN_POINT('',(14.55,41.5));
#2539 = CARTESIAN_POINT('',(21.045190528383,30.25));
#2540 = CARTESIAN_POINT('',(27.540381056767,19.));
#2541 = CARTESIAN_POINT('',(14.55,19.));
#2542 = ( GEOMETRIC_REPRESENTATION_CONTEXT(2) 
PARAMETRIC_REPRESENTATION_CONTEXT() REPRESENTATION_CONTEXT('2D SPACE',''
  ) );
#2543 = PCURVE('',#2544,#2549);
#2544 = CYLINDRICAL_SURFACE('',#2545,7.5);
#2545 = AXIS2_PLACEMENT_3D('',#2546,#2547,#2548);
#2546 = CARTESIAN_POINT('',(-16.5,5.,29.8));
#2547 = DIRECTION('',(0.,-0.,-1.));
#2548 = DIRECTION('',(0.,-1.,0.));
#2549 = DEFINITIONAL_REPRESENTATION('',(#2550),#2554);
#2550 = LINE('',#2551,#2552);
#2551 = CARTESIAN_POINT('',(0.,-0.2));
#2552 = VECTOR('',#2553,1.);
#2553 = DIRECTION('',(1.,0.));
#2554 = ( GEOMETRIC_REPRESENTATION_CONTEXT(2) 
PARAMETRIC_REPRESENTATION_CONTEXT() REPRESENTATION_CONTEXT('2D SPACE',''
  ) );
#2555 = FACE_BOUND('',#2556,.T.);
#2556 = EDGE_LOOP('',(#2557));
#2557 = ORIENTED_EDGE('',*,*,#2558,.F.);
#2558 = EDGE_CURVE('',#2559,#2559,#2561,.T.);
#2559 = VERTEX_POINT('',#2560);
#2560 = CARTESIAN_POINT('',(-7.751,-14.717,30.));
#2561 = SURFACE_CURVE('',#2562,(#2567,#2574),.PCURVE_S1.);
#2562 = CIRCLE('',#2563,3.25);
#2563 = AXIS2_PLACEMENT_3D('',#2564,#2565,#2566);
#2564 = CARTESIAN_POINT('',(-11.001,-14.717,30.));
#2565 = DIRECTION('',(0.,0.,1.));
#2566 = DIRECTION('',(1.,0.,-0.));
#2567 = PCURVE('',#759,#2568);
#2568 = DEFINITIONAL_REPRESENTATION('',(#2569),#2573);
#2569 = CIRCLE('',#2570,3.25);
#2570 = AXIS2_PLACEMENT_2D('',#2571,#2572);
#2571 = CARTESIAN_POINT('',(20.049,6.783));
#2572 = DIRECTION('',(1.,0.));
#2573 = ( GEOMETRIC_REPRESENTATION_CONTEXT(2) 
PARAMETRIC_REPRESENTATION_CONTEXT() REPRESENTATION_CONTEXT('2D SPACE',''
  ) );
#2574 = PCURVE('',#2575,#2580);
#2575 = CONICAL_SURFACE('',#2576,1.75,0.785398163397);
#2576 = AXIS2_PLACEMENT_3D('',#2577,#2578,#2579);
#2577 = CARTESIAN_POINT('',(-11.001,-14.717,28.5));
#2578 = DIRECTION('',(0.,0.,1.));
#2579 = DIRECTION('',(1.,0.,-0.));
#2580 = DEFINITIONAL_REPRESENTATION('',(#2581),#2585);
#2581 = LINE('',#2582,#2583);
#2582 = CARTESIAN_POINT('',(0.,1.5));
#2583 = VECTOR('',#2584,1.);
#2584 = DIRECTION('',(1.,0.));
#2585 = ( GEOMETRIC_REPRESENTATION_CONTEXT(2) 
PARAMETRIC_REPRESENTATION_CONTEXT() REPRESENTATION_CONTEXT('2D SPACE',''
  ) );
#2586 = FACE_BOUND('',#2587,.T.);
#2587 = EDGE_LOOP('',(#2588));
#2588 = ORIENTED_EDGE('',*,*,#2589,.F.);
#2589 = EDGE_CURVE('',#2590,#2590,#2592,.T.);
#2590 = VERTEX_POINT('',#2591);
#2591 = CARTESIAN_POINT('',(14.249,-14.717,30.));
#2592 = SURFACE_CURVE('',#2593,(#2598,#2605),.PCURVE_S1.);
#2593 = CIRCLE('',#2594,3.25);
#2594 = AXIS2_PLACEMENT_3D('',#2595,#2596,#2597);
#2595 = CARTESIAN_POINT('',(10.999,-14.717,30.));
#2596 = DIRECTION('',(0.,0.,1.));
#2597 = DIRECTION('',(1.,0.,-0.));
#2598 = PCURVE('',#759,#2599);
#2599 = DEFINITIONAL_REPRESENTATION('',(#2600),#2604);
#2600 = CIRCLE('',#2601,3.25);
#2601 = AXIS2_PLACEMENT_2D('',#2602,#2603);
#2602 = CARTESIAN_POINT('',(42.049,6.783));
#2603 = DIRECTION('',(1.,0.));
#2604 = ( GEOMETRIC_REPRESENTATION_CONTEXT(2) 
PARAMETRIC_REPRESENTATION_CONTEXT() REPRESENTATION_CONTEXT('2D SPACE',''
  ) );
#2605 = PCURVE('',#2606,#2611);
#2606 = CONICAL_SURFACE('',#2607,1.75,0.785398163397);
#2607 = AXIS2_PLACEMENT_3D('',#2608,#2609,#2610);
#2608 = CARTESIAN_POINT('',(10.999,-14.717,28.5));
#2609 = DIRECTION('',(0.,0.,1.));
#2610 = DIRECTION('',(1.,0.,-0.));
#2611 = DEFINITIONAL_REPRESENTATION('',(#2612),#2616);
#2612 = LINE('',#2613,#2614);
#2613 = CARTESIAN_POINT('',(0.,1.5));
#2614 = VECTOR('',#2615,1.);
#2615 = DIRECTION('',(1.,0.));
#2616 = ( GEOMETRIC_REPRESENTATION_CONTEXT(2) 
PARAMETRIC_REPRESENTATION_CONTEXT() REPRESENTATION_CONTEXT('2D SPACE',''
  ) );
#2617 = ADVANCED_FACE('',(#2618),#787,.F.);
#2618 = FACE_BOUND('',#2619,.F.);
#2619 = EDGE_LOOP('',(#2620,#2621,#2642,#2643));
#2620 = ORIENTED_EDGE('',*,*,#771,.F.);
#2621 = ORIENTED_EDGE('',*,*,#2622,.F.);
#2622 = EDGE_CURVE('',#1526,#772,#2623,.T.);
#2623 = SURFACE_CURVE('',#2624,(#2628,#2635),.PCURVE_S1.);
#2624 = LINE('',#2625,#2626);
#2625 = CARTESIAN_POINT('',(-31.05,-21.5,25.6));
#2626 = VECTOR('',#2627,1.);
#2627 = DIRECTION('',(1.,0.,-0.));
#2628 = PCURVE('',#787,#2629);
#2629 = DEFINITIONAL_REPRESENTATION('',(#2630),#2634);
#2630 = LINE('',#2631,#2632);
#2631 = CARTESIAN_POINT('',(0.,0.));
#2632 = VECTOR('',#2633,1.);
#2633 = DIRECTION('',(0.,1.));
#2634 = ( GEOMETRIC_REPRESENTATION_CONTEXT(2) 
PARAMETRIC_REPRESENTATION_CONTEXT() REPRESENTATION_CONTEXT('2D SPACE',''
  ) );
#2635 = PCURVE('',#813,#2636);
#2636 = DEFINITIONAL_REPRESENTATION('',(#2637),#2641);
#2637 = LINE('',#2638,#2639);
#2638 = CARTESIAN_POINT('',(0.,0.));
#2639 = VECTOR('',#2640,1.);
#2640 = DIRECTION('',(1.,0.));
#2641 = ( GEOMETRIC_REPRESENTATION_CONTEXT(2) 
PARAMETRIC_REPRESENTATION_CONTEXT() REPRESENTATION_CONTEXT('2D SPACE',''
  ) );
#2642 = ORIENTED_EDGE('',*,*,#1525,.T.);
#2643 = ORIENTED_EDGE('',*,*,#2410,.F.);
#2644 = ADVANCED_FACE('',(#2645),#813,.F.);
#2645 = FACE_BOUND('',#2646,.F.);
#2646 = EDGE_LOOP('',(#2647,#2648,#2649,#2650,#2651,#2673,#2700,#2729,
    #2756,#2783));
#2647 = ORIENTED_EDGE('',*,*,#1548,.F.);
#2648 = ORIENTED_EDGE('',*,*,#2622,.T.);
#2649 = ORIENTED_EDGE('',*,*,#799,.F.);
#2650 = ORIENTED_EDGE('',*,*,#2040,.T.);
#2651 = ORIENTED_EDGE('',*,*,#2652,.F.);
#2652 = EDGE_CURVE('',#2653,#2015,#2655,.T.);
#2653 = VERTEX_POINT('',#2654);
#2654 = CARTESIAN_POINT('',(19.19906231343,-20.86940764386,25.6));
#2655 = SURFACE_CURVE('',#2656,(#2660,#2667),.PCURVE_S1.);
#2656 = LINE('',#2657,#2658);
#2657 = CARTESIAN_POINT('',(19.19906231343,23.742840056617,25.6));
#2658 = VECTOR('',#2659,1.);
#2659 = DIRECTION('',(0.,1.,-0.));
#2660 = PCURVE('',#813,#2661);
#2661 = DEFINITIONAL_REPRESENTATION('',(#2662),#2666);
#2662 = LINE('',#2663,#2664);
#2663 = CARTESIAN_POINT('',(50.24906231343,45.242840056617));
#2664 = VECTOR('',#2665,1.);
#2665 = DIRECTION('',(0.,1.));
#2666 = ( GEOMETRIC_REPRESENTATION_CONTEXT(2) 
PARAMETRIC_REPRESENTATION_CONTEXT() REPRESENTATION_CONTEXT('2D SPACE',''
  ) );
#2667 = PCURVE('',#2029,#2668);
#2668 = DEFINITIONAL_REPRESENTATION('',(#2669),#2672);
#2669 = B_SPLINE_CURVE_WITH_KNOTS('',1,(#2670,#2671),.UNSPECIFIED.,.F.,
  .F.,(2,2),(-44.61224770047,-27.96034005661),.PIECEWISE_BEZIER_KNOTS.);
#2670 = CARTESIAN_POINT('',(89.855087757095,78.910691844744));
#2671 = CARTESIAN_POINT('',(73.203180113233,78.910691844744));
#2672 = ( GEOMETRIC_REPRESENTATION_CONTEXT(2) 
PARAMETRIC_REPRESENTATION_CONTEXT() REPRESENTATION_CONTEXT('2D SPACE',''
  ) );
#2673 = ORIENTED_EDGE('',*,*,#2674,.F.);
#2674 = EDGE_CURVE('',#2675,#2653,#2677,.T.);
#2675 = VERTEX_POINT('',#2676);
#2676 = CARTESIAN_POINT('',(15.09906231343,-20.86940764386,25.6));
#2677 = SURFACE_CURVE('',#2678,(#2682,#2689),.PCURVE_S1.);
#2678 = LINE('',#2679,#2680);
#2679 = CARTESIAN_POINT('',(5.69456558281,-20.86940764386,25.6));
#2680 = VECTOR('',#2681,1.);
#2681 = DIRECTION('',(1.,0.,0.));
#2682 = PCURVE('',#813,#2683);
#2683 = DEFINITIONAL_REPRESENTATION('',(#2684),#2688);
#2684 = LINE('',#2685,#2686);
#2685 = CARTESIAN_POINT('',(36.74456558281,0.630592356138));
#2686 = VECTOR('',#2687,1.);
#2687 = DIRECTION('',(1.,0.));
#2688 = ( GEOMETRIC_REPRESENTATION_CONTEXT(2) 
PARAMETRIC_REPRESENTATION_CONTEXT() REPRESENTATION_CONTEXT('2D SPACE',''
  ) );
#2689 = PCURVE('',#2690,#2695);
#2690 = PLANE('',#2691);
#2691 = AXIS2_PLACEMENT_3D('',#2692,#2693,#2694);
#2692 = CARTESIAN_POINT('',(42.43913116562,-20.86940764386,
    14.999684915576));
#2693 = DIRECTION('',(0.,1.,0.));
#2694 = DIRECTION('',(-1.,0.,0.));
#2695 = DEFINITIONAL_REPRESENTATION('',(#2696),#2699);
#2696 = B_SPLINE_CURVE_WITH_KNOTS('',1,(#2697,#2698),.UNSPECIFIED.,.F.,
  .F.,(2,2),(9.40449673062,13.50449673062),.PIECEWISE_BEZIER_KNOTS.);
#2697 = CARTESIAN_POINT('',(27.34006885219,10.600315084425));
#2698 = CARTESIAN_POINT('',(23.24006885219,10.600315084425));
#2699 = ( GEOMETRIC_REPRESENTATION_CONTEXT(2) 
PARAMETRIC_REPRESENTATION_CONTEXT() REPRESENTATION_CONTEXT('2D SPACE',''
  ) );
#2700 = ORIENTED_EDGE('',*,*,#2701,.T.);
#2701 = EDGE_CURVE('',#2675,#2702,#2704,.T.);
#2702 = VERTEX_POINT('',#2703);
#2703 = CARTESIAN_POINT('',(-15.10093768657,-20.86940764386,25.6));
#2704 = SURFACE_CURVE('',#2705,(#2710,#2717),.PCURVE_S1.);
#2705 = CIRCLE('',#2706,28.65);
#2706 = AXIS2_PLACEMENT_3D('',#2707,#2708,#2709);
#2707 = CARTESIAN_POINT('',(-9.37686570375E-04,-45.21714881219,25.6));
#2708 = DIRECTION('',(0.,0.,1.));
#2709 = DIRECTION('',(0.52705061082,0.849833897673,-0.));
#2710 = PCURVE('',#813,#2711);
#2711 = DEFINITIONAL_REPRESENTATION('',(#2712),#2716);
#2712 = CIRCLE('',#2713,28.65);
#2713 = AXIS2_PLACEMENT_2D('',#2714,#2715);
#2714 = CARTESIAN_POINT('',(31.04906231343,-23.71714881219));
#2715 = DIRECTION('',(0.52705061082,0.849833897673));
#2716 = ( GEOMETRIC_REPRESENTATION_CONTEXT(2) 
PARAMETRIC_REPRESENTATION_CONTEXT() REPRESENTATION_CONTEXT('2D SPACE',''
  ) );
#2717 = PCURVE('',#2718,#2723);
#2718 = CYLINDRICAL_SURFACE('',#2719,28.65);
#2719 = AXIS2_PLACEMENT_3D('',#2720,#2721,#2722);
#2720 = CARTESIAN_POINT('',(-9.37686570375E-04,-45.21714881219,
    2.999684915576));
#2721 = DIRECTION('',(0.,0.,1.));
#2722 = DIRECTION('',(0.52705061082,0.849833897673,0.));
#2723 = DEFINITIONAL_REPRESENTATION('',(#2724),#2728);
#2724 = LINE('',#2725,#2726);
#2725 = CARTESIAN_POINT('',(0.,22.600315084425));
#2726 = VECTOR('',#2727,1.);
#2727 = DIRECTION('',(1.,0.));
#2728 = ( GEOMETRIC_REPRESENTATION_CONTEXT(2) 
PARAMETRIC_REPRESENTATION_CONTEXT() REPRESENTATION_CONTEXT('2D SPACE',''
  ) );
#2729 = ORIENTED_EDGE('',*,*,#2730,.F.);
#2730 = EDGE_CURVE('',#2731,#2702,#2733,.T.);
#2731 = VERTEX_POINT('',#2732);
#2732 = CARTESIAN_POINT('',(-19.19948216244,-20.86940764386,25.6));
#2733 = SURFACE_CURVE('',#2734,(#2738,#2745),.PCURVE_S1.);
#2734 = LINE('',#2735,#2736);
#2735 = CARTESIAN_POINT('',(5.69456558281,-20.86940764386,25.6));
#2736 = VECTOR('',#2737,1.);
#2737 = DIRECTION('',(1.,0.,0.));
#2738 = PCURVE('',#813,#2739);
#2739 = DEFINITIONAL_REPRESENTATION('',(#2740),#2744);
#2740 = LINE('',#2741,#2742);
#2741 = CARTESIAN_POINT('',(36.74456558281,0.630592356138));
#2742 = VECTOR('',#2743,1.);
#2743 = DIRECTION('',(1.,0.));
#2744 = ( GEOMETRIC_REPRESENTATION_CONTEXT(2) 
PARAMETRIC_REPRESENTATION_CONTEXT() REPRESENTATION_CONTEXT('2D SPACE',''
  ) );
#2745 = PCURVE('',#2746,#2751);
#2746 = PLANE('',#2747);
#2747 = AXIS2_PLACEMENT_3D('',#2748,#2749,#2750);
#2748 = CARTESIAN_POINT('',(42.43913116562,-20.86940764386,
    14.999684915576));
#2749 = DIRECTION('',(0.,1.,0.));
#2750 = DIRECTION('',(-1.,0.,0.));
#2751 = DEFINITIONAL_REPRESENTATION('',(#2752),#2755);
#2752 = B_SPLINE_CURVE_WITH_KNOTS('',1,(#2753,#2754),.UNSPECIFIED.,.F.,
  .F.,(2,2),(-24.89404774525,-20.79550326938),.PIECEWISE_BEZIER_KNOTS.);
#2753 = CARTESIAN_POINT('',(61.63861332806,10.600315084425));
#2754 = CARTESIAN_POINT('',(57.54006885219,10.600315084425));
#2755 = ( GEOMETRIC_REPRESENTATION_CONTEXT(2) 
PARAMETRIC_REPRESENTATION_CONTEXT() REPRESENTATION_CONTEXT('2D SPACE',''
  ) );
#2756 = ORIENTED_EDGE('',*,*,#2757,.T.);
#2757 = EDGE_CURVE('',#2731,#2758,#2760,.T.);
#2758 = VERTEX_POINT('',#2759);
#2759 = CARTESIAN_POINT('',(-19.19948216244,-20.869,25.6));
#2760 = SURFACE_CURVE('',#2761,(#2765,#2772),.PCURVE_S1.);
#2761 = LINE('',#2762,#2763);
#2762 = CARTESIAN_POINT('',(-19.19948216244,3.565202725387,25.6));
#2763 = VECTOR('',#2764,1.);
#2764 = DIRECTION('',(0.,1.,-0.));
#2765 = PCURVE('',#813,#2766);
#2766 = DEFINITIONAL_REPRESENTATION('',(#2767),#2771);
#2767 = LINE('',#2768,#2769);
#2768 = CARTESIAN_POINT('',(11.85051783756,25.065202725387));
#2769 = VECTOR('',#2770,1.);
#2770 = DIRECTION('',(0.,1.));
#2771 = ( GEOMETRIC_REPRESENTATION_CONTEXT(2) 
PARAMETRIC_REPRESENTATION_CONTEXT() REPRESENTATION_CONTEXT('2D SPACE',''
  ) );
#2772 = PCURVE('',#2773,#2778);
#2773 = PLANE('',#2774);
#2774 = AXIS2_PLACEMENT_3D('',#2775,#2776,#2777);
#2775 = CARTESIAN_POINT('',(-19.19948216244,28.630405450773,
    -11.35436862383));
#2776 = DIRECTION('',(-1.,0.,0.));
#2777 = DIRECTION('',(0.,0.96592663781,0.258816016447));
#2778 = DEFINITIONAL_REPRESENTATION('',(#2779),#2782);
#2779 = B_SPLINE_CURVE_WITH_KNOTS('',1,(#2780,#2781),.UNSPECIFIED.,.F.,
  .F.,(2,2),(-25.06520272538,-8.140598672801),.PIECEWISE_BEZIER_KNOTS.);
#2780 = CARTESIAN_POINT('',(-38.85791151157,-48.66976087884));
#2781 = CARTESIAN_POINT('',(-22.50998562279,-44.28940227801));
#2782 = ( GEOMETRIC_REPRESENTATION_CONTEXT(2) 
PARAMETRIC_REPRESENTATION_CONTEXT() REPRESENTATION_CONTEXT('2D SPACE',''
  ) );
#2783 = ORIENTED_EDGE('',*,*,#2784,.T.);
#2784 = EDGE_CURVE('',#2758,#1549,#2785,.T.);
#2785 = SURFACE_CURVE('',#2786,(#2790,#2796),.PCURVE_S1.);
#2786 = LINE('',#2787,#2788);
#2787 = CARTESIAN_POINT('',(-31.05,-20.869,25.6));
#2788 = VECTOR('',#2789,1.);
#2789 = DIRECTION('',(-1.,-0.,0.));
#2790 = PCURVE('',#813,#2791);
#2791 = DEFINITIONAL_REPRESENTATION('',(#2792),#2795);
#2792 = B_SPLINE_CURVE_WITH_KNOTS('',1,(#2793,#2794),.UNSPECIFIED.,.F.,
  .F.,(2,2),(-13.05,0.),.PIECEWISE_BEZIER_KNOTS.);
#2793 = CARTESIAN_POINT('',(13.05,0.631));
#2794 = CARTESIAN_POINT('',(0.,0.631));
#2795 = ( GEOMETRIC_REPRESENTATION_CONTEXT(2) 
PARAMETRIC_REPRESENTATION_CONTEXT() REPRESENTATION_CONTEXT('2D SPACE',''
  ) );
#2796 = PCURVE('',#1587,#2797);
#2797 = DEFINITIONAL_REPRESENTATION('',(#2798),#2801);
#2798 = B_SPLINE_CURVE_WITH_KNOTS('',1,(#2799,#2800),.UNSPECIFIED.,.F.,
  .F.,(2,2),(-13.05,0.),.PIECEWISE_BEZIER_KNOTS.);
#2799 = CARTESIAN_POINT('',(2.4,13.05));
#2800 = CARTESIAN_POINT('',(2.4,0.));
#2801 = ( GEOMETRIC_REPRESENTATION_CONTEXT(2) 
PARAMETRIC_REPRESENTATION_CONTEXT() REPRESENTATION_CONTEXT('2D SPACE',''
  ) );
#2802 = ADVANCED_FACE('',(#2803,#2874),#1037,.F.);
#2803 = FACE_BOUND('',#2804,.F.);
#2804 = EDGE_LOOP('',(#2805,#2830,#2851,#2852,#2853));
#2805 = ORIENTED_EDGE('',*,*,#2806,.F.);
#2806 = EDGE_CURVE('',#2807,#2809,#2811,.T.);
#2807 = VERTEX_POINT('',#2808);
#2808 = CARTESIAN_POINT('',(19.19906231343,-20.86940764386,
    2.799684915576));
#2809 = VERTEX_POINT('',#2810);
#2810 = CARTESIAN_POINT('',(15.09906231343,-20.86940764386,
    2.799684915576));
#2811 = SURFACE_CURVE('',#2812,(#2816,#2823),.PCURVE_S1.);
#2812 = LINE('',#2813,#2814);
#2813 = CARTESIAN_POINT('',(28.769096739525,-20.86940764386,
    2.799684915576));
#2814 = VECTOR('',#2815,1.);
#2815 = DIRECTION('',(-1.,0.,0.));
#2816 = PCURVE('',#1037,#2817);
#2817 = DEFINITIONAL_REPRESENTATION('',(#2818),#2822);
#2818 = LINE('',#2819,#2820);
#2819 = CARTESIAN_POINT('',(13.670034426095,-12.2));
#2820 = VECTOR('',#2821,1.);
#2821 = DIRECTION('',(1.,0.));
#2822 = ( GEOMETRIC_REPRESENTATION_CONTEXT(2) 
PARAMETRIC_REPRESENTATION_CONTEXT() REPRESENTATION_CONTEXT('2D SPACE',''
  ) );
#2823 = PCURVE('',#2292,#2824);
#2824 = DEFINITIONAL_REPRESENTATION('',(#2825),#2829);
#2825 = LINE('',#2826,#2827);
#2826 = CARTESIAN_POINT('',(9.570034426095,0.957635490215));
#2827 = VECTOR('',#2828,1.);
#2828 = DIRECTION('',(-1.,0.));
#2829 = ( GEOMETRIC_REPRESENTATION_CONTEXT(2) 
PARAMETRIC_REPRESENTATION_CONTEXT() REPRESENTATION_CONTEXT('2D SPACE',''
  ) );
#2830 = ORIENTED_EDGE('',*,*,#2831,.F.);
#2831 = EDGE_CURVE('',#994,#2807,#2832,.T.);
#2832 = SURFACE_CURVE('',#2833,(#2837,#2844),.PCURVE_S1.);
#2833 = LINE('',#2834,#2835);
#2834 = CARTESIAN_POINT('',(19.19906231343,-20.86940764386,
    0.999684915576));
#2835 = VECTOR('',#2836,1.);
#2836 = DIRECTION('',(0.,0.,1.));
#2837 = PCURVE('',#1037,#2838);
#2838 = DEFINITIONAL_REPRESENTATION('',(#2839),#2843);
#2839 = LINE('',#2840,#2841);
#2840 = CARTESIAN_POINT('',(23.24006885219,-14.));
#2841 = VECTOR('',#2842,1.);
#2842 = DIRECTION('',(0.,1.));
#2843 = ( GEOMETRIC_REPRESENTATION_CONTEXT(2) 
PARAMETRIC_REPRESENTATION_CONTEXT() REPRESENTATION_CONTEXT('2D SPACE',''
  ) );
#2844 = PCURVE('',#1009,#2845);
#2845 = DEFINITIONAL_REPRESENTATION('',(#2846),#2850);
#2846 = LINE('',#2847,#2848);
#2847 = CARTESIAN_POINT('',(89.855087757095,54.31037676032));
#2848 = VECTOR('',#2849,1.);
#2849 = DIRECTION('',(0.,1.));
#2850 = ( GEOMETRIC_REPRESENTATION_CONTEXT(2) 
PARAMETRIC_REPRESENTATION_CONTEXT() REPRESENTATION_CONTEXT('2D SPACE',''
  ) );
#2851 = ORIENTED_EDGE('',*,*,#1021,.F.);
#2852 = ORIENTED_EDGE('',*,*,#1127,.F.);
#2853 = ORIENTED_EDGE('',*,*,#2854,.T.);
#2854 = EDGE_CURVE('',#1128,#2809,#2855,.T.);
#2855 = SURFACE_CURVE('',#2856,(#2860,#2867),.PCURVE_S1.);
#2856 = LINE('',#2857,#2858);
#2857 = CARTESIAN_POINT('',(15.09906231343,-20.86940764386,
    -3.150844244999E-04));
#2858 = VECTOR('',#2859,1.);
#2859 = DIRECTION('',(0.,0.,1.));
#2860 = PCURVE('',#1037,#2861);
#2861 = DEFINITIONAL_REPRESENTATION('',(#2862),#2866);
#2862 = LINE('',#2863,#2864);
#2863 = CARTESIAN_POINT('',(27.34006885219,-15.));
#2864 = VECTOR('',#2865,1.);
#2865 = DIRECTION('',(0.,1.));
#2866 = ( GEOMETRIC_REPRESENTATION_CONTEXT(2) 
PARAMETRIC_REPRESENTATION_CONTEXT() REPRESENTATION_CONTEXT('2D SPACE',''
  ) );
#2867 = PCURVE('',#1169,#2868);
#2868 = DEFINITIONAL_REPRESENTATION('',(#2869),#2873);
#2869 = LINE('',#2870,#2871);
#2870 = CARTESIAN_POINT('',(1.015670059278,-15.));
#2871 = VECTOR('',#2872,1.);
#2872 = DIRECTION('',(0.,1.));
#2873 = ( GEOMETRIC_REPRESENTATION_CONTEXT(2) 
PARAMETRIC_REPRESENTATION_CONTEXT() REPRESENTATION_CONTEXT('2D SPACE',''
  ) );
#2874 = FACE_BOUND('',#2875,.F.);
#2875 = EDGE_LOOP('',(#2876,#2904,#2930,#2956));
#2876 = ORIENTED_EDGE('',*,*,#2877,.F.);
#2877 = EDGE_CURVE('',#2878,#2880,#2882,.T.);
#2878 = VERTEX_POINT('',#2879);
#2879 = CARTESIAN_POINT('',(16.,-20.86940764386,2.3));
#2880 = VERTEX_POINT('',#2881);
#2881 = CARTESIAN_POINT('',(18.,-20.86940764386,2.3));
#2882 = SURFACE_CURVE('',#2883,(#2887,#2893),.PCURVE_S1.);
#2883 = LINE('',#2884,#2885);
#2884 = CARTESIAN_POINT('',(29.21956558281,-20.86940764386,2.3));
#2885 = VECTOR('',#2886,1.);
#2886 = DIRECTION('',(1.,0.,0.));
#2887 = PCURVE('',#1037,#2888);
#2888 = DEFINITIONAL_REPRESENTATION('',(#2889),#2892);
#2889 = B_SPLINE_CURVE_WITH_KNOTS('',1,(#2890,#2891),.UNSPECIFIED.,.F.,
  .F.,(2,2),(-13.21956558281,-11.21956558281),.PIECEWISE_BEZIER_KNOTS.);
#2890 = CARTESIAN_POINT('',(26.43913116562,-12.69968491557));
#2891 = CARTESIAN_POINT('',(24.43913116562,-12.69968491557));
#2892 = ( GEOMETRIC_REPRESENTATION_CONTEXT(2) 
PARAMETRIC_REPRESENTATION_CONTEXT() REPRESENTATION_CONTEXT('2D SPACE',''
  ) );
#2893 = PCURVE('',#2894,#2899);
#2894 = PLANE('',#2895);
#2895 = AXIS2_PLACEMENT_3D('',#2896,#2897,#2898);
#2896 = CARTESIAN_POINT('',(16.,-21.5,2.3));
#2897 = DIRECTION('',(0.,0.,1.));
#2898 = DIRECTION('',(1.,0.,-0.));
#2899 = DEFINITIONAL_REPRESENTATION('',(#2900),#2903);
#2900 = B_SPLINE_CURVE_WITH_KNOTS('',1,(#2901,#2902),.UNSPECIFIED.,.F.,
  .F.,(2,2),(-13.21956558281,-11.21956558281),.PIECEWISE_BEZIER_KNOTS.);
#2901 = CARTESIAN_POINT('',(0.,0.630592356138));
#2902 = CARTESIAN_POINT('',(2.,0.630592356138));
#2903 = ( GEOMETRIC_REPRESENTATION_CONTEXT(2) 
PARAMETRIC_REPRESENTATION_CONTEXT() REPRESENTATION_CONTEXT('2D SPACE',''
  ) );
#2904 = ORIENTED_EDGE('',*,*,#2905,.T.);
#2905 = EDGE_CURVE('',#2878,#2906,#2908,.T.);
#2906 = VERTEX_POINT('',#2907);
#2907 = CARTESIAN_POINT('',(16.,-20.86940764386,0.5));
#2908 = SURFACE_CURVE('',#2909,(#2913,#2919),.PCURVE_S1.);
#2909 = LINE('',#2910,#2911);
#2910 = CARTESIAN_POINT('',(16.,-20.86940764386,7.749842457788));
#2911 = VECTOR('',#2912,1.);
#2912 = DIRECTION('',(-0.,0.,-1.));
#2913 = PCURVE('',#1037,#2914);
#2914 = DEFINITIONAL_REPRESENTATION('',(#2915),#2918);
#2915 = B_SPLINE_CURVE_WITH_KNOTS('',1,(#2916,#2917),.UNSPECIFIED.,.F.,
  .F.,(2,2),(5.449842457788,7.249842457788),.PIECEWISE_BEZIER_KNOTS.);
#2916 = CARTESIAN_POINT('',(26.43913116562,-12.69968491557));
#2917 = CARTESIAN_POINT('',(26.43913116562,-14.49968491557));
#2918 = ( GEOMETRIC_REPRESENTATION_CONTEXT(2) 
PARAMETRIC_REPRESENTATION_CONTEXT() REPRESENTATION_CONTEXT('2D SPACE',''
  ) );
#2919 = PCURVE('',#2920,#2925);
#2920 = PLANE('',#2921);
#2921 = AXIS2_PLACEMENT_3D('',#2922,#2923,#2924);
#2922 = CARTESIAN_POINT('',(16.,-21.5,0.5));
#2923 = DIRECTION('',(1.,0.,-0.));
#2924 = DIRECTION('',(0.,0.,1.));
#2925 = DEFINITIONAL_REPRESENTATION('',(#2926),#2929);
#2926 = B_SPLINE_CURVE_WITH_KNOTS('',1,(#2927,#2928),.UNSPECIFIED.,.F.,
  .F.,(2,2),(5.449842457788,7.249842457788),.PIECEWISE_BEZIER_KNOTS.);
#2927 = CARTESIAN_POINT('',(1.8,-0.630592356138));
#2928 = CARTESIAN_POINT('',(0.,-0.630592356138));
#2929 = ( GEOMETRIC_REPRESENTATION_CONTEXT(2) 
PARAMETRIC_REPRESENTATION_CONTEXT() REPRESENTATION_CONTEXT('2D SPACE',''
  ) );
#2930 = ORIENTED_EDGE('',*,*,#2931,.T.);
#2931 = EDGE_CURVE('',#2906,#2932,#2934,.T.);
#2932 = VERTEX_POINT('',#2933);
#2933 = CARTESIAN_POINT('',(18.,-20.86940764386,0.5));
#2934 = SURFACE_CURVE('',#2935,(#2939,#2945),.PCURVE_S1.);
#2935 = LINE('',#2936,#2937);
#2936 = CARTESIAN_POINT('',(29.21956558281,-20.86940764386,0.5));
#2937 = VECTOR('',#2938,1.);
#2938 = DIRECTION('',(1.,0.,0.));
#2939 = PCURVE('',#1037,#2940);
#2940 = DEFINITIONAL_REPRESENTATION('',(#2941),#2944);
#2941 = B_SPLINE_CURVE_WITH_KNOTS('',1,(#2942,#2943),.UNSPECIFIED.,.F.,
  .F.,(2,2),(-13.21956558281,-11.21956558281),.PIECEWISE_BEZIER_KNOTS.);
#2942 = CARTESIAN_POINT('',(26.43913116562,-14.49968491557));
#2943 = CARTESIAN_POINT('',(24.43913116562,-14.49968491557));
#2944 = ( GEOMETRIC_REPRESENTATION_CONTEXT(2) 
PARAMETRIC_REPRESENTATION_CONTEXT() REPRESENTATION_CONTEXT('2D SPACE',''
  ) );
#2945 = PCURVE('',#2946,#2951);
#2946 = PLANE('',#2947);
#2947 = AXIS2_PLACEMENT_3D('',#2948,#2949,#2950);
#2948 = CARTESIAN_POINT('',(16.,-21.5,0.5));
#2949 = DIRECTION('',(0.,0.,1.));
#2950 = DIRECTION('',(1.,0.,-0.));
#2951 = DEFINITIONAL_REPRESENTATION('',(#2952),#2955);
#2952 = B_SPLINE_CURVE_WITH_KNOTS('',1,(#2953,#2954),.UNSPECIFIED.,.F.,
  .F.,(2,2),(-13.21956558281,-11.21956558281),.PIECEWISE_BEZIER_KNOTS.);
#2953 = CARTESIAN_POINT('',(0.,0.630592356138));
#2954 = CARTESIAN_POINT('',(2.,0.630592356138));
#2955 = ( GEOMETRIC_REPRESENTATION_CONTEXT(2) 
PARAMETRIC_REPRESENTATION_CONTEXT() REPRESENTATION_CONTEXT('2D SPACE',''
  ) );
#2956 = ORIENTED_EDGE('',*,*,#2957,.F.);
#2957 = EDGE_CURVE('',#2880,#2932,#2958,.T.);
#2958 = SURFACE_CURVE('',#2959,(#2963,#2969),.PCURVE_S1.);
#2959 = LINE('',#2960,#2961);
#2960 = CARTESIAN_POINT('',(18.,-20.86940764386,7.749842457788));
#2961 = VECTOR('',#2962,1.);
#2962 = DIRECTION('',(-0.,0.,-1.));
#2963 = PCURVE('',#1037,#2964);
#2964 = DEFINITIONAL_REPRESENTATION('',(#2965),#2968);
#2965 = B_SPLINE_CURVE_WITH_KNOTS('',1,(#2966,#2967),.UNSPECIFIED.,.F.,
  .F.,(2,2),(5.449842457788,7.249842457788),.PIECEWISE_BEZIER_KNOTS.);
#2966 = CARTESIAN_POINT('',(24.43913116562,-12.69968491557));
#2967 = CARTESIAN_POINT('',(24.43913116562,-14.49968491557));
#2968 = ( GEOMETRIC_REPRESENTATION_CONTEXT(2) 
PARAMETRIC_REPRESENTATION_CONTEXT() REPRESENTATION_CONTEXT('2D SPACE',''
  ) );
#2969 = PCURVE('',#2970,#2975);
#2970 = PLANE('',#2971);
#2971 = AXIS2_PLACEMENT_3D('',#2972,#2973,#2974);
#2972 = CARTESIAN_POINT('',(18.,-21.5,0.5));
#2973 = DIRECTION('',(1.,0.,-0.));
#2974 = DIRECTION('',(0.,0.,1.));
#2975 = DEFINITIONAL_REPRESENTATION('',(#2976),#2979);
#2976 = B_SPLINE_CURVE_WITH_KNOTS('',1,(#2977,#2978),.UNSPECIFIED.,.F.,
  .F.,(2,2),(5.449842457788,7.249842457788),.PIECEWISE_BEZIER_KNOTS.);
#2977 = CARTESIAN_POINT('',(1.8,-0.630592356138));
#2978 = CARTESIAN_POINT('',(0.,-0.630592356138));
#2979 = ( GEOMETRIC_REPRESENTATION_CONTEXT(2) 
PARAMETRIC_REPRESENTATION_CONTEXT() REPRESENTATION_CONTEXT('2D SPACE',''
  ) );
#2980 = ADVANCED_FACE('',(#2981),#1009,.F.);
#2981 = FACE_BOUND('',#2982,.F.);
#2982 = EDGE_LOOP('',(#2983,#3004,#3005,#3006));
#2983 = ORIENTED_EDGE('',*,*,#2984,.F.);
#2984 = EDGE_CURVE('',#2257,#2807,#2985,.T.);
#2985 = SURFACE_CURVE('',#2986,(#2990,#2997),.PCURVE_S1.);
#2986 = LINE('',#2987,#2988);
#2987 = CARTESIAN_POINT('',(19.19906231343,24.058136234686,
    2.799684915576));
#2988 = VECTOR('',#2989,1.);
#2989 = DIRECTION('',(0.,-1.,0.));
#2990 = PCURVE('',#1009,#2991);
#2991 = DEFINITIONAL_REPRESENTATION('',(#2992),#2996);
#2992 = LINE('',#2993,#2994);
#2993 = CARTESIAN_POINT('',(44.927543878548,56.11037676032));
#2994 = VECTOR('',#2995,1.);
#2995 = DIRECTION('',(1.,0.));
#2996 = ( GEOMETRIC_REPRESENTATION_CONTEXT(2) 
PARAMETRIC_REPRESENTATION_CONTEXT() REPRESENTATION_CONTEXT('2D SPACE',''
  ) );
#2997 = PCURVE('',#2292,#2998);
#2998 = DEFINITIONAL_REPRESENTATION('',(#2999),#3003);
#2999 = LINE('',#3000,#3001);
#3000 = CARTESIAN_POINT('',(0.,45.885179368762));
#3001 = VECTOR('',#3002,1.);
#3002 = DIRECTION('',(0.,-1.));
#3003 = ( GEOMETRIC_REPRESENTATION_CONTEXT(2) 
PARAMETRIC_REPRESENTATION_CONTEXT() REPRESENTATION_CONTEXT('2D SPACE',''
  ) );
#3004 = ORIENTED_EDGE('',*,*,#2256,.T.);
#3005 = ORIENTED_EDGE('',*,*,#993,.T.);
#3006 = ORIENTED_EDGE('',*,*,#2831,.T.);
#3007 = ADVANCED_FACE('',(#3008,#3079),#1092,.F.);
#3008 = FACE_BOUND('',#3009,.F.);
#3009 = EDGE_LOOP('',(#3010,#3035,#3056,#3057,#3058));
#3010 = ORIENTED_EDGE('',*,*,#3011,.F.);
#3011 = EDGE_CURVE('',#3012,#3014,#3016,.T.);
#3012 = VERTEX_POINT('',#3013);
#3013 = CARTESIAN_POINT('',(-15.10093768657,-20.86940764386,
    2.799684915576));
#3014 = VERTEX_POINT('',#3015);
#3015 = CARTESIAN_POINT('',(-19.19948216244,-20.86940764386,
    2.799684915576));
#3016 = SURFACE_CURVE('',#3017,(#3021,#3028),.PCURVE_S1.);
#3017 = LINE('',#3018,#3019);
#3018 = CARTESIAN_POINT('',(13.669096739525,-20.86940764386,
    2.799684915576));
#3019 = VECTOR('',#3020,1.);
#3020 = DIRECTION('',(-1.,0.,0.));
#3021 = PCURVE('',#1092,#3022);
#3022 = DEFINITIONAL_REPRESENTATION('',(#3023),#3027);
#3023 = LINE('',#3024,#3025);
#3024 = CARTESIAN_POINT('',(28.770034426095,-12.2));
#3025 = VECTOR('',#3026,1.);
#3026 = DIRECTION('',(1.,0.));
#3027 = ( GEOMETRIC_REPRESENTATION_CONTEXT(2) 
PARAMETRIC_REPRESENTATION_CONTEXT() REPRESENTATION_CONTEXT('2D SPACE',''
  ) );
#3028 = PCURVE('',#2292,#3029);
#3029 = DEFINITIONAL_REPRESENTATION('',(#3030),#3034);
#3030 = LINE('',#3031,#3032);
#3031 = CARTESIAN_POINT('',(-5.529965573905,0.957635490215));
#3032 = VECTOR('',#3033,1.);
#3033 = DIRECTION('',(-1.,0.));
#3034 = ( GEOMETRIC_REPRESENTATION_CONTEXT(2) 
PARAMETRIC_REPRESENTATION_CONTEXT() REPRESENTATION_CONTEXT('2D SPACE',''
  ) );
#3035 = ORIENTED_EDGE('',*,*,#3036,.F.);
#3036 = EDGE_CURVE('',#1077,#3012,#3037,.T.);
#3037 = SURFACE_CURVE('',#3038,(#3042,#3049),.PCURVE_S1.);
#3038 = LINE('',#3039,#3040);
#3039 = CARTESIAN_POINT('',(-15.10093768657,-20.86940764386,
    -3.150844244999E-04));
#3040 = VECTOR('',#3041,1.);
#3041 = DIRECTION('',(0.,0.,1.));
#3042 = PCURVE('',#1092,#3043);
#3043 = DEFINITIONAL_REPRESENTATION('',(#3044),#3048);
#3044 = LINE('',#3045,#3046);
#3045 = CARTESIAN_POINT('',(57.54006885219,-15.));
#3046 = VECTOR('',#3047,1.);
#3047 = DIRECTION('',(0.,1.));
#3048 = ( GEOMETRIC_REPRESENTATION_CONTEXT(2) 
PARAMETRIC_REPRESENTATION_CONTEXT() REPRESENTATION_CONTEXT('2D SPACE',''
  ) );
#3049 = PCURVE('',#1169,#3050);
#3050 = DEFINITIONAL_REPRESENTATION('',(#3051),#3055);
#3051 = LINE('',#3052,#3053);
#3052 = CARTESIAN_POINT('',(2.125922594311,-15.));
#3053 = VECTOR('',#3054,1.);
#3054 = DIRECTION('',(0.,1.));
#3055 = ( GEOMETRIC_REPRESENTATION_CONTEXT(2) 
PARAMETRIC_REPRESENTATION_CONTEXT() REPRESENTATION_CONTEXT('2D SPACE',''
  ) );
#3056 = ORIENTED_EDGE('',*,*,#1074,.F.);
#3057 = ORIENTED_EDGE('',*,*,#1279,.F.);
#3058 = ORIENTED_EDGE('',*,*,#3059,.T.);
#3059 = EDGE_CURVE('',#1280,#3014,#3060,.T.);
#3060 = SURFACE_CURVE('',#3061,(#3065,#3072),.PCURVE_S1.);
#3061 = LINE('',#3062,#3063);
#3062 = CARTESIAN_POINT('',(-19.19948216244,-20.86940764386,
    0.999684915576));
#3063 = VECTOR('',#3064,1.);
#3064 = DIRECTION('',(0.,0.,1.));
#3065 = PCURVE('',#1092,#3066);
#3066 = DEFINITIONAL_REPRESENTATION('',(#3067),#3071);
#3067 = LINE('',#3068,#3069);
#3068 = CARTESIAN_POINT('',(61.63861332806,-14.));
#3069 = VECTOR('',#3070,1.);
#3070 = DIRECTION('',(0.,1.));
#3071 = ( GEOMETRIC_REPRESENTATION_CONTEXT(2) 
PARAMETRIC_REPRESENTATION_CONTEXT() REPRESENTATION_CONTEXT('2D SPACE',''
  ) );
#3072 = PCURVE('',#1318,#3073);
#3073 = DEFINITIONAL_REPRESENTATION('',(#3074),#3078);
#3074 = LINE('',#3075,#3076);
#3075 = CARTESIAN_POINT('',(-44.61576111067,-24.74445383866));
#3076 = VECTOR('',#3077,1.);
#3077 = DIRECTION('',(0.258816016447,-0.96592663781));
#3078 = ( GEOMETRIC_REPRESENTATION_CONTEXT(2) 
PARAMETRIC_REPRESENTATION_CONTEXT() REPRESENTATION_CONTEXT('2D SPACE',''
  ) );
#3079 = FACE_BOUND('',#3080,.F.);
#3080 = EDGE_LOOP('',(#3081,#3109,#3135,#3161));
#3081 = ORIENTED_EDGE('',*,*,#3082,.F.);
#3082 = EDGE_CURVE('',#3083,#3085,#3087,.T.);
#3083 = VERTEX_POINT('',#3084);
#3084 = CARTESIAN_POINT('',(-18.,-20.86940764386,2.3));
#3085 = VERTEX_POINT('',#3086);
#3086 = CARTESIAN_POINT('',(-16.,-20.86940764386,2.3));
#3087 = SURFACE_CURVE('',#3088,(#3092,#3098),.PCURVE_S1.);
#3088 = LINE('',#3089,#3090);
#3089 = CARTESIAN_POINT('',(12.21956558281,-20.86940764386,2.3));
#3090 = VECTOR('',#3091,1.);
#3091 = DIRECTION('',(1.,0.,0.));
#3092 = PCURVE('',#1092,#3093);
#3093 = DEFINITIONAL_REPRESENTATION('',(#3094),#3097);
#3094 = B_SPLINE_CURVE_WITH_KNOTS('',1,(#3095,#3096),.UNSPECIFIED.,.F.,
  .F.,(2,2),(-30.21956558281,-28.21956558281),.PIECEWISE_BEZIER_KNOTS.);
#3095 = CARTESIAN_POINT('',(60.43913116562,-12.69968491557));
#3096 = CARTESIAN_POINT('',(58.43913116562,-12.69968491557));
#3097 = ( GEOMETRIC_REPRESENTATION_CONTEXT(2) 
PARAMETRIC_REPRESENTATION_CONTEXT() REPRESENTATION_CONTEXT('2D SPACE',''
  ) );
#3098 = PCURVE('',#3099,#3104);
#3099 = PLANE('',#3100);
#3100 = AXIS2_PLACEMENT_3D('',#3101,#3102,#3103);
#3101 = CARTESIAN_POINT('',(-18.,-21.5,2.3));
#3102 = DIRECTION('',(0.,0.,1.));
#3103 = DIRECTION('',(1.,0.,-0.));
#3104 = DEFINITIONAL_REPRESENTATION('',(#3105),#3108);
#3105 = B_SPLINE_CURVE_WITH_KNOTS('',1,(#3106,#3107),.UNSPECIFIED.,.F.,
  .F.,(2,2),(-30.21956558281,-28.21956558281),.PIECEWISE_BEZIER_KNOTS.);
#3106 = CARTESIAN_POINT('',(0.,0.630592356138));
#3107 = CARTESIAN_POINT('',(2.,0.630592356138));
#3108 = ( GEOMETRIC_REPRESENTATION_CONTEXT(2) 
PARAMETRIC_REPRESENTATION_CONTEXT() REPRESENTATION_CONTEXT('2D SPACE',''
  ) );
#3109 = ORIENTED_EDGE('',*,*,#3110,.T.);
#3110 = EDGE_CURVE('',#3083,#3111,#3113,.T.);
#3111 = VERTEX_POINT('',#3112);
#3112 = CARTESIAN_POINT('',(-18.,-20.86940764386,0.5));
#3113 = SURFACE_CURVE('',#3114,(#3118,#3124),.PCURVE_S1.);
#3114 = LINE('',#3115,#3116);
#3115 = CARTESIAN_POINT('',(-18.,-20.86940764386,7.749842457788));
#3116 = VECTOR('',#3117,1.);
#3117 = DIRECTION('',(-0.,0.,-1.));
#3118 = PCURVE('',#1092,#3119);
#3119 = DEFINITIONAL_REPRESENTATION('',(#3120),#3123);
#3120 = B_SPLINE_CURVE_WITH_KNOTS('',1,(#3121,#3122),.UNSPECIFIED.,.F.,
  .F.,(2,2),(5.449842457788,7.249842457788),.PIECEWISE_BEZIER_KNOTS.);
#3121 = CARTESIAN_POINT('',(60.43913116562,-12.69968491557));
#3122 = CARTESIAN_POINT('',(60.43913116562,-14.49968491557));
#3123 = ( GEOMETRIC_REPRESENTATION_CONTEXT(2) 
PARAMETRIC_REPRESENTATION_CONTEXT() REPRESENTATION_CONTEXT('2D SPACE',''
  ) );
#3124 = PCURVE('',#3125,#3130);
#3125 = PLANE('',#3126);
#3126 = AXIS2_PLACEMENT_3D('',#3127,#3128,#3129);
#3127 = CARTESIAN_POINT('',(-18.,-21.5,0.5));
#3128 = DIRECTION('',(1.,0.,-0.));
#3129 = DIRECTION('',(0.,0.,1.));
#3130 = DEFINITIONAL_REPRESENTATION('',(#3131),#3134);
#3131 = B_SPLINE_CURVE_WITH_KNOTS('',1,(#3132,#3133),.UNSPECIFIED.,.F.,
  .F.,(2,2),(5.449842457788,7.249842457788),.PIECEWISE_BEZIER_KNOTS.);
#3132 = CARTESIAN_POINT('',(1.8,-0.630592356138));
#3133 = CARTESIAN_POINT('',(0.,-0.630592356138));
#3134 = ( GEOMETRIC_REPRESENTATION_CONTEXT(2) 
PARAMETRIC_REPRESENTATION_CONTEXT() REPRESENTATION_CONTEXT('2D SPACE',''
  ) );
#3135 = ORIENTED_EDGE('',*,*,#3136,.T.);
#3136 = EDGE_CURVE('',#3111,#3137,#3139,.T.);
#3137 = VERTEX_POINT('',#3138);
#3138 = CARTESIAN_POINT('',(-16.,-20.86940764386,0.5));
#3139 = SURFACE_CURVE('',#3140,(#3144,#3150),.PCURVE_S1.);
#3140 = LINE('',#3141,#3142);
#3141 = CARTESIAN_POINT('',(12.21956558281,-20.86940764386,0.5));
#3142 = VECTOR('',#3143,1.);
#3143 = DIRECTION('',(1.,0.,0.));
#3144 = PCURVE('',#1092,#3145);
#3145 = DEFINITIONAL_REPRESENTATION('',(#3146),#3149);
#3146 = B_SPLINE_CURVE_WITH_KNOTS('',1,(#3147,#3148),.UNSPECIFIED.,.F.,
  .F.,(2,2),(-30.21956558281,-28.21956558281),.PIECEWISE_BEZIER_KNOTS.);
#3147 = CARTESIAN_POINT('',(60.43913116562,-14.49968491557));
#3148 = CARTESIAN_POINT('',(58.43913116562,-14.49968491557));
#3149 = ( GEOMETRIC_REPRESENTATION_CONTEXT(2) 
PARAMETRIC_REPRESENTATION_CONTEXT() REPRESENTATION_CONTEXT('2D SPACE',''
  ) );
#3150 = PCURVE('',#3151,#3156);
#3151 = PLANE('',#3152);
#3152 = AXIS2_PLACEMENT_3D('',#3153,#3154,#3155);
#3153 = CARTESIAN_POINT('',(-18.,-21.5,0.5));
#3154 = DIRECTION('',(0.,0.,1.));
#3155 = DIRECTION('',(1.,0.,-0.));
#3156 = DEFINITIONAL_REPRESENTATION('',(#3157),#3160);
#3157 = B_SPLINE_CURVE_WITH_KNOTS('',1,(#3158,#3159),.UNSPECIFIED.,.F.,
  .F.,(2,2),(-30.21956558281,-28.21956558281),.PIECEWISE_BEZIER_KNOTS.);
#3158 = CARTESIAN_POINT('',(0.,0.630592356138));
#3159 = CARTESIAN_POINT('',(2.,0.630592356138));
#3160 = ( GEOMETRIC_REPRESENTATION_CONTEXT(2) 
PARAMETRIC_REPRESENTATION_CONTEXT() REPRESENTATION_CONTEXT('2D SPACE',''
  ) );
#3161 = ORIENTED_EDGE('',*,*,#3162,.F.);
#3162 = EDGE_CURVE('',#3085,#3137,#3163,.T.);
#3163 = SURFACE_CURVE('',#3164,(#3168,#3174),.PCURVE_S1.);
#3164 = LINE('',#3165,#3166);
#3165 = CARTESIAN_POINT('',(-16.,-20.86940764386,7.749842457788));
#3166 = VECTOR('',#3167,1.);
#3167 = DIRECTION('',(-0.,0.,-1.));
#3168 = PCURVE('',#1092,#3169);
#3169 = DEFINITIONAL_REPRESENTATION('',(#3170),#3173);
#3170 = B_SPLINE_CURVE_WITH_KNOTS('',1,(#3171,#3172),.UNSPECIFIED.,.F.,
  .F.,(2,2),(5.449842457788,7.249842457788),.PIECEWISE_BEZIER_KNOTS.);
#3171 = CARTESIAN_POINT('',(58.43913116562,-12.69968491557));
#3172 = CARTESIAN_POINT('',(58.43913116562,-14.49968491557));
#3173 = ( GEOMETRIC_REPRESENTATION_CONTEXT(2) 
PARAMETRIC_REPRESENTATION_CONTEXT() REPRESENTATION_CONTEXT('2D SPACE',''
  ) );
#3174 = PCURVE('',#3175,#3180);
#3175 = PLANE('',#3176);
#3176 = AXIS2_PLACEMENT_3D('',#3177,#3178,#3179);
#3177 = CARTESIAN_POINT('',(-16.,-21.5,0.5));
#3178 = DIRECTION('',(1.,0.,-0.));
#3179 = DIRECTION('',(0.,0.,1.));
#3180 = DEFINITIONAL_REPRESENTATION('',(#3181),#3184);
#3181 = B_SPLINE_CURVE_WITH_KNOTS('',1,(#3182,#3183),.UNSPECIFIED.,.F.,
  .F.,(2,2),(5.449842457788,7.249842457788),.PIECEWISE_BEZIER_KNOTS.);
#3182 = CARTESIAN_POINT('',(1.8,-0.630592356138));
#3183 = CARTESIAN_POINT('',(0.,-0.630592356138));
#3184 = ( GEOMETRIC_REPRESENTATION_CONTEXT(2) 
PARAMETRIC_REPRESENTATION_CONTEXT() REPRESENTATION_CONTEXT('2D SPACE',''
  ) );
#3185 = ADVANCED_FACE('',(#3186),#1169,.F.);
#3186 = FACE_BOUND('',#3187,.F.);
#3187 = EDGE_LOOP('',(#3188,#3189,#3190,#3191));
#3188 = ORIENTED_EDGE('',*,*,#2854,.F.);
#3189 = ORIENTED_EDGE('',*,*,#1150,.T.);
#3190 = ORIENTED_EDGE('',*,*,#3036,.T.);
#3191 = ORIENTED_EDGE('',*,*,#3192,.F.);
#3192 = EDGE_CURVE('',#2809,#3012,#3193,.T.);
#3193 = SURFACE_CURVE('',#3194,(#3199,#3206),.PCURVE_S1.);
#3194 = CIRCLE('',#3195,28.65);
#3195 = AXIS2_PLACEMENT_3D('',#3196,#3197,#3198);
#3196 = CARTESIAN_POINT('',(-9.37686570375E-04,-45.21714881219,
    2.799684915576));
#3197 = DIRECTION('',(0.,0.,1.));
#3198 = DIRECTION('',(1.,0.,0.));
#3199 = PCURVE('',#1169,#3200);
#3200 = DEFINITIONAL_REPRESENTATION('',(#3201),#3205);
#3201 = LINE('',#3202,#3203);
#3202 = CARTESIAN_POINT('',(0.,-12.2));
#3203 = VECTOR('',#3204,1.);
#3204 = DIRECTION('',(1.,0.));
#3205 = ( GEOMETRIC_REPRESENTATION_CONTEXT(2) 
PARAMETRIC_REPRESENTATION_CONTEXT() REPRESENTATION_CONTEXT('2D SPACE',''
  ) );
#3206 = PCURVE('',#2292,#3207);
#3207 = DEFINITIONAL_REPRESENTATION('',(#3208),#3212);
#3208 = CIRCLE('',#3209,28.65);
#3209 = AXIS2_PLACEMENT_2D('',#3210,#3211);
#3210 = CARTESIAN_POINT('',(-19.2,-23.39010567812));
#3211 = DIRECTION('',(1.,0.));
#3212 = ( GEOMETRIC_REPRESENTATION_CONTEXT(2) 
PARAMETRIC_REPRESENTATION_CONTEXT() REPRESENTATION_CONTEXT('2D SPACE',''
  ) );
#3213 = ADVANCED_FACE('',(#3214),#1204,.F.);
#3214 = FACE_BOUND('',#3215,.F.);
#3215 = EDGE_LOOP('',(#3216,#3247,#3268,#3269,#3270));
#3216 = ORIENTED_EDGE('',*,*,#3217,.F.);
#3217 = EDGE_CURVE('',#3218,#3220,#3222,.T.);
#3218 = VERTEX_POINT('',#3219);
#3219 = CARTESIAN_POINT('',(-11.00093768657,-13.06714881219,
    1.499684915578));
#3220 = VERTEX_POINT('',#3221);
#3221 = CARTESIAN_POINT('',(-12.65093768657,-14.71714881219,
    1.499684915576));
#3222 = SURFACE_CURVE('',#3223,(#3228,#3235),.PCURVE_S1.);
#3223 = CIRCLE('',#3224,1.65);
#3224 = AXIS2_PLACEMENT_3D('',#3225,#3226,#3227);
#3225 = CARTESIAN_POINT('',(-11.00093768657,-14.71714881219,
    1.499684915576));
#3226 = DIRECTION('',(0.,0.,1.));
#3227 = DIRECTION('',(1.,0.,0.));
#3228 = PCURVE('',#1204,#3229);
#3229 = DEFINITIONAL_REPRESENTATION('',(#3230),#3234);
#3230 = LINE('',#3231,#3232);
#3231 = CARTESIAN_POINT('',(4.712388980385,-0.749999997622));
#3232 = VECTOR('',#3233,1.);
#3233 = DIRECTION('',(-1.,-1.699238236194E-15));
#3234 = ( GEOMETRIC_REPRESENTATION_CONTEXT(2) 
PARAMETRIC_REPRESENTATION_CONTEXT() REPRESENTATION_CONTEXT('2D SPACE',''
  ) );
#3235 = PCURVE('',#3236,#3241);
#3236 = CYLINDRICAL_SURFACE('',#3237,1.65);
#3237 = AXIS2_PLACEMENT_3D('',#3238,#3239,#3240);
#3238 = CARTESIAN_POINT('',(-11.00093768657,-14.71714881219,
    2.999684915576));
#3239 = DIRECTION('',(0.,0.,1.));
#3240 = DIRECTION('',(1.,0.,0.));
#3241 = DEFINITIONAL_REPRESENTATION('',(#3242),#3246);
#3242 = LINE('',#3243,#3244);
#3243 = CARTESIAN_POINT('',(6.28318530718,-1.5));
#3244 = VECTOR('',#3245,1.);
#3245 = DIRECTION('',(1.,0.));
#3246 = ( GEOMETRIC_REPRESENTATION_CONTEXT(2) 
PARAMETRIC_REPRESENTATION_CONTEXT() REPRESENTATION_CONTEXT('2D SPACE',''
  ) );
#3247 = ORIENTED_EDGE('',*,*,#3248,.T.);
#3248 = EDGE_CURVE('',#3218,#1184,#3249,.T.);
#3249 = SEAM_CURVE('',#3250,(#3254,#3261),.PCURVE_S1.);
#3250 = LINE('',#3251,#3252);
#3251 = CARTESIAN_POINT('',(-11.00093768657,-12.31714881456,
    0.749684917956));
#3252 = VECTOR('',#3253,1.);
#3253 = DIRECTION('',(8.659560562355E-17,0.707106781187,-0.707106781187)
  );
#3254 = PCURVE('',#1204,#3255);
#3255 = DEFINITIONAL_REPRESENTATION('',(#3256),#3260);
#3256 = LINE('',#3257,#3258);
#3257 = CARTESIAN_POINT('',(3.14159265359,3.925231146709E-15));
#3258 = VECTOR('',#3259,1.);
#3259 = DIRECTION('',(0.,1.));
#3260 = ( GEOMETRIC_REPRESENTATION_CONTEXT(2) 
PARAMETRIC_REPRESENTATION_CONTEXT() REPRESENTATION_CONTEXT('2D SPACE',''
  ) );
#3261 = PCURVE('',#1204,#3262);
#3262 = DEFINITIONAL_REPRESENTATION('',(#3263),#3267);
#3263 = LINE('',#3264,#3265);
#3264 = CARTESIAN_POINT('',(-3.14159265359,3.925231146709E-15));
#3265 = VECTOR('',#3266,1.);
#3266 = DIRECTION('',(0.,1.));
#3267 = ( GEOMETRIC_REPRESENTATION_CONTEXT(2) 
PARAMETRIC_REPRESENTATION_CONTEXT() REPRESENTATION_CONTEXT('2D SPACE',''
  ) );
#3268 = ORIENTED_EDGE('',*,*,#1183,.T.);
#3269 = ORIENTED_EDGE('',*,*,#3248,.F.);
#3270 = ORIENTED_EDGE('',*,*,#3271,.F.);
#3271 = EDGE_CURVE('',#3220,#3218,#3272,.T.);
#3272 = SURFACE_CURVE('',#3273,(#3278,#3285),.PCURVE_S1.);
#3273 = CIRCLE('',#3274,1.65);
#3274 = AXIS2_PLACEMENT_3D('',#3275,#3276,#3277);
#3275 = CARTESIAN_POINT('',(-11.00093768657,-14.71714881219,
    1.499684915576));
#3276 = DIRECTION('',(0.,0.,1.));
#3277 = DIRECTION('',(1.,0.,0.));
#3278 = PCURVE('',#1204,#3279);
#3279 = DEFINITIONAL_REPRESENTATION('',(#3280),#3284);
#3280 = LINE('',#3281,#3282);
#3281 = CARTESIAN_POINT('',(4.712388980385,-0.749999997622));
#3282 = VECTOR('',#3283,1.);
#3283 = DIRECTION('',(-1.,5.664127453979E-16));
#3284 = ( GEOMETRIC_REPRESENTATION_CONTEXT(2) 
PARAMETRIC_REPRESENTATION_CONTEXT() REPRESENTATION_CONTEXT('2D SPACE',''
  ) );
#3285 = PCURVE('',#3236,#3286);
#3286 = DEFINITIONAL_REPRESENTATION('',(#3287),#3291);
#3287 = LINE('',#3288,#3289);
#3288 = CARTESIAN_POINT('',(0.,-1.5));
#3289 = VECTOR('',#3290,1.);
#3290 = DIRECTION('',(1.,0.));
#3291 = ( GEOMETRIC_REPRESENTATION_CONTEXT(2) 
PARAMETRIC_REPRESENTATION_CONTEXT() REPRESENTATION_CONTEXT('2D SPACE',''
  ) );
#3292 = ADVANCED_FACE('',(#3293),#1239,.F.);
#3293 = FACE_BOUND('',#3294,.F.);
#3294 = EDGE_LOOP('',(#3295,#3326,#3347,#3348,#3349));
#3295 = ORIENTED_EDGE('',*,*,#3296,.F.);
#3296 = EDGE_CURVE('',#3297,#3299,#3301,.T.);
#3297 = VERTEX_POINT('',#3298);
#3298 = CARTESIAN_POINT('',(10.99906231343,-13.06714881219,
    1.499684915578));
#3299 = VERTEX_POINT('',#3300);
#3300 = CARTESIAN_POINT('',(9.34906231343,-14.71714881219,1.499684915576
    ));
#3301 = SURFACE_CURVE('',#3302,(#3307,#3314),.PCURVE_S1.);
#3302 = CIRCLE('',#3303,1.65);
#3303 = AXIS2_PLACEMENT_3D('',#3304,#3305,#3306);
#3304 = CARTESIAN_POINT('',(10.99906231343,-14.71714881219,
    1.499684915576));
#3305 = DIRECTION('',(0.,0.,1.));
#3306 = DIRECTION('',(1.,0.,0.));
#3307 = PCURVE('',#1239,#3308);
#3308 = DEFINITIONAL_REPRESENTATION('',(#3309),#3313);
#3309 = LINE('',#3310,#3311);
#3310 = CARTESIAN_POINT('',(4.712388980385,-0.749999997622));
#3311 = VECTOR('',#3312,1.);
#3312 = DIRECTION('',(-1.,-1.699238236194E-15));
#3313 = ( GEOMETRIC_REPRESENTATION_CONTEXT(2) 
PARAMETRIC_REPRESENTATION_CONTEXT() REPRESENTATION_CONTEXT('2D SPACE',''
  ) );
#3314 = PCURVE('',#3315,#3320);
#3315 = CYLINDRICAL_SURFACE('',#3316,1.65);
#3316 = AXIS2_PLACEMENT_3D('',#3317,#3318,#3319);
#3317 = CARTESIAN_POINT('',(10.99906231343,-14.71714881219,
    2.999684915576));
#3318 = DIRECTION('',(0.,0.,1.));
#3319 = DIRECTION('',(1.,0.,0.));
#3320 = DEFINITIONAL_REPRESENTATION('',(#3321),#3325);
#3321 = LINE('',#3322,#3323);
#3322 = CARTESIAN_POINT('',(6.28318530718,-1.5));
#3323 = VECTOR('',#3324,1.);
#3324 = DIRECTION('',(1.,0.));
#3325 = ( GEOMETRIC_REPRESENTATION_CONTEXT(2) 
PARAMETRIC_REPRESENTATION_CONTEXT() REPRESENTATION_CONTEXT('2D SPACE',''
  ) );
#3326 = ORIENTED_EDGE('',*,*,#3327,.T.);
#3327 = EDGE_CURVE('',#3297,#1219,#3328,.T.);
#3328 = SEAM_CURVE('',#3329,(#3333,#3340),.PCURVE_S1.);
#3329 = LINE('',#3330,#3331);
#3330 = CARTESIAN_POINT('',(10.99906231343,-12.31714881456,
    0.749684917956));
#3331 = VECTOR('',#3332,1.);
#3332 = DIRECTION('',(8.659560562355E-17,0.707106781187,-0.707106781187)
  );
#3333 = PCURVE('',#1239,#3334);
#3334 = DEFINITIONAL_REPRESENTATION('',(#3335),#3339);
#3335 = LINE('',#3336,#3337);
#3336 = CARTESIAN_POINT('',(3.14159265359,3.925231146709E-15));
#3337 = VECTOR('',#3338,1.);
#3338 = DIRECTION('',(0.,1.));
#3339 = ( GEOMETRIC_REPRESENTATION_CONTEXT(2) 
PARAMETRIC_REPRESENTATION_CONTEXT() REPRESENTATION_CONTEXT('2D SPACE',''
  ) );
#3340 = PCURVE('',#1239,#3341);
#3341 = DEFINITIONAL_REPRESENTATION('',(#3342),#3346);
#3342 = LINE('',#3343,#3344);
#3343 = CARTESIAN_POINT('',(-3.14159265359,3.925231146709E-15));
#3344 = VECTOR('',#3345,1.);
#3345 = DIRECTION('',(0.,1.));
#3346 = ( GEOMETRIC_REPRESENTATION_CONTEXT(2) 
PARAMETRIC_REPRESENTATION_CONTEXT() REPRESENTATION_CONTEXT('2D SPACE',''
  ) );
#3347 = ORIENTED_EDGE('',*,*,#1218,.T.);
#3348 = ORIENTED_EDGE('',*,*,#3327,.F.);
#3349 = ORIENTED_EDGE('',*,*,#3350,.F.);
#3350 = EDGE_CURVE('',#3299,#3297,#3351,.T.);
#3351 = SURFACE_CURVE('',#3352,(#3357,#3364),.PCURVE_S1.);
#3352 = CIRCLE('',#3353,1.65);
#3353 = AXIS2_PLACEMENT_3D('',#3354,#3355,#3356);
#3354 = CARTESIAN_POINT('',(10.99906231343,-14.71714881219,
    1.499684915576));
#3355 = DIRECTION('',(0.,0.,1.));
#3356 = DIRECTION('',(1.,0.,0.));
#3357 = PCURVE('',#1239,#3358);
#3358 = DEFINITIONAL_REPRESENTATION('',(#3359),#3363);
#3359 = LINE('',#3360,#3361);
#3360 = CARTESIAN_POINT('',(4.712388980385,-0.749999997622));
#3361 = VECTOR('',#3362,1.);
#3362 = DIRECTION('',(-1.,5.664127453979E-16));
#3363 = ( GEOMETRIC_REPRESENTATION_CONTEXT(2) 
PARAMETRIC_REPRESENTATION_CONTEXT() REPRESENTATION_CONTEXT('2D SPACE',''
  ) );
#3364 = PCURVE('',#3315,#3365);
#3365 = DEFINITIONAL_REPRESENTATION('',(#3366),#3370);
#3366 = LINE('',#3367,#3368);
#3367 = CARTESIAN_POINT('',(0.,-1.5));
#3368 = VECTOR('',#3369,1.);
#3369 = DIRECTION('',(1.,0.));
#3370 = ( GEOMETRIC_REPRESENTATION_CONTEXT(2) 
PARAMETRIC_REPRESENTATION_CONTEXT() REPRESENTATION_CONTEXT('2D SPACE',''
  ) );
#3371 = ADVANCED_FACE('',(#3372),#1345,.F.);
#3372 = FACE_BOUND('',#3373,.F.);
#3373 = EDGE_LOOP('',(#3374,#3375,#3376,#3399,#3427,#3448,#3467));
#3374 = ORIENTED_EDGE('',*,*,#1473,.F.);
#3375 = ORIENTED_EDGE('',*,*,#1683,.T.);
#3376 = ORIENTED_EDGE('',*,*,#3377,.T.);
#3377 = EDGE_CURVE('',#1656,#3378,#3380,.T.);
#3378 = VERTEX_POINT('',#3379);
#3379 = CARTESIAN_POINT('',(-18.,-20.869,2.8));
#3380 = SURFACE_CURVE('',#3381,(#3385,#3392),.PCURVE_S1.);
#3381 = LINE('',#3382,#3383);
#3382 = CARTESIAN_POINT('',(-31.05,-20.869,2.8));
#3383 = VECTOR('',#3384,1.);
#3384 = DIRECTION('',(1.,0.,-0.));
#3385 = PCURVE('',#1345,#3386);
#3386 = DEFINITIONAL_REPRESENTATION('',(#3387),#3391);
#3387 = LINE('',#3388,#3389);
#3388 = CARTESIAN_POINT('',(2.8,0.));
#3389 = VECTOR('',#3390,1.);
#3390 = DIRECTION('',(0.,1.));
#3391 = ( GEOMETRIC_REPRESENTATION_CONTEXT(2) 
PARAMETRIC_REPRESENTATION_CONTEXT() REPRESENTATION_CONTEXT('2D SPACE',''
  ) );
#3392 = PCURVE('',#1671,#3393);
#3393 = DEFINITIONAL_REPRESENTATION('',(#3394),#3398);
#3394 = LINE('',#3395,#3396);
#3395 = CARTESIAN_POINT('',(0.,0.));
#3396 = VECTOR('',#3397,1.);
#3397 = DIRECTION('',(1.,0.));
#3398 = ( GEOMETRIC_REPRESENTATION_CONTEXT(2) 
PARAMETRIC_REPRESENTATION_CONTEXT() REPRESENTATION_CONTEXT('2D SPACE',''
  ) );
#3399 = ORIENTED_EDGE('',*,*,#3400,.F.);
#3400 = EDGE_CURVE('',#3401,#3378,#3403,.T.);
#3401 = VERTEX_POINT('',#3402);
#3402 = CARTESIAN_POINT('',(-18.,-20.869,2.799684915576));
#3403 = SURFACE_CURVE('',#3404,(#3408,#3415),.PCURVE_S1.);
#3404 = LINE('',#3405,#3406);
#3405 = CARTESIAN_POINT('',(-18.,-20.869,0.));
#3406 = VECTOR('',#3407,1.);
#3407 = DIRECTION('',(0.,0.,1.));
#3408 = PCURVE('',#1345,#3409);
#3409 = DEFINITIONAL_REPRESENTATION('',(#3410),#3414);
#3410 = LINE('',#3411,#3412);
#3411 = CARTESIAN_POINT('',(0.,13.05));
#3412 = VECTOR('',#3413,1.);
#3413 = DIRECTION('',(1.,0.));
#3414 = ( GEOMETRIC_REPRESENTATION_CONTEXT(2) 
PARAMETRIC_REPRESENTATION_CONTEXT() REPRESENTATION_CONTEXT('2D SPACE',''
  ) );
#3415 = PCURVE('',#3416,#3421);
#3416 = PLANE('',#3417);
#3417 = AXIS2_PLACEMENT_3D('',#3418,#3419,#3420);
#3418 = CARTESIAN_POINT('',(-18.,-20.869,0.));
#3419 = DIRECTION('',(1.,0.,-0.));
#3420 = DIRECTION('',(0.,0.,1.));
#3421 = DEFINITIONAL_REPRESENTATION('',(#3422),#3426);
#3422 = LINE('',#3423,#3424);
#3423 = CARTESIAN_POINT('',(0.,0.));
#3424 = VECTOR('',#3425,1.);
#3425 = DIRECTION('',(1.,0.));
#3426 = ( GEOMETRIC_REPRESENTATION_CONTEXT(2) 
PARAMETRIC_REPRESENTATION_CONTEXT() REPRESENTATION_CONTEXT('2D SPACE',''
  ) );
#3427 = ORIENTED_EDGE('',*,*,#3428,.T.);
#3428 = EDGE_CURVE('',#3401,#3429,#3431,.T.);
#3429 = VERTEX_POINT('',#3430);
#3430 = CARTESIAN_POINT('',(-19.19948216244,-20.869,2.799684915576));
#3431 = SURFACE_CURVE('',#3432,(#3436,#3442),.PCURVE_S1.);
#3432 = LINE('',#3433,#3434);
#3433 = CARTESIAN_POINT('',(-5.925468843285,-20.869,2.799684915576));
#3434 = VECTOR('',#3435,1.);
#3435 = DIRECTION('',(-1.,-0.,0.));
#3436 = PCURVE('',#1345,#3437);
#3437 = DEFINITIONAL_REPRESENTATION('',(#3438),#3441);
#3438 = B_SPLINE_CURVE_WITH_KNOTS('',1,(#3439,#3440),.UNSPECIFIED.,.F.,
  .F.,(2,2),(12.074531156715,13.274013319155),.PIECEWISE_BEZIER_KNOTS.);
#3439 = CARTESIAN_POINT('',(2.799684915576,13.05));
#3440 = CARTESIAN_POINT('',(2.799684915576,11.85051783756));
#3441 = ( GEOMETRIC_REPRESENTATION_CONTEXT(2) 
PARAMETRIC_REPRESENTATION_CONTEXT() REPRESENTATION_CONTEXT('2D SPACE',''
  ) );
#3442 = PCURVE('',#2292,#3443);
#3443 = DEFINITIONAL_REPRESENTATION('',(#3444),#3447);
#3444 = B_SPLINE_CURVE_WITH_KNOTS('',1,(#3445,#3446),.UNSPECIFIED.,.F.,
  .F.,(2,2),(12.074531156715,13.274013319155),.PIECEWISE_BEZIER_KNOTS.);
#3445 = CARTESIAN_POINT('',(-37.19906231343,0.958043134077));
#3446 = CARTESIAN_POINT('',(-38.39854447587,0.958043134077));
#3447 = ( GEOMETRIC_REPRESENTATION_CONTEXT(2) 
PARAMETRIC_REPRESENTATION_CONTEXT() REPRESENTATION_CONTEXT('2D SPACE',''
  ) );
#3448 = ORIENTED_EDGE('',*,*,#3449,.T.);
#3449 = EDGE_CURVE('',#3429,#1303,#3450,.T.);
#3450 = SURFACE_CURVE('',#3451,(#3455,#3461),.PCURVE_S1.);
#3451 = LINE('',#3452,#3453);
#3452 = CARTESIAN_POINT('',(-19.19948216244,-20.869,-5.677184311918));
#3453 = VECTOR('',#3454,1.);
#3454 = DIRECTION('',(0.,0.,-1.));
#3455 = PCURVE('',#1345,#3456);
#3456 = DEFINITIONAL_REPRESENTATION('',(#3457),#3460);
#3457 = B_SPLINE_CURVE_WITH_KNOTS('',1,(#3458,#3459),.UNSPECIFIED.,.F.,
  .F.,(2,2),(-8.477184311918,-6.675347860807),.PIECEWISE_BEZIER_KNOTS.);
#3458 = CARTESIAN_POINT('',(2.8,11.85051783756));
#3459 = CARTESIAN_POINT('',(0.99816354889,11.85051783756));
#3460 = ( GEOMETRIC_REPRESENTATION_CONTEXT(2) 
PARAMETRIC_REPRESENTATION_CONTEXT() REPRESENTATION_CONTEXT('2D SPACE',''
  ) );
#3461 = PCURVE('',#1318,#3462);
#3462 = DEFINITIONAL_REPRESENTATION('',(#3463),#3466);
#3463 = B_SPLINE_CURVE_WITH_KNOTS('',1,(#3464,#3465),.UNSPECIFIED.,.F.,
  .F.,(2,2),(-8.477184311918,-6.675347860807),.PIECEWISE_BEZIER_KNOTS.);
#3464 = CARTESIAN_POINT('',(-44.1494169781,-26.4833206304));
#3465 = CARTESIAN_POINT('',(-44.61576111067,-24.7428788053));
#3466 = ( GEOMETRIC_REPRESENTATION_CONTEXT(2) 
PARAMETRIC_REPRESENTATION_CONTEXT() REPRESENTATION_CONTEXT('2D SPACE',''
  ) );
#3467 = ORIENTED_EDGE('',*,*,#1330,.T.);
#3468 = ADVANCED_FACE('',(#3469),#1318,.T.);
#3469 = FACE_BOUND('',#3470,.T.);
#3470 = EDGE_LOOP('',(#3471,#3492,#3493,#3494));
#3471 = ORIENTED_EDGE('',*,*,#3472,.T.);
#3472 = EDGE_CURVE('',#3014,#3429,#3473,.T.);
#3473 = SURFACE_CURVE('',#3474,(#3478,#3485),.PCURVE_S1.);
#3474 = LINE('',#3475,#3476);
#3475 = CARTESIAN_POINT('',(-19.19948216244,3.880498903456,
    2.799684915576));
#3476 = VECTOR('',#3477,1.);
#3477 = DIRECTION('',(0.,1.,0.));
#3478 = PCURVE('',#1318,#3479);
#3479 = DEFINITIONAL_REPRESENTATION('',(#3480),#3484);
#3480 = LINE('',#3481,#3482);
#3481 = CARTESIAN_POINT('',(-20.2432982637,-20.07744956671));
#3482 = VECTOR('',#3483,1.);
#3483 = DIRECTION('',(0.96592663781,0.258816016447));
#3484 = ( GEOMETRIC_REPRESENTATION_CONTEXT(2) 
PARAMETRIC_REPRESENTATION_CONTEXT() REPRESENTATION_CONTEXT('2D SPACE',''
  ) );
#3485 = PCURVE('',#2292,#3486);
#3486 = DEFINITIONAL_REPRESENTATION('',(#3487),#3491);
#3487 = LINE('',#3488,#3489);
#3488 = CARTESIAN_POINT('',(-38.39854447587,25.707542037532));
#3489 = VECTOR('',#3490,1.);
#3490 = DIRECTION('',(0.,1.));
#3491 = ( GEOMETRIC_REPRESENTATION_CONTEXT(2) 
PARAMETRIC_REPRESENTATION_CONTEXT() REPRESENTATION_CONTEXT('2D SPACE',''
  ) );
#3492 = ORIENTED_EDGE('',*,*,#3449,.T.);
#3493 = ORIENTED_EDGE('',*,*,#1302,.F.);
#3494 = ORIENTED_EDGE('',*,*,#3059,.T.);
#3495 = ADVANCED_FACE('',(#3496),#1587,.F.);
#3496 = FACE_BOUND('',#3497,.F.);
#3497 = EDGE_LOOP('',(#3498,#3521,#3522,#3523));
#3498 = ORIENTED_EDGE('',*,*,#3499,.F.);
#3499 = EDGE_CURVE('',#1572,#3500,#3502,.T.);
#3500 = VERTEX_POINT('',#3501);
#3501 = CARTESIAN_POINT('',(-19.19948216244,-20.869,23.2));
#3502 = SURFACE_CURVE('',#3503,(#3507,#3514),.PCURVE_S1.);
#3503 = LINE('',#3504,#3505);
#3504 = CARTESIAN_POINT('',(-31.05,-20.869,23.2));
#3505 = VECTOR('',#3506,1.);
#3506 = DIRECTION('',(1.,0.,-0.));
#3507 = PCURVE('',#1587,#3508);
#3508 = DEFINITIONAL_REPRESENTATION('',(#3509),#3513);
#3509 = LINE('',#3510,#3511);
#3510 = CARTESIAN_POINT('',(0.,0.));
#3511 = VECTOR('',#3512,1.);
#3512 = DIRECTION('',(0.,1.));
#3513 = ( GEOMETRIC_REPRESENTATION_CONTEXT(2) 
PARAMETRIC_REPRESENTATION_CONTEXT() REPRESENTATION_CONTEXT('2D SPACE',''
  ) );
#3514 = PCURVE('',#1615,#3515);
#3515 = DEFINITIONAL_REPRESENTATION('',(#3516),#3520);
#3516 = LINE('',#3517,#3518);
#3517 = CARTESIAN_POINT('',(0.,0.));
#3518 = VECTOR('',#3519,1.);
#3519 = DIRECTION('',(1.,0.));
#3520 = ( GEOMETRIC_REPRESENTATION_CONTEXT(2) 
PARAMETRIC_REPRESENTATION_CONTEXT() REPRESENTATION_CONTEXT('2D SPACE',''
  ) );
#3521 = ORIENTED_EDGE('',*,*,#1571,.T.);
#3522 = ORIENTED_EDGE('',*,*,#2784,.F.);
#3523 = ORIENTED_EDGE('',*,*,#3524,.T.);
#3524 = EDGE_CURVE('',#2758,#3500,#3525,.T.);
#3525 = SURFACE_CURVE('',#3526,(#3530,#3536),.PCURVE_S1.);
#3526 = LINE('',#3527,#3528);
#3527 = CARTESIAN_POINT('',(-19.19948216244,-20.869,5.922815688082));
#3528 = VECTOR('',#3529,1.);
#3529 = DIRECTION('',(0.,0.,-1.));
#3530 = PCURVE('',#1587,#3531);
#3531 = DEFINITIONAL_REPRESENTATION('',(#3532),#3535);
#3532 = B_SPLINE_CURVE_WITH_KNOTS('',1,(#3533,#3534),.UNSPECIFIED.,.F.,
  .F.,(2,2),(-19.67729353839,-17.27718431191),.PIECEWISE_BEZIER_KNOTS.);
#3533 = CARTESIAN_POINT('',(2.400109226474,11.85051783756));
#3534 = CARTESIAN_POINT('',(0.,11.85051783756));
#3535 = ( GEOMETRIC_REPRESENTATION_CONTEXT(2) 
PARAMETRIC_REPRESENTATION_CONTEXT() REPRESENTATION_CONTEXT('2D SPACE',''
  ) );
#3536 = PCURVE('',#2773,#3537);
#3537 = DEFINITIONAL_REPRESENTATION('',(#3538),#3541);
#3538 = B_SPLINE_CURVE_WITH_KNOTS('',1,(#3539,#3540),.UNSPECIFIED.,.F.,
  .F.,(2,2),(-19.67729353839,-17.27718431191),.PIECEWISE_BEZIER_KNOTS.);
#3539 = CARTESIAN_POINT('',(-38.24838353355,-48.50655347722));
#3540 = CARTESIAN_POINT('',(-38.86957024258,-46.18822404172));
#3541 = ( GEOMETRIC_REPRESENTATION_CONTEXT(2) 
PARAMETRIC_REPRESENTATION_CONTEXT() REPRESENTATION_CONTEXT('2D SPACE',''
  ) );
#3542 = ADVANCED_FACE('',(#3543),#1615,.F.);
#3543 = FACE_BOUND('',#3544,.F.);
#3544 = EDGE_LOOP('',(#3545,#3546,#3547,#3568));
#3545 = ORIENTED_EDGE('',*,*,#1599,.F.);
#3546 = ORIENTED_EDGE('',*,*,#3499,.T.);
#3547 = ORIENTED_EDGE('',*,*,#3548,.T.);
#3548 = EDGE_CURVE('',#3500,#3549,#3551,.T.);
#3549 = VERTEX_POINT('',#3550);
#3550 = CARTESIAN_POINT('',(-19.19948216244,-10.717,23.2));
#3551 = SURFACE_CURVE('',#3552,(#3556,#3562),.PCURVE_S1.);
#3552 = LINE('',#3553,#3554);
#3553 = CARTESIAN_POINT('',(-19.19948216244,3.880702725387,23.2));
#3554 = VECTOR('',#3555,1.);
#3555 = DIRECTION('',(0.,1.,-0.));
#3556 = PCURVE('',#1615,#3557);
#3557 = DEFINITIONAL_REPRESENTATION('',(#3558),#3561);
#3558 = B_SPLINE_CURVE_WITH_KNOTS('',1,(#3559,#3560),.UNSPECIFIED.,.F.,
  .F.,(2,2),(-24.74970272538,-8.098202725387),.PIECEWISE_BEZIER_KNOTS.);
#3559 = CARTESIAN_POINT('',(11.85051783756,0.));
#3560 = CARTESIAN_POINT('',(11.85051783756,16.6515));
#3561 = ( GEOMETRIC_REPRESENTATION_CONTEXT(2) 
PARAMETRIC_REPRESENTATION_CONTEXT() REPRESENTATION_CONTEXT('2D SPACE',''
  ) );
#3562 = PCURVE('',#2773,#3563);
#3563 = DEFINITIONAL_REPRESENTATION('',(#3564),#3567);
#3564 = B_SPLINE_CURVE_WITH_KNOTS('',1,(#3565,#3566),.UNSPECIFIED.,.F.,
  .F.,(2,2),(-24.74970272538,-8.098202725387),.PIECEWISE_BEZIER_KNOTS.);
#3565 = CARTESIAN_POINT('',(-38.86957024258,-46.18822404172));
#3566 = CARTESIAN_POINT('',(-22.78544283309,-41.87854914385));
#3567 = ( GEOMETRIC_REPRESENTATION_CONTEXT(2) 
PARAMETRIC_REPRESENTATION_CONTEXT() REPRESENTATION_CONTEXT('2D SPACE',''
  ) );
#3568 = ORIENTED_EDGE('',*,*,#3569,.T.);
#3569 = EDGE_CURVE('',#3549,#1600,#3570,.T.);
#3570 = SURFACE_CURVE('',#3571,(#3575,#3581),.PCURVE_S1.);
#3571 = LINE('',#3572,#3573);
#3572 = CARTESIAN_POINT('',(-31.05,-10.717,23.2));
#3573 = VECTOR('',#3574,1.);
#3574 = DIRECTION('',(-1.,-0.,0.));
#3575 = PCURVE('',#1615,#3576);
#3576 = DEFINITIONAL_REPRESENTATION('',(#3577),#3580);
#3577 = B_SPLINE_CURVE_WITH_KNOTS('',1,(#3578,#3579),.UNSPECIFIED.,.F.,
  .F.,(2,2),(-13.05,0.),.PIECEWISE_BEZIER_KNOTS.);
#3578 = CARTESIAN_POINT('',(13.05,10.152));
#3579 = CARTESIAN_POINT('',(0.,10.152));
#3580 = ( GEOMETRIC_REPRESENTATION_CONTEXT(2) 
PARAMETRIC_REPRESENTATION_CONTEXT() REPRESENTATION_CONTEXT('2D SPACE',''
  ) );
#3581 = PCURVE('',#1643,#3582);
#3582 = DEFINITIONAL_REPRESENTATION('',(#3583),#3586);
#3583 = B_SPLINE_CURVE_WITH_KNOTS('',1,(#3584,#3585),.UNSPECIFIED.,.F.,
  .F.,(2,2),(-13.05,0.),.PIECEWISE_BEZIER_KNOTS.);
#3584 = CARTESIAN_POINT('',(20.5,13.05));
#3585 = CARTESIAN_POINT('',(20.5,0.));
#3586 = ( GEOMETRIC_REPRESENTATION_CONTEXT(2) 
PARAMETRIC_REPRESENTATION_CONTEXT() REPRESENTATION_CONTEXT('2D SPACE',''
  ) );
#3587 = ADVANCED_FACE('',(#3588),#1643,.F.);
#3588 = FACE_BOUND('',#3589,.F.);
#3589 = EDGE_LOOP('',(#3590,#3611,#3612,#3613));
#3590 = ORIENTED_EDGE('',*,*,#3591,.T.);
#3591 = EDGE_CURVE('',#3592,#1628,#3594,.T.);
#3592 = VERTEX_POINT('',#3593);
#3593 = CARTESIAN_POINT('',(-19.19948216244,-10.717,2.8));
#3594 = SURFACE_CURVE('',#3595,(#3599,#3605),.PCURVE_S1.);
#3595 = LINE('',#3596,#3597);
#3596 = CARTESIAN_POINT('',(-31.05,-10.717,2.8));
#3597 = VECTOR('',#3598,1.);
#3598 = DIRECTION('',(-1.,-0.,0.));
#3599 = PCURVE('',#1643,#3600);
#3600 = DEFINITIONAL_REPRESENTATION('',(#3601),#3604);
#3601 = B_SPLINE_CURVE_WITH_KNOTS('',1,(#3602,#3603),.UNSPECIFIED.,.F.,
  .F.,(2,2),(-13.05,0.),.PIECEWISE_BEZIER_KNOTS.);
#3602 = CARTESIAN_POINT('',(0.1,13.05));
#3603 = CARTESIAN_POINT('',(0.1,0.));
#3604 = ( GEOMETRIC_REPRESENTATION_CONTEXT(2) 
PARAMETRIC_REPRESENTATION_CONTEXT() REPRESENTATION_CONTEXT('2D SPACE',''
  ) );
#3605 = PCURVE('',#1671,#3606);
#3606 = DEFINITIONAL_REPRESENTATION('',(#3607),#3610);
#3607 = B_SPLINE_CURVE_WITH_KNOTS('',1,(#3608,#3609),.UNSPECIFIED.,.F.,
  .F.,(2,2),(-13.05,0.),.PIECEWISE_BEZIER_KNOTS.);
#3608 = CARTESIAN_POINT('',(13.05,10.152));
#3609 = CARTESIAN_POINT('',(0.,10.152));
#3610 = ( GEOMETRIC_REPRESENTATION_CONTEXT(2) 
PARAMETRIC_REPRESENTATION_CONTEXT() REPRESENTATION_CONTEXT('2D SPACE',''
  ) );
#3611 = ORIENTED_EDGE('',*,*,#1627,.T.);
#3612 = ORIENTED_EDGE('',*,*,#3569,.F.);
#3613 = ORIENTED_EDGE('',*,*,#3614,.T.);
#3614 = EDGE_CURVE('',#3549,#3592,#3615,.T.);
#3615 = SURFACE_CURVE('',#3616,(#3620,#3626),.PCURVE_S1.);
#3616 = LINE('',#3617,#3618);
#3617 = CARTESIAN_POINT('',(-19.19948216244,-10.717,-4.327184311918));
#3618 = VECTOR('',#3619,1.);
#3619 = DIRECTION('',(0.,0.,-1.));
#3620 = PCURVE('',#1643,#3621);
#3621 = DEFINITIONAL_REPRESENTATION('',(#3622),#3625);
#3622 = B_SPLINE_CURVE_WITH_KNOTS('',1,(#3623,#3624),.UNSPECIFIED.,.F.,
  .F.,(2,2),(-27.62718431191,-7.027184311918),.PIECEWISE_BEZIER_KNOTS.);
#3623 = CARTESIAN_POINT('',(20.6,11.85051783756));
#3624 = CARTESIAN_POINT('',(0.,11.85051783756));
#3625 = ( GEOMETRIC_REPRESENTATION_CONTEXT(2) 
PARAMETRIC_REPRESENTATION_CONTEXT() REPRESENTATION_CONTEXT('2D SPACE',''
  ) );
#3626 = PCURVE('',#2773,#3627);
#3627 = DEFINITIONAL_REPRESENTATION('',(#3628),#3631);
#3628 = B_SPLINE_CURVE_WITH_KNOTS('',1,(#3629,#3630),.UNSPECIFIED.,.F.,
  .F.,(2,2),(-27.62718431191,-7.027184311918),.PIECEWISE_BEZIER_KNOTS.);
#3629 = CARTESIAN_POINT('',(-29.03760141389,-43.65731650653));
#3630 = CARTESIAN_POINT('',(-34.3692113527,-23.75922776765));
#3631 = ( GEOMETRIC_REPRESENTATION_CONTEXT(2) 
PARAMETRIC_REPRESENTATION_CONTEXT() REPRESENTATION_CONTEXT('2D SPACE',''
  ) );
#3632 = ADVANCED_FACE('',(#3633),#1671,.T.);
#3633 = FACE_BOUND('',#3634,.T.);
#3634 = EDGE_LOOP('',(#3635,#3636,#3637,#3660,#3681,#3700));
#3635 = ORIENTED_EDGE('',*,*,#1655,.F.);
#3636 = ORIENTED_EDGE('',*,*,#3377,.T.);
#3637 = ORIENTED_EDGE('',*,*,#3638,.T.);
#3638 = EDGE_CURVE('',#3378,#3639,#3641,.T.);
#3639 = VERTEX_POINT('',#3640);
#3640 = CARTESIAN_POINT('',(-18.,-10.71714881219,2.8));
#3641 = SURFACE_CURVE('',#3642,(#3646,#3653),.PCURVE_S1.);
#3642 = LINE('',#3643,#3644);
#3643 = CARTESIAN_POINT('',(-18.,-20.869,2.8));
#3644 = VECTOR('',#3645,1.);
#3645 = DIRECTION('',(-0.,1.,0.));
#3646 = PCURVE('',#1671,#3647);
#3647 = DEFINITIONAL_REPRESENTATION('',(#3648),#3652);
#3648 = LINE('',#3649,#3650);
#3649 = CARTESIAN_POINT('',(13.05,0.));
#3650 = VECTOR('',#3651,1.);
#3651 = DIRECTION('',(0.,1.));
#3652 = ( GEOMETRIC_REPRESENTATION_CONTEXT(2) 
PARAMETRIC_REPRESENTATION_CONTEXT() REPRESENTATION_CONTEXT('2D SPACE',''
  ) );
#3653 = PCURVE('',#3416,#3654);
#3654 = DEFINITIONAL_REPRESENTATION('',(#3655),#3659);
#3655 = LINE('',#3656,#3657);
#3656 = CARTESIAN_POINT('',(2.8,0.));
#3657 = VECTOR('',#3658,1.);
#3658 = DIRECTION('',(0.,-1.));
#3659 = ( GEOMETRIC_REPRESENTATION_CONTEXT(2) 
PARAMETRIC_REPRESENTATION_CONTEXT() REPRESENTATION_CONTEXT('2D SPACE',''
  ) );
#3660 = ORIENTED_EDGE('',*,*,#3661,.F.);
#3661 = EDGE_CURVE('',#3662,#3639,#3664,.T.);
#3662 = VERTEX_POINT('',#3663);
#3663 = CARTESIAN_POINT('',(-19.19948216244,-10.71714881219,2.8));
#3664 = SURFACE_CURVE('',#3665,(#3669,#3675),.PCURVE_S1.);
#3665 = LINE('',#3666,#3667);
#3666 = CARTESIAN_POINT('',(-7.975468843285,-10.71714881219,2.8));
#3667 = VECTOR('',#3668,1.);
#3668 = DIRECTION('',(1.,0.,0.));
#3669 = PCURVE('',#1671,#3670);
#3670 = DEFINITIONAL_REPRESENTATION('',(#3671),#3674);
#3671 = B_SPLINE_CURVE_WITH_KNOTS('',1,(#3672,#3673),.UNSPECIFIED.,.F.,
  .F.,(2,2),(-11.22401331915,-10.02453115671),.PIECEWISE_BEZIER_KNOTS.);
#3672 = CARTESIAN_POINT('',(11.85051783756,10.151851187803));
#3673 = CARTESIAN_POINT('',(13.05,10.151851187803));
#3674 = ( GEOMETRIC_REPRESENTATION_CONTEXT(2) 
PARAMETRIC_REPRESENTATION_CONTEXT() REPRESENTATION_CONTEXT('2D SPACE',''
  ) );
#3675 = PCURVE('',#2170,#3676);
#3676 = DEFINITIONAL_REPRESENTATION('',(#3677),#3680);
#3677 = B_SPLINE_CURVE_WITH_KNOTS('',1,(#3678,#3679),.UNSPECIFIED.,.F.,
  .F.,(2,2),(-11.22401331915,-10.02453115671),.PIECEWISE_BEZIER_KNOTS.);
#3678 = CARTESIAN_POINT('',(34.29854447587,-12.19968491557));
#3679 = CARTESIAN_POINT('',(33.09906231343,-12.19968491557));
#3680 = ( GEOMETRIC_REPRESENTATION_CONTEXT(2) 
PARAMETRIC_REPRESENTATION_CONTEXT() REPRESENTATION_CONTEXT('2D SPACE',''
  ) );
#3681 = ORIENTED_EDGE('',*,*,#3682,.T.);
#3682 = EDGE_CURVE('',#3662,#3592,#3683,.T.);
#3683 = SURFACE_CURVE('',#3684,(#3688,#3694),.PCURVE_S1.);
#3684 = LINE('',#3685,#3686);
#3685 = CARTESIAN_POINT('',(-19.19948216244,3.880702725387,2.8));
#3686 = VECTOR('',#3687,1.);
#3687 = DIRECTION('',(0.,1.,-0.));
#3688 = PCURVE('',#1671,#3689);
#3689 = DEFINITIONAL_REPRESENTATION('',(#3690),#3693);
#3690 = B_SPLINE_CURVE_WITH_KNOTS('',1,(#3691,#3692),.UNSPECIFIED.,.F.,
  .F.,(2,2),(-24.74970272538,-8.098202725387),.PIECEWISE_BEZIER_KNOTS.);
#3691 = CARTESIAN_POINT('',(11.85051783756,0.));
#3692 = CARTESIAN_POINT('',(11.85051783756,16.6515));
#3693 = ( GEOMETRIC_REPRESENTATION_CONTEXT(2) 
PARAMETRIC_REPRESENTATION_CONTEXT() REPRESENTATION_CONTEXT('2D SPACE',''
  ) );
#3694 = PCURVE('',#2773,#3695);
#3695 = DEFINITIONAL_REPRESENTATION('',(#3696),#3699);
#3696 = B_SPLINE_CURVE_WITH_KNOTS('',1,(#3697,#3698),.UNSPECIFIED.,.F.,
  .F.,(2,2),(-24.74970272538,-8.098202725387),.PIECEWISE_BEZIER_KNOTS.);
#3697 = CARTESIAN_POINT('',(-44.1494169781,-26.4833206304));
#3698 = CARTESIAN_POINT('',(-28.06528956861,-22.17364573253));
#3699 = ( GEOMETRIC_REPRESENTATION_CONTEXT(2) 
PARAMETRIC_REPRESENTATION_CONTEXT() REPRESENTATION_CONTEXT('2D SPACE',''
  ) );
#3700 = ORIENTED_EDGE('',*,*,#3591,.T.);
#3701 = ADVANCED_FACE('',(#3702),#1907,.F.);
#3702 = FACE_BOUND('',#3703,.F.);
#3703 = EDGE_LOOP('',(#3704,#3737,#3758,#3759));
#3704 = ORIENTED_EDGE('',*,*,#3705,.F.);
#3705 = EDGE_CURVE('',#3706,#3706,#3708,.T.);
#3706 = VERTEX_POINT('',#3707);
#3707 = CARTESIAN_POINT('',(16.15,5.,31.));
#3708 = SURFACE_CURVE('',#3709,(#3714,#3721),.PCURVE_S1.);
#3709 = CIRCLE('',#3710,3.4);
#3710 = AXIS2_PLACEMENT_3D('',#3711,#3712,#3713);
#3711 = CARTESIAN_POINT('',(12.75,5.,31.));
#3712 = DIRECTION('',(0.,0.,1.));
#3713 = DIRECTION('',(1.,0.,-0.));
#3714 = PCURVE('',#1907,#3715);
#3715 = DEFINITIONAL_REPRESENTATION('',(#3716),#3720);
#3716 = LINE('',#3717,#3718);
#3717 = CARTESIAN_POINT('',(0.,7.));
#3718 = VECTOR('',#3719,1.);
#3719 = DIRECTION('',(1.,0.));
#3720 = ( GEOMETRIC_REPRESENTATION_CONTEXT(2) 
PARAMETRIC_REPRESENTATION_CONTEXT() REPRESENTATION_CONTEXT('2D SPACE',''
  ) );
#3721 = PCURVE('',#3722,#3727);
#3722 = PLANE('',#3723);
#3723 = AXIS2_PLACEMENT_3D('',#3724,#3725,#3726);
#3724 = CARTESIAN_POINT('',(4.092988109217E-17,5.,31.));
#3725 = DIRECTION('',(-0.,-0.,-1.));
#3726 = DIRECTION('',(-1.,0.,0.));
#3727 = DEFINITIONAL_REPRESENTATION('',(#3728),#3736);
#3728 = ( BOUNDED_CURVE() B_SPLINE_CURVE(2,(#3729,#3730,#3731,#3732,
#3733,#3734,#3735),.UNSPECIFIED.,.T.,.F.) B_SPLINE_CURVE_WITH_KNOTS((1,2
    ,2,2,2,1),(-2.094395102393,0.,2.094395102393,4.188790204786,
6.28318530718,8.377580409573),.UNSPECIFIED.) CURVE() 
GEOMETRIC_REPRESENTATION_ITEM() RATIONAL_B_SPLINE_CURVE((1.,0.5,1.,0.5,
1.,0.5,1.)) REPRESENTATION_ITEM('') );
#3729 = CARTESIAN_POINT('',(-16.15,8.881784197001E-16));
#3730 = CARTESIAN_POINT('',(-16.15,5.888972745734));
#3731 = CARTESIAN_POINT('',(-11.05,2.944486372867));
#3732 = CARTESIAN_POINT('',(-5.95,1.72093824312E-15));
#3733 = CARTESIAN_POINT('',(-11.05,-2.944486372867));
#3734 = CARTESIAN_POINT('',(-16.15,-5.888972745734));
#3735 = CARTESIAN_POINT('',(-16.15,8.881784197001E-16));
#3736 = ( GEOMETRIC_REPRESENTATION_CONTEXT(2) 
PARAMETRIC_REPRESENTATION_CONTEXT() REPRESENTATION_CONTEXT('2D SPACE',''
  ) );
#3737 = ORIENTED_EDGE('',*,*,#3738,.F.);
#3738 = EDGE_CURVE('',#1891,#3706,#3739,.T.);
#3739 = SEAM_CURVE('',#3740,(#3744,#3751),.PCURVE_S1.);
#3740 = LINE('',#3741,#3742);
#3741 = CARTESIAN_POINT('',(16.15,5.,24.));
#3742 = VECTOR('',#3743,1.);
#3743 = DIRECTION('',(0.,0.,1.));
#3744 = PCURVE('',#1907,#3745);
#3745 = DEFINITIONAL_REPRESENTATION('',(#3746),#3750);
#3746 = LINE('',#3747,#3748);
#3747 = CARTESIAN_POINT('',(6.28318530718,-0.));
#3748 = VECTOR('',#3749,1.);
#3749 = DIRECTION('',(0.,1.));
#3750 = ( GEOMETRIC_REPRESENTATION_CONTEXT(2) 
PARAMETRIC_REPRESENTATION_CONTEXT() REPRESENTATION_CONTEXT('2D SPACE',''
  ) );
#3751 = PCURVE('',#1907,#3752);
#3752 = DEFINITIONAL_REPRESENTATION('',(#3753),#3757);
#3753 = LINE('',#3754,#3755);
#3754 = CARTESIAN_POINT('',(0.,-0.));
#3755 = VECTOR('',#3756,1.);
#3756 = DIRECTION('',(0.,1.));
#3757 = ( GEOMETRIC_REPRESENTATION_CONTEXT(2) 
PARAMETRIC_REPRESENTATION_CONTEXT() REPRESENTATION_CONTEXT('2D SPACE',''
  ) );
#3758 = ORIENTED_EDGE('',*,*,#1890,.T.);
#3759 = ORIENTED_EDGE('',*,*,#3738,.T.);
#3760 = ADVANCED_FACE('',(#3761),#2029,.F.);
#3761 = FACE_BOUND('',#3762,.F.);
#3762 = EDGE_LOOP('',(#3763,#3764,#3765,#3766,#3767,#3768,#3791,#3819));
#3763 = ORIENTED_EDGE('',*,*,#2652,.T.);
#3764 = ORIENTED_EDGE('',*,*,#2014,.T.);
#3765 = ORIENTED_EDGE('',*,*,#2063,.T.);
#3766 = ORIENTED_EDGE('',*,*,#2129,.T.);
#3767 = ORIENTED_EDGE('',*,*,#2232,.F.);
#3768 = ORIENTED_EDGE('',*,*,#3769,.F.);
#3769 = EDGE_CURVE('',#3770,#2156,#3772,.T.);
#3770 = VERTEX_POINT('',#3771);
#3771 = CARTESIAN_POINT('',(19.19906231343,-10.71714881219,
    23.199684915575));
#3772 = SURFACE_CURVE('',#3773,(#3777,#3784),.PCURVE_S1.);
#3773 = LINE('',#3774,#3775);
#3774 = CARTESIAN_POINT('',(19.19906231343,-10.71714881219,
    -25.25550346458));
#3775 = VECTOR('',#3776,1.);
#3776 = DIRECTION('',(0.,0.,-1.));
#3777 = PCURVE('',#2029,#3778);
#3778 = DEFINITIONAL_REPRESENTATION('',(#3779),#3783);
#3779 = LINE('',#3780,#3781);
#3780 = CARTESIAN_POINT('',(79.70282892543,28.05518838016));
#3781 = VECTOR('',#3782,1.);
#3782 = DIRECTION('',(0.,-1.));
#3783 = ( GEOMETRIC_REPRESENTATION_CONTEXT(2) 
PARAMETRIC_REPRESENTATION_CONTEXT() REPRESENTATION_CONTEXT('2D SPACE',''
  ) );
#3784 = PCURVE('',#2170,#3785);
#3785 = DEFINITIONAL_REPRESENTATION('',(#3786),#3790);
#3786 = LINE('',#3787,#3788);
#3787 = CARTESIAN_POINT('',(-4.1,-40.25518838016));
#3788 = VECTOR('',#3789,1.);
#3789 = DIRECTION('',(0.,-1.));
#3790 = ( GEOMETRIC_REPRESENTATION_CONTEXT(2) 
PARAMETRIC_REPRESENTATION_CONTEXT() REPRESENTATION_CONTEXT('2D SPACE',''
  ) );
#3791 = ORIENTED_EDGE('',*,*,#3792,.F.);
#3792 = EDGE_CURVE('',#3793,#3770,#3795,.T.);
#3793 = VERTEX_POINT('',#3794);
#3794 = CARTESIAN_POINT('',(19.19906231343,-20.86940764386,
    23.199684915575));
#3795 = SURFACE_CURVE('',#3796,(#3800,#3807),.PCURVE_S1.);
#3796 = LINE('',#3797,#3798);
#3797 = CARTESIAN_POINT('',(19.19906231343,29.134265650518,
    23.199684915575));
#3798 = VECTOR('',#3799,1.);
#3799 = DIRECTION('',(0.,1.,0.));
#3800 = PCURVE('',#2029,#3801);
#3801 = DEFINITIONAL_REPRESENTATION('',(#3802),#3806);
#3802 = LINE('',#3803,#3804);
#3803 = CARTESIAN_POINT('',(39.851414462715,76.51037676032));
#3804 = VECTOR('',#3805,1.);
#3805 = DIRECTION('',(-1.,0.));
#3806 = ( GEOMETRIC_REPRESENTATION_CONTEXT(2) 
PARAMETRIC_REPRESENTATION_CONTEXT() REPRESENTATION_CONTEXT('2D SPACE',''
  ) );
#3807 = PCURVE('',#3808,#3813);
#3808 = PLANE('',#3809);
#3809 = AXIS2_PLACEMENT_3D('',#3810,#3811,#3812);
#3810 = CARTESIAN_POINT('',(19.19906231343,-21.82704313407,
    23.199684915575));
#3811 = DIRECTION('',(0.,0.,1.));
#3812 = DIRECTION('',(1.,0.,0.));
#3813 = DEFINITIONAL_REPRESENTATION('',(#3814),#3818);
#3814 = LINE('',#3815,#3816);
#3815 = CARTESIAN_POINT('',(0.,50.961308784595));
#3816 = VECTOR('',#3817,1.);
#3817 = DIRECTION('',(0.,1.));
#3818 = ( GEOMETRIC_REPRESENTATION_CONTEXT(2) 
PARAMETRIC_REPRESENTATION_CONTEXT() REPRESENTATION_CONTEXT('2D SPACE',''
  ) );
#3819 = ORIENTED_EDGE('',*,*,#3820,.T.);
#3820 = EDGE_CURVE('',#3793,#2653,#3821,.T.);
#3821 = SURFACE_CURVE('',#3822,(#3826,#3833),.PCURVE_S1.);
#3822 = LINE('',#3823,#3824);
#3823 = CARTESIAN_POINT('',(19.19906231343,-20.86940764386,
    0.999684915576));
#3824 = VECTOR('',#3825,1.);
#3825 = DIRECTION('',(0.,0.,1.));
#3826 = PCURVE('',#2029,#3827);
#3827 = DEFINITIONAL_REPRESENTATION('',(#3828),#3832);
#3828 = LINE('',#3829,#3830);
#3829 = CARTESIAN_POINT('',(89.855087757095,54.31037676032));
#3830 = VECTOR('',#3831,1.);
#3831 = DIRECTION('',(0.,1.));
#3832 = ( GEOMETRIC_REPRESENTATION_CONTEXT(2) 
PARAMETRIC_REPRESENTATION_CONTEXT() REPRESENTATION_CONTEXT('2D SPACE',''
  ) );
#3833 = PCURVE('',#2690,#3834);
#3834 = DEFINITIONAL_REPRESENTATION('',(#3835),#3839);
#3835 = LINE('',#3836,#3837);
#3836 = CARTESIAN_POINT('',(23.24006885219,-14.));
#3837 = VECTOR('',#3838,1.);
#3838 = DIRECTION('',(0.,1.));
#3839 = ( GEOMETRIC_REPRESENTATION_CONTEXT(2) 
PARAMETRIC_REPRESENTATION_CONTEXT() REPRESENTATION_CONTEXT('2D SPACE',''
  ) );
#3840 = ADVANCED_FACE('',(#3841),#2170,.F.);
#3841 = FACE_BOUND('',#3842,.F.);
#3842 = EDGE_LOOP('',(#3843,#3866,#3867,#3868,#3889,#3912,#3931,#3932));
#3843 = ORIENTED_EDGE('',*,*,#3844,.F.);
#3844 = EDGE_CURVE('',#3770,#3845,#3847,.T.);
#3845 = VERTEX_POINT('',#3846);
#3846 = CARTESIAN_POINT('',(-19.19948216244,-10.71714881219,
    23.199684915575));
#3847 = SURFACE_CURVE('',#3848,(#3852,#3859),.PCURVE_S1.);
#3848 = LINE('',#3849,#3850);
#3849 = CARTESIAN_POINT('',(-15.10093768657,-10.71714881219,
    23.199684915575));
#3850 = VECTOR('',#3851,1.);
#3851 = DIRECTION('',(-1.,0.,0.));
#3852 = PCURVE('',#2170,#3853);
#3853 = DEFINITIONAL_REPRESENTATION('',(#3854),#3858);
#3854 = LINE('',#3855,#3856);
#3855 = CARTESIAN_POINT('',(30.2,8.2));
#3856 = VECTOR('',#3857,1.);
#3857 = DIRECTION('',(1.,0.));
#3858 = ( GEOMETRIC_REPRESENTATION_CONTEXT(2) 
PARAMETRIC_REPRESENTATION_CONTEXT() REPRESENTATION_CONTEXT('2D SPACE',''
  ) );
#3859 = PCURVE('',#3808,#3860);
#3860 = DEFINITIONAL_REPRESENTATION('',(#3861),#3865);
#3861 = LINE('',#3862,#3863);
#3862 = CARTESIAN_POINT('',(-34.3,11.10989432188));
#3863 = VECTOR('',#3864,1.);
#3864 = DIRECTION('',(-1.,0.));
#3865 = ( GEOMETRIC_REPRESENTATION_CONTEXT(2) 
PARAMETRIC_REPRESENTATION_CONTEXT() REPRESENTATION_CONTEXT('2D SPACE',''
  ) );
#3866 = ORIENTED_EDGE('',*,*,#3769,.T.);
#3867 = ORIENTED_EDGE('',*,*,#2153,.F.);
#3868 = ORIENTED_EDGE('',*,*,#3869,.T.);
#3869 = EDGE_CURVE('',#2154,#3870,#3872,.T.);
#3870 = VERTEX_POINT('',#3871);
#3871 = CARTESIAN_POINT('',(18.,-10.71714881219,2.799684915576));
#3872 = SURFACE_CURVE('',#3873,(#3877,#3883),.PCURVE_S1.);
#3873 = LINE('',#3874,#3875);
#3874 = CARTESIAN_POINT('',(18.,-10.71714881219,7.499842457788));
#3875 = VECTOR('',#3876,1.);
#3876 = DIRECTION('',(-0.,0.,-1.));
#3877 = PCURVE('',#2170,#3878);
#3878 = DEFINITIONAL_REPRESENTATION('',(#3879),#3882);
#3879 = B_SPLINE_CURVE_WITH_KNOTS('',1,(#3880,#3881),.UNSPECIFIED.,.F.,
  .F.,(2,2),(4.699842457788,4.700157542212),.PIECEWISE_BEZIER_KNOTS.);
#3880 = CARTESIAN_POINT('',(-2.90093768657,-12.19968491557));
#3881 = CARTESIAN_POINT('',(-2.90093768657,-12.2));
#3882 = ( GEOMETRIC_REPRESENTATION_CONTEXT(2) 
PARAMETRIC_REPRESENTATION_CONTEXT() REPRESENTATION_CONTEXT('2D SPACE',''
  ) );
#3883 = PCURVE('',#2197,#3884);
#3884 = DEFINITIONAL_REPRESENTATION('',(#3885),#3888);
#3885 = B_SPLINE_CURVE_WITH_KNOTS('',1,(#3886,#3887),.UNSPECIFIED.,.F.,
  .F.,(2,2),(4.699842457788,4.700157542212),.PIECEWISE_BEZIER_KNOTS.);
#3886 = CARTESIAN_POINT('',(2.8,-10.1518511878));
#3887 = CARTESIAN_POINT('',(2.799684915575,-10.1518511878));
#3888 = ( GEOMETRIC_REPRESENTATION_CONTEXT(2) 
PARAMETRIC_REPRESENTATION_CONTEXT() REPRESENTATION_CONTEXT('2D SPACE',''
  ) );
#3889 = ORIENTED_EDGE('',*,*,#3890,.F.);
#3890 = EDGE_CURVE('',#3891,#3870,#3893,.T.);
#3891 = VERTEX_POINT('',#3892);
#3892 = CARTESIAN_POINT('',(-18.,-10.71714881219,2.799684915576));
#3893 = SURFACE_CURVE('',#3894,(#3898,#3905),.PCURVE_S1.);
#3894 = LINE('',#3895,#3896);
#3895 = CARTESIAN_POINT('',(15.09906231343,-10.71714881219,
    2.799684915576));
#3896 = VECTOR('',#3897,1.);
#3897 = DIRECTION('',(1.,0.,0.));
#3898 = PCURVE('',#2170,#3899);
#3899 = DEFINITIONAL_REPRESENTATION('',(#3900),#3904);
#3900 = LINE('',#3901,#3902);
#3901 = CARTESIAN_POINT('',(0.,-12.2));
#3902 = VECTOR('',#3903,1.);
#3903 = DIRECTION('',(-1.,0.));
#3904 = ( GEOMETRIC_REPRESENTATION_CONTEXT(2) 
PARAMETRIC_REPRESENTATION_CONTEXT() REPRESENTATION_CONTEXT('2D SPACE',''
  ) );
#3905 = PCURVE('',#2292,#3906);
#3906 = DEFINITIONAL_REPRESENTATION('',(#3907),#3911);
#3907 = LINE('',#3908,#3909);
#3908 = CARTESIAN_POINT('',(-4.1,11.10989432188));
#3909 = VECTOR('',#3910,1.);
#3910 = DIRECTION('',(1.,0.));
#3911 = ( GEOMETRIC_REPRESENTATION_CONTEXT(2) 
PARAMETRIC_REPRESENTATION_CONTEXT() REPRESENTATION_CONTEXT('2D SPACE',''
  ) );
#3912 = ORIENTED_EDGE('',*,*,#3913,.F.);
#3913 = EDGE_CURVE('',#3639,#3891,#3914,.T.);
#3914 = SURFACE_CURVE('',#3915,(#3919,#3925),.PCURVE_S1.);
#3915 = LINE('',#3916,#3917);
#3916 = CARTESIAN_POINT('',(-18.,-10.71714881219,7.499842457788));
#3917 = VECTOR('',#3918,1.);
#3918 = DIRECTION('',(-0.,0.,-1.));
#3919 = PCURVE('',#2170,#3920);
#3920 = DEFINITIONAL_REPRESENTATION('',(#3921),#3924);
#3921 = B_SPLINE_CURVE_WITH_KNOTS('',1,(#3922,#3923),.UNSPECIFIED.,.F.,
  .F.,(2,2),(4.699842457788,4.700157542212),.PIECEWISE_BEZIER_KNOTS.);
#3922 = CARTESIAN_POINT('',(33.09906231343,-12.19968491557));
#3923 = CARTESIAN_POINT('',(33.09906231343,-12.2));
#3924 = ( GEOMETRIC_REPRESENTATION_CONTEXT(2) 
PARAMETRIC_REPRESENTATION_CONTEXT() REPRESENTATION_CONTEXT('2D SPACE',''
  ) );
#3925 = PCURVE('',#3416,#3926);
#3926 = DEFINITIONAL_REPRESENTATION('',(#3927),#3930);
#3927 = B_SPLINE_CURVE_WITH_KNOTS('',1,(#3928,#3929),.UNSPECIFIED.,.F.,
  .F.,(2,2),(4.699842457788,4.700157542212),.PIECEWISE_BEZIER_KNOTS.);
#3928 = CARTESIAN_POINT('',(2.8,-10.1518511878));
#3929 = CARTESIAN_POINT('',(2.799684915575,-10.1518511878));
#3930 = ( GEOMETRIC_REPRESENTATION_CONTEXT(2) 
PARAMETRIC_REPRESENTATION_CONTEXT() REPRESENTATION_CONTEXT('2D SPACE',''
  ) );
#3931 = ORIENTED_EDGE('',*,*,#3661,.F.);
#3932 = ORIENTED_EDGE('',*,*,#3933,.T.);
#3933 = EDGE_CURVE('',#3662,#3845,#3934,.T.);
#3934 = SURFACE_CURVE('',#3935,(#3939,#3946),.PCURVE_S1.);
#3935 = LINE('',#3936,#3937);
#3936 = CARTESIAN_POINT('',(-19.19948216244,-10.71714881219,
    -4.27734185413));
#3937 = VECTOR('',#3938,1.);
#3938 = DIRECTION('',(0.,0.,1.));
#3939 = PCURVE('',#2170,#3940);
#3940 = DEFINITIONAL_REPRESENTATION('',(#3941),#3945);
#3941 = LINE('',#3942,#3943);
#3942 = CARTESIAN_POINT('',(34.29854447587,-19.2770267697));
#3943 = VECTOR('',#3944,1.);
#3944 = DIRECTION('',(0.,1.));
#3945 = ( GEOMETRIC_REPRESENTATION_CONTEXT(2) 
PARAMETRIC_REPRESENTATION_CONTEXT() REPRESENTATION_CONTEXT('2D SPACE',''
  ) );
#3946 = PCURVE('',#2773,#3947);
#3947 = DEFINITIONAL_REPRESENTATION('',(#3948),#3952);
#3948 = LINE('',#3949,#3950);
#3949 = CARTESIAN_POINT('',(-36.17520291844,-17.01966592462));
#3950 = VECTOR('',#3951,1.);
#3951 = DIRECTION('',(0.258816016447,-0.96592663781));
#3952 = ( GEOMETRIC_REPRESENTATION_CONTEXT(2) 
PARAMETRIC_REPRESENTATION_CONTEXT() REPRESENTATION_CONTEXT('2D SPACE',''
  ) );
#3953 = ADVANCED_FACE('',(#3954),#2197,.F.);
#3954 = FACE_BOUND('',#3955,.F.);
#3955 = EDGE_LOOP('',(#3956,#3957,#3976,#3977));
#3956 = ORIENTED_EDGE('',*,*,#2303,.F.);
#3957 = ORIENTED_EDGE('',*,*,#3958,.T.);
#3958 = EDGE_CURVE('',#2278,#3870,#3959,.T.);
#3959 = SURFACE_CURVE('',#3960,(#3964,#3970),.PCURVE_S1.);
#3960 = LINE('',#3961,#3962);
#3961 = CARTESIAN_POINT('',(18.,-21.34802156703,2.799684915576));
#3962 = VECTOR('',#3963,1.);
#3963 = DIRECTION('',(-0.,1.,0.));
#3964 = PCURVE('',#2197,#3965);
#3965 = DEFINITIONAL_REPRESENTATION('',(#3966),#3969);
#3966 = B_SPLINE_CURVE_WITH_KNOTS('',1,(#3967,#3968),.UNSPECIFIED.,.F.,
  .F.,(2,2),(0.479021567038,10.630872754842),.PIECEWISE_BEZIER_KNOTS.);
#3967 = CARTESIAN_POINT('',(2.799684915576,0.));
#3968 = CARTESIAN_POINT('',(2.799684915576,-10.1518511878));
#3969 = ( GEOMETRIC_REPRESENTATION_CONTEXT(2) 
PARAMETRIC_REPRESENTATION_CONTEXT() REPRESENTATION_CONTEXT('2D SPACE',''
  ) );
#3970 = PCURVE('',#2292,#3971);
#3971 = DEFINITIONAL_REPRESENTATION('',(#3972),#3975);
#3972 = B_SPLINE_CURVE_WITH_KNOTS('',1,(#3973,#3974),.UNSPECIFIED.,.F.,
  .F.,(2,2),(0.479021567038,10.630872754842),.PIECEWISE_BEZIER_KNOTS.);
#3973 = CARTESIAN_POINT('',(-1.19906231343,0.958043134077));
#3974 = CARTESIAN_POINT('',(-1.19906231343,11.10989432188));
#3975 = ( GEOMETRIC_REPRESENTATION_CONTEXT(2) 
PARAMETRIC_REPRESENTATION_CONTEXT() REPRESENTATION_CONTEXT('2D SPACE',''
  ) );
#3976 = ORIENTED_EDGE('',*,*,#3869,.F.);
#3977 = ORIENTED_EDGE('',*,*,#2181,.F.);
#3978 = ADVANCED_FACE('',(#3979,#4009,#4035),#2292,.T.);
#3979 = FACE_BOUND('',#3980,.T.);
#3980 = EDGE_LOOP('',(#3981,#3982,#4001,#4002,#4003,#4004,#4005,#4006,
    #4007,#4008));
#3981 = ORIENTED_EDGE('',*,*,#3890,.F.);
#3982 = ORIENTED_EDGE('',*,*,#3983,.F.);
#3983 = EDGE_CURVE('',#3401,#3891,#3984,.T.);
#3984 = SURFACE_CURVE('',#3985,(#3989,#3995),.PCURVE_S1.);
#3985 = LINE('',#3986,#3987);
#3986 = CARTESIAN_POINT('',(-18.,-21.34802156703,2.799684915576));
#3987 = VECTOR('',#3988,1.);
#3988 = DIRECTION('',(-0.,1.,0.));
#3989 = PCURVE('',#2292,#3990);
#3990 = DEFINITIONAL_REPRESENTATION('',(#3991),#3994);
#3991 = B_SPLINE_CURVE_WITH_KNOTS('',1,(#3992,#3993),.UNSPECIFIED.,.F.,
  .F.,(2,2),(0.479021567038,10.630872754842),.PIECEWISE_BEZIER_KNOTS.);
#3992 = CARTESIAN_POINT('',(-37.19906231343,0.958043134077));
#3993 = CARTESIAN_POINT('',(-37.19906231343,11.10989432188));
#3994 = ( GEOMETRIC_REPRESENTATION_CONTEXT(2) 
PARAMETRIC_REPRESENTATION_CONTEXT() REPRESENTATION_CONTEXT('2D SPACE',''
  ) );
#3995 = PCURVE('',#3416,#3996);
#3996 = DEFINITIONAL_REPRESENTATION('',(#3997),#4000);
#3997 = B_SPLINE_CURVE_WITH_KNOTS('',1,(#3998,#3999),.UNSPECIFIED.,.F.,
  .F.,(2,2),(0.479021567038,10.630872754842),.PIECEWISE_BEZIER_KNOTS.);
#3998 = CARTESIAN_POINT('',(2.799684915576,0.));
#3999 = CARTESIAN_POINT('',(2.799684915576,-10.1518511878));
#4000 = ( GEOMETRIC_REPRESENTATION_CONTEXT(2) 
PARAMETRIC_REPRESENTATION_CONTEXT() REPRESENTATION_CONTEXT('2D SPACE',''
  ) );
#4001 = ORIENTED_EDGE('',*,*,#3428,.T.);
#4002 = ORIENTED_EDGE('',*,*,#3472,.F.);
#4003 = ORIENTED_EDGE('',*,*,#3011,.F.);
#4004 = ORIENTED_EDGE('',*,*,#3192,.F.);
#4005 = ORIENTED_EDGE('',*,*,#2806,.F.);
#4006 = ORIENTED_EDGE('',*,*,#2984,.F.);
#4007 = ORIENTED_EDGE('',*,*,#2277,.T.);
#4008 = ORIENTED_EDGE('',*,*,#3958,.T.);
#4009 = FACE_BOUND('',#4010,.T.);
#4010 = EDGE_LOOP('',(#4011));
#4011 = ORIENTED_EDGE('',*,*,#4012,.F.);
#4012 = EDGE_CURVE('',#4013,#4013,#4015,.T.);
#4013 = VERTEX_POINT('',#4014);
#4014 = CARTESIAN_POINT('',(-12.65093768657,-14.71714881219,
    2.799684915576));
#4015 = SURFACE_CURVE('',#4016,(#4021,#4028),.PCURVE_S1.);
#4016 = CIRCLE('',#4017,1.65);
#4017 = AXIS2_PLACEMENT_3D('',#4018,#4019,#4020);
#4018 = CARTESIAN_POINT('',(-11.00093768657,-14.71714881219,
    2.799684915576));
#4019 = DIRECTION('',(0.,0.,1.));
#4020 = DIRECTION('',(1.,0.,0.));
#4021 = PCURVE('',#2292,#4022);
#4022 = DEFINITIONAL_REPRESENTATION('',(#4023),#4027);
#4023 = CIRCLE('',#4024,1.65);
#4024 = AXIS2_PLACEMENT_2D('',#4025,#4026);
#4025 = CARTESIAN_POINT('',(-30.2,7.109894321884));
#4026 = DIRECTION('',(1.,0.));
#4027 = ( GEOMETRIC_REPRESENTATION_CONTEXT(2) 
PARAMETRIC_REPRESENTATION_CONTEXT() REPRESENTATION_CONTEXT('2D SPACE',''
  ) );
#4028 = PCURVE('',#3236,#4029);
#4029 = DEFINITIONAL_REPRESENTATION('',(#4030),#4034);
#4030 = LINE('',#4031,#4032);
#4031 = CARTESIAN_POINT('',(0.,-0.2));
#4032 = VECTOR('',#4033,1.);
#4033 = DIRECTION('',(1.,0.));
#4034 = ( GEOMETRIC_REPRESENTATION_CONTEXT(2) 
PARAMETRIC_REPRESENTATION_CONTEXT() REPRESENTATION_CONTEXT('2D SPACE',''
  ) );
#4035 = FACE_BOUND('',#4036,.T.);
#4036 = EDGE_LOOP('',(#4037));
#4037 = ORIENTED_EDGE('',*,*,#4038,.F.);
#4038 = EDGE_CURVE('',#4039,#4039,#4041,.T.);
#4039 = VERTEX_POINT('',#4040);
#4040 = CARTESIAN_POINT('',(9.34906231343,-14.71714881219,2.799684915576
    ));
#4041 = SURFACE_CURVE('',#4042,(#4047,#4054),.PCURVE_S1.);
#4042 = CIRCLE('',#4043,1.65);
#4043 = AXIS2_PLACEMENT_3D('',#4044,#4045,#4046);
#4044 = CARTESIAN_POINT('',(10.99906231343,-14.71714881219,
    2.799684915576));
#4045 = DIRECTION('',(0.,0.,1.));
#4046 = DIRECTION('',(1.,0.,0.));
#4047 = PCURVE('',#2292,#4048);
#4048 = DEFINITIONAL_REPRESENTATION('',(#4049),#4053);
#4049 = CIRCLE('',#4050,1.65);
#4050 = AXIS2_PLACEMENT_2D('',#4051,#4052);
#4051 = CARTESIAN_POINT('',(-8.2,7.109894321884));
#4052 = DIRECTION('',(1.,0.));
#4053 = ( GEOMETRIC_REPRESENTATION_CONTEXT(2) 
PARAMETRIC_REPRESENTATION_CONTEXT() REPRESENTATION_CONTEXT('2D SPACE',''
  ) );
#4054 = PCURVE('',#3315,#4055);
#4055 = DEFINITIONAL_REPRESENTATION('',(#4056),#4060);
#4056 = LINE('',#4057,#4058);
#4057 = CARTESIAN_POINT('',(0.,-0.2));
#4058 = VECTOR('',#4059,1.);
#4059 = DIRECTION('',(1.,0.));
#4060 = ( GEOMETRIC_REPRESENTATION_CONTEXT(2) 
PARAMETRIC_REPRESENTATION_CONTEXT() REPRESENTATION_CONTEXT('2D SPACE',''
  ) );
#4061 = ADVANCED_FACE('',(#4062),#2454,.T.);
#4062 = FACE_BOUND('',#4063,.T.);
#4063 = EDGE_LOOP('',(#4064,#4065,#4088,#4111));
#4064 = ORIENTED_EDGE('',*,*,#2436,.T.);
#4065 = ORIENTED_EDGE('',*,*,#4066,.T.);
#4066 = EDGE_CURVE('',#2439,#4067,#4069,.T.);
#4067 = VERTEX_POINT('',#4068);
#4068 = CARTESIAN_POINT('',(-16.5,12.5,31.));
#4069 = SURFACE_CURVE('',#4070,(#4074,#4081),.PCURVE_S1.);
#4070 = LINE('',#4071,#4072);
#4071 = CARTESIAN_POINT('',(-16.5,12.5,29.8));
#4072 = VECTOR('',#4073,1.);
#4073 = DIRECTION('',(0.,0.,1.));
#4074 = PCURVE('',#2454,#4075);
#4075 = DEFINITIONAL_REPRESENTATION('',(#4076),#4080);
#4076 = LINE('',#4077,#4078);
#4077 = CARTESIAN_POINT('',(0.,0.));
#4078 = VECTOR('',#4079,1.);
#4079 = DIRECTION('',(0.,-1.));
#4080 = ( GEOMETRIC_REPRESENTATION_CONTEXT(2) 
PARAMETRIC_REPRESENTATION_CONTEXT() REPRESENTATION_CONTEXT('2D SPACE',''
  ) );
#4081 = PCURVE('',#2544,#4082);
#4082 = DEFINITIONAL_REPRESENTATION('',(#4083),#4087);
#4083 = LINE('',#4084,#4085);
#4084 = CARTESIAN_POINT('',(3.14159265359,0.));
#4085 = VECTOR('',#4086,1.);
#4086 = DIRECTION('',(0.,-1.));
#4087 = ( GEOMETRIC_REPRESENTATION_CONTEXT(2) 
PARAMETRIC_REPRESENTATION_CONTEXT() REPRESENTATION_CONTEXT('2D SPACE',''
  ) );
#4088 = ORIENTED_EDGE('',*,*,#4089,.T.);
#4089 = EDGE_CURVE('',#4067,#4090,#4092,.T.);
#4090 = VERTEX_POINT('',#4091);
#4091 = CARTESIAN_POINT('',(16.5,12.5,31.));
#4092 = SURFACE_CURVE('',#4093,(#4097,#4104),.PCURVE_S1.);
#4093 = LINE('',#4094,#4095);
#4094 = CARTESIAN_POINT('',(-16.5,12.5,31.));
#4095 = VECTOR('',#4096,1.);
#4096 = DIRECTION('',(1.,0.,0.));
#4097 = PCURVE('',#2454,#4098);
#4098 = DEFINITIONAL_REPRESENTATION('',(#4099),#4103);
#4099 = LINE('',#4100,#4101);
#4100 = CARTESIAN_POINT('',(0.,-1.2));
#4101 = VECTOR('',#4102,1.);
#4102 = DIRECTION('',(1.,0.));
#4103 = ( GEOMETRIC_REPRESENTATION_CONTEXT(2) 
PARAMETRIC_REPRESENTATION_CONTEXT() REPRESENTATION_CONTEXT('2D SPACE',''
  ) );
#4104 = PCURVE('',#3722,#4105);
#4105 = DEFINITIONAL_REPRESENTATION('',(#4106),#4110);
#4106 = LINE('',#4107,#4108);
#4107 = CARTESIAN_POINT('',(16.5,7.5));
#4108 = VECTOR('',#4109,1.);
#4109 = DIRECTION('',(-1.,0.));
#4110 = ( GEOMETRIC_REPRESENTATION_CONTEXT(2) 
PARAMETRIC_REPRESENTATION_CONTEXT() REPRESENTATION_CONTEXT('2D SPACE',''
  ) );
#4111 = ORIENTED_EDGE('',*,*,#4112,.F.);
#4112 = EDGE_CURVE('',#2437,#4090,#4113,.T.);
#4113 = SURFACE_CURVE('',#4114,(#4118,#4125),.PCURVE_S1.);
#4114 = LINE('',#4115,#4116);
#4115 = CARTESIAN_POINT('',(16.5,12.5,29.8));
#4116 = VECTOR('',#4117,1.);
#4117 = DIRECTION('',(0.,0.,1.));
#4118 = PCURVE('',#2454,#4119);
#4119 = DEFINITIONAL_REPRESENTATION('',(#4120),#4124);
#4120 = LINE('',#4121,#4122);
#4121 = CARTESIAN_POINT('',(33.,0.));
#4122 = VECTOR('',#4123,1.);
#4123 = DIRECTION('',(0.,-1.));
#4124 = ( GEOMETRIC_REPRESENTATION_CONTEXT(2) 
PARAMETRIC_REPRESENTATION_CONTEXT() REPRESENTATION_CONTEXT('2D SPACE',''
  ) );
#4125 = PCURVE('',#2486,#4126);
#4126 = DEFINITIONAL_REPRESENTATION('',(#4127),#4131);
#4127 = LINE('',#4128,#4129);
#4128 = CARTESIAN_POINT('',(0.,0.));
#4129 = VECTOR('',#4130,1.);
#4130 = DIRECTION('',(0.,-1.));
#4131 = ( GEOMETRIC_REPRESENTATION_CONTEXT(2) 
PARAMETRIC_REPRESENTATION_CONTEXT() REPRESENTATION_CONTEXT('2D SPACE',''
  ) );
#4132 = ADVANCED_FACE('',(#4133),#2486,.T.);
#4133 = FACE_BOUND('',#4134,.T.);
#4134 = EDGE_LOOP('',(#4135,#4136,#4137,#4161));
#4135 = ORIENTED_EDGE('',*,*,#2465,.F.);
#4136 = ORIENTED_EDGE('',*,*,#4112,.T.);
#4137 = ORIENTED_EDGE('',*,*,#4138,.T.);
#4138 = EDGE_CURVE('',#4090,#4139,#4141,.T.);
#4139 = VERTEX_POINT('',#4140);
#4140 = CARTESIAN_POINT('',(16.5,-2.5,31.));
#4141 = SURFACE_CURVE('',#4142,(#4147,#4154),.PCURVE_S1.);
#4142 = CIRCLE('',#4143,7.5);
#4143 = AXIS2_PLACEMENT_3D('',#4144,#4145,#4146);
#4144 = CARTESIAN_POINT('',(16.5,5.,31.));
#4145 = DIRECTION('',(0.,0.,-1.));
#4146 = DIRECTION('',(0.,1.,0.));
#4147 = PCURVE('',#2486,#4148);
#4148 = DEFINITIONAL_REPRESENTATION('',(#4149),#4153);
#4149 = LINE('',#4150,#4151);
#4150 = CARTESIAN_POINT('',(0.,-1.2));
#4151 = VECTOR('',#4152,1.);
#4152 = DIRECTION('',(1.,0.));
#4153 = ( GEOMETRIC_REPRESENTATION_CONTEXT(2) 
PARAMETRIC_REPRESENTATION_CONTEXT() REPRESENTATION_CONTEXT('2D SPACE',''
  ) );
#4154 = PCURVE('',#3722,#4155);
#4155 = DEFINITIONAL_REPRESENTATION('',(#4156),#4160);
#4156 = CIRCLE('',#4157,7.5);
#4157 = AXIS2_PLACEMENT_2D('',#4158,#4159);
#4158 = CARTESIAN_POINT('',(-16.5,0.));
#4159 = DIRECTION('',(0.,1.));
#4160 = ( GEOMETRIC_REPRESENTATION_CONTEXT(2) 
PARAMETRIC_REPRESENTATION_CONTEXT() REPRESENTATION_CONTEXT('2D SPACE',''
  ) );
#4161 = ORIENTED_EDGE('',*,*,#4162,.F.);
#4162 = EDGE_CURVE('',#2466,#4139,#4163,.T.);
#4163 = SURFACE_CURVE('',#4164,(#4168,#4175),.PCURVE_S1.);
#4164 = LINE('',#4165,#4166);
#4165 = CARTESIAN_POINT('',(16.5,-2.5,29.8));
#4166 = VECTOR('',#4167,1.);
#4167 = DIRECTION('',(0.,0.,1.));
#4168 = PCURVE('',#2486,#4169);
#4169 = DEFINITIONAL_REPRESENTATION('',(#4170),#4174);
#4170 = LINE('',#4171,#4172);
#4171 = CARTESIAN_POINT('',(3.14159265359,0.));
#4172 = VECTOR('',#4173,1.);
#4173 = DIRECTION('',(0.,-1.));
#4174 = ( GEOMETRIC_REPRESENTATION_CONTEXT(2) 
PARAMETRIC_REPRESENTATION_CONTEXT() REPRESENTATION_CONTEXT('2D SPACE',''
  ) );
#4175 = PCURVE('',#2514,#4176);
#4176 = DEFINITIONAL_REPRESENTATION('',(#4177),#4181);
#4177 = LINE('',#4178,#4179);
#4178 = CARTESIAN_POINT('',(0.,-0.));
#4179 = VECTOR('',#4180,1.);
#4180 = DIRECTION('',(0.,-1.));
#4181 = ( GEOMETRIC_REPRESENTATION_CONTEXT(2) 
PARAMETRIC_REPRESENTATION_CONTEXT() REPRESENTATION_CONTEXT('2D SPACE',''
  ) );
#4182 = ADVANCED_FACE('',(#4183),#2514,.T.);
#4183 = FACE_BOUND('',#4184,.T.);
#4184 = EDGE_LOOP('',(#4185,#4186,#4187,#4210));
#4185 = ORIENTED_EDGE('',*,*,#2498,.T.);
#4186 = ORIENTED_EDGE('',*,*,#4162,.T.);
#4187 = ORIENTED_EDGE('',*,*,#4188,.T.);
#4188 = EDGE_CURVE('',#4139,#4189,#4191,.T.);
#4189 = VERTEX_POINT('',#4190);
#4190 = CARTESIAN_POINT('',(-16.5,-2.5,31.));
#4191 = SURFACE_CURVE('',#4192,(#4196,#4203),.PCURVE_S1.);
#4192 = LINE('',#4193,#4194);
#4193 = CARTESIAN_POINT('',(16.5,-2.5,31.));
#4194 = VECTOR('',#4195,1.);
#4195 = DIRECTION('',(-1.,0.,0.));
#4196 = PCURVE('',#2514,#4197);
#4197 = DEFINITIONAL_REPRESENTATION('',(#4198),#4202);
#4198 = LINE('',#4199,#4200);
#4199 = CARTESIAN_POINT('',(0.,-1.2));
#4200 = VECTOR('',#4201,1.);
#4201 = DIRECTION('',(1.,0.));
#4202 = ( GEOMETRIC_REPRESENTATION_CONTEXT(2) 
PARAMETRIC_REPRESENTATION_CONTEXT() REPRESENTATION_CONTEXT('2D SPACE',''
  ) );
#4203 = PCURVE('',#3722,#4204);
#4204 = DEFINITIONAL_REPRESENTATION('',(#4205),#4209);
#4205 = LINE('',#4206,#4207);
#4206 = CARTESIAN_POINT('',(-16.5,-7.5));
#4207 = VECTOR('',#4208,1.);
#4208 = DIRECTION('',(1.,0.));
#4209 = ( GEOMETRIC_REPRESENTATION_CONTEXT(2) 
PARAMETRIC_REPRESENTATION_CONTEXT() REPRESENTATION_CONTEXT('2D SPACE',''
  ) );
#4210 = ORIENTED_EDGE('',*,*,#4211,.F.);
#4211 = EDGE_CURVE('',#2499,#4189,#4212,.T.);
#4212 = SURFACE_CURVE('',#4213,(#4217,#4224),.PCURVE_S1.);
#4213 = LINE('',#4214,#4215);
#4214 = CARTESIAN_POINT('',(-16.5,-2.5,29.8));
#4215 = VECTOR('',#4216,1.);
#4216 = DIRECTION('',(0.,0.,1.));
#4217 = PCURVE('',#2514,#4218);
#4218 = DEFINITIONAL_REPRESENTATION('',(#4219),#4223);
#4219 = LINE('',#4220,#4221);
#4220 = CARTESIAN_POINT('',(33.,0.));
#4221 = VECTOR('',#4222,1.);
#4222 = DIRECTION('',(0.,-1.));
#4223 = ( GEOMETRIC_REPRESENTATION_CONTEXT(2) 
PARAMETRIC_REPRESENTATION_CONTEXT() REPRESENTATION_CONTEXT('2D SPACE',''
  ) );
#4224 = PCURVE('',#2544,#4225);
#4225 = DEFINITIONAL_REPRESENTATION('',(#4226),#4230);
#4226 = LINE('',#4227,#4228);
#4227 = CARTESIAN_POINT('',(0.,0.));
#4228 = VECTOR('',#4229,1.);
#4229 = DIRECTION('',(0.,-1.));
#4230 = ( GEOMETRIC_REPRESENTATION_CONTEXT(2) 
PARAMETRIC_REPRESENTATION_CONTEXT() REPRESENTATION_CONTEXT('2D SPACE',''
  ) );
#4231 = ADVANCED_FACE('',(#4232),#2544,.T.);
#4232 = FACE_BOUND('',#4233,.T.);
#4233 = EDGE_LOOP('',(#4234,#4235,#4236,#4258));
#4234 = ORIENTED_EDGE('',*,*,#2525,.F.);
#4235 = ORIENTED_EDGE('',*,*,#4211,.T.);
#4236 = ORIENTED_EDGE('',*,*,#4237,.T.);
#4237 = EDGE_CURVE('',#4189,#4067,#4238,.T.);
#4238 = SURFACE_CURVE('',#4239,(#4244,#4251),.PCURVE_S1.);
#4239 = CIRCLE('',#4240,7.5);
#4240 = AXIS2_PLACEMENT_3D('',#4241,#4242,#4243);
#4241 = CARTESIAN_POINT('',(-16.5,5.,31.));
#4242 = DIRECTION('',(0.,-0.,-1.));
#4243 = DIRECTION('',(0.,-1.,0.));
#4244 = PCURVE('',#2544,#4245);
#4245 = DEFINITIONAL_REPRESENTATION('',(#4246),#4250);
#4246 = LINE('',#4247,#4248);
#4247 = CARTESIAN_POINT('',(0.,-1.2));
#4248 = VECTOR('',#4249,1.);
#4249 = DIRECTION('',(1.,0.));
#4250 = ( GEOMETRIC_REPRESENTATION_CONTEXT(2) 
PARAMETRIC_REPRESENTATION_CONTEXT() REPRESENTATION_CONTEXT('2D SPACE',''
  ) );
#4251 = PCURVE('',#3722,#4252);
#4252 = DEFINITIONAL_REPRESENTATION('',(#4253),#4257);
#4253 = CIRCLE('',#4254,7.5);
#4254 = AXIS2_PLACEMENT_2D('',#4255,#4256);
#4255 = CARTESIAN_POINT('',(16.5,1.7763568394E-15));
#4256 = DIRECTION('',(0.,-1.));
#4257 = ( GEOMETRIC_REPRESENTATION_CONTEXT(2) 
PARAMETRIC_REPRESENTATION_CONTEXT() REPRESENTATION_CONTEXT('2D SPACE',''
  ) );
#4258 = ORIENTED_EDGE('',*,*,#4066,.F.);
#4259 = ADVANCED_FACE('',(#4260),#2575,.F.);
#4260 = FACE_BOUND('',#4261,.F.);
#4261 = EDGE_LOOP('',(#4262,#4263,#4286,#4313));
#4262 = ORIENTED_EDGE('',*,*,#2558,.F.);
#4263 = ORIENTED_EDGE('',*,*,#4264,.F.);
#4264 = EDGE_CURVE('',#4265,#2559,#4267,.T.);
#4265 = VERTEX_POINT('',#4266);
#4266 = CARTESIAN_POINT('',(-9.251,-14.717,28.5));
#4267 = SEAM_CURVE('',#4268,(#4272,#4279),.PCURVE_S1.);
#4268 = LINE('',#4269,#4270);
#4269 = CARTESIAN_POINT('',(-9.251,-14.717,28.5));
#4270 = VECTOR('',#4271,1.);
#4271 = DIRECTION('',(0.707106781187,-1.731912112471E-16,0.707106781187)
  );
#4272 = PCURVE('',#2575,#4273);
#4273 = DEFINITIONAL_REPRESENTATION('',(#4274),#4278);
#4274 = LINE('',#4275,#4276);
#4275 = CARTESIAN_POINT('',(6.28318530718,-0.));
#4276 = VECTOR('',#4277,1.);
#4277 = DIRECTION('',(0.,1.));
#4278 = ( GEOMETRIC_REPRESENTATION_CONTEXT(2) 
PARAMETRIC_REPRESENTATION_CONTEXT() REPRESENTATION_CONTEXT('2D SPACE',''
  ) );
#4279 = PCURVE('',#2575,#4280);
#4280 = DEFINITIONAL_REPRESENTATION('',(#4281),#4285);
#4281 = LINE('',#4282,#4283);
#4282 = CARTESIAN_POINT('',(0.,-0.));
#4283 = VECTOR('',#4284,1.);
#4284 = DIRECTION('',(0.,1.));
#4285 = ( GEOMETRIC_REPRESENTATION_CONTEXT(2) 
PARAMETRIC_REPRESENTATION_CONTEXT() REPRESENTATION_CONTEXT('2D SPACE',''
  ) );
#4286 = ORIENTED_EDGE('',*,*,#4287,.T.);
#4287 = EDGE_CURVE('',#4265,#4265,#4288,.T.);
#4288 = SURFACE_CURVE('',#4289,(#4294,#4301),.PCURVE_S1.);
#4289 = CIRCLE('',#4290,1.75);
#4290 = AXIS2_PLACEMENT_3D('',#4291,#4292,#4293);
#4291 = CARTESIAN_POINT('',(-11.001,-14.717,28.5));
#4292 = DIRECTION('',(0.,0.,1.));
#4293 = DIRECTION('',(1.,0.,-0.));
#4294 = PCURVE('',#2575,#4295);
#4295 = DEFINITIONAL_REPRESENTATION('',(#4296),#4300);
#4296 = LINE('',#4297,#4298);
#4297 = CARTESIAN_POINT('',(0.,0.));
#4298 = VECTOR('',#4299,1.);
#4299 = DIRECTION('',(1.,0.));
#4300 = ( GEOMETRIC_REPRESENTATION_CONTEXT(2) 
PARAMETRIC_REPRESENTATION_CONTEXT() REPRESENTATION_CONTEXT('2D SPACE',''
  ) );
#4301 = PCURVE('',#4302,#4307);
#4302 = CYLINDRICAL_SURFACE('',#4303,1.75);
#4303 = AXIS2_PLACEMENT_3D('',#4304,#4305,#4306);
#4304 = CARTESIAN_POINT('',(-11.001,-14.717,23.));
#4305 = DIRECTION('',(0.,0.,1.));
#4306 = DIRECTION('',(1.,0.,-0.));
#4307 = DEFINITIONAL_REPRESENTATION('',(#4308),#4312);
#4308 = LINE('',#4309,#4310);
#4309 = CARTESIAN_POINT('',(0.,5.5));
#4310 = VECTOR('',#4311,1.);
#4311 = DIRECTION('',(1.,0.));
#4312 = ( GEOMETRIC_REPRESENTATION_CONTEXT(2) 
PARAMETRIC_REPRESENTATION_CONTEXT() REPRESENTATION_CONTEXT('2D SPACE',''
  ) );
#4313 = ORIENTED_EDGE('',*,*,#4264,.T.);
#4314 = ADVANCED_FACE('',(#4315),#2606,.F.);
#4315 = FACE_BOUND('',#4316,.F.);
#4316 = EDGE_LOOP('',(#4317,#4318,#4341,#4368));
#4317 = ORIENTED_EDGE('',*,*,#2589,.F.);
#4318 = ORIENTED_EDGE('',*,*,#4319,.F.);
#4319 = EDGE_CURVE('',#4320,#2590,#4322,.T.);
#4320 = VERTEX_POINT('',#4321);
#4321 = CARTESIAN_POINT('',(12.749,-14.717,28.5));
#4322 = SEAM_CURVE('',#4323,(#4327,#4334),.PCURVE_S1.);
#4323 = LINE('',#4324,#4325);
#4324 = CARTESIAN_POINT('',(12.749,-14.717,28.5));
#4325 = VECTOR('',#4326,1.);
#4326 = DIRECTION('',(0.707106781187,-1.731912112471E-16,0.707106781187)
  );
#4327 = PCURVE('',#2606,#4328);
#4328 = DEFINITIONAL_REPRESENTATION('',(#4329),#4333);
#4329 = LINE('',#4330,#4331);
#4330 = CARTESIAN_POINT('',(6.28318530718,-0.));
#4331 = VECTOR('',#4332,1.);
#4332 = DIRECTION('',(0.,1.));
#4333 = ( GEOMETRIC_REPRESENTATION_CONTEXT(2) 
PARAMETRIC_REPRESENTATION_CONTEXT() REPRESENTATION_CONTEXT('2D SPACE',''
  ) );
#4334 = PCURVE('',#2606,#4335);
#4335 = DEFINITIONAL_REPRESENTATION('',(#4336),#4340);
#4336 = LINE('',#4337,#4338);
#4337 = CARTESIAN_POINT('',(0.,-0.));
#4338 = VECTOR('',#4339,1.);
#4339 = DIRECTION('',(0.,1.));
#4340 = ( GEOMETRIC_REPRESENTATION_CONTEXT(2) 
PARAMETRIC_REPRESENTATION_CONTEXT() REPRESENTATION_CONTEXT('2D SPACE',''
  ) );
#4341 = ORIENTED_EDGE('',*,*,#4342,.T.);
#4342 = EDGE_CURVE('',#4320,#4320,#4343,.T.);
#4343 = SURFACE_CURVE('',#4344,(#4349,#4356),.PCURVE_S1.);
#4344 = CIRCLE('',#4345,1.75);
#4345 = AXIS2_PLACEMENT_3D('',#4346,#4347,#4348);
#4346 = CARTESIAN_POINT('',(10.999,-14.717,28.5));
#4347 = DIRECTION('',(0.,0.,1.));
#4348 = DIRECTION('',(1.,0.,-0.));
#4349 = PCURVE('',#2606,#4350);
#4350 = DEFINITIONAL_REPRESENTATION('',(#4351),#4355);
#4351 = LINE('',#4352,#4353);
#4352 = CARTESIAN_POINT('',(0.,0.));
#4353 = VECTOR('',#4354,1.);
#4354 = DIRECTION('',(1.,0.));
#4355 = ( GEOMETRIC_REPRESENTATION_CONTEXT(2) 
PARAMETRIC_REPRESENTATION_CONTEXT() REPRESENTATION_CONTEXT('2D SPACE',''
  ) );
#4356 = PCURVE('',#4357,#4362);
#4357 = CYLINDRICAL_SURFACE('',#4358,1.75);
#4358 = AXIS2_PLACEMENT_3D('',#4359,#4360,#4361);
#4359 = CARTESIAN_POINT('',(10.999,-14.717,23.));
#4360 = DIRECTION('',(0.,0.,1.));
#4361 = DIRECTION('',(1.,0.,-0.));
#4362 = DEFINITIONAL_REPRESENTATION('',(#4363),#4367);
#4363 = LINE('',#4364,#4365);
#4364 = CARTESIAN_POINT('',(0.,5.5));
#4365 = VECTOR('',#4366,1.);
#4366 = DIRECTION('',(1.,0.));
#4367 = ( GEOMETRIC_REPRESENTATION_CONTEXT(2) 
PARAMETRIC_REPRESENTATION_CONTEXT() REPRESENTATION_CONTEXT('2D SPACE',''
  ) );
#4368 = ORIENTED_EDGE('',*,*,#4319,.T.);
#4369 = ADVANCED_FACE('',(#4370),#2773,.T.);
#4370 = FACE_BOUND('',#4371,.T.);
#4371 = EDGE_LOOP('',(#4372,#4373,#4374,#4375,#4376,#4377,#4378,#4401));
#4372 = ORIENTED_EDGE('',*,*,#2757,.T.);
#4373 = ORIENTED_EDGE('',*,*,#3524,.T.);
#4374 = ORIENTED_EDGE('',*,*,#3548,.T.);
#4375 = ORIENTED_EDGE('',*,*,#3614,.T.);
#4376 = ORIENTED_EDGE('',*,*,#3682,.F.);
#4377 = ORIENTED_EDGE('',*,*,#3933,.T.);
#4378 = ORIENTED_EDGE('',*,*,#4379,.T.);
#4379 = EDGE_CURVE('',#3845,#4380,#4382,.T.);
#4380 = VERTEX_POINT('',#4381);
#4381 = CARTESIAN_POINT('',(-19.19948216244,-20.86940764386,
    23.199684915575));
#4382 = SURFACE_CURVE('',#4383,(#4387,#4394),.PCURVE_S1.);
#4383 = LINE('',#4384,#4385);
#4384 = CARTESIAN_POINT('',(-19.19948216244,8.956628319288,
    23.199684915575));
#4385 = VECTOR('',#4386,1.);
#4386 = DIRECTION('',(0.,-1.,0.));
#4387 = PCURVE('',#2773,#4388);
#4388 = DEFINITIONAL_REPRESENTATION('',(#4389),#4393);
#4389 = LINE('',#4390,#4391);
#4390 = CARTESIAN_POINT('',(-10.06028290846,-38.46856938365));
#4391 = VECTOR('',#4392,1.);
#4392 = DIRECTION('',(-0.96592663781,-0.258816016447));
#4393 = ( GEOMETRIC_REPRESENTATION_CONTEXT(2) 
PARAMETRIC_REPRESENTATION_CONTEXT() REPRESENTATION_CONTEXT('2D SPACE',''
  ) );
#4394 = PCURVE('',#3808,#4395);
#4395 = DEFINITIONAL_REPRESENTATION('',(#4396),#4400);
#4396 = LINE('',#4397,#4398);
#4397 = CARTESIAN_POINT('',(-38.39854447587,30.783671453365));
#4398 = VECTOR('',#4399,1.);
#4399 = DIRECTION('',(0.,-1.));
#4400 = ( GEOMETRIC_REPRESENTATION_CONTEXT(2) 
PARAMETRIC_REPRESENTATION_CONTEXT() REPRESENTATION_CONTEXT('2D SPACE',''
  ) );
#4401 = ORIENTED_EDGE('',*,*,#4402,.T.);
#4402 = EDGE_CURVE('',#4380,#2731,#4403,.T.);
#4403 = SURFACE_CURVE('',#4404,(#4408,#4415),.PCURVE_S1.);
#4404 = LINE('',#4405,#4406);
#4405 = CARTESIAN_POINT('',(-19.19948216244,-20.86940764386,
    0.999684915576));
#4406 = VECTOR('',#4407,1.);
#4407 = DIRECTION('',(0.,0.,1.));
#4408 = PCURVE('',#2773,#4409);
#4409 = DEFINITIONAL_REPRESENTATION('',(#4410),#4414);
#4410 = LINE('',#4411,#4412);
#4411 = CARTESIAN_POINT('',(-44.61576111067,-24.74445383866));
#4412 = VECTOR('',#4413,1.);
#4413 = DIRECTION('',(0.258816016447,-0.96592663781));
#4414 = ( GEOMETRIC_REPRESENTATION_CONTEXT(2) 
PARAMETRIC_REPRESENTATION_CONTEXT() REPRESENTATION_CONTEXT('2D SPACE',''
  ) );
#4415 = PCURVE('',#2746,#4416);
#4416 = DEFINITIONAL_REPRESENTATION('',(#4417),#4421);
#4417 = LINE('',#4418,#4419);
#4418 = CARTESIAN_POINT('',(61.63861332806,-14.));
#4419 = VECTOR('',#4420,1.);
#4420 = DIRECTION('',(0.,1.));
#4421 = ( GEOMETRIC_REPRESENTATION_CONTEXT(2) 
PARAMETRIC_REPRESENTATION_CONTEXT() REPRESENTATION_CONTEXT('2D SPACE',''
  ) );
#4422 = ADVANCED_FACE('',(#4423),#2746,.F.);
#4423 = FACE_BOUND('',#4424,.F.);
#4424 = EDGE_LOOP('',(#4425,#4448,#4449,#4450));
#4425 = ORIENTED_EDGE('',*,*,#4426,.F.);
#4426 = EDGE_CURVE('',#4380,#4427,#4429,.T.);
#4427 = VERTEX_POINT('',#4428);
#4428 = CARTESIAN_POINT('',(-15.10093768657,-20.86940764386,
    23.199684915575));
#4429 = SURFACE_CURVE('',#4430,(#4434,#4441),.PCURVE_S1.);
#4430 = LINE('',#4431,#4432);
#4431 = CARTESIAN_POINT('',(13.669096739525,-20.86940764386,
    23.199684915575));
#4432 = VECTOR('',#4433,1.);
#4433 = DIRECTION('',(1.,0.,0.));
#4434 = PCURVE('',#2746,#4435);
#4435 = DEFINITIONAL_REPRESENTATION('',(#4436),#4440);
#4436 = LINE('',#4437,#4438);
#4437 = CARTESIAN_POINT('',(28.770034426095,8.2));
#4438 = VECTOR('',#4439,1.);
#4439 = DIRECTION('',(-1.,0.));
#4440 = ( GEOMETRIC_REPRESENTATION_CONTEXT(2) 
PARAMETRIC_REPRESENTATION_CONTEXT() REPRESENTATION_CONTEXT('2D SPACE',''
  ) );
#4441 = PCURVE('',#3808,#4442);
#4442 = DEFINITIONAL_REPRESENTATION('',(#4443),#4447);
#4443 = LINE('',#4444,#4445);
#4444 = CARTESIAN_POINT('',(-5.529965573905,0.957635490215));
#4445 = VECTOR('',#4446,1.);
#4446 = DIRECTION('',(1.,0.));
#4447 = ( GEOMETRIC_REPRESENTATION_CONTEXT(2) 
PARAMETRIC_REPRESENTATION_CONTEXT() REPRESENTATION_CONTEXT('2D SPACE',''
  ) );
#4448 = ORIENTED_EDGE('',*,*,#4402,.T.);
#4449 = ORIENTED_EDGE('',*,*,#2730,.T.);
#4450 = ORIENTED_EDGE('',*,*,#4451,.F.);
#4451 = EDGE_CURVE('',#4427,#2702,#4452,.T.);
#4452 = SURFACE_CURVE('',#4453,(#4457,#4464),.PCURVE_S1.);
#4453 = LINE('',#4454,#4455);
#4454 = CARTESIAN_POINT('',(-15.10093768657,-20.86940764386,
    2.999684915576));
#4455 = VECTOR('',#4456,1.);
#4456 = DIRECTION('',(0.,0.,1.));
#4457 = PCURVE('',#2746,#4458);
#4458 = DEFINITIONAL_REPRESENTATION('',(#4459),#4463);
#4459 = LINE('',#4460,#4461);
#4460 = CARTESIAN_POINT('',(57.54006885219,-12.));
#4461 = VECTOR('',#4462,1.);
#4462 = DIRECTION('',(0.,1.));
#4463 = ( GEOMETRIC_REPRESENTATION_CONTEXT(2) 
PARAMETRIC_REPRESENTATION_CONTEXT() REPRESENTATION_CONTEXT('2D SPACE',''
  ) );
#4464 = PCURVE('',#2718,#4465);
#4465 = DEFINITIONAL_REPRESENTATION('',(#4466),#4470);
#4466 = LINE('',#4467,#4468);
#4467 = CARTESIAN_POINT('',(1.110252535033,0.));
#4468 = VECTOR('',#4469,1.);
#4469 = DIRECTION('',(0.,1.));
#4470 = ( GEOMETRIC_REPRESENTATION_CONTEXT(2) 
PARAMETRIC_REPRESENTATION_CONTEXT() REPRESENTATION_CONTEXT('2D SPACE',''
  ) );
#4471 = ADVANCED_FACE('',(#4472),#2718,.F.);
#4472 = FACE_BOUND('',#4473,.F.);
#4473 = EDGE_LOOP('',(#4474,#4502,#4503,#4504));
#4474 = ORIENTED_EDGE('',*,*,#4475,.F.);
#4475 = EDGE_CURVE('',#4427,#4476,#4478,.T.);
#4476 = VERTEX_POINT('',#4477);
#4477 = CARTESIAN_POINT('',(15.09906231343,-20.86940764386,
    23.199684915575));
#4478 = SURFACE_CURVE('',#4479,(#4484,#4491),.PCURVE_S1.);
#4479 = CIRCLE('',#4480,28.65);
#4480 = AXIS2_PLACEMENT_3D('',#4481,#4482,#4483);
#4481 = CARTESIAN_POINT('',(-9.37686570375E-04,-45.21714881219,
    23.199684915575));
#4482 = DIRECTION('',(0.,0.,-1.));
#4483 = DIRECTION('',(0.52705061082,0.849833897673,0.));
#4484 = PCURVE('',#2718,#4485);
#4485 = DEFINITIONAL_REPRESENTATION('',(#4486),#4490);
#4486 = LINE('',#4487,#4488);
#4487 = CARTESIAN_POINT('',(6.28318530718,20.2));
#4488 = VECTOR('',#4489,1.);
#4489 = DIRECTION('',(-1.,0.));
#4490 = ( GEOMETRIC_REPRESENTATION_CONTEXT(2) 
PARAMETRIC_REPRESENTATION_CONTEXT() REPRESENTATION_CONTEXT('2D SPACE',''
  ) );
#4491 = PCURVE('',#3808,#4492);
#4492 = DEFINITIONAL_REPRESENTATION('',(#4493),#4501);
#4493 = ( BOUNDED_CURVE() B_SPLINE_CURVE(2,(#4494,#4495,#4496,#4497,
#4498,#4499,#4500),.UNSPECIFIED.,.T.,.F.) B_SPLINE_CURVE_WITH_KNOTS((1,2
    ,2,2,2,1),(-2.094395102393,0.,2.094395102393,4.188790204786,
6.28318530718,8.377580409573),.UNSPECIFIED.) CURVE() 
GEOMETRIC_REPRESENTATION_ITEM() RATIONAL_B_SPLINE_CURVE((1.,0.5,1.,0.5,
1.,0.5,1.)) REPRESENTATION_ITEM('') );
#4494 = CARTESIAN_POINT('',(-4.100000000001,0.957635490211));
#4495 = CARTESIAN_POINT('',(38.071524753084,-25.19633170407));
#4496 = CARTESIAN_POINT('',(-5.664237623456,-48.64095985942));
#4497 = CARTESIAN_POINT('',(-49.39999999999,-72.08558801478));
#4498 = CARTESIAN_POINT('',(-47.83576237654,-22.48699266514));
#4499 = CARTESIAN_POINT('',(-46.27152475308,27.111602684498));
#4500 = CARTESIAN_POINT('',(-4.100000000001,0.957635490211));
#4501 = ( GEOMETRIC_REPRESENTATION_CONTEXT(2) 
PARAMETRIC_REPRESENTATION_CONTEXT() REPRESENTATION_CONTEXT('2D SPACE',''
  ) );
#4502 = ORIENTED_EDGE('',*,*,#4451,.T.);
#4503 = ORIENTED_EDGE('',*,*,#2701,.F.);
#4504 = ORIENTED_EDGE('',*,*,#4505,.F.);
#4505 = EDGE_CURVE('',#4476,#2675,#4506,.T.);
#4506 = SURFACE_CURVE('',#4507,(#4511,#4518),.PCURVE_S1.);
#4507 = LINE('',#4508,#4509);
#4508 = CARTESIAN_POINT('',(15.09906231343,-20.86940764386,
    14.999684915576));
#4509 = VECTOR('',#4510,1.);
#4510 = DIRECTION('',(0.,0.,1.));
#4511 = PCURVE('',#2718,#4512);
#4512 = DEFINITIONAL_REPRESENTATION('',(#4513),#4517);
#4513 = LINE('',#4514,#4515);
#4514 = CARTESIAN_POINT('',(0.,12.));
#4515 = VECTOR('',#4516,1.);
#4516 = DIRECTION('',(0.,1.));
#4517 = ( GEOMETRIC_REPRESENTATION_CONTEXT(2) 
PARAMETRIC_REPRESENTATION_CONTEXT() REPRESENTATION_CONTEXT('2D SPACE',''
  ) );
#4518 = PCURVE('',#2690,#4519);
#4519 = DEFINITIONAL_REPRESENTATION('',(#4520),#4524);
#4520 = LINE('',#4521,#4522);
#4521 = CARTESIAN_POINT('',(27.34006885219,0.));
#4522 = VECTOR('',#4523,1.);
#4523 = DIRECTION('',(0.,1.));
#4524 = ( GEOMETRIC_REPRESENTATION_CONTEXT(2) 
PARAMETRIC_REPRESENTATION_CONTEXT() REPRESENTATION_CONTEXT('2D SPACE',''
  ) );
#4525 = ADVANCED_FACE('',(#4526),#2690,.F.);
#4526 = FACE_BOUND('',#4527,.F.);
#4527 = EDGE_LOOP('',(#4528,#4549,#4550,#4551));
#4528 = ORIENTED_EDGE('',*,*,#4529,.F.);
#4529 = EDGE_CURVE('',#4476,#3793,#4530,.T.);
#4530 = SURFACE_CURVE('',#4531,(#4535,#4542),.PCURVE_S1.);
#4531 = LINE('',#4532,#4533);
#4532 = CARTESIAN_POINT('',(28.769096739525,-20.86940764386,
    23.199684915575));
#4533 = VECTOR('',#4534,1.);
#4534 = DIRECTION('',(1.,0.,0.));
#4535 = PCURVE('',#2690,#4536);
#4536 = DEFINITIONAL_REPRESENTATION('',(#4537),#4541);
#4537 = LINE('',#4538,#4539);
#4538 = CARTESIAN_POINT('',(13.670034426095,8.2));
#4539 = VECTOR('',#4540,1.);
#4540 = DIRECTION('',(-1.,0.));
#4541 = ( GEOMETRIC_REPRESENTATION_CONTEXT(2) 
PARAMETRIC_REPRESENTATION_CONTEXT() REPRESENTATION_CONTEXT('2D SPACE',''
  ) );
#4542 = PCURVE('',#3808,#4543);
#4543 = DEFINITIONAL_REPRESENTATION('',(#4544),#4548);
#4544 = LINE('',#4545,#4546);
#4545 = CARTESIAN_POINT('',(9.570034426095,0.957635490215));
#4546 = VECTOR('',#4547,1.);
#4547 = DIRECTION('',(1.,0.));
#4548 = ( GEOMETRIC_REPRESENTATION_CONTEXT(2) 
PARAMETRIC_REPRESENTATION_CONTEXT() REPRESENTATION_CONTEXT('2D SPACE',''
  ) );
#4549 = ORIENTED_EDGE('',*,*,#4505,.T.);
#4550 = ORIENTED_EDGE('',*,*,#2674,.T.);
#4551 = ORIENTED_EDGE('',*,*,#3820,.F.);
#4552 = ADVANCED_FACE('',(#4553),#2894,.T.);
#4553 = FACE_BOUND('',#4554,.T.);
#4554 = EDGE_LOOP('',(#4555,#4578,#4606,#4627));
#4555 = ORIENTED_EDGE('',*,*,#4556,.F.);
#4556 = EDGE_CURVE('',#4557,#2878,#4559,.T.);
#4557 = VERTEX_POINT('',#4558);
#4558 = CARTESIAN_POINT('',(16.,-21.5,2.3));
#4559 = SURFACE_CURVE('',#4560,(#4564,#4571),.PCURVE_S1.);
#4560 = LINE('',#4561,#4562);
#4561 = CARTESIAN_POINT('',(16.,-21.5,2.3));
#4562 = VECTOR('',#4563,1.);
#4563 = DIRECTION('',(-0.,1.,0.));
#4564 = PCURVE('',#2894,#4565);
#4565 = DEFINITIONAL_REPRESENTATION('',(#4566),#4570);
#4566 = LINE('',#4567,#4568);
#4567 = CARTESIAN_POINT('',(0.,0.));
#4568 = VECTOR('',#4569,1.);
#4569 = DIRECTION('',(0.,1.));
#4570 = ( GEOMETRIC_REPRESENTATION_CONTEXT(2) 
PARAMETRIC_REPRESENTATION_CONTEXT() REPRESENTATION_CONTEXT('2D SPACE',''
  ) );
#4571 = PCURVE('',#2920,#4572);
#4572 = DEFINITIONAL_REPRESENTATION('',(#4573),#4577);
#4573 = LINE('',#4574,#4575);
#4574 = CARTESIAN_POINT('',(1.8,0.));
#4575 = VECTOR('',#4576,1.);
#4576 = DIRECTION('',(0.,-1.));
#4577 = ( GEOMETRIC_REPRESENTATION_CONTEXT(2) 
PARAMETRIC_REPRESENTATION_CONTEXT() REPRESENTATION_CONTEXT('2D SPACE',''
  ) );
#4578 = ORIENTED_EDGE('',*,*,#4579,.T.);
#4579 = EDGE_CURVE('',#4557,#4580,#4582,.T.);
#4580 = VERTEX_POINT('',#4581);
#4581 = CARTESIAN_POINT('',(18.,-21.5,2.3));
#4582 = SURFACE_CURVE('',#4583,(#4587,#4594),.PCURVE_S1.);
#4583 = LINE('',#4584,#4585);
#4584 = CARTESIAN_POINT('',(16.,-21.5,2.3));
#4585 = VECTOR('',#4586,1.);
#4586 = DIRECTION('',(1.,0.,-0.));
#4587 = PCURVE('',#2894,#4588);
#4588 = DEFINITIONAL_REPRESENTATION('',(#4589),#4593);
#4589 = LINE('',#4590,#4591);
#4590 = CARTESIAN_POINT('',(0.,0.));
#4591 = VECTOR('',#4592,1.);
#4592 = DIRECTION('',(1.,0.));
#4593 = ( GEOMETRIC_REPRESENTATION_CONTEXT(2) 
PARAMETRIC_REPRESENTATION_CONTEXT() REPRESENTATION_CONTEXT('2D SPACE',''
  ) );
#4594 = PCURVE('',#4595,#4600);
#4595 = PLANE('',#4596);
#4596 = AXIS2_PLACEMENT_3D('',#4597,#4598,#4599);
#4597 = CARTESIAN_POINT('',(16.,-21.5,0.5));
#4598 = DIRECTION('',(-0.,1.,0.));
#4599 = DIRECTION('',(0.,0.,1.));
#4600 = DEFINITIONAL_REPRESENTATION('',(#4601),#4605);
#4601 = LINE('',#4602,#4603);
#4602 = CARTESIAN_POINT('',(1.8,0.));
#4603 = VECTOR('',#4604,1.);
#4604 = DIRECTION('',(0.,1.));
#4605 = ( GEOMETRIC_REPRESENTATION_CONTEXT(2) 
PARAMETRIC_REPRESENTATION_CONTEXT() REPRESENTATION_CONTEXT('2D SPACE',''
  ) );
#4606 = ORIENTED_EDGE('',*,*,#4607,.T.);
#4607 = EDGE_CURVE('',#4580,#2880,#4608,.T.);
#4608 = SURFACE_CURVE('',#4609,(#4613,#4620),.PCURVE_S1.);
#4609 = LINE('',#4610,#4611);
#4610 = CARTESIAN_POINT('',(18.,-21.5,2.3));
#4611 = VECTOR('',#4612,1.);
#4612 = DIRECTION('',(-0.,1.,0.));
#4613 = PCURVE('',#2894,#4614);
#4614 = DEFINITIONAL_REPRESENTATION('',(#4615),#4619);
#4615 = LINE('',#4616,#4617);
#4616 = CARTESIAN_POINT('',(2.,0.));
#4617 = VECTOR('',#4618,1.);
#4618 = DIRECTION('',(0.,1.));
#4619 = ( GEOMETRIC_REPRESENTATION_CONTEXT(2) 
PARAMETRIC_REPRESENTATION_CONTEXT() REPRESENTATION_CONTEXT('2D SPACE',''
  ) );
#4620 = PCURVE('',#2970,#4621);
#4621 = DEFINITIONAL_REPRESENTATION('',(#4622),#4626);
#4622 = LINE('',#4623,#4624);
#4623 = CARTESIAN_POINT('',(1.8,0.));
#4624 = VECTOR('',#4625,1.);
#4625 = DIRECTION('',(0.,-1.));
#4626 = ( GEOMETRIC_REPRESENTATION_CONTEXT(2) 
PARAMETRIC_REPRESENTATION_CONTEXT() REPRESENTATION_CONTEXT('2D SPACE',''
  ) );
#4627 = ORIENTED_EDGE('',*,*,#2877,.F.);
#4628 = ADVANCED_FACE('',(#4629),#2970,.T.);
#4629 = FACE_BOUND('',#4630,.T.);
#4630 = EDGE_LOOP('',(#4631,#4632,#4655,#4676));
#4631 = ORIENTED_EDGE('',*,*,#4607,.F.);
#4632 = ORIENTED_EDGE('',*,*,#4633,.F.);
#4633 = EDGE_CURVE('',#4634,#4580,#4636,.T.);
#4634 = VERTEX_POINT('',#4635);
#4635 = CARTESIAN_POINT('',(18.,-21.5,0.5));
#4636 = SURFACE_CURVE('',#4637,(#4641,#4648),.PCURVE_S1.);
#4637 = LINE('',#4638,#4639);
#4638 = CARTESIAN_POINT('',(18.,-21.5,0.5));
#4639 = VECTOR('',#4640,1.);
#4640 = DIRECTION('',(0.,0.,1.));
#4641 = PCURVE('',#2970,#4642);
#4642 = DEFINITIONAL_REPRESENTATION('',(#4643),#4647);
#4643 = LINE('',#4644,#4645);
#4644 = CARTESIAN_POINT('',(0.,0.));
#4645 = VECTOR('',#4646,1.);
#4646 = DIRECTION('',(1.,0.));
#4647 = ( GEOMETRIC_REPRESENTATION_CONTEXT(2) 
PARAMETRIC_REPRESENTATION_CONTEXT() REPRESENTATION_CONTEXT('2D SPACE',''
  ) );
#4648 = PCURVE('',#4595,#4649);
#4649 = DEFINITIONAL_REPRESENTATION('',(#4650),#4654);
#4650 = LINE('',#4651,#4652);
#4651 = CARTESIAN_POINT('',(0.,2.));
#4652 = VECTOR('',#4653,1.);
#4653 = DIRECTION('',(1.,0.));
#4654 = ( GEOMETRIC_REPRESENTATION_CONTEXT(2) 
PARAMETRIC_REPRESENTATION_CONTEXT() REPRESENTATION_CONTEXT('2D SPACE',''
  ) );
#4655 = ORIENTED_EDGE('',*,*,#4656,.T.);
#4656 = EDGE_CURVE('',#4634,#2932,#4657,.T.);
#4657 = SURFACE_CURVE('',#4658,(#4662,#4669),.PCURVE_S1.);
#4658 = LINE('',#4659,#4660);
#4659 = CARTESIAN_POINT('',(18.,-21.5,0.5));
#4660 = VECTOR('',#4661,1.);
#4661 = DIRECTION('',(-0.,1.,0.));
#4662 = PCURVE('',#2970,#4663);
#4663 = DEFINITIONAL_REPRESENTATION('',(#4664),#4668);
#4664 = LINE('',#4665,#4666);
#4665 = CARTESIAN_POINT('',(0.,0.));
#4666 = VECTOR('',#4667,1.);
#4667 = DIRECTION('',(0.,-1.));
#4668 = ( GEOMETRIC_REPRESENTATION_CONTEXT(2) 
PARAMETRIC_REPRESENTATION_CONTEXT() REPRESENTATION_CONTEXT('2D SPACE',''
  ) );
#4669 = PCURVE('',#2946,#4670);
#4670 = DEFINITIONAL_REPRESENTATION('',(#4671),#4675);
#4671 = LINE('',#4672,#4673);
#4672 = CARTESIAN_POINT('',(2.,0.));
#4673 = VECTOR('',#4674,1.);
#4674 = DIRECTION('',(0.,1.));
#4675 = ( GEOMETRIC_REPRESENTATION_CONTEXT(2) 
PARAMETRIC_REPRESENTATION_CONTEXT() REPRESENTATION_CONTEXT('2D SPACE',''
  ) );
#4676 = ORIENTED_EDGE('',*,*,#2957,.F.);
#4677 = ADVANCED_FACE('',(#4678),#2946,.F.);
#4678 = FACE_BOUND('',#4679,.F.);
#4679 = EDGE_LOOP('',(#4680,#4703,#4724,#4725));
#4680 = ORIENTED_EDGE('',*,*,#4681,.F.);
#4681 = EDGE_CURVE('',#4682,#2906,#4684,.T.);
#4682 = VERTEX_POINT('',#4683);
#4683 = CARTESIAN_POINT('',(16.,-21.5,0.5));
#4684 = SURFACE_CURVE('',#4685,(#4689,#4696),.PCURVE_S1.);
#4685 = LINE('',#4686,#4687);
#4686 = CARTESIAN_POINT('',(16.,-21.5,0.5));
#4687 = VECTOR('',#4688,1.);
#4688 = DIRECTION('',(-0.,1.,0.));
#4689 = PCURVE('',#2946,#4690);
#4690 = DEFINITIONAL_REPRESENTATION('',(#4691),#4695);
#4691 = LINE('',#4692,#4693);
#4692 = CARTESIAN_POINT('',(0.,0.));
#4693 = VECTOR('',#4694,1.);
#4694 = DIRECTION('',(0.,1.));
#4695 = ( GEOMETRIC_REPRESENTATION_CONTEXT(2) 
PARAMETRIC_REPRESENTATION_CONTEXT() REPRESENTATION_CONTEXT('2D SPACE',''
  ) );
#4696 = PCURVE('',#2920,#4697);
#4697 = DEFINITIONAL_REPRESENTATION('',(#4698),#4702);
#4698 = LINE('',#4699,#4700);
#4699 = CARTESIAN_POINT('',(0.,0.));
#4700 = VECTOR('',#4701,1.);
#4701 = DIRECTION('',(0.,-1.));
#4702 = ( GEOMETRIC_REPRESENTATION_CONTEXT(2) 
PARAMETRIC_REPRESENTATION_CONTEXT() REPRESENTATION_CONTEXT('2D SPACE',''
  ) );
#4703 = ORIENTED_EDGE('',*,*,#4704,.T.);
#4704 = EDGE_CURVE('',#4682,#4634,#4705,.T.);
#4705 = SURFACE_CURVE('',#4706,(#4710,#4717),.PCURVE_S1.);
#4706 = LINE('',#4707,#4708);
#4707 = CARTESIAN_POINT('',(16.,-21.5,0.5));
#4708 = VECTOR('',#4709,1.);
#4709 = DIRECTION('',(1.,0.,-0.));
#4710 = PCURVE('',#2946,#4711);
#4711 = DEFINITIONAL_REPRESENTATION('',(#4712),#4716);
#4712 = LINE('',#4713,#4714);
#4713 = CARTESIAN_POINT('',(0.,0.));
#4714 = VECTOR('',#4715,1.);
#4715 = DIRECTION('',(1.,0.));
#4716 = ( GEOMETRIC_REPRESENTATION_CONTEXT(2) 
PARAMETRIC_REPRESENTATION_CONTEXT() REPRESENTATION_CONTEXT('2D SPACE',''
  ) );
#4717 = PCURVE('',#4595,#4718);
#4718 = DEFINITIONAL_REPRESENTATION('',(#4719),#4723);
#4719 = LINE('',#4720,#4721);
#4720 = CARTESIAN_POINT('',(0.,0.));
#4721 = VECTOR('',#4722,1.);
#4722 = DIRECTION('',(0.,1.));
#4723 = ( GEOMETRIC_REPRESENTATION_CONTEXT(2) 
PARAMETRIC_REPRESENTATION_CONTEXT() REPRESENTATION_CONTEXT('2D SPACE',''
  ) );
#4724 = ORIENTED_EDGE('',*,*,#4656,.T.);
#4725 = ORIENTED_EDGE('',*,*,#2931,.F.);
#4726 = ADVANCED_FACE('',(#4727),#2920,.F.);
#4727 = FACE_BOUND('',#4728,.F.);
#4728 = EDGE_LOOP('',(#4729,#4730,#4751,#4752));
#4729 = ORIENTED_EDGE('',*,*,#4556,.F.);
#4730 = ORIENTED_EDGE('',*,*,#4731,.F.);
#4731 = EDGE_CURVE('',#4682,#4557,#4732,.T.);
#4732 = SURFACE_CURVE('',#4733,(#4737,#4744),.PCURVE_S1.);
#4733 = LINE('',#4734,#4735);
#4734 = CARTESIAN_POINT('',(16.,-21.5,0.5));
#4735 = VECTOR('',#4736,1.);
#4736 = DIRECTION('',(0.,0.,1.));
#4737 = PCURVE('',#2920,#4738);
#4738 = DEFINITIONAL_REPRESENTATION('',(#4739),#4743);
#4739 = LINE('',#4740,#4741);
#4740 = CARTESIAN_POINT('',(0.,0.));
#4741 = VECTOR('',#4742,1.);
#4742 = DIRECTION('',(1.,0.));
#4743 = ( GEOMETRIC_REPRESENTATION_CONTEXT(2) 
PARAMETRIC_REPRESENTATION_CONTEXT() REPRESENTATION_CONTEXT('2D SPACE',''
  ) );
#4744 = PCURVE('',#4595,#4745);
#4745 = DEFINITIONAL_REPRESENTATION('',(#4746),#4750);
#4746 = LINE('',#4747,#4748);
#4747 = CARTESIAN_POINT('',(0.,0.));
#4748 = VECTOR('',#4749,1.);
#4749 = DIRECTION('',(1.,0.));
#4750 = ( GEOMETRIC_REPRESENTATION_CONTEXT(2) 
PARAMETRIC_REPRESENTATION_CONTEXT() REPRESENTATION_CONTEXT('2D SPACE',''
  ) );
#4751 = ORIENTED_EDGE('',*,*,#4681,.T.);
#4752 = ORIENTED_EDGE('',*,*,#2905,.F.);
#4753 = ADVANCED_FACE('',(#4754),#3099,.T.);
#4754 = FACE_BOUND('',#4755,.T.);
#4755 = EDGE_LOOP('',(#4756,#4779,#4807,#4828));
#4756 = ORIENTED_EDGE('',*,*,#4757,.F.);
#4757 = EDGE_CURVE('',#4758,#3083,#4760,.T.);
#4758 = VERTEX_POINT('',#4759);
#4759 = CARTESIAN_POINT('',(-18.,-21.5,2.3));
#4760 = SURFACE_CURVE('',#4761,(#4765,#4772),.PCURVE_S1.);
#4761 = LINE('',#4762,#4763);
#4762 = CARTESIAN_POINT('',(-18.,-21.5,2.3));
#4763 = VECTOR('',#4764,1.);
#4764 = DIRECTION('',(-0.,1.,0.));
#4765 = PCURVE('',#3099,#4766);
#4766 = DEFINITIONAL_REPRESENTATION('',(#4767),#4771);
#4767 = LINE('',#4768,#4769);
#4768 = CARTESIAN_POINT('',(0.,0.));
#4769 = VECTOR('',#4770,1.);
#4770 = DIRECTION('',(0.,1.));
#4771 = ( GEOMETRIC_REPRESENTATION_CONTEXT(2) 
PARAMETRIC_REPRESENTATION_CONTEXT() REPRESENTATION_CONTEXT('2D SPACE',''
  ) );
#4772 = PCURVE('',#3125,#4773);
#4773 = DEFINITIONAL_REPRESENTATION('',(#4774),#4778);
#4774 = LINE('',#4775,#4776);
#4775 = CARTESIAN_POINT('',(1.8,0.));
#4776 = VECTOR('',#4777,1.);
#4777 = DIRECTION('',(0.,-1.));
#4778 = ( GEOMETRIC_REPRESENTATION_CONTEXT(2) 
PARAMETRIC_REPRESENTATION_CONTEXT() REPRESENTATION_CONTEXT('2D SPACE',''
  ) );
#4779 = ORIENTED_EDGE('',*,*,#4780,.T.);
#4780 = EDGE_CURVE('',#4758,#4781,#4783,.T.);
#4781 = VERTEX_POINT('',#4782);
#4782 = CARTESIAN_POINT('',(-16.,-21.5,2.3));
#4783 = SURFACE_CURVE('',#4784,(#4788,#4795),.PCURVE_S1.);
#4784 = LINE('',#4785,#4786);
#4785 = CARTESIAN_POINT('',(-18.,-21.5,2.3));
#4786 = VECTOR('',#4787,1.);
#4787 = DIRECTION('',(1.,0.,-0.));
#4788 = PCURVE('',#3099,#4789);
#4789 = DEFINITIONAL_REPRESENTATION('',(#4790),#4794);
#4790 = LINE('',#4791,#4792);
#4791 = CARTESIAN_POINT('',(0.,0.));
#4792 = VECTOR('',#4793,1.);
#4793 = DIRECTION('',(1.,0.));
#4794 = ( GEOMETRIC_REPRESENTATION_CONTEXT(2) 
PARAMETRIC_REPRESENTATION_CONTEXT() REPRESENTATION_CONTEXT('2D SPACE',''
  ) );
#4795 = PCURVE('',#4796,#4801);
#4796 = PLANE('',#4797);
#4797 = AXIS2_PLACEMENT_3D('',#4798,#4799,#4800);
#4798 = CARTESIAN_POINT('',(-18.,-21.5,0.5));
#4799 = DIRECTION('',(-0.,1.,0.));
#4800 = DIRECTION('',(0.,0.,1.));
#4801 = DEFINITIONAL_REPRESENTATION('',(#4802),#4806);
#4802 = LINE('',#4803,#4804);
#4803 = CARTESIAN_POINT('',(1.8,0.));
#4804 = VECTOR('',#4805,1.);
#4805 = DIRECTION('',(0.,1.));
#4806 = ( GEOMETRIC_REPRESENTATION_CONTEXT(2) 
PARAMETRIC_REPRESENTATION_CONTEXT() REPRESENTATION_CONTEXT('2D SPACE',''
  ) );
#4807 = ORIENTED_EDGE('',*,*,#4808,.T.);
#4808 = EDGE_CURVE('',#4781,#3085,#4809,.T.);
#4809 = SURFACE_CURVE('',#4810,(#4814,#4821),.PCURVE_S1.);
#4810 = LINE('',#4811,#4812);
#4811 = CARTESIAN_POINT('',(-16.,-21.5,2.3));
#4812 = VECTOR('',#4813,1.);
#4813 = DIRECTION('',(-0.,1.,0.));
#4814 = PCURVE('',#3099,#4815);
#4815 = DEFINITIONAL_REPRESENTATION('',(#4816),#4820);
#4816 = LINE('',#4817,#4818);
#4817 = CARTESIAN_POINT('',(2.,0.));
#4818 = VECTOR('',#4819,1.);
#4819 = DIRECTION('',(0.,1.));
#4820 = ( GEOMETRIC_REPRESENTATION_CONTEXT(2) 
PARAMETRIC_REPRESENTATION_CONTEXT() REPRESENTATION_CONTEXT('2D SPACE',''
  ) );
#4821 = PCURVE('',#3175,#4822);
#4822 = DEFINITIONAL_REPRESENTATION('',(#4823),#4827);
#4823 = LINE('',#4824,#4825);
#4824 = CARTESIAN_POINT('',(1.8,0.));
#4825 = VECTOR('',#4826,1.);
#4826 = DIRECTION('',(0.,-1.));
#4827 = ( GEOMETRIC_REPRESENTATION_CONTEXT(2) 
PARAMETRIC_REPRESENTATION_CONTEXT() REPRESENTATION_CONTEXT('2D SPACE',''
  ) );
#4828 = ORIENTED_EDGE('',*,*,#3082,.F.);
#4829 = ADVANCED_FACE('',(#4830),#3175,.T.);
#4830 = FACE_BOUND('',#4831,.T.);
#4831 = EDGE_LOOP('',(#4832,#4833,#4856,#4877));
#4832 = ORIENTED_EDGE('',*,*,#4808,.F.);
#4833 = ORIENTED_EDGE('',*,*,#4834,.F.);
#4834 = EDGE_CURVE('',#4835,#4781,#4837,.T.);
#4835 = VERTEX_POINT('',#4836);
#4836 = CARTESIAN_POINT('',(-16.,-21.5,0.5));
#4837 = SURFACE_CURVE('',#4838,(#4842,#4849),.PCURVE_S1.);
#4838 = LINE('',#4839,#4840);
#4839 = CARTESIAN_POINT('',(-16.,-21.5,0.5));
#4840 = VECTOR('',#4841,1.);
#4841 = DIRECTION('',(0.,0.,1.));
#4842 = PCURVE('',#3175,#4843);
#4843 = DEFINITIONAL_REPRESENTATION('',(#4844),#4848);
#4844 = LINE('',#4845,#4846);
#4845 = CARTESIAN_POINT('',(0.,0.));
#4846 = VECTOR('',#4847,1.);
#4847 = DIRECTION('',(1.,0.));
#4848 = ( GEOMETRIC_REPRESENTATION_CONTEXT(2) 
PARAMETRIC_REPRESENTATION_CONTEXT() REPRESENTATION_CONTEXT('2D SPACE',''
  ) );
#4849 = PCURVE('',#4796,#4850);
#4850 = DEFINITIONAL_REPRESENTATION('',(#4851),#4855);
#4851 = LINE('',#4852,#4853);
#4852 = CARTESIAN_POINT('',(0.,2.));
#4853 = VECTOR('',#4854,1.);
#4854 = DIRECTION('',(1.,0.));
#4855 = ( GEOMETRIC_REPRESENTATION_CONTEXT(2) 
PARAMETRIC_REPRESENTATION_CONTEXT() REPRESENTATION_CONTEXT('2D SPACE',''
  ) );
#4856 = ORIENTED_EDGE('',*,*,#4857,.T.);
#4857 = EDGE_CURVE('',#4835,#3137,#4858,.T.);
#4858 = SURFACE_CURVE('',#4859,(#4863,#4870),.PCURVE_S1.);
#4859 = LINE('',#4860,#4861);
#4860 = CARTESIAN_POINT('',(-16.,-21.5,0.5));
#4861 = VECTOR('',#4862,1.);
#4862 = DIRECTION('',(-0.,1.,0.));
#4863 = PCURVE('',#3175,#4864);
#4864 = DEFINITIONAL_REPRESENTATION('',(#4865),#4869);
#4865 = LINE('',#4866,#4867);
#4866 = CARTESIAN_POINT('',(0.,0.));
#4867 = VECTOR('',#4868,1.);
#4868 = DIRECTION('',(0.,-1.));
#4869 = ( GEOMETRIC_REPRESENTATION_CONTEXT(2) 
PARAMETRIC_REPRESENTATION_CONTEXT() REPRESENTATION_CONTEXT('2D SPACE',''
  ) );
#4870 = PCURVE('',#3151,#4871);
#4871 = DEFINITIONAL_REPRESENTATION('',(#4872),#4876);
#4872 = LINE('',#4873,#4874);
#4873 = CARTESIAN_POINT('',(2.,0.));
#4874 = VECTOR('',#4875,1.);
#4875 = DIRECTION('',(0.,1.));
#4876 = ( GEOMETRIC_REPRESENTATION_CONTEXT(2) 
PARAMETRIC_REPRESENTATION_CONTEXT() REPRESENTATION_CONTEXT('2D SPACE',''
  ) );
#4877 = ORIENTED_EDGE('',*,*,#3162,.F.);
#4878 = ADVANCED_FACE('',(#4879),#3151,.F.);
#4879 = FACE_BOUND('',#4880,.F.);
#4880 = EDGE_LOOP('',(#4881,#4904,#4925,#4926));
#4881 = ORIENTED_EDGE('',*,*,#4882,.F.);
#4882 = EDGE_CURVE('',#4883,#3111,#4885,.T.);
#4883 = VERTEX_POINT('',#4884);
#4884 = CARTESIAN_POINT('',(-18.,-21.5,0.5));
#4885 = SURFACE_CURVE('',#4886,(#4890,#4897),.PCURVE_S1.);
#4886 = LINE('',#4887,#4888);
#4887 = CARTESIAN_POINT('',(-18.,-21.5,0.5));
#4888 = VECTOR('',#4889,1.);
#4889 = DIRECTION('',(-0.,1.,0.));
#4890 = PCURVE('',#3151,#4891);
#4891 = DEFINITIONAL_REPRESENTATION('',(#4892),#4896);
#4892 = LINE('',#4893,#4894);
#4893 = CARTESIAN_POINT('',(0.,0.));
#4894 = VECTOR('',#4895,1.);
#4895 = DIRECTION('',(0.,1.));
#4896 = ( GEOMETRIC_REPRESENTATION_CONTEXT(2) 
PARAMETRIC_REPRESENTATION_CONTEXT() REPRESENTATION_CONTEXT('2D SPACE',''
  ) );
#4897 = PCURVE('',#3125,#4898);
#4898 = DEFINITIONAL_REPRESENTATION('',(#4899),#4903);
#4899 = LINE('',#4900,#4901);
#4900 = CARTESIAN_POINT('',(0.,0.));
#4901 = VECTOR('',#4902,1.);
#4902 = DIRECTION('',(0.,-1.));
#4903 = ( GEOMETRIC_REPRESENTATION_CONTEXT(2) 
PARAMETRIC_REPRESENTATION_CONTEXT() REPRESENTATION_CONTEXT('2D SPACE',''
  ) );
#4904 = ORIENTED_EDGE('',*,*,#4905,.T.);
#4905 = EDGE_CURVE('',#4883,#4835,#4906,.T.);
#4906 = SURFACE_CURVE('',#4907,(#4911,#4918),.PCURVE_S1.);
#4907 = LINE('',#4908,#4909);
#4908 = CARTESIAN_POINT('',(-18.,-21.5,0.5));
#4909 = VECTOR('',#4910,1.);
#4910 = DIRECTION('',(1.,0.,-0.));
#4911 = PCURVE('',#3151,#4912);
#4912 = DEFINITIONAL_REPRESENTATION('',(#4913),#4917);
#4913 = LINE('',#4914,#4915);
#4914 = CARTESIAN_POINT('',(0.,0.));
#4915 = VECTOR('',#4916,1.);
#4916 = DIRECTION('',(1.,0.));
#4917 = ( GEOMETRIC_REPRESENTATION_CONTEXT(2) 
PARAMETRIC_REPRESENTATION_CONTEXT() REPRESENTATION_CONTEXT('2D SPACE',''
  ) );
#4918 = PCURVE('',#4796,#4919);
#4919 = DEFINITIONAL_REPRESENTATION('',(#4920),#4924);
#4920 = LINE('',#4921,#4922);
#4921 = CARTESIAN_POINT('',(0.,0.));
#4922 = VECTOR('',#4923,1.);
#4923 = DIRECTION('',(0.,1.));
#4924 = ( GEOMETRIC_REPRESENTATION_CONTEXT(2) 
PARAMETRIC_REPRESENTATION_CONTEXT() REPRESENTATION_CONTEXT('2D SPACE',''
  ) );
#4925 = ORIENTED_EDGE('',*,*,#4857,.T.);
#4926 = ORIENTED_EDGE('',*,*,#3136,.F.);
#4927 = ADVANCED_FACE('',(#4928),#3125,.F.);
#4928 = FACE_BOUND('',#4929,.F.);
#4929 = EDGE_LOOP('',(#4930,#4931,#4952,#4953));
#4930 = ORIENTED_EDGE('',*,*,#4757,.F.);
#4931 = ORIENTED_EDGE('',*,*,#4932,.F.);
#4932 = EDGE_CURVE('',#4883,#4758,#4933,.T.);
#4933 = SURFACE_CURVE('',#4934,(#4938,#4945),.PCURVE_S1.);
#4934 = LINE('',#4935,#4936);
#4935 = CARTESIAN_POINT('',(-18.,-21.5,0.5));
#4936 = VECTOR('',#4937,1.);
#4937 = DIRECTION('',(0.,0.,1.));
#4938 = PCURVE('',#3125,#4939);
#4939 = DEFINITIONAL_REPRESENTATION('',(#4940),#4944);
#4940 = LINE('',#4941,#4942);
#4941 = CARTESIAN_POINT('',(0.,0.));
#4942 = VECTOR('',#4943,1.);
#4943 = DIRECTION('',(1.,0.));
#4944 = ( GEOMETRIC_REPRESENTATION_CONTEXT(2) 
PARAMETRIC_REPRESENTATION_CONTEXT() REPRESENTATION_CONTEXT('2D SPACE',''
  ) );
#4945 = PCURVE('',#4796,#4946);
#4946 = DEFINITIONAL_REPRESENTATION('',(#4947),#4951);
#4947 = LINE('',#4948,#4949);
#4948 = CARTESIAN_POINT('',(0.,0.));
#4949 = VECTOR('',#4950,1.);
#4950 = DIRECTION('',(1.,0.));
#4951 = ( GEOMETRIC_REPRESENTATION_CONTEXT(2) 
PARAMETRIC_REPRESENTATION_CONTEXT() REPRESENTATION_CONTEXT('2D SPACE',''
  ) );
#4952 = ORIENTED_EDGE('',*,*,#4882,.T.);
#4953 = ORIENTED_EDGE('',*,*,#3110,.F.);
#4954 = ADVANCED_FACE('',(#4955),#3236,.F.);
#4955 = FACE_BOUND('',#4956,.F.);
#4956 = EDGE_LOOP('',(#4957,#4958,#4979,#4980,#4981));
#4957 = ORIENTED_EDGE('',*,*,#3217,.T.);
#4958 = ORIENTED_EDGE('',*,*,#4959,.T.);
#4959 = EDGE_CURVE('',#3220,#4013,#4960,.T.);
#4960 = SEAM_CURVE('',#4961,(#4965,#4972),.PCURVE_S1.);
#4961 = LINE('',#4962,#4963);
#4962 = CARTESIAN_POINT('',(-12.65093768657,-14.71714881219,
    2.999684915576));
#4963 = VECTOR('',#4964,1.);
#4964 = DIRECTION('',(0.,0.,1.));
#4965 = PCURVE('',#3236,#4966);
#4966 = DEFINITIONAL_REPRESENTATION('',(#4967),#4971);
#4967 = LINE('',#4968,#4969);
#4968 = CARTESIAN_POINT('',(9.424777960769,0.));
#4969 = VECTOR('',#4970,1.);
#4970 = DIRECTION('',(0.,1.));
#4971 = ( GEOMETRIC_REPRESENTATION_CONTEXT(2) 
PARAMETRIC_REPRESENTATION_CONTEXT() REPRESENTATION_CONTEXT('2D SPACE',''
  ) );
#4972 = PCURVE('',#3236,#4973);
#4973 = DEFINITIONAL_REPRESENTATION('',(#4974),#4978);
#4974 = LINE('',#4975,#4976);
#4975 = CARTESIAN_POINT('',(3.14159265359,0.));
#4976 = VECTOR('',#4977,1.);
#4977 = DIRECTION('',(0.,1.));
#4978 = ( GEOMETRIC_REPRESENTATION_CONTEXT(2) 
PARAMETRIC_REPRESENTATION_CONTEXT() REPRESENTATION_CONTEXT('2D SPACE',''
  ) );
#4979 = ORIENTED_EDGE('',*,*,#4012,.F.);
#4980 = ORIENTED_EDGE('',*,*,#4959,.F.);
#4981 = ORIENTED_EDGE('',*,*,#3271,.T.);
#4982 = ADVANCED_FACE('',(#4983),#3315,.F.);
#4983 = FACE_BOUND('',#4984,.F.);
#4984 = EDGE_LOOP('',(#4985,#4986,#5007,#5008,#5009));
#4985 = ORIENTED_EDGE('',*,*,#3296,.T.);
#4986 = ORIENTED_EDGE('',*,*,#4987,.T.);
#4987 = EDGE_CURVE('',#3299,#4039,#4988,.T.);
#4988 = SEAM_CURVE('',#4989,(#4993,#5000),.PCURVE_S1.);
#4989 = LINE('',#4990,#4991);
#4990 = CARTESIAN_POINT('',(9.34906231343,-14.71714881219,2.999684915576
    ));
#4991 = VECTOR('',#4992,1.);
#4992 = DIRECTION('',(0.,0.,1.));
#4993 = PCURVE('',#3315,#4994);
#4994 = DEFINITIONAL_REPRESENTATION('',(#4995),#4999);
#4995 = LINE('',#4996,#4997);
#4996 = CARTESIAN_POINT('',(9.424777960769,0.));
#4997 = VECTOR('',#4998,1.);
#4998 = DIRECTION('',(0.,1.));
#4999 = ( GEOMETRIC_REPRESENTATION_CONTEXT(2) 
PARAMETRIC_REPRESENTATION_CONTEXT() REPRESENTATION_CONTEXT('2D SPACE',''
  ) );
#5000 = PCURVE('',#3315,#5001);
#5001 = DEFINITIONAL_REPRESENTATION('',(#5002),#5006);
#5002 = LINE('',#5003,#5004);
#5003 = CARTESIAN_POINT('',(3.14159265359,0.));
#5004 = VECTOR('',#5005,1.);
#5005 = DIRECTION('',(0.,1.));
#5006 = ( GEOMETRIC_REPRESENTATION_CONTEXT(2) 
PARAMETRIC_REPRESENTATION_CONTEXT() REPRESENTATION_CONTEXT('2D SPACE',''
  ) );
#5007 = ORIENTED_EDGE('',*,*,#4038,.F.);
#5008 = ORIENTED_EDGE('',*,*,#4987,.F.);
#5009 = ORIENTED_EDGE('',*,*,#3350,.T.);
#5010 = ADVANCED_FACE('',(#5011),#3416,.T.);
#5011 = FACE_BOUND('',#5012,.T.);
#5012 = EDGE_LOOP('',(#5013,#5014,#5015,#5016));
#5013 = ORIENTED_EDGE('',*,*,#3400,.F.);
#5014 = ORIENTED_EDGE('',*,*,#3983,.T.);
#5015 = ORIENTED_EDGE('',*,*,#3913,.F.);
#5016 = ORIENTED_EDGE('',*,*,#3638,.F.);
#5017 = ADVANCED_FACE('',(#5018,#5024),#3722,.F.);
#5018 = FACE_BOUND('',#5019,.F.);
#5019 = EDGE_LOOP('',(#5020,#5021,#5022,#5023));
#5020 = ORIENTED_EDGE('',*,*,#4089,.T.);
#5021 = ORIENTED_EDGE('',*,*,#4138,.T.);
#5022 = ORIENTED_EDGE('',*,*,#4188,.T.);
#5023 = ORIENTED_EDGE('',*,*,#4237,.T.);
#5024 = FACE_BOUND('',#5025,.F.);
#5025 = EDGE_LOOP('',(#5026));
#5026 = ORIENTED_EDGE('',*,*,#3705,.T.);
#5027 = ADVANCED_FACE('',(#5028,#5036,#5067),#3808,.F.);
#5028 = FACE_BOUND('',#5029,.F.);
#5029 = EDGE_LOOP('',(#5030,#5031,#5032,#5033,#5034,#5035));
#5030 = ORIENTED_EDGE('',*,*,#4475,.T.);
#5031 = ORIENTED_EDGE('',*,*,#4529,.T.);
#5032 = ORIENTED_EDGE('',*,*,#3792,.T.);
#5033 = ORIENTED_EDGE('',*,*,#3844,.T.);
#5034 = ORIENTED_EDGE('',*,*,#4379,.T.);
#5035 = ORIENTED_EDGE('',*,*,#4426,.T.);
#5036 = FACE_BOUND('',#5037,.F.);
#5037 = EDGE_LOOP('',(#5038));
#5038 = ORIENTED_EDGE('',*,*,#5039,.F.);
#5039 = EDGE_CURVE('',#5040,#5040,#5042,.T.);
#5040 = VERTEX_POINT('',#5041);
#5041 = CARTESIAN_POINT('',(-9.251,-14.717,23.199684915575));
#5042 = SURFACE_CURVE('',#5043,(#5048,#5055),.PCURVE_S1.);
#5043 = CIRCLE('',#5044,1.75);
#5044 = AXIS2_PLACEMENT_3D('',#5045,#5046,#5047);
#5045 = CARTESIAN_POINT('',(-11.001,-14.717,23.199684915575));
#5046 = DIRECTION('',(0.,0.,1.));
#5047 = DIRECTION('',(1.,0.,-0.));
#5048 = PCURVE('',#3808,#5049);
#5049 = DEFINITIONAL_REPRESENTATION('',(#5050),#5054);
#5050 = CIRCLE('',#5051,1.75);
#5051 = AXIS2_PLACEMENT_2D('',#5052,#5053);
#5052 = CARTESIAN_POINT('',(-30.20006231343,7.110043134077));
#5053 = DIRECTION('',(1.,0.));
#5054 = ( GEOMETRIC_REPRESENTATION_CONTEXT(2) 
PARAMETRIC_REPRESENTATION_CONTEXT() REPRESENTATION_CONTEXT('2D SPACE',''
  ) );
#5055 = PCURVE('',#5056,#5061);
#5056 = CYLINDRICAL_SURFACE('',#5057,1.75);
#5057 = AXIS2_PLACEMENT_3D('',#5058,#5059,#5060);
#5058 = CARTESIAN_POINT('',(-11.001,-14.717,23.));
#5059 = DIRECTION('',(0.,0.,1.));
#5060 = DIRECTION('',(1.,0.,-0.));
#5061 = DEFINITIONAL_REPRESENTATION('',(#5062),#5066);
#5062 = LINE('',#5063,#5064);
#5063 = CARTESIAN_POINT('',(0.,0.199684915575));
#5064 = VECTOR('',#5065,1.);
#5065 = DIRECTION('',(1.,0.));
#5066 = ( GEOMETRIC_REPRESENTATION_CONTEXT(2) 
PARAMETRIC_REPRESENTATION_CONTEXT() REPRESENTATION_CONTEXT('2D SPACE',''
  ) );
#5067 = FACE_BOUND('',#5068,.F.);
#5068 = EDGE_LOOP('',(#5069));
#5069 = ORIENTED_EDGE('',*,*,#5070,.F.);
#5070 = EDGE_CURVE('',#5071,#5071,#5073,.T.);
#5071 = VERTEX_POINT('',#5072);
#5072 = CARTESIAN_POINT('',(12.749,-14.717,23.199684915575));
#5073 = SURFACE_CURVE('',#5074,(#5079,#5086),.PCURVE_S1.);
#5074 = CIRCLE('',#5075,1.75);
#5075 = AXIS2_PLACEMENT_3D('',#5076,#5077,#5078);
#5076 = CARTESIAN_POINT('',(10.999,-14.717,23.199684915575));
#5077 = DIRECTION('',(0.,0.,1.));
#5078 = DIRECTION('',(1.,0.,-0.));
#5079 = PCURVE('',#3808,#5080);
#5080 = DEFINITIONAL_REPRESENTATION('',(#5081),#5085);
#5081 = CIRCLE('',#5082,1.75);
#5082 = AXIS2_PLACEMENT_2D('',#5083,#5084);
#5083 = CARTESIAN_POINT('',(-8.20006231343,7.110043134077));
#5084 = DIRECTION('',(1.,0.));
#5085 = ( GEOMETRIC_REPRESENTATION_CONTEXT(2) 
PARAMETRIC_REPRESENTATION_CONTEXT() REPRESENTATION_CONTEXT('2D SPACE',''
  ) );
#5086 = PCURVE('',#5087,#5092);
#5087 = CYLINDRICAL_SURFACE('',#5088,1.75);
#5088 = AXIS2_PLACEMENT_3D('',#5089,#5090,#5091);
#5089 = CARTESIAN_POINT('',(10.999,-14.717,23.));
#5090 = DIRECTION('',(0.,0.,1.));
#5091 = DIRECTION('',(1.,0.,-0.));
#5092 = DEFINITIONAL_REPRESENTATION('',(#5093),#5097);
#5093 = LINE('',#5094,#5095);
#5094 = CARTESIAN_POINT('',(0.,0.199684915575));
#5095 = VECTOR('',#5096,1.);
#5096 = DIRECTION('',(1.,0.));
#5097 = ( GEOMETRIC_REPRESENTATION_CONTEXT(2) 
PARAMETRIC_REPRESENTATION_CONTEXT() REPRESENTATION_CONTEXT('2D SPACE',''
  ) );
#5098 = ADVANCED_FACE('',(#5099),#4302,.F.);
#5099 = FACE_BOUND('',#5100,.F.);
#5100 = EDGE_LOOP('',(#5101,#5102,#5125,#5152));
#5101 = ORIENTED_EDGE('',*,*,#4287,.F.);
#5102 = ORIENTED_EDGE('',*,*,#5103,.F.);
#5103 = EDGE_CURVE('',#5104,#4265,#5106,.T.);
#5104 = VERTEX_POINT('',#5105);
#5105 = CARTESIAN_POINT('',(-9.251,-14.717,25.6));
#5106 = SEAM_CURVE('',#5107,(#5111,#5118),.PCURVE_S1.);
#5107 = LINE('',#5108,#5109);
#5108 = CARTESIAN_POINT('',(-9.251,-14.717,23.));
#5109 = VECTOR('',#5110,1.);
#5110 = DIRECTION('',(0.,0.,1.));
#5111 = PCURVE('',#4302,#5112);
#5112 = DEFINITIONAL_REPRESENTATION('',(#5113),#5117);
#5113 = LINE('',#5114,#5115);
#5114 = CARTESIAN_POINT('',(6.28318530718,-0.));
#5115 = VECTOR('',#5116,1.);
#5116 = DIRECTION('',(0.,1.));
#5117 = ( GEOMETRIC_REPRESENTATION_CONTEXT(2) 
PARAMETRIC_REPRESENTATION_CONTEXT() REPRESENTATION_CONTEXT('2D SPACE',''
  ) );
#5118 = PCURVE('',#4302,#5119);
#5119 = DEFINITIONAL_REPRESENTATION('',(#5120),#5124);
#5120 = LINE('',#5121,#5122);
#5121 = CARTESIAN_POINT('',(0.,-0.));
#5122 = VECTOR('',#5123,1.);
#5123 = DIRECTION('',(0.,1.));
#5124 = ( GEOMETRIC_REPRESENTATION_CONTEXT(2) 
PARAMETRIC_REPRESENTATION_CONTEXT() REPRESENTATION_CONTEXT('2D SPACE',''
  ) );
#5125 = ORIENTED_EDGE('',*,*,#5126,.T.);
#5126 = EDGE_CURVE('',#5104,#5104,#5127,.T.);
#5127 = SURFACE_CURVE('',#5128,(#5133,#5140),.PCURVE_S1.);
#5128 = CIRCLE('',#5129,1.75);
#5129 = AXIS2_PLACEMENT_3D('',#5130,#5131,#5132);
#5130 = CARTESIAN_POINT('',(-11.001,-14.717,25.6));
#5131 = DIRECTION('',(0.,0.,1.));
#5132 = DIRECTION('',(1.,0.,-0.));
#5133 = PCURVE('',#4302,#5134);
#5134 = DEFINITIONAL_REPRESENTATION('',(#5135),#5139);
#5135 = LINE('',#5136,#5137);
#5136 = CARTESIAN_POINT('',(0.,2.6));
#5137 = VECTOR('',#5138,1.);
#5138 = DIRECTION('',(1.,0.));
#5139 = ( GEOMETRIC_REPRESENTATION_CONTEXT(2) 
PARAMETRIC_REPRESENTATION_CONTEXT() REPRESENTATION_CONTEXT('2D SPACE',''
  ) );
#5140 = PCURVE('',#5141,#5146);
#5141 = PLANE('',#5142);
#5142 = AXIS2_PLACEMENT_3D('',#5143,#5144,#5145);
#5143 = CARTESIAN_POINT('',(-31.05,-21.5,25.6));
#5144 = DIRECTION('',(0.,0.,1.));
#5145 = DIRECTION('',(1.,0.,-0.));
#5146 = DEFINITIONAL_REPRESENTATION('',(#5147),#5151);
#5147 = CIRCLE('',#5148,1.75);
#5148 = AXIS2_PLACEMENT_2D('',#5149,#5150);
#5149 = CARTESIAN_POINT('',(20.049,6.783));
#5150 = DIRECTION('',(1.,0.));
#5151 = ( GEOMETRIC_REPRESENTATION_CONTEXT(2) 
PARAMETRIC_REPRESENTATION_CONTEXT() REPRESENTATION_CONTEXT('2D SPACE',''
  ) );
#5152 = ORIENTED_EDGE('',*,*,#5103,.T.);
#5153 = ADVANCED_FACE('',(#5154),#4357,.F.);
#5154 = FACE_BOUND('',#5155,.F.);
#5155 = EDGE_LOOP('',(#5156,#5157,#5180,#5207));
#5156 = ORIENTED_EDGE('',*,*,#4342,.F.);
#5157 = ORIENTED_EDGE('',*,*,#5158,.F.);
#5158 = EDGE_CURVE('',#5159,#4320,#5161,.T.);
#5159 = VERTEX_POINT('',#5160);
#5160 = CARTESIAN_POINT('',(12.749,-14.717,25.6));
#5161 = SEAM_CURVE('',#5162,(#5166,#5173),.PCURVE_S1.);
#5162 = LINE('',#5163,#5164);
#5163 = CARTESIAN_POINT('',(12.749,-14.717,23.));
#5164 = VECTOR('',#5165,1.);
#5165 = DIRECTION('',(0.,0.,1.));
#5166 = PCURVE('',#4357,#5167);
#5167 = DEFINITIONAL_REPRESENTATION('',(#5168),#5172);
#5168 = LINE('',#5169,#5170);
#5169 = CARTESIAN_POINT('',(6.28318530718,-0.));
#5170 = VECTOR('',#5171,1.);
#5171 = DIRECTION('',(0.,1.));
#5172 = ( GEOMETRIC_REPRESENTATION_CONTEXT(2) 
PARAMETRIC_REPRESENTATION_CONTEXT() REPRESENTATION_CONTEXT('2D SPACE',''
  ) );
#5173 = PCURVE('',#4357,#5174);
#5174 = DEFINITIONAL_REPRESENTATION('',(#5175),#5179);
#5175 = LINE('',#5176,#5177);
#5176 = CARTESIAN_POINT('',(0.,-0.));
#5177 = VECTOR('',#5178,1.);
#5178 = DIRECTION('',(0.,1.));
#5179 = ( GEOMETRIC_REPRESENTATION_CONTEXT(2) 
PARAMETRIC_REPRESENTATION_CONTEXT() REPRESENTATION_CONTEXT('2D SPACE',''
  ) );
#5180 = ORIENTED_EDGE('',*,*,#5181,.T.);
#5181 = EDGE_CURVE('',#5159,#5159,#5182,.T.);
#5182 = SURFACE_CURVE('',#5183,(#5188,#5195),.PCURVE_S1.);
#5183 = CIRCLE('',#5184,1.75);
#5184 = AXIS2_PLACEMENT_3D('',#5185,#5186,#5187);
#5185 = CARTESIAN_POINT('',(10.999,-14.717,25.6));
#5186 = DIRECTION('',(0.,0.,1.));
#5187 = DIRECTION('',(1.,0.,-0.));
#5188 = PCURVE('',#4357,#5189);
#5189 = DEFINITIONAL_REPRESENTATION('',(#5190),#5194);
#5190 = LINE('',#5191,#5192);
#5191 = CARTESIAN_POINT('',(0.,2.6));
#5192 = VECTOR('',#5193,1.);
#5193 = DIRECTION('',(1.,0.));
#5194 = ( GEOMETRIC_REPRESENTATION_CONTEXT(2) 
PARAMETRIC_REPRESENTATION_CONTEXT() REPRESENTATION_CONTEXT('2D SPACE',''
  ) );
#5195 = PCURVE('',#5196,#5201);
#5196 = PLANE('',#5197);
#5197 = AXIS2_PLACEMENT_3D('',#5198,#5199,#5200);
#5198 = CARTESIAN_POINT('',(-31.05,-21.5,25.6));
#5199 = DIRECTION('',(0.,0.,1.));
#5200 = DIRECTION('',(1.,0.,-0.));
#5201 = DEFINITIONAL_REPRESENTATION('',(#5202),#5206);
#5202 = CIRCLE('',#5203,1.75);
#5203 = AXIS2_PLACEMENT_2D('',#5204,#5205);
#5204 = CARTESIAN_POINT('',(42.049,6.783));
#5205 = DIRECTION('',(1.,0.));
#5206 = ( GEOMETRIC_REPRESENTATION_CONTEXT(2) 
PARAMETRIC_REPRESENTATION_CONTEXT() REPRESENTATION_CONTEXT('2D SPACE',''
  ) );
#5207 = ORIENTED_EDGE('',*,*,#5158,.T.);
#5208 = ADVANCED_FACE('',(#5209),#4595,.F.);
#5209 = FACE_BOUND('',#5210,.F.);
#5210 = EDGE_LOOP('',(#5211,#5212,#5213,#5214));
#5211 = ORIENTED_EDGE('',*,*,#4704,.F.);
#5212 = ORIENTED_EDGE('',*,*,#4731,.T.);
#5213 = ORIENTED_EDGE('',*,*,#4579,.T.);
#5214 = ORIENTED_EDGE('',*,*,#4633,.F.);
#5215 = ADVANCED_FACE('',(#5216),#4796,.F.);
#5216 = FACE_BOUND('',#5217,.F.);
#5217 = EDGE_LOOP('',(#5218,#5219,#5220,#5221));
#5218 = ORIENTED_EDGE('',*,*,#4905,.F.);
#5219 = ORIENTED_EDGE('',*,*,#4932,.T.);
#5220 = ORIENTED_EDGE('',*,*,#4780,.T.);
#5221 = ORIENTED_EDGE('',*,*,#4834,.F.);
#5222 = ADVANCED_FACE('',(#5223),#5056,.F.);
#5223 = FACE_BOUND('',#5224,.F.);
#5224 = EDGE_LOOP('',(#5225,#5477,#5498,#5499,#5500));
#5225 = ORIENTED_EDGE('',*,*,#5226,.F.);
#5226 = EDGE_CURVE('',#5227,#5229,#5231,.T.);
#5227 = VERTEX_POINT('',#5228);
#5228 = CARTESIAN_POINT('',(-9.251,-14.717,24.599622608473));
#5229 = VERTEX_POINT('',#5230);
#5230 = CARTESIAN_POINT('',(-12.75099999367,-14.71714881219,
    24.599747222678));
#5231 = SURFACE_CURVE('',#5232,(#5310,#5391),.PCURVE_S1.);
#5232 = B_SPLINE_CURVE_WITH_KNOTS('',6,(#5233,#5234,#5235,#5236,#5237,
    #5238,#5239,#5240,#5241,#5242,#5243,#5244,#5245,#5246,#5247,#5248,
    #5249,#5250,#5251,#5252,#5253,#5254,#5255,#5256,#5257,#5258,#5259,
    #5260,#5261,#5262,#5263,#5264,#5265,#5266,#5267,#5268,#5269,#5270,
    #5271,#5272,#5273,#5274,#5275,#5276,#5277,#5278,#5279,#5280,#5281,
    #5282,#5283,#5284,#5285,#5286,#5287,#5288,#5289,#5290,#5291,#5292,
    #5293,#5294,#5295,#5296,#5297,#5298,#5299,#5300,#5301,#5302,#5303,
    #5304,#5305,#5306,#5307,#5308,#5309),.UNSPECIFIED.,.T.,.F.,(7,5,5,5,
    5,5,5,5,5,5,5,5,5,5,5,7),(0.,6.283436039658E-02,9.098458630761E-02,
    0.105562355838,0.120140101932,0.310498691927,0.499855834994,
    0.56320449521,0.594118732993,0.609952910978,0.617995679112,
    0.625284443757,0.720030814086,0.81327030976,0.906509804169,1.),
  .UNSPECIFIED.);
#5233 = CARTESIAN_POINT('',(-9.251,-14.717,24.599622608473));
#5234 = CARTESIAN_POINT('',(-9.2509998297,-14.60188757218,
    24.599632397463));
#5235 = CARTESIAN_POINT('',(-9.260086888348,-14.4867707187,
    24.59964251035));
#5236 = CARTESIAN_POINT('',(-9.278259257075,-14.37255858071,
    24.599652869746));
#5237 = CARTESIAN_POINT('',(-9.305399449213,-14.26013849386,
    24.599663396004));
#5238 = CARTESIAN_POINT('',(-9.341274410296,-14.1503759883,
    24.599674007221));
#5239 = CARTESIAN_POINT('',(-9.405364641488,-13.99650897434,
    24.599689373492));
#5240 = CARTESIAN_POINT('',(-9.426877299606,-13.94960422614,
    24.599694128063));
#5241 = CARTESIAN_POINT('',(-9.450042381015,-13.90347520572,
    24.599698875494));
#5242 = CARTESIAN_POINT('',(-9.474824567428,-13.85819436876,
    24.599703608365));
#5243 = CARTESIAN_POINT('',(-9.501184333671,-13.81383196495,
    24.599708319295));
#5244 = CARTESIAN_POINT('',(-9.543522828147,-13.74799354393,
    24.599715425362));
#5245 = CARTESIAN_POINT('',(-9.558379066897,-13.72579556461,
    24.599717841932));
#5246 = CARTESIAN_POINT('',(-9.573640603403,-13.70387152503,
    24.599720249636));
#5247 = CARTESIAN_POINT('',(-9.589301098481,-13.68223065243,
    24.599722647462));
#5248 = CARTESIAN_POINT('',(-9.605353934298,-13.6608819763,
    24.599725034409));
#5249 = CARTESIAN_POINT('',(-9.638230467941,-13.6187867143,
    24.599729784544));
#5250 = CARTESIAN_POINT('',(-9.655054170301,-13.59804012006,
    24.599732147733));
#5251 = CARTESIAN_POINT('',(-9.672256424499,-13.57760337704,
    24.59973449805));
#5252 = CARTESIAN_POINT('',(-9.689830074183,-13.55748509418,
    24.599736834508));
#5253 = CARTESIAN_POINT('',(-9.707767703595,-13.53769365803,
    24.599739156129));
#5254 = CARTESIAN_POINT('',(-9.964941426171,-13.26416698583,
    24.599771571927));
#5255 = CARTESIAN_POINT('',(-10.26537878816,-13.06645561283,
    24.599799080787));
#5256 = CARTESIAN_POINT('',(-10.60888506815,-12.94572986828,
    24.599821576452));
#5257 = CARTESIAN_POINT('',(-10.97125119516,-12.91019251811,
    24.599837499942));
#5258 = CARTESIAN_POINT('',(-11.32706748633,-12.96262717148,
    24.599845710169));
#5259 = CARTESIAN_POINT('',(-11.97296485725,-13.22095486578,
    24.599846741942));
#5260 = CARTESIAN_POINT('',(-12.26539974675,-13.42684419451,
    24.59983964761));
#5261 = CARTESIAN_POINT('',(-12.50265203024,-13.70029058874,
    24.599824844331));
#5262 = CARTESIAN_POINT('',(-12.66843844935,-14.02212230604,
    24.599803382211));
#5263 = CARTESIAN_POINT('',(-12.75100710138,-14.37010063554,
    24.599776733309));
#5264 = CARTESIAN_POINT('',(-12.75100028686,-14.83305376811,
    24.599737366999));
#5265 = CARTESIAN_POINT('',(-12.74176368664,-14.94911456796,
    24.599727169109));
#5266 = CARTESIAN_POINT('',(-12.72329235906,-15.06424805464,
    24.59971672118));
#5267 = CARTESIAN_POINT('',(-12.69570779138,-15.17754395741,
    24.599706104935));
#5268 = CARTESIAN_POINT('',(-12.65925079848,-15.28811607971,
    24.599695404304));
#5269 = CARTESIAN_POINT('',(-12.59233658343,-15.44731178447,
    24.59967948435));
#5270 = CARTESIAN_POINT('',(-12.56836402266,-15.49866918441,
    24.599674263519));
#5271 = CARTESIAN_POINT('',(-12.54240541096,-15.54907568722,
    24.599669052811));
#5272 = CARTESIAN_POINT('',(-12.51450839772,-15.59843576364,
    24.599663862046));
#5273 = CARTESIAN_POINT('',(-12.48472671125,-15.64665716691,
    24.599658700982));
#5274 = CARTESIAN_POINT('',(-12.43693138103,-15.71772099693,
    24.599650956012));
#5275 = CARTESIAN_POINT('',(-12.4202638279,-15.74146904779,
    24.59964834304));
#5276 = CARTESIAN_POINT('',(-12.40312551538,-15.76488316916,
    24.599645741696));
#5277 = CARTESIAN_POINT('',(-12.38552484035,-15.78795172961,
    24.599643153269));
#5278 = CARTESIAN_POINT('',(-12.3674705806,-15.81066338246,
    24.599640579037));
#5279 = CARTESIAN_POINT('',(-12.33957572402,-15.84435625387,
    24.599636720571));
#5280 = CARTESIAN_POINT('',(-12.33006488998,-15.8556105074,
    24.599635424865));
#5281 = CARTESIAN_POINT('',(-12.32044059201,-15.8667683779,
    24.599634133313));
#5282 = CARTESIAN_POINT('',(-12.31070405328,-15.87782843774,
    24.599632846082));
#5283 = CARTESIAN_POINT('',(-12.30085652087,-15.88878928006,
    24.599631563334));
#5284 = CARTESIAN_POINT('',(-12.28187549572,-15.90949161833,
    24.599629126953));
#5285 = CARTESIAN_POINT('',(-12.27276161127,-15.91925109336,
    24.59962797249));
#5286 = CARTESIAN_POINT('',(-12.26355855823,-15.92892691233,
    24.599626821964));
#5287 = CARTESIAN_POINT('',(-12.2542672979,-15.93851805846,
    24.599625675497));
#5288 = CARTESIAN_POINT('',(-12.24488880701,-15.94802352977,
    24.599624533209));
#5289 = CARTESIAN_POINT('',(-12.11239468319,-16.07987934545,
    24.599608602412));
#5290 = CARTESIAN_POINT('',(-11.97474507675,-16.18769948907,
    24.599594531839));
#5291 = CARTESIAN_POINT('',(-11.82475267439,-16.27866982874,
    24.599581454515));
#5292 = CARTESIAN_POINT('',(-11.66497869447,-16.35109558073,
    24.599569605806));
#5293 = CARTESIAN_POINT('',(-11.49826815764,-16.40382011879,
    24.599559185422));
#5294 = CARTESIAN_POINT('',(-11.15994471895,-16.46812039435,
    24.599541669357));
#5295 = CARTESIAN_POINT('',(-10.98835363516,-16.48035692928,
    24.599534518254));
#5296 = CARTESIAN_POINT('',(-10.81596332186,-16.47238878063,
    24.599529056924));
#5297 = CARTESIAN_POINT('',(-10.64570062716,-16.44423762363,
    24.599525387776));
#5298 = CARTESIAN_POINT('',(-10.48043256088,-16.39649260695,
    24.599523562819));
#5299 = CARTESIAN_POINT('',(-10.1654977811,-16.26413345154,
    24.59952360396));
#5300 = CARTESIAN_POINT('',(-10.01574081991,-16.17948138459,
    24.59952547007));
#5301 = CARTESIAN_POINT('',(-9.876486036912,-16.07755014251,
    24.599529179651));
#5302 = CARTESIAN_POINT('',(-9.750160545136,-15.95997556266,
    24.599534680002));
#5303 = CARTESIAN_POINT('',(-9.638827944739,-15.82883332917,
    24.599541868063));
#5304 = CARTESIAN_POINT('',(-9.449289356134,-15.54406553333,
    24.599559335757));
#5305 = CARTESIAN_POINT('',(-9.37111861705,-15.39029812127,
    24.599569628714));
#5306 = CARTESIAN_POINT('',(-9.311354283459,-15.22789705246,
    24.599581311263));
#5307 = CARTESIAN_POINT('',(-9.271122433551,-15.05958963845,
    24.599594191533));
#5308 = CARTESIAN_POINT('',(-9.250997046008,-14.88827018658,
    24.599608043798));
#5309 = CARTESIAN_POINT('',(-9.251,-14.717,24.599622608473));
#5310 = PCURVE('',#5056,#5311);
#5311 = DEFINITIONAL_REPRESENTATION('',(#5312),#5390);
#5312 = B_SPLINE_CURVE_WITH_KNOTS('',6,(#5313,#5314,#5315,#5316,#5317,
    #5318,#5319,#5320,#5321,#5322,#5323,#5324,#5325,#5326,#5327,#5328,
    #5329,#5330,#5331,#5332,#5333,#5334,#5335,#5336,#5337,#5338,#5339,
    #5340,#5341,#5342,#5343,#5344,#5345,#5346,#5347,#5348,#5349,#5350,
    #5351,#5352,#5353,#5354,#5355,#5356,#5357,#5358,#5359,#5360,#5361,
    #5362,#5363,#5364,#5365,#5366,#5367,#5368,#5369,#5370,#5371,#5372,
    #5373,#5374,#5375,#5376,#5377,#5378,#5379,#5380,#5381,#5382,#5383,
    #5384,#5385,#5386,#5387,#5388,#5389),.UNSPECIFIED.,.F.,.F.,(7,5,5,5,
    5,5,5,5,5,5,5,5,5,5,5,7),(0.,6.283436039658E-02,9.098458630761E-02,
    0.105562355838,0.120140101932,0.310498691927,0.499855834994,
    0.56320449521,0.594118732993,0.609952910978,0.617995679112,
    0.625284443757,0.720030814086,0.81327030976,0.906509804169,1.),
  .UNSPECIFIED.);
#5313 = CARTESIAN_POINT('',(0.,1.599622608473));
#5314 = CARTESIAN_POINT('',(6.577970796769E-02,1.599632397463));
#5315 = CARTESIAN_POINT('',(0.131557842924,1.59964251035));
#5316 = CARTESIAN_POINT('',(0.197335930261,1.599652869746));
#5317 = CARTESIAN_POINT('',(0.263114647599,1.599663396004));
#5318 = CARTESIAN_POINT('',(0.328893824792,1.599674007221));
#5319 = CARTESIAN_POINT('',(0.424141272408,1.599689373492));
#5320 = CARTESIAN_POINT('',(0.453610119871,1.599694128063));
#5321 = CARTESIAN_POINT('',(0.483078986311,1.599698875494));
#5322 = CARTESIAN_POINT('',(0.512547871683,1.599703608365));
#5323 = CARTESIAN_POINT('',(0.542016775892,1.599708319295));
#5324 = CARTESIAN_POINT('',(0.586746354171,1.599715425362));
#5325 = CARTESIAN_POINT('',(0.60200701456,1.599717841932));
#5326 = CARTESIAN_POINT('',(0.617267679942,1.599720249636));
#5327 = CARTESIAN_POINT('',(0.632528350291,1.599722647462));
#5328 = CARTESIAN_POINT('',(0.647789025582,1.599725034409));
#5329 = CARTESIAN_POINT('',(0.678310361449,1.599729784544));
#5330 = CARTESIAN_POINT('',(0.693571022025,1.599732147733));
#5331 = CARTESIAN_POINT('',(0.708831687481,1.59973449805));
#5332 = CARTESIAN_POINT('',(0.724092357783,1.599736834508));
#5333 = CARTESIAN_POINT('',(0.739353032894,1.599739156129));
#5334 = CARTESIAN_POINT('',(0.95390174328,1.599771571927));
#5335 = CARTESIAN_POINT('',(1.153740580471,1.599799080787));
#5336 = CARTESIAN_POINT('',(1.352934945401,1.599821576452));
#5337 = CARTESIAN_POINT('',(1.552129782859,1.599837499942));
#5338 = CARTESIAN_POINT('',(1.751970171845,1.599845710169));
#5339 = CARTESIAN_POINT('',(2.149502182723,1.599846741942));
#5340 = CARTESIAN_POINT('',(2.348280127995,1.59983964761));
#5341 = CARTESIAN_POINT('',(2.54642866824,1.599824844331));
#5342 = CARTESIAN_POINT('',(2.744576763921,1.599803382211));
#5343 = CARTESIAN_POINT('',(2.943353252135,1.599776733309));
#5344 = CARTESIAN_POINT('',(3.207910233834,1.599737366999));
#5345 = CARTESIAN_POINT('',(3.274227724414,1.599727169109));
#5346 = CARTESIAN_POINT('',(3.340545122116,1.59971672118));
#5347 = CARTESIAN_POINT('',(3.406862424955,1.599706104935));
#5348 = CARTESIAN_POINT('',(3.473179632182,1.599695404304));
#5349 = CARTESIAN_POINT('',(3.57185906572,1.59967948435));
#5350 = CARTESIAN_POINT('',(3.604221364268,1.599674263519));
#5351 = CARTESIAN_POINT('',(3.636583639929,1.599669052811));
#5352 = CARTESIAN_POINT('',(3.66894589278,1.599663862046));
#5353 = CARTESIAN_POINT('',(3.701308122971,1.599658700982));
#5354 = CARTESIAN_POINT('',(3.750246139299,1.599650956012));
#5355 = CARTESIAN_POINT('',(3.766821941988,1.59964834304));
#5356 = CARTESIAN_POINT('',(3.783397738817,1.599645741696));
#5357 = CARTESIAN_POINT('',(3.79997352982,1.599643153269));
#5358 = CARTESIAN_POINT('',(3.816549315036,1.599640579037));
#5359 = CARTESIAN_POINT('',(3.841544549096,1.599636720571));
#5360 = CARTESIAN_POINT('',(3.849964002202,1.599635424865));
#5361 = CARTESIAN_POINT('',(3.858383453831,1.599634133313));
#5362 = CARTESIAN_POINT('',(3.866802903991,1.599632846082));
#5363 = CARTESIAN_POINT('',(3.875222352686,1.599631563334));
#5364 = CARTESIAN_POINT('',(3.89127193028,1.599629126953));
#5365 = CARTESIAN_POINT('',(3.898902059439,1.59962797249));
#5366 = CARTESIAN_POINT('',(3.906532187406,1.599626821964));
#5367 = CARTESIAN_POINT('',(3.914162314186,1.599625675497));
#5368 = CARTESIAN_POINT('',(3.921792439785,1.599624533209));
#5369 = CARTESIAN_POINT('',(4.028614676509,1.599608602412));
#5370 = CARTESIAN_POINT('',(4.127806572909,1.599594531839));
#5371 = CARTESIAN_POINT('',(4.226998274884,1.599581454515));
#5372 = CARTESIAN_POINT('',(4.326189808633,1.599569605806));
#5373 = CARTESIAN_POINT('',(4.425381205084,1.599559185422));
#5374 = CARTESIAN_POINT('',(4.622185716998,1.599541669357));
#5375 = CARTESIAN_POINT('',(4.719798803841,1.599534518254));
#5376 = CARTESIAN_POINT('',(4.817411794417,1.599529056924));
#5377 = CARTESIAN_POINT('',(4.915024724378,1.599525387776));
#5378 = CARTESIAN_POINT('',(5.012637631023,1.599523562819));
#5379 = CARTESIAN_POINT('',(5.207863474265,1.59952360396));
#5380 = CARTESIAN_POINT('',(5.305476380134,1.59952547007));
#5381 = CARTESIAN_POINT('',(5.403089309861,1.599529179651));
#5382 = CARTESIAN_POINT('',(5.500702300732,1.599534680002));
#5383 = CARTESIAN_POINT('',(5.598315388366,1.599541868063));
#5384 = CARTESIAN_POINT('',(5.793804370874,1.599559335757));
#5385 = CARTESIAN_POINT('',(5.891680235503,1.599569628714));
#5386 = CARTESIAN_POINT('',(5.989556234386,1.599581311263));
#5387 = CARTESIAN_POINT('',(6.087432396825,1.599594191533));
#5388 = CARTESIAN_POINT('',(6.185308747642,1.599608043798));
#5389 = CARTESIAN_POINT('',(6.28318530718,1.599622608473));
#5390 = ( GEOMETRIC_REPRESENTATION_CONTEXT(2) 
PARAMETRIC_REPRESENTATION_CONTEXT() REPRESENTATION_CONTEXT('2D SPACE',''
  ) );
#5391 = PCURVE('',#5392,#5397);
#5392 = CONICAL_SURFACE('',#5393,2.25,0.785398163397);
#5393 = AXIS2_PLACEMENT_3D('',#5394,#5395,#5396);
#5394 = CARTESIAN_POINT('',(-11.00093768657,-14.71714881219,
    25.099684915575));
#5395 = DIRECTION('',(0.,0.,1.));
#5396 = DIRECTION('',(1.,0.,0.));
#5397 = DEFINITIONAL_REPRESENTATION('',(#5398),#5476);
#5398 = B_SPLINE_CURVE_WITH_KNOTS('',6,(#5399,#5400,#5401,#5402,#5403,
    #5404,#5405,#5406,#5407,#5408,#5409,#5410,#5411,#5412,#5413,#5414,
    #5415,#5416,#5417,#5418,#5419,#5420,#5421,#5422,#5423,#5424,#5425,
    #5426,#5427,#5428,#5429,#5430,#5431,#5432,#5433,#5434,#5435,#5436,
    #5437,#5438,#5439,#5440,#5441,#5442,#5443,#5444,#5445,#5446,#5447,
    #5448,#5449,#5450,#5451,#5452,#5453,#5454,#5455,#5456,#5457,#5458,
    #5459,#5460,#5461,#5462,#5463,#5464,#5465,#5466,#5467,#5468,#5469,
    #5470,#5471,#5472,#5473,#5474,#5475),.UNSPECIFIED.,.F.,.F.,(7,5,5,5,
    5,5,5,5,5,5,5,5,5,5,5,7),(0.,6.283436039658E-02,9.098458630761E-02,
    0.105562355838,0.120140101932,0.310498691927,0.499855834994,
    0.56320449521,0.594118732993,0.609952910978,0.617995679112,
    0.625284443757,0.720030814086,0.81327030976,0.906509804169,1.),
  .UNSPECIFIED.);
#5399 = CARTESIAN_POINT('',(8.503856650833E-05,-0.500062307102));
#5400 = CARTESIAN_POINT('',(6.586708837078E-02,-0.500052518112));
#5401 = CARTESIAN_POINT('',(0.131647123626,-0.500042405225));
#5402 = CARTESIAN_POINT('',(0.197426651332,-0.50003204583));
#5403 = CARTESIAN_POINT('',(0.26320633678,-0.500021519572));
#5404 = CARTESIAN_POINT('',(0.328986003551,-0.500010908355));
#5405 = CARTESIAN_POINT('',(0.424233466871,-0.499995542084));
#5406 = CARTESIAN_POINT('',(0.453702223129,-0.499990787512));
#5407 = CARTESIAN_POINT('',(0.483170902287,-0.499986040082));
#5408 = CARTESIAN_POINT('',(0.512639504543,-0.499981307211));
#5409 = CARTESIAN_POINT('',(0.542108030297,-0.499976596281));
#5410 = CARTESIAN_POINT('',(0.586836890548,-0.499969490214));
#5411 = CARTESIAN_POINT('',(0.602097280595,-0.499967073643));
#5412 = CARTESIAN_POINT('',(0.617357650367,-0.49996466594));
#5413 = CARTESIAN_POINT('',(0.632617999961,-0.499962268113));
#5414 = CARTESIAN_POINT('',(0.647878329489,-0.499959881167));
#5415 = CARTESIAN_POINT('',(0.678398924127,-0.499955131032));
#5416 = CARTESIAN_POINT('',(0.693659189238,-0.499952767842));
#5417 = CARTESIAN_POINT('',(0.708919434531,-0.499950417526));
#5418 = CARTESIAN_POINT('',(0.724179660147,-0.499948081068));
#5419 = CARTESIAN_POINT('',(0.739439866237,-0.499945759446));
#5420 = CARTESIAN_POINT('',(0.953981644244,-0.499913343648));
#5421 = CARTESIAN_POINT('',(1.153809904793,-0.499885834789));
#5422 = CARTESIAN_POINT('',(1.352990034753,-0.499863339123));
#5423 = CARTESIAN_POINT('',(1.552167988454,-0.499847415633));
#5424 = CARTESIAN_POINT('',(1.751990022479,-0.499839205407));
#5425 = CARTESIAN_POINT('',(2.149485395203,-0.499838173634));
#5426 = CARTESIAN_POINT('',(2.34824494299,-0.499845267965));
#5427 = CARTESIAN_POINT('',(2.546376392114,-0.499860071245));
#5428 = CARTESIAN_POINT('',(2.74450988386,-0.499881533364));
#5429 = CARTESIAN_POINT('',(2.943275278907,-0.499908182267));
#5430 = CARTESIAN_POINT('',(3.20782283954,-0.499947548577));
#5431 = CARTESIAN_POINT('',(3.274138416966,-0.499957746467));
#5432 = CARTESIAN_POINT('',(3.340454369062,-0.499968194396));
#5433 = CARTESIAN_POINT('',(3.406770706478,-0.49997881064));
#5434 = CARTESIAN_POINT('',(3.473087434811,-0.499989511272));
#5435 = CARTESIAN_POINT('',(3.571766879795,-0.500005431226));
#5436 = CARTESIAN_POINT('',(3.604129297955,-0.500010652056));
#5437 = CARTESIAN_POINT('',(3.636491809084,-0.500015862764));
#5438 = CARTESIAN_POINT('',(3.66885441289,-0.500021053529));
#5439 = CARTESIAN_POINT('',(3.701217108789,-0.500026214593));
#5440 = CARTESIAN_POINT('',(3.750156001237,-0.500033959563));
#5441 = CARTESIAN_POINT('',(3.766732130496,-0.500036572536));
#5442 = CARTESIAN_POINT('',(3.783308283567,-0.50003917388));
#5443 = CARTESIAN_POINT('',(3.799884460313,-0.500041762307));
#5444 = CARTESIAN_POINT('',(3.816460660577,-0.500044336539));
#5445 = CARTESIAN_POINT('',(3.841456564363,-0.500048195005));
#5446 = CARTESIAN_POINT('',(3.849876250565,-0.500049490711));
#5447 = CARTESIAN_POINT('',(3.858295942766,-0.500050782262));
#5448 = CARTESIAN_POINT('',(3.866715640942,-0.500052069494));
#5449 = CARTESIAN_POINT('',(3.875135345068,-0.500053352242));
#5450 = CARTESIAN_POINT('',(3.891185423642,-0.500055788622));
#5451 = CARTESIAN_POINT('',(3.898815797032,-0.500056943086));
#5452 = CARTESIAN_POINT('',(3.906446175267,-0.500058093611));
#5453 = CARTESIAN_POINT('',(3.914076558324,-0.500059240078));
#5454 = CARTESIAN_POINT('',(3.921706946183,-0.500060382367));
#5455 = CARTESIAN_POINT('',(4.028532937482,-0.500076313164));
#5456 = CARTESIAN_POINT('',(4.127729328215,-0.500090383737));
#5457 = CARTESIAN_POINT('',(4.226926467314,-0.50010346106));
#5458 = CARTESIAN_POINT('',(4.326124291031,-0.500115309769));
#5459 = CARTESIAN_POINT('',(4.425322715582,-0.500125730154));
#5460 = CARTESIAN_POINT('',(4.62214235954,-0.500143246218));
#5461 = CARTESIAN_POINT('',(4.719763535817,-0.500150397321));
#5462 = CARTESIAN_POINT('',(4.817385065927,-0.500155858651));
#5463 = CARTESIAN_POINT('',(4.915006842818,-0.500159527799));
#5464 = CARTESIAN_POINT('',(5.012628752438,-0.500161352757));
#5465 = CARTESIAN_POINT('',(5.207872593709,-0.500161311616));
#5466 = CARTESIAN_POINT('',(5.305494499797,-0.500159445506));
#5467 = CARTESIAN_POINT('',(5.403116270945,-0.500155735925));
#5468 = CARTESIAN_POINT('',(5.500737793165,-0.500150235573));
#5469 = CARTESIAN_POINT('',(5.598358959529,-0.500143047512));
#5470 = CARTESIAN_POINT('',(5.793862946927,-0.500125579818));
#5471 = CARTESIAN_POINT('',(5.891745738891,-0.500115286862));
#5472 = CARTESIAN_POINT('',(5.98962794618,-0.500103604313));
#5473 = CARTESIAN_POINT('',(6.087509487882,-0.500090724042));
#5474 = CARTESIAN_POINT('',(6.185390302059,-0.500076871778));
#5475 = CARTESIAN_POINT('',(6.283270345746,-0.500062307102));
#5476 = ( GEOMETRIC_REPRESENTATION_CONTEXT(2) 
PARAMETRIC_REPRESENTATION_CONTEXT() REPRESENTATION_CONTEXT('2D SPACE',''
  ) );
#5477 = ORIENTED_EDGE('',*,*,#5478,.F.);
#5478 = EDGE_CURVE('',#5040,#5227,#5479,.T.);
#5479 = SEAM_CURVE('',#5480,(#5484,#5491),.PCURVE_S1.);
#5480 = LINE('',#5481,#5482);
#5481 = CARTESIAN_POINT('',(-9.251,-14.717,23.));
#5482 = VECTOR('',#5483,1.);
#5483 = DIRECTION('',(0.,0.,1.));
#5484 = PCURVE('',#5056,#5485);
#5485 = DEFINITIONAL_REPRESENTATION('',(#5486),#5490);
#5486 = LINE('',#5487,#5488);
#5487 = CARTESIAN_POINT('',(6.28318530718,-0.));
#5488 = VECTOR('',#5489,1.);
#5489 = DIRECTION('',(0.,1.));
#5490 = ( GEOMETRIC_REPRESENTATION_CONTEXT(2) 
PARAMETRIC_REPRESENTATION_CONTEXT() REPRESENTATION_CONTEXT('2D SPACE',''
  ) );
#5491 = PCURVE('',#5056,#5492);
#5492 = DEFINITIONAL_REPRESENTATION('',(#5493),#5497);
#5493 = LINE('',#5494,#5495);
#5494 = CARTESIAN_POINT('',(0.,-0.));
#5495 = VECTOR('',#5496,1.);
#5496 = DIRECTION('',(0.,1.));
#5497 = ( GEOMETRIC_REPRESENTATION_CONTEXT(2) 
PARAMETRIC_REPRESENTATION_CONTEXT() REPRESENTATION_CONTEXT('2D SPACE',''
  ) );
#5498 = ORIENTED_EDGE('',*,*,#5039,.T.);
#5499 = ORIENTED_EDGE('',*,*,#5478,.T.);
#5500 = ORIENTED_EDGE('',*,*,#5501,.F.);
#5501 = EDGE_CURVE('',#5229,#5227,#5502,.T.);
#5502 = SURFACE_CURVE('',#5503,(#5581,#5662),.PCURVE_S1.);
#5503 = B_SPLINE_CURVE_WITH_KNOTS('',6,(#5504,#5505,#5506,#5507,#5508,
    #5509,#5510,#5511,#5512,#5513,#5514,#5515,#5516,#5517,#5518,#5519,
    #5520,#5521,#5522,#5523,#5524,#5525,#5526,#5527,#5528,#5529,#5530,
    #5531,#5532,#5533,#5534,#5535,#5536,#5537,#5538,#5539,#5540,#5541,
    #5542,#5543,#5544,#5545,#5546,#5547,#5548,#5549,#5550,#5551,#5552,
    #5553,#5554,#5555,#5556,#5557,#5558,#5559,#5560,#5561,#5562,#5563,
    #5564,#5565,#5566,#5567,#5568,#5569,#5570,#5571,#5572,#5573,#5574,
    #5575,#5576,#5577,#5578,#5579,#5580),.UNSPECIFIED.,.T.,.F.,(7,5,5,5,
    5,5,5,5,5,5,5,5,5,5,5,7),(0.,6.283436039658E-02,9.098458630761E-02,
    0.105562355838,0.120140101932,0.310498691927,0.499855834994,
    0.56320449521,0.594118732993,0.609952910978,0.617995679112,
    0.625284443757,0.720030814086,0.81327030976,0.906509804169,1.),
  .UNSPECIFIED.);
#5504 = CARTESIAN_POINT('',(-9.251,-14.717,24.599622608473));
#5505 = CARTESIAN_POINT('',(-9.2509998297,-14.60188757218,
    24.599632397463));
#5506 = CARTESIAN_POINT('',(-9.260086888348,-14.4867707187,
    24.59964251035));
#5507 = CARTESIAN_POINT('',(-9.278259257075,-14.37255858071,
    24.599652869746));
#5508 = CARTESIAN_POINT('',(-9.305399449213,-14.26013849386,
    24.599663396004));
#5509 = CARTESIAN_POINT('',(-9.341274410296,-14.1503759883,
    24.599674007221));
#5510 = CARTESIAN_POINT('',(-9.405364641488,-13.99650897434,
    24.599689373492));
#5511 = CARTESIAN_POINT('',(-9.426877299606,-13.94960422614,
    24.599694128063));
#5512 = CARTESIAN_POINT('',(-9.450042381015,-13.90347520572,
    24.599698875494));
#5513 = CARTESIAN_POINT('',(-9.474824567428,-13.85819436876,
    24.599703608365));
#5514 = CARTESIAN_POINT('',(-9.501184333671,-13.81383196495,
    24.599708319295));
#5515 = CARTESIAN_POINT('',(-9.543522828147,-13.74799354393,
    24.599715425362));
#5516 = CARTESIAN_POINT('',(-9.558379066897,-13.72579556461,
    24.599717841932));
#5517 = CARTESIAN_POINT('',(-9.573640603403,-13.70387152503,
    24.599720249636));
#5518 = CARTESIAN_POINT('',(-9.589301098481,-13.68223065243,
    24.599722647462));
#5519 = CARTESIAN_POINT('',(-9.605353934298,-13.6608819763,
    24.599725034409));
#5520 = CARTESIAN_POINT('',(-9.638230467941,-13.6187867143,
    24.599729784544));
#5521 = CARTESIAN_POINT('',(-9.655054170301,-13.59804012006,
    24.599732147733));
#5522 = CARTESIAN_POINT('',(-9.672256424499,-13.57760337704,
    24.59973449805));
#5523 = CARTESIAN_POINT('',(-9.689830074183,-13.55748509418,
    24.599736834508));
#5524 = CARTESIAN_POINT('',(-9.707767703595,-13.53769365803,
    24.599739156129));
#5525 = CARTESIAN_POINT('',(-9.964941426171,-13.26416698583,
    24.599771571927));
#5526 = CARTESIAN_POINT('',(-10.26537878816,-13.06645561283,
    24.599799080787));
#5527 = CARTESIAN_POINT('',(-10.60888506815,-12.94572986828,
    24.599821576452));
#5528 = CARTESIAN_POINT('',(-10.97125119516,-12.91019251811,
    24.599837499942));
#5529 = CARTESIAN_POINT('',(-11.32706748633,-12.96262717148,
    24.599845710169));
#5530 = CARTESIAN_POINT('',(-11.97296485725,-13.22095486578,
    24.599846741942));
#5531 = CARTESIAN_POINT('',(-12.26539974675,-13.42684419451,
    24.59983964761));
#5532 = CARTESIAN_POINT('',(-12.50265203024,-13.70029058874,
    24.599824844331));
#5533 = CARTESIAN_POINT('',(-12.66843844935,-14.02212230604,
    24.599803382211));
#5534 = CARTESIAN_POINT('',(-12.75100710138,-14.37010063554,
    24.599776733309));
#5535 = CARTESIAN_POINT('',(-12.75100028686,-14.83305376811,
    24.599737366999));
#5536 = CARTESIAN_POINT('',(-12.74176368664,-14.94911456796,
    24.599727169109));
#5537 = CARTESIAN_POINT('',(-12.72329235906,-15.06424805464,
    24.59971672118));
#5538 = CARTESIAN_POINT('',(-12.69570779138,-15.17754395741,
    24.599706104935));
#5539 = CARTESIAN_POINT('',(-12.65925079848,-15.28811607971,
    24.599695404304));
#5540 = CARTESIAN_POINT('',(-12.59233658343,-15.44731178447,
    24.59967948435));
#5541 = CARTESIAN_POINT('',(-12.56836402266,-15.49866918441,
    24.599674263519));
#5542 = CARTESIAN_POINT('',(-12.54240541096,-15.54907568722,
    24.599669052811));
#5543 = CARTESIAN_POINT('',(-12.51450839772,-15.59843576364,
    24.599663862046));
#5544 = CARTESIAN_POINT('',(-12.48472671125,-15.64665716691,
    24.599658700982));
#5545 = CARTESIAN_POINT('',(-12.43693138103,-15.71772099693,
    24.599650956012));
#5546 = CARTESIAN_POINT('',(-12.4202638279,-15.74146904779,
    24.59964834304));
#5547 = CARTESIAN_POINT('',(-12.40312551538,-15.76488316916,
    24.599645741696));
#5548 = CARTESIAN_POINT('',(-12.38552484035,-15.78795172961,
    24.599643153269));
#5549 = CARTESIAN_POINT('',(-12.3674705806,-15.81066338246,
    24.599640579037));
#5550 = CARTESIAN_POINT('',(-12.33957572402,-15.84435625387,
    24.599636720571));
#5551 = CARTESIAN_POINT('',(-12.33006488998,-15.8556105074,
    24.599635424865));
#5552 = CARTESIAN_POINT('',(-12.32044059201,-15.8667683779,
    24.599634133313));
#5553 = CARTESIAN_POINT('',(-12.31070405328,-15.87782843774,
    24.599632846082));
#5554 = CARTESIAN_POINT('',(-12.30085652087,-15.88878928006,
    24.599631563334));
#5555 = CARTESIAN_POINT('',(-12.28187549572,-15.90949161833,
    24.599629126953));
#5556 = CARTESIAN_POINT('',(-12.27276161127,-15.91925109336,
    24.59962797249));
#5557 = CARTESIAN_POINT('',(-12.26355855823,-15.92892691233,
    24.599626821964));
#5558 = CARTESIAN_POINT('',(-12.2542672979,-15.93851805846,
    24.599625675497));
#5559 = CARTESIAN_POINT('',(-12.24488880701,-15.94802352977,
    24.599624533209));
#5560 = CARTESIAN_POINT('',(-12.11239468319,-16.07987934545,
    24.599608602412));
#5561 = CARTESIAN_POINT('',(-11.97474507675,-16.18769948907,
    24.599594531839));
#5562 = CARTESIAN_POINT('',(-11.82475267439,-16.27866982874,
    24.599581454515));
#5563 = CARTESIAN_POINT('',(-11.66497869447,-16.35109558073,
    24.599569605806));
#5564 = CARTESIAN_POINT('',(-11.49826815764,-16.40382011879,
    24.599559185422));
#5565 = CARTESIAN_POINT('',(-11.15994471895,-16.46812039435,
    24.599541669357));
#5566 = CARTESIAN_POINT('',(-10.98835363516,-16.48035692928,
    24.599534518254));
#5567 = CARTESIAN_POINT('',(-10.81596332186,-16.47238878063,
    24.599529056924));
#5568 = CARTESIAN_POINT('',(-10.64570062716,-16.44423762363,
    24.599525387776));
#5569 = CARTESIAN_POINT('',(-10.48043256088,-16.39649260695,
    24.599523562819));
#5570 = CARTESIAN_POINT('',(-10.1654977811,-16.26413345154,
    24.59952360396));
#5571 = CARTESIAN_POINT('',(-10.01574081991,-16.17948138459,
    24.59952547007));
#5572 = CARTESIAN_POINT('',(-9.876486036912,-16.07755014251,
    24.599529179651));
#5573 = CARTESIAN_POINT('',(-9.750160545136,-15.95997556266,
    24.599534680002));
#5574 = CARTESIAN_POINT('',(-9.638827944739,-15.82883332917,
    24.599541868063));
#5575 = CARTESIAN_POINT('',(-9.449289356134,-15.54406553333,
    24.599559335757));
#5576 = CARTESIAN_POINT('',(-9.37111861705,-15.39029812127,
    24.599569628714));
#5577 = CARTESIAN_POINT('',(-9.311354283459,-15.22789705246,
    24.599581311263));
#5578 = CARTESIAN_POINT('',(-9.271122433551,-15.05958963845,
    24.599594191533));
#5579 = CARTESIAN_POINT('',(-9.250997046008,-14.88827018658,
    24.599608043798));
#5580 = CARTESIAN_POINT('',(-9.251,-14.717,24.599622608473));
#5581 = PCURVE('',#5056,#5582);
#5582 = DEFINITIONAL_REPRESENTATION('',(#5583),#5661);
#5583 = B_SPLINE_CURVE_WITH_KNOTS('',6,(#5584,#5585,#5586,#5587,#5588,
    #5589,#5590,#5591,#5592,#5593,#5594,#5595,#5596,#5597,#5598,#5599,
    #5600,#5601,#5602,#5603,#5604,#5605,#5606,#5607,#5608,#5609,#5610,
    #5611,#5612,#5613,#5614,#5615,#5616,#5617,#5618,#5619,#5620,#5621,
    #5622,#5623,#5624,#5625,#5626,#5627,#5628,#5629,#5630,#5631,#5632,
    #5633,#5634,#5635,#5636,#5637,#5638,#5639,#5640,#5641,#5642,#5643,
    #5644,#5645,#5646,#5647,#5648,#5649,#5650,#5651,#5652,#5653,#5654,
    #5655,#5656,#5657,#5658,#5659,#5660),.UNSPECIFIED.,.F.,.F.,(7,5,5,5,
    5,5,5,5,5,5,5,5,5,5,5,7),(0.,6.283436039658E-02,9.098458630761E-02,
    0.105562355838,0.120140101932,0.310498691927,0.499855834994,
    0.56320449521,0.594118732993,0.609952910978,0.617995679112,
    0.625284443757,0.720030814086,0.81327030976,0.906509804169,1.),
  .UNSPECIFIED.);
#5584 = CARTESIAN_POINT('',(0.,1.599622608473));
#5585 = CARTESIAN_POINT('',(6.577970796769E-02,1.599632397463));
#5586 = CARTESIAN_POINT('',(0.131557842924,1.59964251035));
#5587 = CARTESIAN_POINT('',(0.197335930261,1.599652869746));
#5588 = CARTESIAN_POINT('',(0.263114647599,1.599663396004));
#5589 = CARTESIAN_POINT('',(0.328893824792,1.599674007221));
#5590 = CARTESIAN_POINT('',(0.424141272408,1.599689373492));
#5591 = CARTESIAN_POINT('',(0.453610119871,1.599694128063));
#5592 = CARTESIAN_POINT('',(0.483078986311,1.599698875494));
#5593 = CARTESIAN_POINT('',(0.512547871683,1.599703608365));
#5594 = CARTESIAN_POINT('',(0.542016775892,1.599708319295));
#5595 = CARTESIAN_POINT('',(0.586746354171,1.599715425362));
#5596 = CARTESIAN_POINT('',(0.60200701456,1.599717841932));
#5597 = CARTESIAN_POINT('',(0.617267679942,1.599720249636));
#5598 = CARTESIAN_POINT('',(0.632528350291,1.599722647462));
#5599 = CARTESIAN_POINT('',(0.647789025582,1.599725034409));
#5600 = CARTESIAN_POINT('',(0.678310361449,1.599729784544));
#5601 = CARTESIAN_POINT('',(0.693571022025,1.599732147733));
#5602 = CARTESIAN_POINT('',(0.708831687481,1.59973449805));
#5603 = CARTESIAN_POINT('',(0.724092357783,1.599736834508));
#5604 = CARTESIAN_POINT('',(0.739353032894,1.599739156129));
#5605 = CARTESIAN_POINT('',(0.95390174328,1.599771571927));
#5606 = CARTESIAN_POINT('',(1.153740580471,1.599799080787));
#5607 = CARTESIAN_POINT('',(1.352934945401,1.599821576452));
#5608 = CARTESIAN_POINT('',(1.552129782859,1.599837499942));
#5609 = CARTESIAN_POINT('',(1.751970171845,1.599845710169));
#5610 = CARTESIAN_POINT('',(2.149502182723,1.599846741942));
#5611 = CARTESIAN_POINT('',(2.348280127995,1.59983964761));
#5612 = CARTESIAN_POINT('',(2.54642866824,1.599824844331));
#5613 = CARTESIAN_POINT('',(2.744576763921,1.599803382211));
#5614 = CARTESIAN_POINT('',(2.943353252135,1.599776733309));
#5615 = CARTESIAN_POINT('',(3.207910233834,1.599737366999));
#5616 = CARTESIAN_POINT('',(3.274227724414,1.599727169109));
#5617 = CARTESIAN_POINT('',(3.340545122116,1.59971672118));
#5618 = CARTESIAN_POINT('',(3.406862424955,1.599706104935));
#5619 = CARTESIAN_POINT('',(3.473179632182,1.599695404304));
#5620 = CARTESIAN_POINT('',(3.57185906572,1.59967948435));
#5621 = CARTESIAN_POINT('',(3.604221364268,1.599674263519));
#5622 = CARTESIAN_POINT('',(3.636583639929,1.599669052811));
#5623 = CARTESIAN_POINT('',(3.66894589278,1.599663862046));
#5624 = CARTESIAN_POINT('',(3.701308122971,1.599658700982));
#5625 = CARTESIAN_POINT('',(3.750246139299,1.599650956012));
#5626 = CARTESIAN_POINT('',(3.766821941988,1.59964834304));
#5627 = CARTESIAN_POINT('',(3.783397738817,1.599645741696));
#5628 = CARTESIAN_POINT('',(3.79997352982,1.599643153269));
#5629 = CARTESIAN_POINT('',(3.816549315036,1.599640579037));
#5630 = CARTESIAN_POINT('',(3.841544549096,1.599636720571));
#5631 = CARTESIAN_POINT('',(3.849964002202,1.599635424865));
#5632 = CARTESIAN_POINT('',(3.858383453831,1.599634133313));
#5633 = CARTESIAN_POINT('',(3.866802903991,1.599632846082));
#5634 = CARTESIAN_POINT('',(3.875222352686,1.599631563334));
#5635 = CARTESIAN_POINT('',(3.89127193028,1.599629126953));
#5636 = CARTESIAN_POINT('',(3.898902059439,1.59962797249));
#5637 = CARTESIAN_POINT('',(3.906532187406,1.599626821964));
#5638 = CARTESIAN_POINT('',(3.914162314186,1.599625675497));
#5639 = CARTESIAN_POINT('',(3.921792439785,1.599624533209));
#5640 = CARTESIAN_POINT('',(4.028614676509,1.599608602412));
#5641 = CARTESIAN_POINT('',(4.127806572909,1.599594531839));
#5642 = CARTESIAN_POINT('',(4.226998274884,1.599581454515));
#5643 = CARTESIAN_POINT('',(4.326189808633,1.599569605806));
#5644 = CARTESIAN_POINT('',(4.425381205084,1.599559185422));
#5645 = CARTESIAN_POINT('',(4.622185716998,1.599541669357));
#5646 = CARTESIAN_POINT('',(4.719798803841,1.599534518254));
#5647 = CARTESIAN_POINT('',(4.817411794417,1.599529056924));
#5648 = CARTESIAN_POINT('',(4.915024724378,1.599525387776));
#5649 = CARTESIAN_POINT('',(5.012637631023,1.599523562819));
#5650 = CARTESIAN_POINT('',(5.207863474265,1.59952360396));
#5651 = CARTESIAN_POINT('',(5.305476380134,1.59952547007));
#5652 = CARTESIAN_POINT('',(5.403089309861,1.599529179651));
#5653 = CARTESIAN_POINT('',(5.500702300732,1.599534680002));
#5654 = CARTESIAN_POINT('',(5.598315388366,1.599541868063));
#5655 = CARTESIAN_POINT('',(5.793804370874,1.599559335757));
#5656 = CARTESIAN_POINT('',(5.891680235503,1.599569628714));
#5657 = CARTESIAN_POINT('',(5.989556234386,1.599581311263));
#5658 = CARTESIAN_POINT('',(6.087432396825,1.599594191533));
#5659 = CARTESIAN_POINT('',(6.185308747642,1.599608043798));
#5660 = CARTESIAN_POINT('',(6.28318530718,1.599622608473));
#5661 = ( GEOMETRIC_REPRESENTATION_CONTEXT(2) 
PARAMETRIC_REPRESENTATION_CONTEXT() REPRESENTATION_CONTEXT('2D SPACE',''
  ) );
#5662 = PCURVE('',#5392,#5663);
#5663 = DEFINITIONAL_REPRESENTATION('',(#5664),#5742);
#5664 = B_SPLINE_CURVE_WITH_KNOTS('',6,(#5665,#5666,#5667,#5668,#5669,
    #5670,#5671,#5672,#5673,#5674,#5675,#5676,#5677,#5678,#5679,#5680,
    #5681,#5682,#5683,#5684,#5685,#5686,#5687,#5688,#5689,#5690,#5691,
    #5692,#5693,#5694,#5695,#5696,#5697,#5698,#5699,#5700,#5701,#5702,
    #5703,#5704,#5705,#5706,#5707,#5708,#5709,#5710,#5711,#5712,#5713,
    #5714,#5715,#5716,#5717,#5718,#5719,#5720,#5721,#5722,#5723,#5724,
    #5725,#5726,#5727,#5728,#5729,#5730,#5731,#5732,#5733,#5734,#5735,
    #5736,#5737,#5738,#5739,#5740,#5741),.UNSPECIFIED.,.F.,.F.,(7,5,5,5,
    5,5,5,5,5,5,5,5,5,5,5,7),(0.,6.283436039658E-02,9.098458630761E-02,
    0.105562355838,0.120140101932,0.310498691927,0.499855834994,
    0.56320449521,0.594118732993,0.609952910978,0.617995679112,
    0.625284443757,0.720030814086,0.81327030976,0.906509804169,1.),
  .UNSPECIFIED.);
#5665 = CARTESIAN_POINT('',(-6.283100268613,-0.500062307102));
#5666 = CARTESIAN_POINT('',(-6.217318218809,-0.500052518112));
#5667 = CARTESIAN_POINT('',(-6.151538183554,-0.500042405225));
#5668 = CARTESIAN_POINT('',(-6.085758655847,-0.50003204583));
#5669 = CARTESIAN_POINT('',(-6.0199789704,-0.500021519572));
#5670 = CARTESIAN_POINT('',(-5.954199303629,-0.500010908355));
#5671 = CARTESIAN_POINT('',(-5.858951840308,-0.499995542084));
#5672 = CARTESIAN_POINT('',(-5.829483084051,-0.499990787512));
#5673 = CARTESIAN_POINT('',(-5.800014404893,-0.499986040082));
#5674 = CARTESIAN_POINT('',(-5.770545802636,-0.499981307211));
#5675 = CARTESIAN_POINT('',(-5.741077276883,-0.499976596281));
#5676 = CARTESIAN_POINT('',(-5.696348416631,-0.499969490214));
#5677 = CARTESIAN_POINT('',(-5.681088026585,-0.499967073643));
#5678 = CARTESIAN_POINT('',(-5.665827656813,-0.49996466594));
#5679 = CARTESIAN_POINT('',(-5.650567307218,-0.499962268113));
#5680 = CARTESIAN_POINT('',(-5.63530697769,-0.499959881167));
#5681 = CARTESIAN_POINT('',(-5.604786383052,-0.499955131032));
#5682 = CARTESIAN_POINT('',(-5.589526117942,-0.499952767842));
#5683 = CARTESIAN_POINT('',(-5.574265872648,-0.499950417526));
#5684 = CARTESIAN_POINT('',(-5.559005647033,-0.499948081068));
#5685 = CARTESIAN_POINT('',(-5.543745440943,-0.499945759446));
#5686 = CARTESIAN_POINT('',(-5.329203662936,-0.499913343648));
#5687 = CARTESIAN_POINT('',(-5.129375402387,-0.499885834789));
#5688 = CARTESIAN_POINT('',(-4.930195272427,-0.499863339123));
#5689 = CARTESIAN_POINT('',(-4.731017318726,-0.499847415633));
#5690 = CARTESIAN_POINT('',(-4.531195284701,-0.499839205407));
#5691 = CARTESIAN_POINT('',(-4.133699911977,-0.499838173634));
#5692 = CARTESIAN_POINT('',(-3.93494036419,-0.499845267965));
#5693 = CARTESIAN_POINT('',(-3.736808915066,-0.499860071245));
#5694 = CARTESIAN_POINT('',(-3.538675423319,-0.499881533364));
#5695 = CARTESIAN_POINT('',(-3.339910028272,-0.499908182267));
#5696 = CARTESIAN_POINT('',(-3.07536246764,-0.499947548577));
#5697 = CARTESIAN_POINT('',(-3.009046890214,-0.499957746467));
#5698 = CARTESIAN_POINT('',(-2.942730938118,-0.499968194396));
#5699 = CARTESIAN_POINT('',(-2.876414600702,-0.49997881064));
#5700 = CARTESIAN_POINT('',(-2.810097872368,-0.499989511272));
#5701 = CARTESIAN_POINT('',(-2.711418427384,-0.500005431226));
#5702 = CARTESIAN_POINT('',(-2.679056009224,-0.500010652056));
#5703 = CARTESIAN_POINT('',(-2.646693498096,-0.500015862764));
#5704 = CARTESIAN_POINT('',(-2.61433089429,-0.500021053529));
#5705 = CARTESIAN_POINT('',(-2.581968198391,-0.500026214593));
#5706 = CARTESIAN_POINT('',(-2.533029305942,-0.500033959563));
#5707 = CARTESIAN_POINT('',(-2.516453176683,-0.500036572536));
#5708 = CARTESIAN_POINT('',(-2.499877023613,-0.50003917388));
#5709 = CARTESIAN_POINT('',(-2.483300846867,-0.500041762307));
#5710 = CARTESIAN_POINT('',(-2.466724646602,-0.500044336539));
#5711 = CARTESIAN_POINT('',(-2.441728742816,-0.500048195005));
#5712 = CARTESIAN_POINT('',(-2.433309056614,-0.500049490711));
#5713 = CARTESIAN_POINT('',(-2.424889364413,-0.500050782262));
#5714 = CARTESIAN_POINT('',(-2.416469666237,-0.500052069494));
#5715 = CARTESIAN_POINT('',(-2.408049962112,-0.500053352242));
#5716 = CARTESIAN_POINT('',(-2.391999883538,-0.500055788622));
#5717 = CARTESIAN_POINT('',(-2.384369510147,-0.500056943086));
#5718 = CARTESIAN_POINT('',(-2.376739131913,-0.500058093611));
#5719 = CARTESIAN_POINT('',(-2.369108748855,-0.500059240078));
#5720 = CARTESIAN_POINT('',(-2.361478360996,-0.500060382367));
#5721 = CARTESIAN_POINT('',(-2.254652369698,-0.500076313164));
#5722 = CARTESIAN_POINT('',(-2.155455978964,-0.500090383737));
#5723 = CARTESIAN_POINT('',(-2.056258839866,-0.50010346106));
#5724 = CARTESIAN_POINT('',(-1.957061016149,-0.500115309769));
#5725 = CARTESIAN_POINT('',(-1.857862591598,-0.500125730154));
#5726 = CARTESIAN_POINT('',(-1.661042947639,-0.500143246218));
#5727 = CARTESIAN_POINT('',(-1.563421771362,-0.500150397321));
#5728 = CARTESIAN_POINT('',(-1.465800241252,-0.500155858651));
#5729 = CARTESIAN_POINT('',(-1.368178464361,-0.500159527799));
#5730 = CARTESIAN_POINT('',(-1.270556554741,-0.500161352757));
#5731 = CARTESIAN_POINT('',(-1.07531271347,-0.500161311616));
#5732 = CARTESIAN_POINT('',(-0.977690807383,-0.500159445506));
#5733 = CARTESIAN_POINT('',(-0.880069036234,-0.500155735925));
#5734 = CARTESIAN_POINT('',(-0.782447514014,-0.500150235573));
#5735 = CARTESIAN_POINT('',(-0.684826347651,-0.500143047512));
#5736 = CARTESIAN_POINT('',(-0.489322360253,-0.500125579818));
#5737 = CARTESIAN_POINT('',(-0.391439568288,-0.500115286862));
#5738 = CARTESIAN_POINT('',(-0.293557361,-0.500103604313));
#5739 = CARTESIAN_POINT('',(-0.195675819298,-0.500090724042));
#5740 = CARTESIAN_POINT('',(-9.779500512013E-02,-0.500076871778));
#5741 = CARTESIAN_POINT('',(8.503856650943E-05,-0.500062307102));
#5742 = ( GEOMETRIC_REPRESENTATION_CONTEXT(2) 
PARAMETRIC_REPRESENTATION_CONTEXT() REPRESENTATION_CONTEXT('2D SPACE',''
  ) );
#5743 = ADVANCED_FACE('',(#5744),#5087,.F.);
#5744 = FACE_BOUND('',#5745,.F.);
#5745 = EDGE_LOOP('',(#5746,#5998,#6019,#6020,#6021));
#5746 = ORIENTED_EDGE('',*,*,#5747,.F.);
#5747 = EDGE_CURVE('',#5748,#5750,#5752,.T.);
#5748 = VERTEX_POINT('',#5749);
#5749 = CARTESIAN_POINT('',(12.749,-14.717,24.599622608473));
#5750 = VERTEX_POINT('',#5751);
#5751 = CARTESIAN_POINT('',(9.249000006327,-14.71714881219,
    24.599747222678));
#5752 = SURFACE_CURVE('',#5753,(#5831,#5912),.PCURVE_S1.);
#5753 = B_SPLINE_CURVE_WITH_KNOTS('',6,(#5754,#5755,#5756,#5757,#5758,
    #5759,#5760,#5761,#5762,#5763,#5764,#5765,#5766,#5767,#5768,#5769,
    #5770,#5771,#5772,#5773,#5774,#5775,#5776,#5777,#5778,#5779,#5780,
    #5781,#5782,#5783,#5784,#5785,#5786,#5787,#5788,#5789,#5790,#5791,
    #5792,#5793,#5794,#5795,#5796,#5797,#5798,#5799,#5800,#5801,#5802,
    #5803,#5804,#5805,#5806,#5807,#5808,#5809,#5810,#5811,#5812,#5813,
    #5814,#5815,#5816,#5817,#5818,#5819,#5820,#5821,#5822,#5823,#5824,
    #5825,#5826,#5827,#5828,#5829,#5830),.UNSPECIFIED.,.T.,.F.,(7,5,5,5,
    5,5,5,5,5,5,5,5,5,5,5,7),(0.,6.283436039657E-02,9.09845863076E-02,
    0.105562355838,0.120140101932,0.310498691927,0.499855834994,
    0.56320449521,0.594118732992,0.609952910978,0.617995679111,
    0.625284443757,0.720030814086,0.813270309759,0.906509804169,1.),
  .UNSPECIFIED.);
#5754 = CARTESIAN_POINT('',(12.749,-14.717,24.599622608473));
#5755 = CARTESIAN_POINT('',(12.7490001703,-14.60188757218,
    24.599632397463));
#5756 = CARTESIAN_POINT('',(12.739913111652,-14.4867707187,
    24.59964251035));
#5757 = CARTESIAN_POINT('',(12.721740742925,-14.37255858071,
    24.599652869746));
#5758 = CARTESIAN_POINT('',(12.694600550787,-14.26013849386,
    24.599663396004));
#5759 = CARTESIAN_POINT('',(12.658725589704,-14.1503759883,
    24.599674007221));
#5760 = CARTESIAN_POINT('',(12.594635358512,-13.99650897434,
    24.599689373492));
#5761 = CARTESIAN_POINT('',(12.573122700394,-13.94960422614,
    24.599694128063));
#5762 = CARTESIAN_POINT('',(12.549957618985,-13.90347520572,
    24.599698875494));
#5763 = CARTESIAN_POINT('',(12.525175432572,-13.85819436876,
    24.599703608365));
#5764 = CARTESIAN_POINT('',(12.498815666329,-13.81383196495,
    24.599708319295));
#5765 = CARTESIAN_POINT('',(12.456477171853,-13.74799354393,
    24.599715425362));
#5766 = CARTESIAN_POINT('',(12.441620933103,-13.72579556461,
    24.599717841932));
#5767 = CARTESIAN_POINT('',(12.426359396597,-13.70387152503,
    24.599720249636));
#5768 = CARTESIAN_POINT('',(12.410698901519,-13.68223065243,
    24.599722647462));
#5769 = CARTESIAN_POINT('',(12.394646065702,-13.6608819763,
    24.599725034409));
#5770 = CARTESIAN_POINT('',(12.361769532059,-13.6187867143,
    24.599729784544));
#5771 = CARTESIAN_POINT('',(12.344945829699,-13.59804012006,
    24.599732147733));
#5772 = CARTESIAN_POINT('',(12.327743575501,-13.57760337704,
    24.59973449805));
#5773 = CARTESIAN_POINT('',(12.310169925817,-13.55748509418,
    24.599736834508));
#5774 = CARTESIAN_POINT('',(12.292232296405,-13.53769365803,
    24.599739156129));
#5775 = CARTESIAN_POINT('',(12.035058573829,-13.26416698583,
    24.599771571927));
#5776 = CARTESIAN_POINT('',(11.734621211832,-13.06645561283,
    24.599799080787));
#5777 = CARTESIAN_POINT('',(11.391114931848,-12.94572986828,
    24.599821576452));
#5778 = CARTESIAN_POINT('',(11.028748804833,-12.91019251811,
    24.599837499942));
#5779 = CARTESIAN_POINT('',(10.672932513661,-12.96262717148,
    24.599845710169));
#5780 = CARTESIAN_POINT('',(10.02703514275,-13.22095486578,
    24.599846741942));
#5781 = CARTESIAN_POINT('',(9.734600253244,-13.42684419451,
    24.59983964761));
#5782 = CARTESIAN_POINT('',(9.497347969759,-13.70029058874,
    24.599824844331));
#5783 = CARTESIAN_POINT('',(9.331561550641,-14.02212230604,
    24.599803382211));
#5784 = CARTESIAN_POINT('',(9.248992898615,-14.37010063554,
    24.599776733309));
#5785 = CARTESIAN_POINT('',(9.24899971314,-14.83305376811,
    24.599737366999));
#5786 = CARTESIAN_POINT('',(9.258236313352,-14.94911456796,
    24.599727169109));
#5787 = CARTESIAN_POINT('',(9.276707640938,-15.06424805464,
    24.59971672118));
#5788 = CARTESIAN_POINT('',(9.304292208614,-15.17754395741,
    24.599706104935));
#5789 = CARTESIAN_POINT('',(9.340749201511,-15.28811607971,
    24.599695404304));
#5790 = CARTESIAN_POINT('',(9.407663416561,-15.44731178447,
    24.59967948435));
#5791 = CARTESIAN_POINT('',(9.431635977337,-15.49866918441,
    24.599674263519));
#5792 = CARTESIAN_POINT('',(9.457594589037,-15.54907568722,
    24.599669052811));
#5793 = CARTESIAN_POINT('',(9.485491602275,-15.59843576364,
    24.599663862046));
#5794 = CARTESIAN_POINT('',(9.515273288742,-15.64665716691,
    24.599658700982));
#5795 = CARTESIAN_POINT('',(9.563068618961,-15.71772099693,
    24.599650956012));
#5796 = CARTESIAN_POINT('',(9.579736172093,-15.74146904779,
    24.599648343039));
#5797 = CARTESIAN_POINT('',(9.596874484616,-15.76488316916,
    24.599645741696));
#5798 = CARTESIAN_POINT('',(9.614475159643,-15.78795172961,
    24.599643153269));
#5799 = CARTESIAN_POINT('',(9.632529419398,-15.81066338246,
    24.599640579036));
#5800 = CARTESIAN_POINT('',(9.660424275974,-15.84435625387,
    24.599636720571));
#5801 = CARTESIAN_POINT('',(9.669935110012,-15.8556105074,
    24.599635424865));
#5802 = CARTESIAN_POINT('',(9.67955940799,-15.8667683779,24.599634133313
    ));
#5803 = CARTESIAN_POINT('',(9.689295946716,-15.87782843774,
    24.599632846082));
#5804 = CARTESIAN_POINT('',(9.69914347913,-15.88878928006,
    24.599631563334));
#5805 = CARTESIAN_POINT('',(9.718124504277,-15.90949161833,
    24.599629126953));
#5806 = CARTESIAN_POINT('',(9.72723838873,-15.91925109336,24.59962797249
    ));
#5807 = CARTESIAN_POINT('',(9.73644144177,-15.92892691233,
    24.599626821964));
#5808 = CARTESIAN_POINT('',(9.745732702091,-15.93851805846,
    24.599625675497));
#5809 = CARTESIAN_POINT('',(9.755111192986,-15.94802352977,
    24.599624533209));
#5810 = CARTESIAN_POINT('',(9.887605316806,-16.07987934545,
    24.599608602412));
#5811 = CARTESIAN_POINT('',(10.025254923245,-16.18769948907,
    24.599594531839));
#5812 = CARTESIAN_POINT('',(10.175247325604,-16.27866982874,
    24.599581454515));
#5813 = CARTESIAN_POINT('',(10.335021305524,-16.35109558073,
    24.599569605806));
#5814 = CARTESIAN_POINT('',(10.501731842353,-16.40382011879,
    24.599559185422));
#5815 = CARTESIAN_POINT('',(10.840055281042,-16.46812039435,
    24.599541669357));
#5816 = CARTESIAN_POINT('',(11.011646364831,-16.48035692928,
    24.599534518254));
#5817 = CARTESIAN_POINT('',(11.184036678131,-16.47238878063,
    24.599529056924));
#5818 = CARTESIAN_POINT('',(11.354299372837,-16.44423762363,
    24.599525387776));
#5819 = CARTESIAN_POINT('',(11.519567439116,-16.39649260695,
    24.599523562819));
#5820 = CARTESIAN_POINT('',(11.834502218897,-16.26413345154,
    24.59952360396));
#5821 = CARTESIAN_POINT('',(11.98425918009,-16.17948138459,
    24.59952547007));
#5822 = CARTESIAN_POINT('',(12.123513963088,-16.07755014251,
    24.599529179651));
#5823 = CARTESIAN_POINT('',(12.249839454864,-15.95997556266,
    24.599534680002));
#5824 = CARTESIAN_POINT('',(12.361172055261,-15.82883332917,
    24.599541868063));
#5825 = CARTESIAN_POINT('',(12.550710643866,-15.54406553333,
    24.599559335757));
#5826 = CARTESIAN_POINT('',(12.62888138295,-15.39029812127,
    24.599569628714));
#5827 = CARTESIAN_POINT('',(12.688645716541,-15.22789705246,
    24.599581311263));
#5828 = CARTESIAN_POINT('',(12.728877566449,-15.05958963845,
    24.599594191533));
#5829 = CARTESIAN_POINT('',(12.749002953992,-14.88827018658,
    24.599608043798));
#5830 = CARTESIAN_POINT('',(12.749,-14.717,24.599622608473));
#5831 = PCURVE('',#5087,#5832);
#5832 = DEFINITIONAL_REPRESENTATION('',(#5833),#5911);
#5833 = B_SPLINE_CURVE_WITH_KNOTS('',6,(#5834,#5835,#5836,#5837,#5838,
    #5839,#5840,#5841,#5842,#5843,#5844,#5845,#5846,#5847,#5848,#5849,
    #5850,#5851,#5852,#5853,#5854,#5855,#5856,#5857,#5858,#5859,#5860,
    #5861,#5862,#5863,#5864,#5865,#5866,#5867,#5868,#5869,#5870,#5871,
    #5872,#5873,#5874,#5875,#5876,#5877,#5878,#5879,#5880,#5881,#5882,
    #5883,#5884,#5885,#5886,#5887,#5888,#5889,#5890,#5891,#5892,#5893,
    #5894,#5895,#5896,#5897,#5898,#5899,#5900,#5901,#5902,#5903,#5904,
    #5905,#5906,#5907,#5908,#5909,#5910),.UNSPECIFIED.,.F.,.F.,(7,5,5,5,
    5,5,5,5,5,5,5,5,5,5,5,7),(0.,6.283436039657E-02,9.09845863076E-02,
    0.105562355838,0.120140101932,0.310498691927,0.499855834994,
    0.56320449521,0.594118732992,0.609952910978,0.617995679111,
    0.625284443757,0.720030814086,0.813270309759,0.906509804169,1.),
  .UNSPECIFIED.);
#5834 = CARTESIAN_POINT('',(0.,1.599622608473));
#5835 = CARTESIAN_POINT('',(6.577970796769E-02,1.599632397463));
#5836 = CARTESIAN_POINT('',(0.131557842924,1.59964251035));
#5837 = CARTESIAN_POINT('',(0.197335930261,1.599652869746));
#5838 = CARTESIAN_POINT('',(0.263114647599,1.599663396004));
#5839 = CARTESIAN_POINT('',(0.328893824792,1.599674007221));
#5840 = CARTESIAN_POINT('',(0.424141272408,1.599689373492));
#5841 = CARTESIAN_POINT('',(0.453610119871,1.599694128063));
#5842 = CARTESIAN_POINT('',(0.483078986311,1.599698875494));
#5843 = CARTESIAN_POINT('',(0.512547871683,1.599703608365));
#5844 = CARTESIAN_POINT('',(0.542016775892,1.599708319295));
#5845 = CARTESIAN_POINT('',(0.586746354171,1.599715425362));
#5846 = CARTESIAN_POINT('',(0.60200701456,1.599717841932));
#5847 = CARTESIAN_POINT('',(0.617267679942,1.599720249636));
#5848 = CARTESIAN_POINT('',(0.632528350291,1.599722647462));
#5849 = CARTESIAN_POINT('',(0.647789025582,1.599725034409));
#5850 = CARTESIAN_POINT('',(0.678310361449,1.599729784544));
#5851 = CARTESIAN_POINT('',(0.693571022025,1.599732147733));
#5852 = CARTESIAN_POINT('',(0.708831687481,1.59973449805));
#5853 = CARTESIAN_POINT('',(0.724092357783,1.599736834508));
#5854 = CARTESIAN_POINT('',(0.739353032894,1.599739156129));
#5855 = CARTESIAN_POINT('',(0.95390174328,1.599771571927));
#5856 = CARTESIAN_POINT('',(1.153740580471,1.599799080787));
#5857 = CARTESIAN_POINT('',(1.352934945401,1.599821576452));
#5858 = CARTESIAN_POINT('',(1.552129782859,1.599837499942));
#5859 = CARTESIAN_POINT('',(1.751970171845,1.599845710169));
#5860 = CARTESIAN_POINT('',(2.149502182723,1.599846741942));
#5861 = CARTESIAN_POINT('',(2.348280127995,1.59983964761));
#5862 = CARTESIAN_POINT('',(2.54642866824,1.599824844331));
#5863 = CARTESIAN_POINT('',(2.744576763921,1.599803382211));
#5864 = CARTESIAN_POINT('',(2.943353252135,1.599776733309));
#5865 = CARTESIAN_POINT('',(3.207910233834,1.599737366999));
#5866 = CARTESIAN_POINT('',(3.274227724414,1.599727169109));
#5867 = CARTESIAN_POINT('',(3.340545122116,1.59971672118));
#5868 = CARTESIAN_POINT('',(3.406862424955,1.599706104935));
#5869 = CARTESIAN_POINT('',(3.473179632182,1.599695404304));
#5870 = CARTESIAN_POINT('',(3.57185906572,1.59967948435));
#5871 = CARTESIAN_POINT('',(3.604221364268,1.599674263519));
#5872 = CARTESIAN_POINT('',(3.636583639929,1.599669052811));
#5873 = CARTESIAN_POINT('',(3.66894589278,1.599663862046));
#5874 = CARTESIAN_POINT('',(3.701308122971,1.599658700982));
#5875 = CARTESIAN_POINT('',(3.750246139299,1.599650956012));
#5876 = CARTESIAN_POINT('',(3.766821941988,1.599648343039));
#5877 = CARTESIAN_POINT('',(3.783397738817,1.599645741696));
#5878 = CARTESIAN_POINT('',(3.79997352982,1.599643153269));
#5879 = CARTESIAN_POINT('',(3.816549315036,1.599640579036));
#5880 = CARTESIAN_POINT('',(3.841544549096,1.599636720571));
#5881 = CARTESIAN_POINT('',(3.849964002202,1.599635424865));
#5882 = CARTESIAN_POINT('',(3.858383453831,1.599634133313));
#5883 = CARTESIAN_POINT('',(3.866802903991,1.599632846082));
#5884 = CARTESIAN_POINT('',(3.875222352686,1.599631563334));
#5885 = CARTESIAN_POINT('',(3.89127193028,1.599629126953));
#5886 = CARTESIAN_POINT('',(3.898902059439,1.59962797249));
#5887 = CARTESIAN_POINT('',(3.906532187406,1.599626821964));
#5888 = CARTESIAN_POINT('',(3.914162314186,1.599625675497));
#5889 = CARTESIAN_POINT('',(3.921792439785,1.599624533209));
#5890 = CARTESIAN_POINT('',(4.028614676509,1.599608602412));
#5891 = CARTESIAN_POINT('',(4.127806572909,1.599594531839));
#5892 = CARTESIAN_POINT('',(4.226998274884,1.599581454515));
#5893 = CARTESIAN_POINT('',(4.326189808633,1.599569605806));
#5894 = CARTESIAN_POINT('',(4.425381205084,1.599559185422));
#5895 = CARTESIAN_POINT('',(4.622185716998,1.599541669357));
#5896 = CARTESIAN_POINT('',(4.719798803841,1.599534518254));
#5897 = CARTESIAN_POINT('',(4.817411794417,1.599529056924));
#5898 = CARTESIAN_POINT('',(4.915024724378,1.599525387776));
#5899 = CARTESIAN_POINT('',(5.012637631023,1.599523562819));
#5900 = CARTESIAN_POINT('',(5.207863474265,1.59952360396));
#5901 = CARTESIAN_POINT('',(5.305476380134,1.59952547007));
#5902 = CARTESIAN_POINT('',(5.403089309861,1.599529179651));
#5903 = CARTESIAN_POINT('',(5.500702300732,1.599534680002));
#5904 = CARTESIAN_POINT('',(5.598315388366,1.599541868063));
#5905 = CARTESIAN_POINT('',(5.793804370874,1.599559335757));
#5906 = CARTESIAN_POINT('',(5.891680235503,1.599569628714));
#5907 = CARTESIAN_POINT('',(5.989556234386,1.599581311263));
#5908 = CARTESIAN_POINT('',(6.087432396825,1.599594191533));
#5909 = CARTESIAN_POINT('',(6.185308747642,1.599608043798));
#5910 = CARTESIAN_POINT('',(6.28318530718,1.599622608473));
#5911 = ( GEOMETRIC_REPRESENTATION_CONTEXT(2) 
PARAMETRIC_REPRESENTATION_CONTEXT() REPRESENTATION_CONTEXT('2D SPACE',''
  ) );
#5912 = PCURVE('',#5913,#5918);
#5913 = CONICAL_SURFACE('',#5914,2.25,0.785398163397);
#5914 = AXIS2_PLACEMENT_3D('',#5915,#5916,#5917);
#5915 = CARTESIAN_POINT('',(10.99906231343,-14.71714881219,
    25.099684915575));
#5916 = DIRECTION('',(0.,0.,1.));
#5917 = DIRECTION('',(1.,0.,0.));
#5918 = DEFINITIONAL_REPRESENTATION('',(#5919),#5997);
#5919 = B_SPLINE_CURVE_WITH_KNOTS('',6,(#5920,#5921,#5922,#5923,#5924,
    #5925,#5926,#5927,#5928,#5929,#5930,#5931,#5932,#5933,#5934,#5935,
    #5936,#5937,#5938,#5939,#5940,#5941,#5942,#5943,#5944,#5945,#5946,
    #5947,#5948,#5949,#5950,#5951,#5952,#5953,#5954,#5955,#5956,#5957,
    #5958,#5959,#5960,#5961,#5962,#5963,#5964,#5965,#5966,#5967,#5968,
    #5969,#5970,#5971,#5972,#5973,#5974,#5975,#5976,#5977,#5978,#5979,
    #5980,#5981,#5982,#5983,#5984,#5985,#5986,#5987,#5988,#5989,#5990,
    #5991,#5992,#5993,#5994,#5995,#5996),.UNSPECIFIED.,.F.,.F.,(7,5,5,5,
    5,5,5,5,5,5,5,5,5,5,5,7),(0.,6.283436039657E-02,9.09845863076E-02,
    0.105562355838,0.120140101932,0.310498691927,0.499855834994,
    0.56320449521,0.594118732992,0.609952910978,0.617995679111,
    0.625284443757,0.720030814086,0.813270309759,0.906509804169,1.),
  .UNSPECIFIED.);
#5920 = CARTESIAN_POINT('',(8.503856650833E-05,-0.500062307102));
#5921 = CARTESIAN_POINT('',(6.586708837078E-02,-0.500052518112));
#5922 = CARTESIAN_POINT('',(0.131647123626,-0.500042405225));
#5923 = CARTESIAN_POINT('',(0.197426651332,-0.50003204583));
#5924 = CARTESIAN_POINT('',(0.26320633678,-0.500021519572));
#5925 = CARTESIAN_POINT('',(0.328986003551,-0.500010908355));
#5926 = CARTESIAN_POINT('',(0.424233466871,-0.499995542084));
#5927 = CARTESIAN_POINT('',(0.453702223129,-0.499990787512));
#5928 = CARTESIAN_POINT('',(0.483170902287,-0.499986040082));
#5929 = CARTESIAN_POINT('',(0.512639504543,-0.499981307211));
#5930 = CARTESIAN_POINT('',(0.542108030297,-0.499976596281));
#5931 = CARTESIAN_POINT('',(0.586836890548,-0.499969490214));
#5932 = CARTESIAN_POINT('',(0.602097280595,-0.499967073643));
#5933 = CARTESIAN_POINT('',(0.617357650367,-0.49996466594));
#5934 = CARTESIAN_POINT('',(0.632617999961,-0.499962268113));
#5935 = CARTESIAN_POINT('',(0.647878329489,-0.499959881167));
#5936 = CARTESIAN_POINT('',(0.678398924127,-0.499955131032));
#5937 = CARTESIAN_POINT('',(0.693659189238,-0.499952767843));
#5938 = CARTESIAN_POINT('',(0.708919434531,-0.499950417526));
#5939 = CARTESIAN_POINT('',(0.724179660147,-0.499948081068));
#5940 = CARTESIAN_POINT('',(0.739439866237,-0.499945759447));
#5941 = CARTESIAN_POINT('',(0.953981644244,-0.499913343648));
#5942 = CARTESIAN_POINT('',(1.153809904793,-0.499885834789));
#5943 = CARTESIAN_POINT('',(1.352990034753,-0.499863339123));
#5944 = CARTESIAN_POINT('',(1.552167988454,-0.499847415634));
#5945 = CARTESIAN_POINT('',(1.751990022479,-0.499839205407));
#5946 = CARTESIAN_POINT('',(2.149485395203,-0.499838173634));
#5947 = CARTESIAN_POINT('',(2.34824494299,-0.499845267965));
#5948 = CARTESIAN_POINT('',(2.546376392114,-0.499860071245));
#5949 = CARTESIAN_POINT('',(2.74450988386,-0.499881533364));
#5950 = CARTESIAN_POINT('',(2.943275278907,-0.499908182267));
#5951 = CARTESIAN_POINT('',(3.20782283954,-0.499947548577));
#5952 = CARTESIAN_POINT('',(3.274138416966,-0.499957746467));
#5953 = CARTESIAN_POINT('',(3.340454369062,-0.499968194396));
#5954 = CARTESIAN_POINT('',(3.406770706478,-0.49997881064));
#5955 = CARTESIAN_POINT('',(3.473087434811,-0.499989511272));
#5956 = CARTESIAN_POINT('',(3.571766879795,-0.500005431226));
#5957 = CARTESIAN_POINT('',(3.604129297955,-0.500010652056));
#5958 = CARTESIAN_POINT('',(3.636491809084,-0.500015862764));
#5959 = CARTESIAN_POINT('',(3.66885441289,-0.500021053529));
#5960 = CARTESIAN_POINT('',(3.701217108789,-0.500026214593));
#5961 = CARTESIAN_POINT('',(3.750156001237,-0.500033959563));
#5962 = CARTESIAN_POINT('',(3.766732130496,-0.500036572536));
#5963 = CARTESIAN_POINT('',(3.783308283567,-0.50003917388));
#5964 = CARTESIAN_POINT('',(3.799884460313,-0.500041762307));
#5965 = CARTESIAN_POINT('',(3.816460660577,-0.500044336539));
#5966 = CARTESIAN_POINT('',(3.841456564363,-0.500048195005));
#5967 = CARTESIAN_POINT('',(3.849876250565,-0.500049490711));
#5968 = CARTESIAN_POINT('',(3.858295942766,-0.500050782262));
#5969 = CARTESIAN_POINT('',(3.866715640942,-0.500052069494));
#5970 = CARTESIAN_POINT('',(3.875135345068,-0.500053352242));
#5971 = CARTESIAN_POINT('',(3.891185423642,-0.500055788622));
#5972 = CARTESIAN_POINT('',(3.898815797032,-0.500056943086));
#5973 = CARTESIAN_POINT('',(3.906446175267,-0.500058093611));
#5974 = CARTESIAN_POINT('',(3.914076558324,-0.500059240078));
#5975 = CARTESIAN_POINT('',(3.921706946183,-0.500060382367));
#5976 = CARTESIAN_POINT('',(4.028532937482,-0.500076313164));
#5977 = CARTESIAN_POINT('',(4.127729328215,-0.500090383737));
#5978 = CARTESIAN_POINT('',(4.226926467314,-0.50010346106));
#5979 = CARTESIAN_POINT('',(4.326124291031,-0.50011530977));
#5980 = CARTESIAN_POINT('',(4.425322715582,-0.500125730154));
#5981 = CARTESIAN_POINT('',(4.62214235954,-0.500143246218));
#5982 = CARTESIAN_POINT('',(4.719763535817,-0.500150397321));
#5983 = CARTESIAN_POINT('',(4.817385065927,-0.500155858651));
#5984 = CARTESIAN_POINT('',(4.915006842818,-0.500159527799));
#5985 = CARTESIAN_POINT('',(5.012628752438,-0.500161352757));
#5986 = CARTESIAN_POINT('',(5.207872593709,-0.500161311616));
#5987 = CARTESIAN_POINT('',(5.305494499797,-0.500159445506));
#5988 = CARTESIAN_POINT('',(5.403116270945,-0.500155735925));
#5989 = CARTESIAN_POINT('',(5.500737793165,-0.500150235573));
#5990 = CARTESIAN_POINT('',(5.598358959529,-0.500143047512));
#5991 = CARTESIAN_POINT('',(5.793862946927,-0.500125579818));
#5992 = CARTESIAN_POINT('',(5.891745738891,-0.500115286862));
#5993 = CARTESIAN_POINT('',(5.98962794618,-0.500103604313));
#5994 = CARTESIAN_POINT('',(6.087509487882,-0.500090724042));
#5995 = CARTESIAN_POINT('',(6.185390302059,-0.500076871778));
#5996 = CARTESIAN_POINT('',(6.283270345746,-0.500062307102));
#5997 = ( GEOMETRIC_REPRESENTATION_CONTEXT(2) 
PARAMETRIC_REPRESENTATION_CONTEXT() REPRESENTATION_CONTEXT('2D SPACE',''
  ) );
#5998 = ORIENTED_EDGE('',*,*,#5999,.F.);
#5999 = EDGE_CURVE('',#5071,#5748,#6000,.T.);
#6000 = SEAM_CURVE('',#6001,(#6005,#6012),.PCURVE_S1.);
#6001 = LINE('',#6002,#6003);
#6002 = CARTESIAN_POINT('',(12.749,-14.717,23.));
#6003 = VECTOR('',#6004,1.);
#6004 = DIRECTION('',(0.,0.,1.));
#6005 = PCURVE('',#5087,#6006);
#6006 = DEFINITIONAL_REPRESENTATION('',(#6007),#6011);
#6007 = LINE('',#6008,#6009);
#6008 = CARTESIAN_POINT('',(6.28318530718,-0.));
#6009 = VECTOR('',#6010,1.);
#6010 = DIRECTION('',(0.,1.));
#6011 = ( GEOMETRIC_REPRESENTATION_CONTEXT(2) 
PARAMETRIC_REPRESENTATION_CONTEXT() REPRESENTATION_CONTEXT('2D SPACE',''
  ) );
#6012 = PCURVE('',#5087,#6013);
#6013 = DEFINITIONAL_REPRESENTATION('',(#6014),#6018);
#6014 = LINE('',#6015,#6016);
#6015 = CARTESIAN_POINT('',(0.,-0.));
#6016 = VECTOR('',#6017,1.);
#6017 = DIRECTION('',(0.,1.));
#6018 = ( GEOMETRIC_REPRESENTATION_CONTEXT(2) 
PARAMETRIC_REPRESENTATION_CONTEXT() REPRESENTATION_CONTEXT('2D SPACE',''
  ) );
#6019 = ORIENTED_EDGE('',*,*,#5070,.T.);
#6020 = ORIENTED_EDGE('',*,*,#5999,.T.);
#6021 = ORIENTED_EDGE('',*,*,#6022,.F.);
#6022 = EDGE_CURVE('',#5750,#5748,#6023,.T.);
#6023 = SURFACE_CURVE('',#6024,(#6102,#6183),.PCURVE_S1.);
#6024 = B_SPLINE_CURVE_WITH_KNOTS('',6,(#6025,#6026,#6027,#6028,#6029,
    #6030,#6031,#6032,#6033,#6034,#6035,#6036,#6037,#6038,#6039,#6040,
    #6041,#6042,#6043,#6044,#6045,#6046,#6047,#6048,#6049,#6050,#6051,
    #6052,#6053,#6054,#6055,#6056,#6057,#6058,#6059,#6060,#6061,#6062,
    #6063,#6064,#6065,#6066,#6067,#6068,#6069,#6070,#6071,#6072,#6073,
    #6074,#6075,#6076,#6077,#6078,#6079,#6080,#6081,#6082,#6083,#6084,
    #6085,#6086,#6087,#6088,#6089,#6090,#6091,#6092,#6093,#6094,#6095,
    #6096,#6097,#6098,#6099,#6100,#6101),.UNSPECIFIED.,.T.,.F.,(7,5,5,5,
    5,5,5,5,5,5,5,5,5,5,5,7),(0.,6.283436039657E-02,9.09845863076E-02,
    0.105562355838,0.120140101932,0.310498691927,0.499855834994,
    0.56320449521,0.594118732992,0.609952910978,0.617995679111,
    0.625284443757,0.720030814086,0.813270309759,0.906509804169,1.),
  .UNSPECIFIED.);
#6025 = CARTESIAN_POINT('',(12.749,-14.717,24.599622608473));
#6026 = CARTESIAN_POINT('',(12.7490001703,-14.60188757218,
    24.599632397463));
#6027 = CARTESIAN_POINT('',(12.739913111652,-14.4867707187,
    24.59964251035));
#6028 = CARTESIAN_POINT('',(12.721740742925,-14.37255858071,
    24.599652869746));
#6029 = CARTESIAN_POINT('',(12.694600550787,-14.26013849386,
    24.599663396004));
#6030 = CARTESIAN_POINT('',(12.658725589704,-14.1503759883,
    24.599674007221));
#6031 = CARTESIAN_POINT('',(12.594635358512,-13.99650897434,
    24.599689373492));
#6032 = CARTESIAN_POINT('',(12.573122700394,-13.94960422614,
    24.599694128063));
#6033 = CARTESIAN_POINT('',(12.549957618985,-13.90347520572,
    24.599698875494));
#6034 = CARTESIAN_POINT('',(12.525175432572,-13.85819436876,
    24.599703608365));
#6035 = CARTESIAN_POINT('',(12.498815666329,-13.81383196495,
    24.599708319295));
#6036 = CARTESIAN_POINT('',(12.456477171853,-13.74799354393,
    24.599715425362));
#6037 = CARTESIAN_POINT('',(12.441620933103,-13.72579556461,
    24.599717841932));
#6038 = CARTESIAN_POINT('',(12.426359396597,-13.70387152503,
    24.599720249636));
#6039 = CARTESIAN_POINT('',(12.410698901519,-13.68223065243,
    24.599722647462));
#6040 = CARTESIAN_POINT('',(12.394646065702,-13.6608819763,
    24.599725034409));
#6041 = CARTESIAN_POINT('',(12.361769532059,-13.6187867143,
    24.599729784544));
#6042 = CARTESIAN_POINT('',(12.344945829699,-13.59804012006,
    24.599732147733));
#6043 = CARTESIAN_POINT('',(12.327743575501,-13.57760337704,
    24.59973449805));
#6044 = CARTESIAN_POINT('',(12.310169925817,-13.55748509418,
    24.599736834508));
#6045 = CARTESIAN_POINT('',(12.292232296405,-13.53769365803,
    24.599739156129));
#6046 = CARTESIAN_POINT('',(12.035058573829,-13.26416698583,
    24.599771571927));
#6047 = CARTESIAN_POINT('',(11.734621211832,-13.06645561283,
    24.599799080787));
#6048 = CARTESIAN_POINT('',(11.391114931848,-12.94572986828,
    24.599821576452));
#6049 = CARTESIAN_POINT('',(11.028748804833,-12.91019251811,
    24.599837499942));
#6050 = CARTESIAN_POINT('',(10.672932513661,-12.96262717148,
    24.599845710169));
#6051 = CARTESIAN_POINT('',(10.02703514275,-13.22095486578,
    24.599846741942));
#6052 = CARTESIAN_POINT('',(9.734600253244,-13.42684419451,
    24.59983964761));
#6053 = CARTESIAN_POINT('',(9.497347969759,-13.70029058874,
    24.599824844331));
#6054 = CARTESIAN_POINT('',(9.331561550641,-14.02212230604,
    24.599803382211));
#6055 = CARTESIAN_POINT('',(9.248992898615,-14.37010063554,
    24.599776733309));
#6056 = CARTESIAN_POINT('',(9.24899971314,-14.83305376811,
    24.599737366999));
#6057 = CARTESIAN_POINT('',(9.258236313352,-14.94911456796,
    24.599727169109));
#6058 = CARTESIAN_POINT('',(9.276707640938,-15.06424805464,
    24.59971672118));
#6059 = CARTESIAN_POINT('',(9.304292208614,-15.17754395741,
    24.599706104935));
#6060 = CARTESIAN_POINT('',(9.340749201511,-15.28811607971,
    24.599695404304));
#6061 = CARTESIAN_POINT('',(9.407663416561,-15.44731178447,
    24.59967948435));
#6062 = CARTESIAN_POINT('',(9.431635977337,-15.49866918441,
    24.599674263519));
#6063 = CARTESIAN_POINT('',(9.457594589037,-15.54907568722,
    24.599669052811));
#6064 = CARTESIAN_POINT('',(9.485491602275,-15.59843576364,
    24.599663862046));
#6065 = CARTESIAN_POINT('',(9.515273288742,-15.64665716691,
    24.599658700982));
#6066 = CARTESIAN_POINT('',(9.563068618961,-15.71772099693,
    24.599650956012));
#6067 = CARTESIAN_POINT('',(9.579736172093,-15.74146904779,
    24.599648343039));
#6068 = CARTESIAN_POINT('',(9.596874484616,-15.76488316916,
    24.599645741696));
#6069 = CARTESIAN_POINT('',(9.614475159643,-15.78795172961,
    24.599643153269));
#6070 = CARTESIAN_POINT('',(9.632529419398,-15.81066338246,
    24.599640579036));
#6071 = CARTESIAN_POINT('',(9.660424275974,-15.84435625387,
    24.599636720571));
#6072 = CARTESIAN_POINT('',(9.669935110012,-15.8556105074,
    24.599635424865));
#6073 = CARTESIAN_POINT('',(9.67955940799,-15.8667683779,24.599634133313
    ));
#6074 = CARTESIAN_POINT('',(9.689295946716,-15.87782843774,
    24.599632846082));
#6075 = CARTESIAN_POINT('',(9.69914347913,-15.88878928006,
    24.599631563334));
#6076 = CARTESIAN_POINT('',(9.718124504277,-15.90949161833,
    24.599629126953));
#6077 = CARTESIAN_POINT('',(9.72723838873,-15.91925109336,24.59962797249
    ));
#6078 = CARTESIAN_POINT('',(9.73644144177,-15.92892691233,
    24.599626821964));
#6079 = CARTESIAN_POINT('',(9.745732702091,-15.93851805846,
    24.599625675497));
#6080 = CARTESIAN_POINT('',(9.755111192986,-15.94802352977,
    24.599624533209));
#6081 = CARTESIAN_POINT('',(9.887605316806,-16.07987934545,
    24.599608602412));
#6082 = CARTESIAN_POINT('',(10.025254923245,-16.18769948907,
    24.599594531839));
#6083 = CARTESIAN_POINT('',(10.175247325604,-16.27866982874,
    24.599581454515));
#6084 = CARTESIAN_POINT('',(10.335021305524,-16.35109558073,
    24.599569605806));
#6085 = CARTESIAN_POINT('',(10.501731842353,-16.40382011879,
    24.599559185422));
#6086 = CARTESIAN_POINT('',(10.840055281042,-16.46812039435,
    24.599541669357));
#6087 = CARTESIAN_POINT('',(11.011646364831,-16.48035692928,
    24.599534518254));
#6088 = CARTESIAN_POINT('',(11.184036678131,-16.47238878063,
    24.599529056924));
#6089 = CARTESIAN_POINT('',(11.354299372837,-16.44423762363,
    24.599525387776));
#6090 = CARTESIAN_POINT('',(11.519567439116,-16.39649260695,
    24.599523562819));
#6091 = CARTESIAN_POINT('',(11.834502218897,-16.26413345154,
    24.59952360396));
#6092 = CARTESIAN_POINT('',(11.98425918009,-16.17948138459,
    24.59952547007));
#6093 = CARTESIAN_POINT('',(12.123513963088,-16.07755014251,
    24.599529179651));
#6094 = CARTESIAN_POINT('',(12.249839454864,-15.95997556266,
    24.599534680002));
#6095 = CARTESIAN_POINT('',(12.361172055261,-15.82883332917,
    24.599541868063));
#6096 = CARTESIAN_POINT('',(12.550710643866,-15.54406553333,
    24.599559335757));
#6097 = CARTESIAN_POINT('',(12.62888138295,-15.39029812127,
    24.599569628714));
#6098 = CARTESIAN_POINT('',(12.688645716541,-15.22789705246,
    24.599581311263));
#6099 = CARTESIAN_POINT('',(12.728877566449,-15.05958963845,
    24.599594191533));
#6100 = CARTESIAN_POINT('',(12.749002953992,-14.88827018658,
    24.599608043798));
#6101 = CARTESIAN_POINT('',(12.749,-14.717,24.599622608473));
#6102 = PCURVE('',#5087,#6103);
#6103 = DEFINITIONAL_REPRESENTATION('',(#6104),#6182);
#6104 = B_SPLINE_CURVE_WITH_KNOTS('',6,(#6105,#6106,#6107,#6108,#6109,
    #6110,#6111,#6112,#6113,#6114,#6115,#6116,#6117,#6118,#6119,#6120,
    #6121,#6122,#6123,#6124,#6125,#6126,#6127,#6128,#6129,#6130,#6131,
    #6132,#6133,#6134,#6135,#6136,#6137,#6138,#6139,#6140,#6141,#6142,
    #6143,#6144,#6145,#6146,#6147,#6148,#6149,#6150,#6151,#6152,#6153,
    #6154,#6155,#6156,#6157,#6158,#6159,#6160,#6161,#6162,#6163,#6164,
    #6165,#6166,#6167,#6168,#6169,#6170,#6171,#6172,#6173,#6174,#6175,
    #6176,#6177,#6178,#6179,#6180,#6181),.UNSPECIFIED.,.F.,.F.,(7,5,5,5,
    5,5,5,5,5,5,5,5,5,5,5,7),(0.,6.283436039657E-02,9.09845863076E-02,
    0.105562355838,0.120140101932,0.310498691927,0.499855834994,
    0.56320449521,0.594118732992,0.609952910978,0.617995679111,
    0.625284443757,0.720030814086,0.813270309759,0.906509804169,1.),
  .UNSPECIFIED.);
#6105 = CARTESIAN_POINT('',(0.,1.599622608473));
#6106 = CARTESIAN_POINT('',(6.577970796769E-02,1.599632397463));
#6107 = CARTESIAN_POINT('',(0.131557842924,1.59964251035));
#6108 = CARTESIAN_POINT('',(0.197335930261,1.599652869746));
#6109 = CARTESIAN_POINT('',(0.263114647599,1.599663396004));
#6110 = CARTESIAN_POINT('',(0.328893824792,1.599674007221));
#6111 = CARTESIAN_POINT('',(0.424141272408,1.599689373492));
#6112 = CARTESIAN_POINT('',(0.453610119871,1.599694128063));
#6113 = CARTESIAN_POINT('',(0.483078986311,1.599698875494));
#6114 = CARTESIAN_POINT('',(0.512547871683,1.599703608365));
#6115 = CARTESIAN_POINT('',(0.542016775892,1.599708319295));
#6116 = CARTESIAN_POINT('',(0.586746354171,1.599715425362));
#6117 = CARTESIAN_POINT('',(0.60200701456,1.599717841932));
#6118 = CARTESIAN_POINT('',(0.617267679942,1.599720249636));
#6119 = CARTESIAN_POINT('',(0.632528350291,1.599722647462));
#6120 = CARTESIAN_POINT('',(0.647789025582,1.599725034409));
#6121 = CARTESIAN_POINT('',(0.678310361449,1.599729784544));
#6122 = CARTESIAN_POINT('',(0.693571022025,1.599732147733));
#6123 = CARTESIAN_POINT('',(0.708831687481,1.59973449805));
#6124 = CARTESIAN_POINT('',(0.724092357783,1.599736834508));
#6125 = CARTESIAN_POINT('',(0.739353032894,1.599739156129));
#6126 = CARTESIAN_POINT('',(0.95390174328,1.599771571927));
#6127 = CARTESIAN_POINT('',(1.153740580471,1.599799080787));
#6128 = CARTESIAN_POINT('',(1.352934945401,1.599821576452));
#6129 = CARTESIAN_POINT('',(1.552129782859,1.599837499942));
#6130 = CARTESIAN_POINT('',(1.751970171845,1.599845710169));
#6131 = CARTESIAN_POINT('',(2.149502182723,1.599846741942));
#6132 = CARTESIAN_POINT('',(2.348280127995,1.59983964761));
#6133 = CARTESIAN_POINT('',(2.54642866824,1.599824844331));
#6134 = CARTESIAN_POINT('',(2.744576763921,1.599803382211));
#6135 = CARTESIAN_POINT('',(2.943353252135,1.599776733309));
#6136 = CARTESIAN_POINT('',(3.207910233834,1.599737366999));
#6137 = CARTESIAN_POINT('',(3.274227724414,1.599727169109));
#6138 = CARTESIAN_POINT('',(3.340545122116,1.59971672118));
#6139 = CARTESIAN_POINT('',(3.406862424955,1.599706104935));
#6140 = CARTESIAN_POINT('',(3.473179632182,1.599695404304));
#6141 = CARTESIAN_POINT('',(3.57185906572,1.59967948435));
#6142 = CARTESIAN_POINT('',(3.604221364268,1.599674263519));
#6143 = CARTESIAN_POINT('',(3.636583639929,1.599669052811));
#6144 = CARTESIAN_POINT('',(3.66894589278,1.599663862046));
#6145 = CARTESIAN_POINT('',(3.701308122971,1.599658700982));
#6146 = CARTESIAN_POINT('',(3.750246139299,1.599650956012));
#6147 = CARTESIAN_POINT('',(3.766821941988,1.599648343039));
#6148 = CARTESIAN_POINT('',(3.783397738817,1.599645741696));
#6149 = CARTESIAN_POINT('',(3.79997352982,1.599643153269));
#6150 = CARTESIAN_POINT('',(3.816549315036,1.599640579036));
#6151 = CARTESIAN_POINT('',(3.841544549096,1.599636720571));
#6152 = CARTESIAN_POINT('',(3.849964002202,1.599635424865));
#6153 = CARTESIAN_POINT('',(3.858383453831,1.599634133313));
#6154 = CARTESIAN_POINT('',(3.866802903991,1.599632846082));
#6155 = CARTESIAN_POINT('',(3.875222352686,1.599631563334));
#6156 = CARTESIAN_POINT('',(3.89127193028,1.599629126953));
#6157 = CARTESIAN_POINT('',(3.898902059439,1.59962797249));
#6158 = CARTESIAN_POINT('',(3.906532187406,1.599626821964));
#6159 = CARTESIAN_POINT('',(3.914162314186,1.599625675497));
#6160 = CARTESIAN_POINT('',(3.921792439785,1.599624533209));
#6161 = CARTESIAN_POINT('',(4.028614676509,1.599608602412));
#6162 = CARTESIAN_POINT('',(4.127806572909,1.599594531839));
#6163 = CARTESIAN_POINT('',(4.226998274884,1.599581454515));
#6164 = CARTESIAN_POINT('',(4.326189808633,1.599569605806));
#6165 = CARTESIAN_POINT('',(4.425381205084,1.599559185422));
#6166 = CARTESIAN_POINT('',(4.622185716998,1.599541669357));
#6167 = CARTESIAN_POINT('',(4.719798803841,1.599534518254));
#6168 = CARTESIAN_POINT('',(4.817411794417,1.599529056924));
#6169 = CARTESIAN_POINT('',(4.915024724378,1.599525387776));
#6170 = CARTESIAN_POINT('',(5.012637631023,1.599523562819));
#6171 = CARTESIAN_POINT('',(5.207863474265,1.59952360396));
#6172 = CARTESIAN_POINT('',(5.305476380134,1.59952547007));
#6173 = CARTESIAN_POINT('',(5.403089309861,1.599529179651));
#6174 = CARTESIAN_POINT('',(5.500702300732,1.599534680002));
#6175 = CARTESIAN_POINT('',(5.598315388366,1.599541868063));
#6176 = CARTESIAN_POINT('',(5.793804370874,1.599559335757));
#6177 = CARTESIAN_POINT('',(5.891680235503,1.599569628714));
#6178 = CARTESIAN_POINT('',(5.989556234386,1.599581311263));
#6179 = CARTESIAN_POINT('',(6.087432396825,1.599594191533));
#6180 = CARTESIAN_POINT('',(6.185308747642,1.599608043798));
#6181 = CARTESIAN_POINT('',(6.28318530718,1.599622608473));
#6182 = ( GEOMETRIC_REPRESENTATION_CONTEXT(2) 
PARAMETRIC_REPRESENTATION_CONTEXT() REPRESENTATION_CONTEXT('2D SPACE',''
  ) );
#6183 = PCURVE('',#5913,#6184);
#6184 = DEFINITIONAL_REPRESENTATION('',(#6185),#6263);
#6185 = B_SPLINE_CURVE_WITH_KNOTS('',6,(#6186,#6187,#6188,#6189,#6190,
    #6191,#6192,#6193,#6194,#6195,#6196,#6197,#6198,#6199,#6200,#6201,
    #6202,#6203,#6204,#6205,#6206,#6207,#6208,#6209,#6210,#6211,#6212,
    #6213,#6214,#6215,#6216,#6217,#6218,#6219,#6220,#6221,#6222,#6223,
    #6224,#6225,#6226,#6227,#6228,#6229,#6230,#6231,#6232,#6233,#6234,
    #6235,#6236,#6237,#6238,#6239,#6240,#6241,#6242,#6243,#6244,#6245,
    #6246,#6247,#6248,#6249,#6250,#6251,#6252,#6253,#6254,#6255,#6256,
    #6257,#6258,#6259,#6260,#6261,#6262),.UNSPECIFIED.,.F.,.F.,(7,5,5,5,
    5,5,5,5,5,5,5,5,5,5,5,7),(0.,6.283436039657E-02,9.09845863076E-02,
    0.105562355838,0.120140101932,0.310498691927,0.499855834994,
    0.56320449521,0.594118732992,0.609952910978,0.617995679111,
    0.625284443757,0.720030814086,0.813270309759,0.906509804169,1.),
  .UNSPECIFIED.);
#6186 = CARTESIAN_POINT('',(-6.283100268613,-0.500062307102));
#6187 = CARTESIAN_POINT('',(-6.217318218809,-0.500052518112));
#6188 = CARTESIAN_POINT('',(-6.151538183554,-0.500042405225));
#6189 = CARTESIAN_POINT('',(-6.085758655847,-0.50003204583));
#6190 = CARTESIAN_POINT('',(-6.0199789704,-0.500021519572));
#6191 = CARTESIAN_POINT('',(-5.954199303629,-0.500010908355));
#6192 = CARTESIAN_POINT('',(-5.858951840308,-0.499995542084));
#6193 = CARTESIAN_POINT('',(-5.829483084051,-0.499990787512));
#6194 = CARTESIAN_POINT('',(-5.800014404893,-0.499986040082));
#6195 = CARTESIAN_POINT('',(-5.770545802636,-0.499981307211));
#6196 = CARTESIAN_POINT('',(-5.741077276883,-0.499976596281));
#6197 = CARTESIAN_POINT('',(-5.696348416631,-0.499969490214));
#6198 = CARTESIAN_POINT('',(-5.681088026585,-0.499967073643));
#6199 = CARTESIAN_POINT('',(-5.665827656813,-0.49996466594));
#6200 = CARTESIAN_POINT('',(-5.650567307218,-0.499962268113));
#6201 = CARTESIAN_POINT('',(-5.63530697769,-0.499959881167));
#6202 = CARTESIAN_POINT('',(-5.604786383052,-0.499955131032));
#6203 = CARTESIAN_POINT('',(-5.589526117942,-0.499952767843));
#6204 = CARTESIAN_POINT('',(-5.574265872648,-0.499950417526));
#6205 = CARTESIAN_POINT('',(-5.559005647033,-0.499948081068));
#6206 = CARTESIAN_POINT('',(-5.543745440943,-0.499945759447));
#6207 = CARTESIAN_POINT('',(-5.329203662936,-0.499913343648));
#6208 = CARTESIAN_POINT('',(-5.129375402387,-0.499885834789));
#6209 = CARTESIAN_POINT('',(-4.930195272427,-0.499863339123));
#6210 = CARTESIAN_POINT('',(-4.731017318726,-0.499847415634));
#6211 = CARTESIAN_POINT('',(-4.531195284701,-0.499839205407));
#6212 = CARTESIAN_POINT('',(-4.133699911977,-0.499838173634));
#6213 = CARTESIAN_POINT('',(-3.93494036419,-0.499845267965));
#6214 = CARTESIAN_POINT('',(-3.736808915066,-0.499860071245));
#6215 = CARTESIAN_POINT('',(-3.538675423319,-0.499881533364));
#6216 = CARTESIAN_POINT('',(-3.339910028272,-0.499908182267));
#6217 = CARTESIAN_POINT('',(-3.07536246764,-0.499947548577));
#6218 = CARTESIAN_POINT('',(-3.009046890214,-0.499957746467));
#6219 = CARTESIAN_POINT('',(-2.942730938118,-0.499968194396));
#6220 = CARTESIAN_POINT('',(-2.876414600702,-0.49997881064));
#6221 = CARTESIAN_POINT('',(-2.810097872368,-0.499989511272));
#6222 = CARTESIAN_POINT('',(-2.711418427384,-0.500005431226));
#6223 = CARTESIAN_POINT('',(-2.679056009224,-0.500010652056));
#6224 = CARTESIAN_POINT('',(-2.646693498096,-0.500015862764));
#6225 = CARTESIAN_POINT('',(-2.61433089429,-0.500021053529));
#6226 = CARTESIAN_POINT('',(-2.581968198391,-0.500026214593));
#6227 = CARTESIAN_POINT('',(-2.533029305942,-0.500033959563));
#6228 = CARTESIAN_POINT('',(-2.516453176683,-0.500036572536));
#6229 = CARTESIAN_POINT('',(-2.499877023613,-0.50003917388));
#6230 = CARTESIAN_POINT('',(-2.483300846867,-0.500041762307));
#6231 = CARTESIAN_POINT('',(-2.466724646602,-0.500044336539));
#6232 = CARTESIAN_POINT('',(-2.441728742816,-0.500048195005));
#6233 = CARTESIAN_POINT('',(-2.433309056614,-0.500049490711));
#6234 = CARTESIAN_POINT('',(-2.424889364413,-0.500050782262));
#6235 = CARTESIAN_POINT('',(-2.416469666237,-0.500052069494));
#6236 = CARTESIAN_POINT('',(-2.408049962112,-0.500053352242));
#6237 = CARTESIAN_POINT('',(-2.391999883538,-0.500055788622));
#6238 = CARTESIAN_POINT('',(-2.384369510147,-0.500056943086));
#6239 = CARTESIAN_POINT('',(-2.376739131913,-0.500058093611));
#6240 = CARTESIAN_POINT('',(-2.369108748855,-0.500059240078));
#6241 = CARTESIAN_POINT('',(-2.361478360996,-0.500060382367));
#6242 = CARTESIAN_POINT('',(-2.254652369698,-0.500076313164));
#6243 = CARTESIAN_POINT('',(-2.155455978964,-0.500090383737));
#6244 = CARTESIAN_POINT('',(-2.056258839866,-0.50010346106));
#6245 = CARTESIAN_POINT('',(-1.957061016149,-0.50011530977));
#6246 = CARTESIAN_POINT('',(-1.857862591598,-0.500125730154));
#6247 = CARTESIAN_POINT('',(-1.661042947639,-0.500143246218));
#6248 = CARTESIAN_POINT('',(-1.563421771362,-0.500150397321));
#6249 = CARTESIAN_POINT('',(-1.465800241252,-0.500155858651));
#6250 = CARTESIAN_POINT('',(-1.368178464361,-0.500159527799));
#6251 = CARTESIAN_POINT('',(-1.270556554741,-0.500161352757));
#6252 = CARTESIAN_POINT('',(-1.07531271347,-0.500161311616));
#6253 = CARTESIAN_POINT('',(-0.977690807383,-0.500159445506));
#6254 = CARTESIAN_POINT('',(-0.880069036234,-0.500155735925));
#6255 = CARTESIAN_POINT('',(-0.782447514014,-0.500150235573));
#6256 = CARTESIAN_POINT('',(-0.684826347651,-0.500143047512));
#6257 = CARTESIAN_POINT('',(-0.489322360253,-0.500125579818));
#6258 = CARTESIAN_POINT('',(-0.391439568288,-0.500115286862));
#6259 = CARTESIAN_POINT('',(-0.293557361,-0.500103604313));
#6260 = CARTESIAN_POINT('',(-0.195675819298,-0.500090724042));
#6261 = CARTESIAN_POINT('',(-9.779500512013E-02,-0.500076871778));
#6262 = CARTESIAN_POINT('',(8.503856650943E-05,-0.500062307102));
#6263 = ( GEOMETRIC_REPRESENTATION_CONTEXT(2) 
PARAMETRIC_REPRESENTATION_CONTEXT() REPRESENTATION_CONTEXT('2D SPACE',''
  ) );
#6264 = ADVANCED_FACE('',(#6265,#6291),#5141,.F.);
#6265 = FACE_BOUND('',#6266,.F.);
#6266 = EDGE_LOOP('',(#6267));
#6267 = ORIENTED_EDGE('',*,*,#6268,.T.);
#6268 = EDGE_CURVE('',#6269,#6269,#6271,.T.);
#6269 = VERTEX_POINT('',#6270);
#6270 = CARTESIAN_POINT('',(-13.75125277099,-14.71714881219,25.6));
#6271 = SURFACE_CURVE('',#6272,(#6277,#6284),.PCURVE_S1.);
#6272 = CIRCLE('',#6273,2.750315084425);
#6273 = AXIS2_PLACEMENT_3D('',#6274,#6275,#6276);
#6274 = CARTESIAN_POINT('',(-11.00093768657,-14.71714881219,25.6));
#6275 = DIRECTION('',(0.,0.,1.));
#6276 = DIRECTION('',(1.,0.,-0.));
#6277 = PCURVE('',#5141,#6278);
#6278 = DEFINITIONAL_REPRESENTATION('',(#6279),#6283);
#6279 = CIRCLE('',#6280,2.750315084425);
#6280 = AXIS2_PLACEMENT_2D('',#6281,#6282);
#6281 = CARTESIAN_POINT('',(20.04906231343,6.782851187807));
#6282 = DIRECTION('',(1.,0.));
#6283 = ( GEOMETRIC_REPRESENTATION_CONTEXT(2) 
PARAMETRIC_REPRESENTATION_CONTEXT() REPRESENTATION_CONTEXT('2D SPACE',''
  ) );
#6284 = PCURVE('',#5392,#6285);
#6285 = DEFINITIONAL_REPRESENTATION('',(#6286),#6290);
#6286 = LINE('',#6287,#6288);
#6287 = CARTESIAN_POINT('',(-6.28318530718,0.500315084425));
#6288 = VECTOR('',#6289,1.);
#6289 = DIRECTION('',(1.,0.));
#6290 = ( GEOMETRIC_REPRESENTATION_CONTEXT(2) 
PARAMETRIC_REPRESENTATION_CONTEXT() REPRESENTATION_CONTEXT('2D SPACE',''
  ) );
#6291 = FACE_BOUND('',#6292,.F.);
#6292 = EDGE_LOOP('',(#6293));
#6293 = ORIENTED_EDGE('',*,*,#5126,.F.);
#6294 = ADVANCED_FACE('',(#6295,#6321),#5196,.F.);
#6295 = FACE_BOUND('',#6296,.F.);
#6296 = EDGE_LOOP('',(#6297));
#6297 = ORIENTED_EDGE('',*,*,#6298,.T.);
#6298 = EDGE_CURVE('',#6299,#6299,#6301,.T.);
#6299 = VERTEX_POINT('',#6300);
#6300 = CARTESIAN_POINT('',(8.248747229005,-14.71714881219,25.6));
#6301 = SURFACE_CURVE('',#6302,(#6307,#6314),.PCURVE_S1.);
#6302 = CIRCLE('',#6303,2.750315084425);
#6303 = AXIS2_PLACEMENT_3D('',#6304,#6305,#6306);
#6304 = CARTESIAN_POINT('',(10.99906231343,-14.71714881219,25.6));
#6305 = DIRECTION('',(0.,0.,1.));
#6306 = DIRECTION('',(1.,0.,-0.));
#6307 = PCURVE('',#5196,#6308);
#6308 = DEFINITIONAL_REPRESENTATION('',(#6309),#6313);
#6309 = CIRCLE('',#6310,2.750315084425);
#6310 = AXIS2_PLACEMENT_2D('',#6311,#6312);
#6311 = CARTESIAN_POINT('',(42.04906231343,6.782851187807));
#6312 = DIRECTION('',(1.,0.));
#6313 = ( GEOMETRIC_REPRESENTATION_CONTEXT(2) 
PARAMETRIC_REPRESENTATION_CONTEXT() REPRESENTATION_CONTEXT('2D SPACE',''
  ) );
#6314 = PCURVE('',#5913,#6315);
#6315 = DEFINITIONAL_REPRESENTATION('',(#6316),#6320);
#6316 = LINE('',#6317,#6318);
#6317 = CARTESIAN_POINT('',(-6.28318530718,0.500315084425));
#6318 = VECTOR('',#6319,1.);
#6319 = DIRECTION('',(1.,0.));
#6320 = ( GEOMETRIC_REPRESENTATION_CONTEXT(2) 
PARAMETRIC_REPRESENTATION_CONTEXT() REPRESENTATION_CONTEXT('2D SPACE',''
  ) );
#6321 = FACE_BOUND('',#6322,.F.);
#6322 = EDGE_LOOP('',(#6323));
#6323 = ORIENTED_EDGE('',*,*,#5181,.F.);
#6324 = ADVANCED_FACE('',(#6325),#5392,.F.);
#6325 = FACE_BOUND('',#6326,.F.);
#6326 = EDGE_LOOP('',(#6327,#6348,#6349,#6350,#6351));
#6327 = ORIENTED_EDGE('',*,*,#6328,.F.);
#6328 = EDGE_CURVE('',#6269,#5229,#6329,.T.);
#6329 = SEAM_CURVE('',#6330,(#6334,#6341),.PCURVE_S1.);
#6330 = LINE('',#6331,#6332);
#6331 = CARTESIAN_POINT('',(-13.25093768657,-14.71714881219,
    25.099684915575));
#6332 = VECTOR('',#6333,1.);
#6333 = DIRECTION('',(0.707106781187,-8.659560562355E-17,-0.707106781187
    ));
#6334 = PCURVE('',#5392,#6335);
#6335 = DEFINITIONAL_REPRESENTATION('',(#6336),#6340);
#6336 = LINE('',#6337,#6338);
#6337 = CARTESIAN_POINT('',(3.14159265359,-9.420554752103E-16));
#6338 = VECTOR('',#6339,1.);
#6339 = DIRECTION('',(0.,-1.));
#6340 = ( GEOMETRIC_REPRESENTATION_CONTEXT(2) 
PARAMETRIC_REPRESENTATION_CONTEXT() REPRESENTATION_CONTEXT('2D SPACE',''
  ) );
#6341 = PCURVE('',#5392,#6342);
#6342 = DEFINITIONAL_REPRESENTATION('',(#6343),#6347);
#6343 = LINE('',#6344,#6345);
#6344 = CARTESIAN_POINT('',(-3.14159265359,-9.420554752103E-16));
#6345 = VECTOR('',#6346,1.);
#6346 = DIRECTION('',(0.,-1.));
#6347 = ( GEOMETRIC_REPRESENTATION_CONTEXT(2) 
PARAMETRIC_REPRESENTATION_CONTEXT() REPRESENTATION_CONTEXT('2D SPACE',''
  ) );
#6348 = ORIENTED_EDGE('',*,*,#6268,.F.);
#6349 = ORIENTED_EDGE('',*,*,#6328,.T.);
#6350 = ORIENTED_EDGE('',*,*,#5501,.T.);
#6351 = ORIENTED_EDGE('',*,*,#5226,.T.);
#6352 = ADVANCED_FACE('',(#6353),#5913,.F.);
#6353 = FACE_BOUND('',#6354,.F.);
#6354 = EDGE_LOOP('',(#6355,#6376,#6377,#6378,#6379));
#6355 = ORIENTED_EDGE('',*,*,#6356,.F.);
#6356 = EDGE_CURVE('',#6299,#5750,#6357,.T.);
#6357 = SEAM_CURVE('',#6358,(#6362,#6369),.PCURVE_S1.);
#6358 = LINE('',#6359,#6360);
#6359 = CARTESIAN_POINT('',(8.74906231343,-14.71714881219,
    25.099684915575));
#6360 = VECTOR('',#6361,1.);
#6361 = DIRECTION('',(0.707106781187,-8.659560562355E-17,-0.707106781187
    ));
#6362 = PCURVE('',#5913,#6363);
#6363 = DEFINITIONAL_REPRESENTATION('',(#6364),#6368);
#6364 = LINE('',#6365,#6366);
#6365 = CARTESIAN_POINT('',(3.14159265359,-2.13532574381E-14));
#6366 = VECTOR('',#6367,1.);
#6367 = DIRECTION('',(0.,-1.));
#6368 = ( GEOMETRIC_REPRESENTATION_CONTEXT(2) 
PARAMETRIC_REPRESENTATION_CONTEXT() REPRESENTATION_CONTEXT('2D SPACE',''
  ) );
#6369 = PCURVE('',#5913,#6370);
#6370 = DEFINITIONAL_REPRESENTATION('',(#6371),#6375);
#6371 = LINE('',#6372,#6373);
#6372 = CARTESIAN_POINT('',(-3.14159265359,-2.13532574381E-14));
#6373 = VECTOR('',#6374,1.);
#6374 = DIRECTION('',(0.,-1.));
#6375 = ( GEOMETRIC_REPRESENTATION_CONTEXT(2) 
PARAMETRIC_REPRESENTATION_CONTEXT() REPRESENTATION_CONTEXT('2D SPACE',''
  ) );
#6376 = ORIENTED_EDGE('',*,*,#6298,.F.);
#6377 = ORIENTED_EDGE('',*,*,#6356,.T.);
#6378 = ORIENTED_EDGE('',*,*,#6022,.T.);
#6379 = ORIENTED_EDGE('',*,*,#5747,.T.);
#6380 = ( GEOMETRIC_REPRESENTATION_CONTEXT(3) 
GLOBAL_UNCERTAINTY_ASSIGNED_CONTEXT((#6384)) 
GLOBAL_UNIT_ASSIGNED_CONTEXT((#6381,#6382,#6383)) REPRESENTATION_CONTEXT
('Context #1','3D Context with UNIT and UNCERTAINTY') );
#6381 = ( LENGTH_UNIT() NAMED_UNIT(*) SI_UNIT(.MILLI.,.METRE.) );
#6382 = ( NAMED_UNIT(*) PLANE_ANGLE_UNIT() SI_UNIT($,.RADIAN.) );
#6383 = ( NAMED_UNIT(*) SI_UNIT($,.STERADIAN.) SOLID_ANGLE_UNIT() );
#6384 = UNCERTAINTY_MEASURE_WITH_UNIT(LENGTH_MEASURE(2.E-07),#6381,
  'distance_accuracy_value','confusion accuracy');
#6385 = PRODUCT_RELATED_PRODUCT_CATEGORY('part',$,(#7));
ENDSEC;
END-ISO-10303-21;
