ISO-10303-21;
HEADER;
FILE_DESCRIPTION(('Open CASCADE Model'),'2;1');
FILE_NAME('Open CASCADE Shape Model','2026-09-30T10:04:18',('Author'),(
    'Open CASCADE'),'Open CASCADE STEP processor 7.9','Open CASCADE 7.9'
  ,'Unknown');
FILE_SCHEMA(('AUTOMOTIVE_DESIGN { 1 0 10303 214 1 1 1 1 }'));
ENDSEC;
DATA;
#1 = APPLICATION_PROTOCOL_DEFINITION('international standard',
  'automotive_design',2000,#2);
#2 = APPLICATION_CONTEXT(
  'core data for automotive mechanical design processes');
#3 = SHAPE_DEFINITION_REPRESENTATION(#4,#10);
#4 = PRODUCT_DEFINITION_SHAPE('','',#5);
#5 = PRODUCT_DEFINITION('design','',#6,#9);
#6 = PRODUCT_DEFINITION_FORMATION('','',#7);
#7 = PRODUCT('Open CASCADE STEP translator 7.9 1',
  'Open CASCADE STEP translator 7.9 1','',(#8));
#8 = PRODUCT_CONTEXT('',#2,'mechanical');
#9 = PRODUCT_DEFINITION_CONTEXT('part definition',#2,'design');
#10 = ADVANCED_BREP_SHAPE_REPRESENTATION('',(#11,#15),#9196);
#11 = AXIS2_PLACEMENT_3D('',#12,#13,#14);
#12 = CARTESIAN_POINT('',(0.,0.,0.));
#13 = DIRECTION('',(0.,0.,1.));
#14 = DIRECTION('',(1.,0.,-0.));
#15 = MANIFOLD_SOLID_BREP('',#16);
#16 = CLOSED_SHELL('',(#17,#137,#213,#1226,#1275,#2549,#2556,#2611,#2666
    ,#2721,#2796,#2823,#2873,#2901,#2976,#3003,#3052,#3059,#3106,#3133,
    #3188,#3195,#3242,#3269,#3324,#3331,#3378,#3405,#3460,#3467,#3514,
    #3541,#3597,#3625,#3700,#3727,#3777,#3805,#3860,#3910,#4378,#4539,
    #4588,#4739,#4788,#4842,#4891,#5047,#5096,#5220,#5384,#5434,#5489,
    #5544,#5551,#5558,#5586,#5591,#5596,#5601,#5629,#5636,#5643,#5738,
    #5764,#5791,#5897,#6077,#6200,#6249,#6275,#6304,#6310,#6316,#6422,
    #6493,#6520,#6527,#6649,#6720,#6747,#6774,#6825,#6899,#6934,#6969,
    #7018,#7182,#7368,#7396,#7475,#7554,#7581,#7608,#7693,#7700,#8184,
    #8668,#8696,#8724,#8800,#8849,#8898,#8925,#9001,#9050,#9099,#9126,
    #9154,#9182,#9189));
#17 = ADVANCED_FACE('',(#18),#32,.F.);
#18 = FACE_BOUND('',#19,.F.);
#19 = EDGE_LOOP('',(#20,#55,#83,#111));
#20 = ORIENTED_EDGE('',*,*,#21,.F.);
#21 = EDGE_CURVE('',#22,#24,#26,.T.);
#22 = VERTEX_POINT('',#23);
#23 = CARTESIAN_POINT('',(-47.5,-21.5,25.6));
#24 = VERTEX_POINT('',#25);
#25 = CARTESIAN_POINT('',(-47.5,-21.5,30.));
#26 = SURFACE_CURVE('',#27,(#31,#43),.PCURVE_S1.);
#27 = LINE('',#28,#29);
#28 = CARTESIAN_POINT('',(-47.5,-21.5,25.6));
#29 = VECTOR('',#30,1.);
#30 = DIRECTION('',(0.,0.,1.));
#31 = PCURVE('',#32,#37);
#32 = PLANE('',#33);
#33 = AXIS2_PLACEMENT_3D('',#34,#35,#36);
#34 = CARTESIAN_POINT('',(-47.5,-21.5,25.6));
#35 = DIRECTION('',(1.,0.,-0.));
#36 = DIRECTION('',(0.,0.,1.));
#37 = DEFINITIONAL_REPRESENTATION('',(#38),#42);
#38 = LINE('',#39,#40);
#39 = CARTESIAN_POINT('',(0.,0.));
#40 = VECTOR('',#41,1.);
#41 = DIRECTION('',(1.,0.));
#42 = ( GEOMETRIC_REPRESENTATION_CONTEXT(2) 
PARAMETRIC_REPRESENTATION_CONTEXT() REPRESENTATION_CONTEXT('2D SPACE',''
  ) );
#43 = PCURVE('',#44,#49);
#44 = PLANE('',#45);
#45 = AXIS2_PLACEMENT_3D('',#46,#47,#48);
#46 = CARTESIAN_POINT('',(-47.5,-21.5,25.6));
#47 = DIRECTION('',(-0.,1.,0.));
#48 = DIRECTION('',(0.,0.,1.));
#49 = DEFINITIONAL_REPRESENTATION('',(#50),#54);
#50 = LINE('',#51,#52);
#51 = CARTESIAN_POINT('',(0.,0.));
#52 = VECTOR('',#53,1.);
#53 = DIRECTION('',(1.,0.));
#54 = ( GEOMETRIC_REPRESENTATION_CONTEXT(2) 
PARAMETRIC_REPRESENTATION_CONTEXT() REPRESENTATION_CONTEXT('2D SPACE',''
  ) );
#55 = ORIENTED_EDGE('',*,*,#56,.T.);
#56 = EDGE_CURVE('',#22,#57,#59,.T.);
#57 = VERTEX_POINT('',#58);
#58 = CARTESIAN_POINT('',(-47.5,18.5,25.6));
#59 = SURFACE_CURVE('',#60,(#64,#71),.PCURVE_S1.);
#60 = LINE('',#61,#62);
#61 = CARTESIAN_POINT('',(-47.5,-21.5,25.6));
#62 = VECTOR('',#63,1.);
#63 = DIRECTION('',(-0.,1.,0.));
#64 = PCURVE('',#32,#65);
#65 = DEFINITIONAL_REPRESENTATION('',(#66),#70);
#66 = LINE('',#67,#68);
#67 = CARTESIAN_POINT('',(0.,0.));
#68 = VECTOR('',#69,1.);
#69 = DIRECTION('',(0.,-1.));
#70 = ( GEOMETRIC_REPRESENTATION_CONTEXT(2) 
PARAMETRIC_REPRESENTATION_CONTEXT() REPRESENTATION_CONTEXT('2D SPACE',''
  ) );
#71 = PCURVE('',#72,#77);
#72 = PLANE('',#73);
#73 = AXIS2_PLACEMENT_3D('',#74,#75,#76);
#74 = CARTESIAN_POINT('',(-47.5,-21.5,25.6));
#75 = DIRECTION('',(0.,0.,1.));
#76 = DIRECTION('',(1.,0.,-0.));
#77 = DEFINITIONAL_REPRESENTATION('',(#78),#82);
#78 = LINE('',#79,#80);
#79 = CARTESIAN_POINT('',(0.,0.));
#80 = VECTOR('',#81,1.);
#81 = DIRECTION('',(0.,1.));
#82 = ( GEOMETRIC_REPRESENTATION_CONTEXT(2) 
PARAMETRIC_REPRESENTATION_CONTEXT() REPRESENTATION_CONTEXT('2D SPACE',''
  ) );
#83 = ORIENTED_EDGE('',*,*,#84,.T.);
#84 = EDGE_CURVE('',#57,#85,#87,.T.);
#85 = VERTEX_POINT('',#86);
#86 = CARTESIAN_POINT('',(-47.5,18.5,30.));
#87 = SURFACE_CURVE('',#88,(#92,#99),.PCURVE_S1.);
#88 = LINE('',#89,#90);
#89 = CARTESIAN_POINT('',(-47.5,18.5,25.6));
#90 = VECTOR('',#91,1.);
#91 = DIRECTION('',(0.,0.,1.));
#92 = PCURVE('',#32,#93);
#93 = DEFINITIONAL_REPRESENTATION('',(#94),#98);
#94 = LINE('',#95,#96);
#95 = CARTESIAN_POINT('',(0.,-40.));
#96 = VECTOR('',#97,1.);
#97 = DIRECTION('',(1.,0.));
#98 = ( GEOMETRIC_REPRESENTATION_CONTEXT(2) 
PARAMETRIC_REPRESENTATION_CONTEXT() REPRESENTATION_CONTEXT('2D SPACE',''
  ) );
#99 = PCURVE('',#100,#105);
#100 = PLANE('',#101);
#101 = AXIS2_PLACEMENT_3D('',#102,#103,#104);
#102 = CARTESIAN_POINT('',(-47.5,18.5,25.6));
#103 = DIRECTION('',(-0.,1.,0.));
#104 = DIRECTION('',(0.,0.,1.));
#105 = DEFINITIONAL_REPRESENTATION('',(#106),#110);
#106 = LINE('',#107,#108);
#107 = CARTESIAN_POINT('',(0.,0.));
#108 = VECTOR('',#109,1.);
#109 = DIRECTION('',(1.,0.));
#110 = ( GEOMETRIC_REPRESENTATION_CONTEXT(2) 
PARAMETRIC_REPRESENTATION_CONTEXT() REPRESENTATION_CONTEXT('2D SPACE',''
  ) );
#111 = ORIENTED_EDGE('',*,*,#112,.F.);
#112 = EDGE_CURVE('',#24,#85,#113,.T.);
#113 = SURFACE_CURVE('',#114,(#118,#125),.PCURVE_S1.);
#114 = LINE('',#115,#116);
#115 = CARTESIAN_POINT('',(-47.5,-21.5,30.));
#116 = VECTOR('',#117,1.);
#117 = DIRECTION('',(-0.,1.,0.));
#118 = PCURVE('',#32,#119);
#119 = DEFINITIONAL_REPRESENTATION('',(#120),#124);
#120 = LINE('',#121,#122);
#121 = CARTESIAN_POINT('',(4.4,0.));
#122 = VECTOR('',#123,1.);
#123 = DIRECTION('',(0.,-1.));
#124 = ( GEOMETRIC_REPRESENTATION_CONTEXT(2) 
PARAMETRIC_REPRESENTATION_CONTEXT() REPRESENTATION_CONTEXT('2D SPACE',''
  ) );
#125 = PCURVE('',#126,#131);
#126 = PLANE('',#127);
#127 = AXIS2_PLACEMENT_3D('',#128,#129,#130);
#128 = CARTESIAN_POINT('',(-47.5,-21.5,30.));
#129 = DIRECTION('',(0.,0.,1.));
#130 = DIRECTION('',(1.,0.,-0.));
#131 = DEFINITIONAL_REPRESENTATION('',(#132),#136);
#132 = LINE('',#133,#134);
#133 = CARTESIAN_POINT('',(0.,0.));
#134 = VECTOR('',#135,1.);
#135 = DIRECTION('',(0.,1.));
#136 = ( GEOMETRIC_REPRESENTATION_CONTEXT(2) 
PARAMETRIC_REPRESENTATION_CONTEXT() REPRESENTATION_CONTEXT('2D SPACE',''
  ) );
#137 = ADVANCED_FACE('',(#138),#44,.F.);
#138 = FACE_BOUND('',#139,.F.);
#139 = EDGE_LOOP('',(#140,#163,#164,#187));
#140 = ORIENTED_EDGE('',*,*,#141,.F.);
#141 = EDGE_CURVE('',#22,#142,#144,.T.);
#142 = VERTEX_POINT('',#143);
#143 = CARTESIAN_POINT('',(47.5,-21.5,25.6));
#144 = SURFACE_CURVE('',#145,(#149,#156),.PCURVE_S1.);
#145 = LINE('',#146,#147);
#146 = CARTESIAN_POINT('',(-47.5,-21.5,25.6));
#147 = VECTOR('',#148,1.);
#148 = DIRECTION('',(1.,0.,-0.));
#149 = PCURVE('',#44,#150);
#150 = DEFINITIONAL_REPRESENTATION('',(#151),#155);
#151 = LINE('',#152,#153);
#152 = CARTESIAN_POINT('',(0.,0.));
#153 = VECTOR('',#154,1.);
#154 = DIRECTION('',(0.,1.));
#155 = ( GEOMETRIC_REPRESENTATION_CONTEXT(2) 
PARAMETRIC_REPRESENTATION_CONTEXT() REPRESENTATION_CONTEXT('2D SPACE',''
  ) );
#156 = PCURVE('',#72,#157);
#157 = DEFINITIONAL_REPRESENTATION('',(#158),#162);
#158 = LINE('',#159,#160);
#159 = CARTESIAN_POINT('',(0.,0.));
#160 = VECTOR('',#161,1.);
#161 = DIRECTION('',(1.,0.));
#162 = ( GEOMETRIC_REPRESENTATION_CONTEXT(2) 
PARAMETRIC_REPRESENTATION_CONTEXT() REPRESENTATION_CONTEXT('2D SPACE',''
  ) );
#163 = ORIENTED_EDGE('',*,*,#21,.T.);
#164 = ORIENTED_EDGE('',*,*,#165,.T.);
#165 = EDGE_CURVE('',#24,#166,#168,.T.);
#166 = VERTEX_POINT('',#167);
#167 = CARTESIAN_POINT('',(47.5,-21.5,30.));
#168 = SURFACE_CURVE('',#169,(#173,#180),.PCURVE_S1.);
#169 = LINE('',#170,#171);
#170 = CARTESIAN_POINT('',(-47.5,-21.5,30.));
#171 = VECTOR('',#172,1.);
#172 = DIRECTION('',(1.,0.,-0.));
#173 = PCURVE('',#44,#174);
#174 = DEFINITIONAL_REPRESENTATION('',(#175),#179);
#175 = LINE('',#176,#177);
#176 = CARTESIAN_POINT('',(4.4,0.));
#177 = VECTOR('',#178,1.);
#178 = DIRECTION('',(0.,1.));
#179 = ( GEOMETRIC_REPRESENTATION_CONTEXT(2) 
PARAMETRIC_REPRESENTATION_CONTEXT() REPRESENTATION_CONTEXT('2D SPACE',''
  ) );
#180 = PCURVE('',#126,#181);
#181 = DEFINITIONAL_REPRESENTATION('',(#182),#186);
#182 = LINE('',#183,#184);
#183 = CARTESIAN_POINT('',(0.,0.));
#184 = VECTOR('',#185,1.);
#185 = DIRECTION('',(1.,0.));
#186 = ( GEOMETRIC_REPRESENTATION_CONTEXT(2) 
PARAMETRIC_REPRESENTATION_CONTEXT() REPRESENTATION_CONTEXT('2D SPACE',''
  ) );
#187 = ORIENTED_EDGE('',*,*,#188,.F.);
#188 = EDGE_CURVE('',#142,#166,#189,.T.);
#189 = SURFACE_CURVE('',#190,(#194,#201),.PCURVE_S1.);
#190 = LINE('',#191,#192);
#191 = CARTESIAN_POINT('',(47.5,-21.5,25.6));
#192 = VECTOR('',#193,1.);
#193 = DIRECTION('',(0.,0.,1.));
#194 = PCURVE('',#44,#195);
#195 = DEFINITIONAL_REPRESENTATION('',(#196),#200);
#196 = LINE('',#197,#198);
#197 = CARTESIAN_POINT('',(0.,95.));
#198 = VECTOR('',#199,1.);
#199 = DIRECTION('',(1.,0.));
#200 = ( GEOMETRIC_REPRESENTATION_CONTEXT(2) 
PARAMETRIC_REPRESENTATION_CONTEXT() REPRESENTATION_CONTEXT('2D SPACE',''
  ) );
#201 = PCURVE('',#202,#207);
#202 = PLANE('',#203);
#203 = AXIS2_PLACEMENT_3D('',#204,#205,#206);
#204 = CARTESIAN_POINT('',(47.5,-21.5,25.6));
#205 = DIRECTION('',(1.,0.,-0.));
#206 = DIRECTION('',(0.,0.,1.));
#207 = DEFINITIONAL_REPRESENTATION('',(#208),#212);
#208 = LINE('',#209,#210);
#209 = CARTESIAN_POINT('',(0.,0.));
#210 = VECTOR('',#211,1.);
#211 = DIRECTION('',(1.,0.));
#212 = ( GEOMETRIC_REPRESENTATION_CONTEXT(2) 
PARAMETRIC_REPRESENTATION_CONTEXT() REPRESENTATION_CONTEXT('2D SPACE',''
  ) );
#213 = ADVANCED_FACE('',(#214,#262,#293,#324,#355,#475,#595,#715,#835,
    #955,#1075,#1195),#126,.T.);
#214 = FACE_BOUND('',#215,.T.);
#215 = EDGE_LOOP('',(#216,#217,#218,#241));
#216 = ORIENTED_EDGE('',*,*,#112,.F.);
#217 = ORIENTED_EDGE('',*,*,#165,.T.);
#218 = ORIENTED_EDGE('',*,*,#219,.T.);
#219 = EDGE_CURVE('',#166,#220,#222,.T.);
#220 = VERTEX_POINT('',#221);
#221 = CARTESIAN_POINT('',(47.5,18.5,30.));
#222 = SURFACE_CURVE('',#223,(#227,#234),.PCURVE_S1.);
#223 = LINE('',#224,#225);
#224 = CARTESIAN_POINT('',(47.5,-21.5,30.));
#225 = VECTOR('',#226,1.);
#226 = DIRECTION('',(-0.,1.,0.));
#227 = PCURVE('',#126,#228);
#228 = DEFINITIONAL_REPRESENTATION('',(#229),#233);
#229 = LINE('',#230,#231);
#230 = CARTESIAN_POINT('',(95.,0.));
#231 = VECTOR('',#232,1.);
#232 = DIRECTION('',(0.,1.));
#233 = ( GEOMETRIC_REPRESENTATION_CONTEXT(2) 
PARAMETRIC_REPRESENTATION_CONTEXT() REPRESENTATION_CONTEXT('2D SPACE',''
  ) );
#234 = PCURVE('',#202,#235);
#235 = DEFINITIONAL_REPRESENTATION('',(#236),#240);
#236 = LINE('',#237,#238);
#237 = CARTESIAN_POINT('',(4.4,0.));
#238 = VECTOR('',#239,1.);
#239 = DIRECTION('',(0.,-1.));
#240 = ( GEOMETRIC_REPRESENTATION_CONTEXT(2) 
PARAMETRIC_REPRESENTATION_CONTEXT() REPRESENTATION_CONTEXT('2D SPACE',''
  ) );
#241 = ORIENTED_EDGE('',*,*,#242,.F.);
#242 = EDGE_CURVE('',#85,#220,#243,.T.);
#243 = SURFACE_CURVE('',#244,(#248,#255),.PCURVE_S1.);
#244 = LINE('',#245,#246);
#245 = CARTESIAN_POINT('',(-47.5,18.5,30.));
#246 = VECTOR('',#247,1.);
#247 = DIRECTION('',(1.,0.,-0.));
#248 = PCURVE('',#126,#249);
#249 = DEFINITIONAL_REPRESENTATION('',(#250),#254);
#250 = LINE('',#251,#252);
#251 = CARTESIAN_POINT('',(0.,40.));
#252 = VECTOR('',#253,1.);
#253 = DIRECTION('',(1.,0.));
#254 = ( GEOMETRIC_REPRESENTATION_CONTEXT(2) 
PARAMETRIC_REPRESENTATION_CONTEXT() REPRESENTATION_CONTEXT('2D SPACE',''
  ) );
#255 = PCURVE('',#100,#256);
#256 = DEFINITIONAL_REPRESENTATION('',(#257),#261);
#257 = LINE('',#258,#259);
#258 = CARTESIAN_POINT('',(4.4,0.));
#259 = VECTOR('',#260,1.);
#260 = DIRECTION('',(0.,1.));
#261 = ( GEOMETRIC_REPRESENTATION_CONTEXT(2) 
PARAMETRIC_REPRESENTATION_CONTEXT() REPRESENTATION_CONTEXT('2D SPACE',''
  ) );
#262 = FACE_BOUND('',#263,.T.);
#263 = EDGE_LOOP('',(#264));
#264 = ORIENTED_EDGE('',*,*,#265,.F.);
#265 = EDGE_CURVE('',#266,#266,#268,.T.);
#266 = VERTEX_POINT('',#267);
#267 = CARTESIAN_POINT('',(-7.751,-14.717,30.));
#268 = SURFACE_CURVE('',#269,(#274,#281),.PCURVE_S1.);
#269 = CIRCLE('',#270,3.25);
#270 = AXIS2_PLACEMENT_3D('',#271,#272,#273);
#271 = CARTESIAN_POINT('',(-11.001,-14.717,30.));
#272 = DIRECTION('',(0.,0.,1.));
#273 = DIRECTION('',(1.,0.,-0.));
#274 = PCURVE('',#126,#275);
#275 = DEFINITIONAL_REPRESENTATION('',(#276),#280);
#276 = CIRCLE('',#277,3.25);
#277 = AXIS2_PLACEMENT_2D('',#278,#279);
#278 = CARTESIAN_POINT('',(36.499,6.783));
#279 = DIRECTION('',(1.,0.));
#280 = ( GEOMETRIC_REPRESENTATION_CONTEXT(2) 
PARAMETRIC_REPRESENTATION_CONTEXT() REPRESENTATION_CONTEXT('2D SPACE',''
  ) );
#281 = PCURVE('',#282,#287);
#282 = CONICAL_SURFACE('',#283,1.75,0.785398163397);
#283 = AXIS2_PLACEMENT_3D('',#284,#285,#286);
#284 = CARTESIAN_POINT('',(-11.001,-14.717,28.5));
#285 = DIRECTION('',(0.,0.,1.));
#286 = DIRECTION('',(1.,0.,-0.));
#287 = DEFINITIONAL_REPRESENTATION('',(#288),#292);
#288 = LINE('',#289,#290);
#289 = CARTESIAN_POINT('',(0.,1.5));
#290 = VECTOR('',#291,1.);
#291 = DIRECTION('',(1.,0.));
#292 = ( GEOMETRIC_REPRESENTATION_CONTEXT(2) 
PARAMETRIC_REPRESENTATION_CONTEXT() REPRESENTATION_CONTEXT('2D SPACE',''
  ) );
#293 = FACE_BOUND('',#294,.T.);
#294 = EDGE_LOOP('',(#295));
#295 = ORIENTED_EDGE('',*,*,#296,.F.);
#296 = EDGE_CURVE('',#297,#297,#299,.T.);
#297 = VERTEX_POINT('',#298);
#298 = CARTESIAN_POINT('',(14.249,-14.717,30.));
#299 = SURFACE_CURVE('',#300,(#305,#312),.PCURVE_S1.);
#300 = CIRCLE('',#301,3.25);
#301 = AXIS2_PLACEMENT_3D('',#302,#303,#304);
#302 = CARTESIAN_POINT('',(10.999,-14.717,30.));
#303 = DIRECTION('',(0.,0.,1.));
#304 = DIRECTION('',(1.,0.,-0.));
#305 = PCURVE('',#126,#306);
#306 = DEFINITIONAL_REPRESENTATION('',(#307),#311);
#307 = CIRCLE('',#308,3.25);
#308 = AXIS2_PLACEMENT_2D('',#309,#310);
#309 = CARTESIAN_POINT('',(58.499,6.783));
#310 = DIRECTION('',(1.,0.));
#311 = ( GEOMETRIC_REPRESENTATION_CONTEXT(2) 
PARAMETRIC_REPRESENTATION_CONTEXT() REPRESENTATION_CONTEXT('2D SPACE',''
  ) );
#312 = PCURVE('',#313,#318);
#313 = CONICAL_SURFACE('',#314,1.75,0.785398163397);
#314 = AXIS2_PLACEMENT_3D('',#315,#316,#317);
#315 = CARTESIAN_POINT('',(10.999,-14.717,28.5));
#316 = DIRECTION('',(0.,0.,1.));
#317 = DIRECTION('',(1.,0.,-0.));
#318 = DEFINITIONAL_REPRESENTATION('',(#319),#323);
#319 = LINE('',#320,#321);
#320 = CARTESIAN_POINT('',(0.,1.5));
#321 = VECTOR('',#322,1.);
#322 = DIRECTION('',(1.,0.));
#323 = ( GEOMETRIC_REPRESENTATION_CONTEXT(2) 
PARAMETRIC_REPRESENTATION_CONTEXT() REPRESENTATION_CONTEXT('2D SPACE',''
  ) );
#324 = FACE_BOUND('',#325,.T.);
#325 = EDGE_LOOP('',(#326));
#326 = ORIENTED_EDGE('',*,*,#327,.F.);
#327 = EDGE_CURVE('',#328,#328,#330,.T.);
#328 = VERTEX_POINT('',#329);
#329 = CARTESIAN_POINT('',(-32.5,5.,30.));
#330 = SURFACE_CURVE('',#331,(#336,#343),.PCURVE_S1.);
#331 = CIRCLE('',#332,5.);
#332 = AXIS2_PLACEMENT_3D('',#333,#334,#335);
#333 = CARTESIAN_POINT('',(-37.5,5.,30.));
#334 = DIRECTION('',(0.,0.,1.));
#335 = DIRECTION('',(1.,0.,-0.));
#336 = PCURVE('',#126,#337);
#337 = DEFINITIONAL_REPRESENTATION('',(#338),#342);
#338 = CIRCLE('',#339,5.);
#339 = AXIS2_PLACEMENT_2D('',#340,#341);
#340 = CARTESIAN_POINT('',(10.,26.5));
#341 = DIRECTION('',(1.,0.));
#342 = ( GEOMETRIC_REPRESENTATION_CONTEXT(2) 
PARAMETRIC_REPRESENTATION_CONTEXT() REPRESENTATION_CONTEXT('2D SPACE',''
  ) );
#343 = PCURVE('',#344,#349);
#344 = CYLINDRICAL_SURFACE('',#345,5.);
#345 = AXIS2_PLACEMENT_3D('',#346,#347,#348);
#346 = CARTESIAN_POINT('',(-37.5,5.,29.8));
#347 = DIRECTION('',(0.,0.,1.));
#348 = DIRECTION('',(1.,0.,-0.));
#349 = DEFINITIONAL_REPRESENTATION('',(#350),#354);
#350 = LINE('',#351,#352);
#351 = CARTESIAN_POINT('',(0.,0.2));
#352 = VECTOR('',#353,1.);
#353 = DIRECTION('',(1.,0.));
#354 = ( GEOMETRIC_REPRESENTATION_CONTEXT(2) 
PARAMETRIC_REPRESENTATION_CONTEXT() REPRESENTATION_CONTEXT('2D SPACE',''
  ) );
#355 = FACE_BOUND('',#356,.T.);
#356 = EDGE_LOOP('',(#357,#385,#418,#444));
#357 = ORIENTED_EDGE('',*,*,#358,.F.);
#358 = EDGE_CURVE('',#359,#361,#363,.T.);
#359 = VERTEX_POINT('',#360);
#360 = CARTESIAN_POINT('',(-30.,11.,30.));
#361 = VERTEX_POINT('',#362);
#362 = CARTESIAN_POINT('',(-30.,-5.,30.));
#363 = SURFACE_CURVE('',#364,(#368,#374),.PCURVE_S1.);
#364 = LINE('',#365,#366);
#365 = CARTESIAN_POINT('',(-30.,-13.25,30.));
#366 = VECTOR('',#367,1.);
#367 = DIRECTION('',(-1.110223024625E-16,-1.,0.));
#368 = PCURVE('',#126,#369);
#369 = DEFINITIONAL_REPRESENTATION('',(#370),#373);
#370 = B_SPLINE_CURVE_WITH_KNOTS('',1,(#371,#372),.UNSPECIFIED.,.F.,.F.,
  (2,2),(-24.25,-8.25),.PIECEWISE_BEZIER_KNOTS.);
#371 = CARTESIAN_POINT('',(17.5,32.5));
#372 = CARTESIAN_POINT('',(17.5,16.5));
#373 = ( GEOMETRIC_REPRESENTATION_CONTEXT(2) 
PARAMETRIC_REPRESENTATION_CONTEXT() REPRESENTATION_CONTEXT('2D SPACE',''
  ) );
#374 = PCURVE('',#375,#380);
#375 = PLANE('',#376);
#376 = AXIS2_PLACEMENT_3D('',#377,#378,#379);
#377 = CARTESIAN_POINT('',(-30.,-5.,25.6));
#378 = DIRECTION('',(-1.,1.110223024625E-16,0.));
#379 = DIRECTION('',(1.110223024625E-16,1.,0.));
#380 = DEFINITIONAL_REPRESENTATION('',(#381),#384);
#381 = B_SPLINE_CURVE_WITH_KNOTS('',1,(#382,#383),.UNSPECIFIED.,.F.,.F.,
  (2,2),(-24.25,-8.25),.PIECEWISE_BEZIER_KNOTS.);
#382 = CARTESIAN_POINT('',(16.,-4.4));
#383 = CARTESIAN_POINT('',(0.,-4.4));
#384 = ( GEOMETRIC_REPRESENTATION_CONTEXT(2) 
PARAMETRIC_REPRESENTATION_CONTEXT() REPRESENTATION_CONTEXT('2D SPACE',''
  ) );
#385 = ORIENTED_EDGE('',*,*,#386,.T.);
#386 = EDGE_CURVE('',#359,#387,#389,.T.);
#387 = VERTEX_POINT('',#388);
#388 = CARTESIAN_POINT('',(-24.,11.,30.));
#389 = SURFACE_CURVE('',#390,(#395,#406),.PCURVE_S1.);
#390 = CIRCLE('',#391,3.);
#391 = AXIS2_PLACEMENT_3D('',#392,#393,#394);
#392 = CARTESIAN_POINT('',(-27.,11.,30.));
#393 = DIRECTION('',(0.,0.,-1.));
#394 = DIRECTION('',(-1.,1.110223024625E-16,0.));
#395 = PCURVE('',#126,#396);
#396 = DEFINITIONAL_REPRESENTATION('',(#397),#405);
#397 = ( BOUNDED_CURVE() B_SPLINE_CURVE(2,(#398,#399,#400,#401,#402,#403
,#404),.UNSPECIFIED.,.T.,.F.) B_SPLINE_CURVE_WITH_KNOTS((1,2,2,2,2,1),(
    -2.094395102393,0.,2.094395102393,4.188790204786,6.28318530718,
8.377580409573),.UNSPECIFIED.) CURVE() GEOMETRIC_REPRESENTATION_ITEM() 
RATIONAL_B_SPLINE_CURVE((1.,0.5,1.,0.5,1.,0.5,1.)) REPRESENTATION_ITEM(
  '') );
#398 = CARTESIAN_POINT('',(17.5,32.5));
#399 = CARTESIAN_POINT('',(17.5,37.696152422707));
#400 = CARTESIAN_POINT('',(22.,35.098076211353));
#401 = CARTESIAN_POINT('',(26.5,32.5));
#402 = CARTESIAN_POINT('',(22.,29.901923788647));
#403 = CARTESIAN_POINT('',(17.5,27.303847577293));
#404 = CARTESIAN_POINT('',(17.5,32.5));
#405 = ( GEOMETRIC_REPRESENTATION_CONTEXT(2) 
PARAMETRIC_REPRESENTATION_CONTEXT() REPRESENTATION_CONTEXT('2D SPACE',''
  ) );
#406 = PCURVE('',#407,#412);
#407 = CYLINDRICAL_SURFACE('',#408,3.);
#408 = AXIS2_PLACEMENT_3D('',#409,#410,#411);
#409 = CARTESIAN_POINT('',(-27.,11.,25.6));
#410 = DIRECTION('',(0.,0.,-1.));
#411 = DIRECTION('',(-1.,1.110223024625E-16,0.));
#412 = DEFINITIONAL_REPRESENTATION('',(#413),#417);
#413 = LINE('',#414,#415);
#414 = CARTESIAN_POINT('',(0.,-4.4));
#415 = VECTOR('',#416,1.);
#416 = DIRECTION('',(1.,0.));
#417 = ( GEOMETRIC_REPRESENTATION_CONTEXT(2) 
PARAMETRIC_REPRESENTATION_CONTEXT() REPRESENTATION_CONTEXT('2D SPACE',''
  ) );
#418 = ORIENTED_EDGE('',*,*,#419,.F.);
#419 = EDGE_CURVE('',#420,#387,#422,.T.);
#420 = VERTEX_POINT('',#421);
#421 = CARTESIAN_POINT('',(-24.,-5.,30.));
#422 = SURFACE_CURVE('',#423,(#427,#433),.PCURVE_S1.);
#423 = LINE('',#424,#425);
#424 = CARTESIAN_POINT('',(-24.,-5.25,30.));
#425 = VECTOR('',#426,1.);
#426 = DIRECTION('',(1.110223024625E-16,1.,-0.));
#427 = PCURVE('',#126,#428);
#428 = DEFINITIONAL_REPRESENTATION('',(#429),#432);
#429 = B_SPLINE_CURVE_WITH_KNOTS('',1,(#430,#431),.UNSPECIFIED.,.F.,.F.,
  (2,2),(0.25,16.25),.PIECEWISE_BEZIER_KNOTS.);
#430 = CARTESIAN_POINT('',(23.5,16.5));
#431 = CARTESIAN_POINT('',(23.5,32.5));
#432 = ( GEOMETRIC_REPRESENTATION_CONTEXT(2) 
PARAMETRIC_REPRESENTATION_CONTEXT() REPRESENTATION_CONTEXT('2D SPACE',''
  ) );
#433 = PCURVE('',#434,#439);
#434 = PLANE('',#435);
#435 = AXIS2_PLACEMENT_3D('',#436,#437,#438);
#436 = CARTESIAN_POINT('',(-24.,11.,25.6));
#437 = DIRECTION('',(1.,-1.110223024625E-16,0.));
#438 = DIRECTION('',(-1.110223024625E-16,-1.,0.));
#439 = DEFINITIONAL_REPRESENTATION('',(#440),#443);
#440 = B_SPLINE_CURVE_WITH_KNOTS('',1,(#441,#442),.UNSPECIFIED.,.F.,.F.,
  (2,2),(0.25,16.25),.PIECEWISE_BEZIER_KNOTS.);
#441 = CARTESIAN_POINT('',(16.,-4.4));
#442 = CARTESIAN_POINT('',(0.,-4.4));
#443 = ( GEOMETRIC_REPRESENTATION_CONTEXT(2) 
PARAMETRIC_REPRESENTATION_CONTEXT() REPRESENTATION_CONTEXT('2D SPACE',''
  ) );
#444 = ORIENTED_EDGE('',*,*,#445,.T.);
#445 = EDGE_CURVE('',#420,#361,#446,.T.);
#446 = SURFACE_CURVE('',#447,(#452,#463),.PCURVE_S1.);
#447 = CIRCLE('',#448,3.);
#448 = AXIS2_PLACEMENT_3D('',#449,#450,#451);
#449 = CARTESIAN_POINT('',(-27.,-5.,30.));
#450 = DIRECTION('',(0.,-0.,-1.));
#451 = DIRECTION('',(1.,-1.110223024625E-16,0.));
#452 = PCURVE('',#126,#453);
#453 = DEFINITIONAL_REPRESENTATION('',(#454),#462);
#454 = ( BOUNDED_CURVE() B_SPLINE_CURVE(2,(#455,#456,#457,#458,#459,#460
,#461),.UNSPECIFIED.,.T.,.F.) B_SPLINE_CURVE_WITH_KNOTS((1,2,2,2,2,1),(
    -2.094395102393,0.,2.094395102393,4.188790204786,6.28318530718,
8.377580409573),.UNSPECIFIED.) CURVE() GEOMETRIC_REPRESENTATION_ITEM() 
RATIONAL_B_SPLINE_CURVE((1.,0.5,1.,0.5,1.,0.5,1.)) REPRESENTATION_ITEM(
  '') );
#455 = CARTESIAN_POINT('',(23.5,16.5));
#456 = CARTESIAN_POINT('',(23.5,11.303847577293));
#457 = CARTESIAN_POINT('',(19.,13.901923788647));
#458 = CARTESIAN_POINT('',(14.5,16.5));
#459 = CARTESIAN_POINT('',(19.,19.098076211353));
#460 = CARTESIAN_POINT('',(23.5,21.696152422707));
#461 = CARTESIAN_POINT('',(23.5,16.5));
#462 = ( GEOMETRIC_REPRESENTATION_CONTEXT(2) 
PARAMETRIC_REPRESENTATION_CONTEXT() REPRESENTATION_CONTEXT('2D SPACE',''
  ) );
#463 = PCURVE('',#464,#469);
#464 = CYLINDRICAL_SURFACE('',#465,3.);
#465 = AXIS2_PLACEMENT_3D('',#466,#467,#468);
#466 = CARTESIAN_POINT('',(-27.,-5.,25.6));
#467 = DIRECTION('',(0.,-0.,-1.));
#468 = DIRECTION('',(1.,-1.110223024625E-16,0.));
#469 = DEFINITIONAL_REPRESENTATION('',(#470),#474);
#470 = LINE('',#471,#472);
#471 = CARTESIAN_POINT('',(0.,-4.4));
#472 = VECTOR('',#473,1.);
#473 = DIRECTION('',(1.,0.));
#474 = ( GEOMETRIC_REPRESENTATION_CONTEXT(2) 
PARAMETRIC_REPRESENTATION_CONTEXT() REPRESENTATION_CONTEXT('2D SPACE',''
  ) );
#475 = FACE_BOUND('',#476,.T.);
#476 = EDGE_LOOP('',(#477,#505,#538,#564));
#477 = ORIENTED_EDGE('',*,*,#478,.F.);
#478 = EDGE_CURVE('',#479,#481,#483,.T.);
#479 = VERTEX_POINT('',#480);
#480 = CARTESIAN_POINT('',(-21.,11.,30.));
#481 = VERTEX_POINT('',#482);
#482 = CARTESIAN_POINT('',(-21.,-5.,30.));
#483 = SURFACE_CURVE('',#484,(#488,#494),.PCURVE_S1.);
#484 = LINE('',#485,#486);
#485 = CARTESIAN_POINT('',(-21.,-13.25,30.));
#486 = VECTOR('',#487,1.);
#487 = DIRECTION('',(-1.110223024625E-16,-1.,0.));
#488 = PCURVE('',#126,#489);
#489 = DEFINITIONAL_REPRESENTATION('',(#490),#493);
#490 = B_SPLINE_CURVE_WITH_KNOTS('',1,(#491,#492),.UNSPECIFIED.,.F.,.F.,
  (2,2),(-24.25,-8.25),.PIECEWISE_BEZIER_KNOTS.);
#491 = CARTESIAN_POINT('',(26.5,32.5));
#492 = CARTESIAN_POINT('',(26.5,16.5));
#493 = ( GEOMETRIC_REPRESENTATION_CONTEXT(2) 
PARAMETRIC_REPRESENTATION_CONTEXT() REPRESENTATION_CONTEXT('2D SPACE',''
  ) );
#494 = PCURVE('',#495,#500);
#495 = PLANE('',#496);
#496 = AXIS2_PLACEMENT_3D('',#497,#498,#499);
#497 = CARTESIAN_POINT('',(-21.,-5.,25.6));
#498 = DIRECTION('',(-1.,1.110223024625E-16,0.));
#499 = DIRECTION('',(1.110223024625E-16,1.,0.));
#500 = DEFINITIONAL_REPRESENTATION('',(#501),#504);
#501 = B_SPLINE_CURVE_WITH_KNOTS('',1,(#502,#503),.UNSPECIFIED.,.F.,.F.,
  (2,2),(-24.25,-8.25),.PIECEWISE_BEZIER_KNOTS.);
#502 = CARTESIAN_POINT('',(16.,-4.4));
#503 = CARTESIAN_POINT('',(0.,-4.4));
#504 = ( GEOMETRIC_REPRESENTATION_CONTEXT(2) 
PARAMETRIC_REPRESENTATION_CONTEXT() REPRESENTATION_CONTEXT('2D SPACE',''
  ) );
#505 = ORIENTED_EDGE('',*,*,#506,.T.);
#506 = EDGE_CURVE('',#479,#507,#509,.T.);
#507 = VERTEX_POINT('',#508);
#508 = CARTESIAN_POINT('',(-15.,11.,30.));
#509 = SURFACE_CURVE('',#510,(#515,#526),.PCURVE_S1.);
#510 = CIRCLE('',#511,3.);
#511 = AXIS2_PLACEMENT_3D('',#512,#513,#514);
#512 = CARTESIAN_POINT('',(-18.,11.,30.));
#513 = DIRECTION('',(0.,0.,-1.));
#514 = DIRECTION('',(-1.,1.110223024625E-16,0.));
#515 = PCURVE('',#126,#516);
#516 = DEFINITIONAL_REPRESENTATION('',(#517),#525);
#517 = ( BOUNDED_CURVE() B_SPLINE_CURVE(2,(#518,#519,#520,#521,#522,#523
,#524),.UNSPECIFIED.,.T.,.F.) B_SPLINE_CURVE_WITH_KNOTS((1,2,2,2,2,1),(
    -2.094395102393,0.,2.094395102393,4.188790204786,6.28318530718,
8.377580409573),.UNSPECIFIED.) CURVE() GEOMETRIC_REPRESENTATION_ITEM() 
RATIONAL_B_SPLINE_CURVE((1.,0.5,1.,0.5,1.,0.5,1.)) REPRESENTATION_ITEM(
  '') );
#518 = CARTESIAN_POINT('',(26.5,32.5));
#519 = CARTESIAN_POINT('',(26.5,37.696152422707));
#520 = CARTESIAN_POINT('',(31.,35.098076211353));
#521 = CARTESIAN_POINT('',(35.5,32.5));
#522 = CARTESIAN_POINT('',(31.,29.901923788647));
#523 = CARTESIAN_POINT('',(26.5,27.303847577293));
#524 = CARTESIAN_POINT('',(26.5,32.5));
#525 = ( GEOMETRIC_REPRESENTATION_CONTEXT(2) 
PARAMETRIC_REPRESENTATION_CONTEXT() REPRESENTATION_CONTEXT('2D SPACE',''
  ) );
#526 = PCURVE('',#527,#532);
#527 = CYLINDRICAL_SURFACE('',#528,3.);
#528 = AXIS2_PLACEMENT_3D('',#529,#530,#531);
#529 = CARTESIAN_POINT('',(-18.,11.,25.6));
#530 = DIRECTION('',(0.,0.,-1.));
#531 = DIRECTION('',(-1.,1.110223024625E-16,0.));
#532 = DEFINITIONAL_REPRESENTATION('',(#533),#537);
#533 = LINE('',#534,#535);
#534 = CARTESIAN_POINT('',(0.,-4.4));
#535 = VECTOR('',#536,1.);
#536 = DIRECTION('',(1.,0.));
#537 = ( GEOMETRIC_REPRESENTATION_CONTEXT(2) 
PARAMETRIC_REPRESENTATION_CONTEXT() REPRESENTATION_CONTEXT('2D SPACE',''
  ) );
#538 = ORIENTED_EDGE('',*,*,#539,.F.);
#539 = EDGE_CURVE('',#540,#507,#542,.T.);
#540 = VERTEX_POINT('',#541);
#541 = CARTESIAN_POINT('',(-15.,-5.,30.));
#542 = SURFACE_CURVE('',#543,(#547,#553),.PCURVE_S1.);
#543 = LINE('',#544,#545);
#544 = CARTESIAN_POINT('',(-15.,-5.25,30.));
#545 = VECTOR('',#546,1.);
#546 = DIRECTION('',(1.110223024625E-16,1.,-0.));
#547 = PCURVE('',#126,#548);
#548 = DEFINITIONAL_REPRESENTATION('',(#549),#552);
#549 = B_SPLINE_CURVE_WITH_KNOTS('',1,(#550,#551),.UNSPECIFIED.,.F.,.F.,
  (2,2),(0.25,16.25),.PIECEWISE_BEZIER_KNOTS.);
#550 = CARTESIAN_POINT('',(32.5,16.5));
#551 = CARTESIAN_POINT('',(32.5,32.5));
#552 = ( GEOMETRIC_REPRESENTATION_CONTEXT(2) 
PARAMETRIC_REPRESENTATION_CONTEXT() REPRESENTATION_CONTEXT('2D SPACE',''
  ) );
#553 = PCURVE('',#554,#559);
#554 = PLANE('',#555);
#555 = AXIS2_PLACEMENT_3D('',#556,#557,#558);
#556 = CARTESIAN_POINT('',(-15.,11.,25.6));
#557 = DIRECTION('',(1.,-1.110223024625E-16,0.));
#558 = DIRECTION('',(-1.110223024625E-16,-1.,0.));
#559 = DEFINITIONAL_REPRESENTATION('',(#560),#563);
#560 = B_SPLINE_CURVE_WITH_KNOTS('',1,(#561,#562),.UNSPECIFIED.,.F.,.F.,
  (2,2),(0.25,16.25),.PIECEWISE_BEZIER_KNOTS.);
#561 = CARTESIAN_POINT('',(16.,-4.4));
#562 = CARTESIAN_POINT('',(0.,-4.4));
#563 = ( GEOMETRIC_REPRESENTATION_CONTEXT(2) 
PARAMETRIC_REPRESENTATION_CONTEXT() REPRESENTATION_CONTEXT('2D SPACE',''
  ) );
#564 = ORIENTED_EDGE('',*,*,#565,.T.);
#565 = EDGE_CURVE('',#540,#481,#566,.T.);
#566 = SURFACE_CURVE('',#567,(#572,#583),.PCURVE_S1.);
#567 = CIRCLE('',#568,3.);
#568 = AXIS2_PLACEMENT_3D('',#569,#570,#571);
#569 = CARTESIAN_POINT('',(-18.,-5.,30.));
#570 = DIRECTION('',(0.,-0.,-1.));
#571 = DIRECTION('',(1.,-1.110223024625E-16,0.));
#572 = PCURVE('',#126,#573);
#573 = DEFINITIONAL_REPRESENTATION('',(#574),#582);
#574 = ( BOUNDED_CURVE() B_SPLINE_CURVE(2,(#575,#576,#577,#578,#579,#580
,#581),.UNSPECIFIED.,.T.,.F.) B_SPLINE_CURVE_WITH_KNOTS((1,2,2,2,2,1),(
    -2.094395102393,0.,2.094395102393,4.188790204786,6.28318530718,
8.377580409573),.UNSPECIFIED.) CURVE() GEOMETRIC_REPRESENTATION_ITEM() 
RATIONAL_B_SPLINE_CURVE((1.,0.5,1.,0.5,1.,0.5,1.)) REPRESENTATION_ITEM(
  '') );
#575 = CARTESIAN_POINT('',(32.5,16.5));
#576 = CARTESIAN_POINT('',(32.5,11.303847577293));
#577 = CARTESIAN_POINT('',(28.,13.901923788647));
#578 = CARTESIAN_POINT('',(23.5,16.5));
#579 = CARTESIAN_POINT('',(28.,19.098076211353));
#580 = CARTESIAN_POINT('',(32.5,21.696152422707));
#581 = CARTESIAN_POINT('',(32.5,16.5));
#582 = ( GEOMETRIC_REPRESENTATION_CONTEXT(2) 
PARAMETRIC_REPRESENTATION_CONTEXT() REPRESENTATION_CONTEXT('2D SPACE',''
  ) );
#583 = PCURVE('',#584,#589);
#584 = CYLINDRICAL_SURFACE('',#585,3.);
#585 = AXIS2_PLACEMENT_3D('',#586,#587,#588);
#586 = CARTESIAN_POINT('',(-18.,-5.,25.6));
#587 = DIRECTION('',(0.,-0.,-1.));
#588 = DIRECTION('',(1.,-1.110223024625E-16,0.));
#589 = DEFINITIONAL_REPRESENTATION('',(#590),#594);
#590 = LINE('',#591,#592);
#591 = CARTESIAN_POINT('',(0.,-4.4));
#592 = VECTOR('',#593,1.);
#593 = DIRECTION('',(1.,0.));
#594 = ( GEOMETRIC_REPRESENTATION_CONTEXT(2) 
PARAMETRIC_REPRESENTATION_CONTEXT() REPRESENTATION_CONTEXT('2D SPACE',''
  ) );
#595 = FACE_BOUND('',#596,.T.);
#596 = EDGE_LOOP('',(#597,#625,#658,#684));
#597 = ORIENTED_EDGE('',*,*,#598,.F.);
#598 = EDGE_CURVE('',#599,#601,#603,.T.);
#599 = VERTEX_POINT('',#600);
#600 = CARTESIAN_POINT('',(-12.,11.,30.));
#601 = VERTEX_POINT('',#602);
#602 = CARTESIAN_POINT('',(-12.,-5.,30.));
#603 = SURFACE_CURVE('',#604,(#608,#614),.PCURVE_S1.);
#604 = LINE('',#605,#606);
#605 = CARTESIAN_POINT('',(-12.,-13.25,30.));
#606 = VECTOR('',#607,1.);
#607 = DIRECTION('',(-1.110223024625E-16,-1.,0.));
#608 = PCURVE('',#126,#609);
#609 = DEFINITIONAL_REPRESENTATION('',(#610),#613);
#610 = B_SPLINE_CURVE_WITH_KNOTS('',1,(#611,#612),.UNSPECIFIED.,.F.,.F.,
  (2,2),(-24.25,-8.25),.PIECEWISE_BEZIER_KNOTS.);
#611 = CARTESIAN_POINT('',(35.5,32.5));
#612 = CARTESIAN_POINT('',(35.5,16.5));
#613 = ( GEOMETRIC_REPRESENTATION_CONTEXT(2) 
PARAMETRIC_REPRESENTATION_CONTEXT() REPRESENTATION_CONTEXT('2D SPACE',''
  ) );
#614 = PCURVE('',#615,#620);
#615 = PLANE('',#616);
#616 = AXIS2_PLACEMENT_3D('',#617,#618,#619);
#617 = CARTESIAN_POINT('',(-12.,-5.,25.6));
#618 = DIRECTION('',(-1.,1.110223024625E-16,0.));
#619 = DIRECTION('',(1.110223024625E-16,1.,0.));
#620 = DEFINITIONAL_REPRESENTATION('',(#621),#624);
#621 = B_SPLINE_CURVE_WITH_KNOTS('',1,(#622,#623),.UNSPECIFIED.,.F.,.F.,
  (2,2),(-24.25,-8.25),.PIECEWISE_BEZIER_KNOTS.);
#622 = CARTESIAN_POINT('',(16.,-4.4));
#623 = CARTESIAN_POINT('',(0.,-4.4));
#624 = ( GEOMETRIC_REPRESENTATION_CONTEXT(2) 
PARAMETRIC_REPRESENTATION_CONTEXT() REPRESENTATION_CONTEXT('2D SPACE',''
  ) );
#625 = ORIENTED_EDGE('',*,*,#626,.T.);
#626 = EDGE_CURVE('',#599,#627,#629,.T.);
#627 = VERTEX_POINT('',#628);
#628 = CARTESIAN_POINT('',(-6.,11.,30.));
#629 = SURFACE_CURVE('',#630,(#635,#646),.PCURVE_S1.);
#630 = CIRCLE('',#631,3.);
#631 = AXIS2_PLACEMENT_3D('',#632,#633,#634);
#632 = CARTESIAN_POINT('',(-9.,11.,30.));
#633 = DIRECTION('',(0.,0.,-1.));
#634 = DIRECTION('',(-1.,1.110223024625E-16,0.));
#635 = PCURVE('',#126,#636);
#636 = DEFINITIONAL_REPRESENTATION('',(#637),#645);
#637 = ( BOUNDED_CURVE() B_SPLINE_CURVE(2,(#638,#639,#640,#641,#642,#643
,#644),.UNSPECIFIED.,.T.,.F.) B_SPLINE_CURVE_WITH_KNOTS((1,2,2,2,2,1),(
    -2.094395102393,0.,2.094395102393,4.188790204786,6.28318530718,
8.377580409573),.UNSPECIFIED.) CURVE() GEOMETRIC_REPRESENTATION_ITEM() 
RATIONAL_B_SPLINE_CURVE((1.,0.5,1.,0.5,1.,0.5,1.)) REPRESENTATION_ITEM(
  '') );
#638 = CARTESIAN_POINT('',(35.5,32.5));
#639 = CARTESIAN_POINT('',(35.5,37.696152422707));
#640 = CARTESIAN_POINT('',(40.,35.098076211353));
#641 = CARTESIAN_POINT('',(44.5,32.5));
#642 = CARTESIAN_POINT('',(40.,29.901923788647));
#643 = CARTESIAN_POINT('',(35.5,27.303847577293));
#644 = CARTESIAN_POINT('',(35.5,32.5));
#645 = ( GEOMETRIC_REPRESENTATION_CONTEXT(2) 
PARAMETRIC_REPRESENTATION_CONTEXT() REPRESENTATION_CONTEXT('2D SPACE',''
  ) );
#646 = PCURVE('',#647,#652);
#647 = CYLINDRICAL_SURFACE('',#648,3.);
#648 = AXIS2_PLACEMENT_3D('',#649,#650,#651);
#649 = CARTESIAN_POINT('',(-9.,11.,25.6));
#650 = DIRECTION('',(0.,0.,-1.));
#651 = DIRECTION('',(-1.,1.110223024625E-16,0.));
#652 = DEFINITIONAL_REPRESENTATION('',(#653),#657);
#653 = LINE('',#654,#655);
#654 = CARTESIAN_POINT('',(0.,-4.4));
#655 = VECTOR('',#656,1.);
#656 = DIRECTION('',(1.,0.));
#657 = ( GEOMETRIC_REPRESENTATION_CONTEXT(2) 
PARAMETRIC_REPRESENTATION_CONTEXT() REPRESENTATION_CONTEXT('2D SPACE',''
  ) );
#658 = ORIENTED_EDGE('',*,*,#659,.F.);
#659 = EDGE_CURVE('',#660,#627,#662,.T.);
#660 = VERTEX_POINT('',#661);
#661 = CARTESIAN_POINT('',(-6.,-5.,30.));
#662 = SURFACE_CURVE('',#663,(#667,#673),.PCURVE_S1.);
#663 = LINE('',#664,#665);
#664 = CARTESIAN_POINT('',(-6.,-5.25,30.));
#665 = VECTOR('',#666,1.);
#666 = DIRECTION('',(1.110223024625E-16,1.,-0.));
#667 = PCURVE('',#126,#668);
#668 = DEFINITIONAL_REPRESENTATION('',(#669),#672);
#669 = B_SPLINE_CURVE_WITH_KNOTS('',1,(#670,#671),.UNSPECIFIED.,.F.,.F.,
  (2,2),(0.25,16.25),.PIECEWISE_BEZIER_KNOTS.);
#670 = CARTESIAN_POINT('',(41.5,16.5));
#671 = CARTESIAN_POINT('',(41.5,32.5));
#672 = ( GEOMETRIC_REPRESENTATION_CONTEXT(2) 
PARAMETRIC_REPRESENTATION_CONTEXT() REPRESENTATION_CONTEXT('2D SPACE',''
  ) );
#673 = PCURVE('',#674,#679);
#674 = PLANE('',#675);
#675 = AXIS2_PLACEMENT_3D('',#676,#677,#678);
#676 = CARTESIAN_POINT('',(-6.,11.,25.6));
#677 = DIRECTION('',(1.,-1.110223024625E-16,0.));
#678 = DIRECTION('',(-1.110223024625E-16,-1.,0.));
#679 = DEFINITIONAL_REPRESENTATION('',(#680),#683);
#680 = B_SPLINE_CURVE_WITH_KNOTS('',1,(#681,#682),.UNSPECIFIED.,.F.,.F.,
  (2,2),(0.25,16.25),.PIECEWISE_BEZIER_KNOTS.);
#681 = CARTESIAN_POINT('',(16.,-4.4));
#682 = CARTESIAN_POINT('',(0.,-4.4));
#683 = ( GEOMETRIC_REPRESENTATION_CONTEXT(2) 
PARAMETRIC_REPRESENTATION_CONTEXT() REPRESENTATION_CONTEXT('2D SPACE',''
  ) );
#684 = ORIENTED_EDGE('',*,*,#685,.T.);
#685 = EDGE_CURVE('',#660,#601,#686,.T.);
#686 = SURFACE_CURVE('',#687,(#692,#703),.PCURVE_S1.);
#687 = CIRCLE('',#688,3.);
#688 = AXIS2_PLACEMENT_3D('',#689,#690,#691);
#689 = CARTESIAN_POINT('',(-9.,-5.,30.));
#690 = DIRECTION('',(0.,-0.,-1.));
#691 = DIRECTION('',(1.,-1.110223024625E-16,0.));
#692 = PCURVE('',#126,#693);
#693 = DEFINITIONAL_REPRESENTATION('',(#694),#702);
#694 = ( BOUNDED_CURVE() B_SPLINE_CURVE(2,(#695,#696,#697,#698,#699,#700
,#701),.UNSPECIFIED.,.T.,.F.) B_SPLINE_CURVE_WITH_KNOTS((1,2,2,2,2,1),(
    -2.094395102393,0.,2.094395102393,4.188790204786,6.28318530718,
8.377580409573),.UNSPECIFIED.) CURVE() GEOMETRIC_REPRESENTATION_ITEM() 
RATIONAL_B_SPLINE_CURVE((1.,0.5,1.,0.5,1.,0.5,1.)) REPRESENTATION_ITEM(
  '') );
#695 = CARTESIAN_POINT('',(41.5,16.5));
#696 = CARTESIAN_POINT('',(41.5,11.303847577293));
#697 = CARTESIAN_POINT('',(37.,13.901923788647));
#698 = CARTESIAN_POINT('',(32.5,16.5));
#699 = CARTESIAN_POINT('',(37.,19.098076211353));
#700 = CARTESIAN_POINT('',(41.5,21.696152422707));
#701 = CARTESIAN_POINT('',(41.5,16.5));
#702 = ( GEOMETRIC_REPRESENTATION_CONTEXT(2) 
PARAMETRIC_REPRESENTATION_CONTEXT() REPRESENTATION_CONTEXT('2D SPACE',''
  ) );
#703 = PCURVE('',#704,#709);
#704 = CYLINDRICAL_SURFACE('',#705,3.);
#705 = AXIS2_PLACEMENT_3D('',#706,#707,#708);
#706 = CARTESIAN_POINT('',(-9.,-5.,25.6));
#707 = DIRECTION('',(0.,-0.,-1.));
#708 = DIRECTION('',(1.,-1.110223024625E-16,0.));
#709 = DEFINITIONAL_REPRESENTATION('',(#710),#714);
#710 = LINE('',#711,#712);
#711 = CARTESIAN_POINT('',(0.,-4.4));
#712 = VECTOR('',#713,1.);
#713 = DIRECTION('',(1.,0.));
#714 = ( GEOMETRIC_REPRESENTATION_CONTEXT(2) 
PARAMETRIC_REPRESENTATION_CONTEXT() REPRESENTATION_CONTEXT('2D SPACE',''
  ) );
#715 = FACE_BOUND('',#716,.T.);
#716 = EDGE_LOOP('',(#717,#745,#778,#804));
#717 = ORIENTED_EDGE('',*,*,#718,.F.);
#718 = EDGE_CURVE('',#719,#721,#723,.T.);
#719 = VERTEX_POINT('',#720);
#720 = CARTESIAN_POINT('',(-3.,11.,30.));
#721 = VERTEX_POINT('',#722);
#722 = CARTESIAN_POINT('',(-3.,-5.,30.));
#723 = SURFACE_CURVE('',#724,(#728,#734),.PCURVE_S1.);
#724 = LINE('',#725,#726);
#725 = CARTESIAN_POINT('',(-3.,-13.25,30.));
#726 = VECTOR('',#727,1.);
#727 = DIRECTION('',(-1.110223024625E-16,-1.,0.));
#728 = PCURVE('',#126,#729);
#729 = DEFINITIONAL_REPRESENTATION('',(#730),#733);
#730 = B_SPLINE_CURVE_WITH_KNOTS('',1,(#731,#732),.UNSPECIFIED.,.F.,.F.,
  (2,2),(-24.25,-8.25),.PIECEWISE_BEZIER_KNOTS.);
#731 = CARTESIAN_POINT('',(44.5,32.5));
#732 = CARTESIAN_POINT('',(44.5,16.5));
#733 = ( GEOMETRIC_REPRESENTATION_CONTEXT(2) 
PARAMETRIC_REPRESENTATION_CONTEXT() REPRESENTATION_CONTEXT('2D SPACE',''
  ) );
#734 = PCURVE('',#735,#740);
#735 = PLANE('',#736);
#736 = AXIS2_PLACEMENT_3D('',#737,#738,#739);
#737 = CARTESIAN_POINT('',(-3.,-5.,25.6));
#738 = DIRECTION('',(-1.,1.110223024625E-16,0.));
#739 = DIRECTION('',(1.110223024625E-16,1.,0.));
#740 = DEFINITIONAL_REPRESENTATION('',(#741),#744);
#741 = B_SPLINE_CURVE_WITH_KNOTS('',1,(#742,#743),.UNSPECIFIED.,.F.,.F.,
  (2,2),(-24.25,-8.25),.PIECEWISE_BEZIER_KNOTS.);
#742 = CARTESIAN_POINT('',(16.,-4.4));
#743 = CARTESIAN_POINT('',(0.,-4.4));
#744 = ( GEOMETRIC_REPRESENTATION_CONTEXT(2) 
PARAMETRIC_REPRESENTATION_CONTEXT() REPRESENTATION_CONTEXT('2D SPACE',''
  ) );
#745 = ORIENTED_EDGE('',*,*,#746,.T.);
#746 = EDGE_CURVE('',#719,#747,#749,.T.);
#747 = VERTEX_POINT('',#748);
#748 = CARTESIAN_POINT('',(3.,11.,30.));
#749 = SURFACE_CURVE('',#750,(#755,#766),.PCURVE_S1.);
#750 = CIRCLE('',#751,3.);
#751 = AXIS2_PLACEMENT_3D('',#752,#753,#754);
#752 = CARTESIAN_POINT('',(8.881784197001E-16,11.,30.));
#753 = DIRECTION('',(0.,0.,-1.));
#754 = DIRECTION('',(-1.,1.110223024625E-16,0.));
#755 = PCURVE('',#126,#756);
#756 = DEFINITIONAL_REPRESENTATION('',(#757),#765);
#757 = ( BOUNDED_CURVE() B_SPLINE_CURVE(2,(#758,#759,#760,#761,#762,#763
,#764),.UNSPECIFIED.,.T.,.F.) B_SPLINE_CURVE_WITH_KNOTS((1,2,2,2,2,1),(
    -2.094395102393,0.,2.094395102393,4.188790204786,6.28318530718,
8.377580409573),.UNSPECIFIED.) CURVE() GEOMETRIC_REPRESENTATION_ITEM() 
RATIONAL_B_SPLINE_CURVE((1.,0.5,1.,0.5,1.,0.5,1.)) REPRESENTATION_ITEM(
  '') );
#758 = CARTESIAN_POINT('',(44.5,32.5));
#759 = CARTESIAN_POINT('',(44.5,37.696152422707));
#760 = CARTESIAN_POINT('',(49.,35.098076211353));
#761 = CARTESIAN_POINT('',(53.5,32.5));
#762 = CARTESIAN_POINT('',(49.,29.901923788647));
#763 = CARTESIAN_POINT('',(44.5,27.303847577293));
#764 = CARTESIAN_POINT('',(44.5,32.5));
#765 = ( GEOMETRIC_REPRESENTATION_CONTEXT(2) 
PARAMETRIC_REPRESENTATION_CONTEXT() REPRESENTATION_CONTEXT('2D SPACE',''
  ) );
#766 = PCURVE('',#767,#772);
#767 = CYLINDRICAL_SURFACE('',#768,3.);
#768 = AXIS2_PLACEMENT_3D('',#769,#770,#771);
#769 = CARTESIAN_POINT('',(8.881784197001E-16,11.,25.6));
#770 = DIRECTION('',(0.,0.,-1.));
#771 = DIRECTION('',(-1.,1.110223024625E-16,0.));
#772 = DEFINITIONAL_REPRESENTATION('',(#773),#777);
#773 = LINE('',#774,#775);
#774 = CARTESIAN_POINT('',(0.,-4.4));
#775 = VECTOR('',#776,1.);
#776 = DIRECTION('',(1.,0.));
#777 = ( GEOMETRIC_REPRESENTATION_CONTEXT(2) 
PARAMETRIC_REPRESENTATION_CONTEXT() REPRESENTATION_CONTEXT('2D SPACE',''
  ) );
#778 = ORIENTED_EDGE('',*,*,#779,.F.);
#779 = EDGE_CURVE('',#780,#747,#782,.T.);
#780 = VERTEX_POINT('',#781);
#781 = CARTESIAN_POINT('',(3.,-5.,30.));
#782 = SURFACE_CURVE('',#783,(#787,#793),.PCURVE_S1.);
#783 = LINE('',#784,#785);
#784 = CARTESIAN_POINT('',(3.,-5.25,30.));
#785 = VECTOR('',#786,1.);
#786 = DIRECTION('',(1.110223024625E-16,1.,-0.));
#787 = PCURVE('',#126,#788);
#788 = DEFINITIONAL_REPRESENTATION('',(#789),#792);
#789 = B_SPLINE_CURVE_WITH_KNOTS('',1,(#790,#791),.UNSPECIFIED.,.F.,.F.,
  (2,2),(0.25,16.25),.PIECEWISE_BEZIER_KNOTS.);
#790 = CARTESIAN_POINT('',(50.5,16.5));
#791 = CARTESIAN_POINT('',(50.5,32.5));
#792 = ( GEOMETRIC_REPRESENTATION_CONTEXT(2) 
PARAMETRIC_REPRESENTATION_CONTEXT() REPRESENTATION_CONTEXT('2D SPACE',''
  ) );
#793 = PCURVE('',#794,#799);
#794 = PLANE('',#795);
#795 = AXIS2_PLACEMENT_3D('',#796,#797,#798);
#796 = CARTESIAN_POINT('',(3.,11.,25.6));
#797 = DIRECTION('',(1.,-1.110223024625E-16,0.));
#798 = DIRECTION('',(-1.110223024625E-16,-1.,0.));
#799 = DEFINITIONAL_REPRESENTATION('',(#800),#803);
#800 = B_SPLINE_CURVE_WITH_KNOTS('',1,(#801,#802),.UNSPECIFIED.,.F.,.F.,
  (2,2),(0.25,16.25),.PIECEWISE_BEZIER_KNOTS.);
#801 = CARTESIAN_POINT('',(16.,-4.4));
#802 = CARTESIAN_POINT('',(0.,-4.4));
#803 = ( GEOMETRIC_REPRESENTATION_CONTEXT(2) 
PARAMETRIC_REPRESENTATION_CONTEXT() REPRESENTATION_CONTEXT('2D SPACE',''
  ) );
#804 = ORIENTED_EDGE('',*,*,#805,.T.);
#805 = EDGE_CURVE('',#780,#721,#806,.T.);
#806 = SURFACE_CURVE('',#807,(#812,#823),.PCURVE_S1.);
#807 = CIRCLE('',#808,3.);
#808 = AXIS2_PLACEMENT_3D('',#809,#810,#811);
#809 = CARTESIAN_POINT('',(-8.881784197001E-16,-5.,30.));
#810 = DIRECTION('',(0.,-0.,-1.));
#811 = DIRECTION('',(1.,-1.110223024625E-16,0.));
#812 = PCURVE('',#126,#813);
#813 = DEFINITIONAL_REPRESENTATION('',(#814),#822);
#814 = ( BOUNDED_CURVE() B_SPLINE_CURVE(2,(#815,#816,#817,#818,#819,#820
,#821),.UNSPECIFIED.,.T.,.F.) B_SPLINE_CURVE_WITH_KNOTS((1,2,2,2,2,1),(
    -2.094395102393,0.,2.094395102393,4.188790204786,6.28318530718,
8.377580409573),.UNSPECIFIED.) CURVE() GEOMETRIC_REPRESENTATION_ITEM() 
RATIONAL_B_SPLINE_CURVE((1.,0.5,1.,0.5,1.,0.5,1.)) REPRESENTATION_ITEM(
  '') );
#815 = CARTESIAN_POINT('',(50.5,16.5));
#816 = CARTESIAN_POINT('',(50.5,11.303847577293));
#817 = CARTESIAN_POINT('',(46.,13.901923788647));
#818 = CARTESIAN_POINT('',(41.5,16.5));
#819 = CARTESIAN_POINT('',(46.,19.098076211353));
#820 = CARTESIAN_POINT('',(50.5,21.696152422707));
#821 = CARTESIAN_POINT('',(50.5,16.5));
#822 = ( GEOMETRIC_REPRESENTATION_CONTEXT(2) 
PARAMETRIC_REPRESENTATION_CONTEXT() REPRESENTATION_CONTEXT('2D SPACE',''
  ) );
#823 = PCURVE('',#824,#829);
#824 = CYLINDRICAL_SURFACE('',#825,3.);
#825 = AXIS2_PLACEMENT_3D('',#826,#827,#828);
#826 = CARTESIAN_POINT('',(-8.881784197001E-16,-5.,25.6));
#827 = DIRECTION('',(0.,-0.,-1.));
#828 = DIRECTION('',(1.,-1.110223024625E-16,0.));
#829 = DEFINITIONAL_REPRESENTATION('',(#830),#834);
#830 = LINE('',#831,#832);
#831 = CARTESIAN_POINT('',(0.,-4.4));
#832 = VECTOR('',#833,1.);
#833 = DIRECTION('',(1.,0.));
#834 = ( GEOMETRIC_REPRESENTATION_CONTEXT(2) 
PARAMETRIC_REPRESENTATION_CONTEXT() REPRESENTATION_CONTEXT('2D SPACE',''
  ) );
#835 = FACE_BOUND('',#836,.T.);
#836 = EDGE_LOOP('',(#837,#865,#898,#924));
#837 = ORIENTED_EDGE('',*,*,#838,.F.);
#838 = EDGE_CURVE('',#839,#841,#843,.T.);
#839 = VERTEX_POINT('',#840);
#840 = CARTESIAN_POINT('',(6.,11.,30.));
#841 = VERTEX_POINT('',#842);
#842 = CARTESIAN_POINT('',(6.,-5.,30.));
#843 = SURFACE_CURVE('',#844,(#848,#854),.PCURVE_S1.);
#844 = LINE('',#845,#846);
#845 = CARTESIAN_POINT('',(6.,-13.25,30.));
#846 = VECTOR('',#847,1.);
#847 = DIRECTION('',(-1.110223024625E-16,-1.,0.));
#848 = PCURVE('',#126,#849);
#849 = DEFINITIONAL_REPRESENTATION('',(#850),#853);
#850 = B_SPLINE_CURVE_WITH_KNOTS('',1,(#851,#852),.UNSPECIFIED.,.F.,.F.,
  (2,2),(-24.25,-8.25),.PIECEWISE_BEZIER_KNOTS.);
#851 = CARTESIAN_POINT('',(53.5,32.5));
#852 = CARTESIAN_POINT('',(53.5,16.5));
#853 = ( GEOMETRIC_REPRESENTATION_CONTEXT(2) 
PARAMETRIC_REPRESENTATION_CONTEXT() REPRESENTATION_CONTEXT('2D SPACE',''
  ) );
#854 = PCURVE('',#855,#860);
#855 = PLANE('',#856);
#856 = AXIS2_PLACEMENT_3D('',#857,#858,#859);
#857 = CARTESIAN_POINT('',(6.,-5.,25.6));
#858 = DIRECTION('',(-1.,1.110223024625E-16,0.));
#859 = DIRECTION('',(1.110223024625E-16,1.,0.));
#860 = DEFINITIONAL_REPRESENTATION('',(#861),#864);
#861 = B_SPLINE_CURVE_WITH_KNOTS('',1,(#862,#863),.UNSPECIFIED.,.F.,.F.,
  (2,2),(-24.25,-8.25),.PIECEWISE_BEZIER_KNOTS.);
#862 = CARTESIAN_POINT('',(16.,-4.4));
#863 = CARTESIAN_POINT('',(0.,-4.4));
#864 = ( GEOMETRIC_REPRESENTATION_CONTEXT(2) 
PARAMETRIC_REPRESENTATION_CONTEXT() REPRESENTATION_CONTEXT('2D SPACE',''
  ) );
#865 = ORIENTED_EDGE('',*,*,#866,.T.);
#866 = EDGE_CURVE('',#839,#867,#869,.T.);
#867 = VERTEX_POINT('',#868);
#868 = CARTESIAN_POINT('',(12.,11.,30.));
#869 = SURFACE_CURVE('',#870,(#875,#886),.PCURVE_S1.);
#870 = CIRCLE('',#871,3.);
#871 = AXIS2_PLACEMENT_3D('',#872,#873,#874);
#872 = CARTESIAN_POINT('',(9.,11.,30.));
#873 = DIRECTION('',(0.,0.,-1.));
#874 = DIRECTION('',(-1.,1.110223024625E-16,0.));
#875 = PCURVE('',#126,#876);
#876 = DEFINITIONAL_REPRESENTATION('',(#877),#885);
#877 = ( BOUNDED_CURVE() B_SPLINE_CURVE(2,(#878,#879,#880,#881,#882,#883
,#884),.UNSPECIFIED.,.T.,.F.) B_SPLINE_CURVE_WITH_KNOTS((1,2,2,2,2,1),(
    -2.094395102393,0.,2.094395102393,4.188790204786,6.28318530718,
8.377580409573),.UNSPECIFIED.) CURVE() GEOMETRIC_REPRESENTATION_ITEM() 
RATIONAL_B_SPLINE_CURVE((1.,0.5,1.,0.5,1.,0.5,1.)) REPRESENTATION_ITEM(
  '') );
#878 = CARTESIAN_POINT('',(53.5,32.5));
#879 = CARTESIAN_POINT('',(53.5,37.696152422707));
#880 = CARTESIAN_POINT('',(58.,35.098076211353));
#881 = CARTESIAN_POINT('',(62.5,32.5));
#882 = CARTESIAN_POINT('',(58.,29.901923788647));
#883 = CARTESIAN_POINT('',(53.5,27.303847577293));
#884 = CARTESIAN_POINT('',(53.5,32.5));
#885 = ( GEOMETRIC_REPRESENTATION_CONTEXT(2) 
PARAMETRIC_REPRESENTATION_CONTEXT() REPRESENTATION_CONTEXT('2D SPACE',''
  ) );
#886 = PCURVE('',#887,#892);
#887 = CYLINDRICAL_SURFACE('',#888,3.);
#888 = AXIS2_PLACEMENT_3D('',#889,#890,#891);
#889 = CARTESIAN_POINT('',(9.,11.,25.6));
#890 = DIRECTION('',(0.,0.,-1.));
#891 = DIRECTION('',(-1.,1.110223024625E-16,0.));
#892 = DEFINITIONAL_REPRESENTATION('',(#893),#897);
#893 = LINE('',#894,#895);
#894 = CARTESIAN_POINT('',(0.,-4.4));
#895 = VECTOR('',#896,1.);
#896 = DIRECTION('',(1.,0.));
#897 = ( GEOMETRIC_REPRESENTATION_CONTEXT(2) 
PARAMETRIC_REPRESENTATION_CONTEXT() REPRESENTATION_CONTEXT('2D SPACE',''
  ) );
#898 = ORIENTED_EDGE('',*,*,#899,.F.);
#899 = EDGE_CURVE('',#900,#867,#902,.T.);
#900 = VERTEX_POINT('',#901);
#901 = CARTESIAN_POINT('',(12.,-5.,30.));
#902 = SURFACE_CURVE('',#903,(#907,#913),.PCURVE_S1.);
#903 = LINE('',#904,#905);
#904 = CARTESIAN_POINT('',(12.,-5.25,30.));
#905 = VECTOR('',#906,1.);
#906 = DIRECTION('',(1.110223024625E-16,1.,-0.));
#907 = PCURVE('',#126,#908);
#908 = DEFINITIONAL_REPRESENTATION('',(#909),#912);
#909 = B_SPLINE_CURVE_WITH_KNOTS('',1,(#910,#911),.UNSPECIFIED.,.F.,.F.,
  (2,2),(0.25,16.25),.PIECEWISE_BEZIER_KNOTS.);
#910 = CARTESIAN_POINT('',(59.5,16.5));
#911 = CARTESIAN_POINT('',(59.5,32.5));
#912 = ( GEOMETRIC_REPRESENTATION_CONTEXT(2) 
PARAMETRIC_REPRESENTATION_CONTEXT() REPRESENTATION_CONTEXT('2D SPACE',''
  ) );
#913 = PCURVE('',#914,#919);
#914 = PLANE('',#915);
#915 = AXIS2_PLACEMENT_3D('',#916,#917,#918);
#916 = CARTESIAN_POINT('',(12.,11.,25.6));
#917 = DIRECTION('',(1.,-1.110223024625E-16,0.));
#918 = DIRECTION('',(-1.110223024625E-16,-1.,0.));
#919 = DEFINITIONAL_REPRESENTATION('',(#920),#923);
#920 = B_SPLINE_CURVE_WITH_KNOTS('',1,(#921,#922),.UNSPECIFIED.,.F.,.F.,
  (2,2),(0.25,16.25),.PIECEWISE_BEZIER_KNOTS.);
#921 = CARTESIAN_POINT('',(16.,-4.4));
#922 = CARTESIAN_POINT('',(0.,-4.4));
#923 = ( GEOMETRIC_REPRESENTATION_CONTEXT(2) 
PARAMETRIC_REPRESENTATION_CONTEXT() REPRESENTATION_CONTEXT('2D SPACE',''
  ) );
#924 = ORIENTED_EDGE('',*,*,#925,.T.);
#925 = EDGE_CURVE('',#900,#841,#926,.T.);
#926 = SURFACE_CURVE('',#927,(#932,#943),.PCURVE_S1.);
#927 = CIRCLE('',#928,3.);
#928 = AXIS2_PLACEMENT_3D('',#929,#930,#931);
#929 = CARTESIAN_POINT('',(9.,-5.,30.));
#930 = DIRECTION('',(0.,-0.,-1.));
#931 = DIRECTION('',(1.,-1.110223024625E-16,0.));
#932 = PCURVE('',#126,#933);
#933 = DEFINITIONAL_REPRESENTATION('',(#934),#942);
#934 = ( BOUNDED_CURVE() B_SPLINE_CURVE(2,(#935,#936,#937,#938,#939,#940
,#941),.UNSPECIFIED.,.T.,.F.) B_SPLINE_CURVE_WITH_KNOTS((1,2,2,2,2,1),(
    -2.094395102393,0.,2.094395102393,4.188790204786,6.28318530718,
8.377580409573),.UNSPECIFIED.) CURVE() GEOMETRIC_REPRESENTATION_ITEM() 
RATIONAL_B_SPLINE_CURVE((1.,0.5,1.,0.5,1.,0.5,1.)) REPRESENTATION_ITEM(
  '') );
#935 = CARTESIAN_POINT('',(59.5,16.5));
#936 = CARTESIAN_POINT('',(59.5,11.303847577293));
#937 = CARTESIAN_POINT('',(55.,13.901923788647));
#938 = CARTESIAN_POINT('',(50.5,16.5));
#939 = CARTESIAN_POINT('',(55.,19.098076211353));
#940 = CARTESIAN_POINT('',(59.5,21.696152422707));
#941 = CARTESIAN_POINT('',(59.5,16.5));
#942 = ( GEOMETRIC_REPRESENTATION_CONTEXT(2) 
PARAMETRIC_REPRESENTATION_CONTEXT() REPRESENTATION_CONTEXT('2D SPACE',''
  ) );
#943 = PCURVE('',#944,#949);
#944 = CYLINDRICAL_SURFACE('',#945,3.);
#945 = AXIS2_PLACEMENT_3D('',#946,#947,#948);
#946 = CARTESIAN_POINT('',(9.,-5.,25.6));
#947 = DIRECTION('',(0.,-0.,-1.));
#948 = DIRECTION('',(1.,-1.110223024625E-16,0.));
#949 = DEFINITIONAL_REPRESENTATION('',(#950),#954);
#950 = LINE('',#951,#952);
#951 = CARTESIAN_POINT('',(0.,-4.4));
#952 = VECTOR('',#953,1.);
#953 = DIRECTION('',(1.,0.));
#954 = ( GEOMETRIC_REPRESENTATION_CONTEXT(2) 
PARAMETRIC_REPRESENTATION_CONTEXT() REPRESENTATION_CONTEXT('2D SPACE',''
  ) );
#955 = FACE_BOUND('',#956,.T.);
#956 = EDGE_LOOP('',(#957,#985,#1018,#1044));
#957 = ORIENTED_EDGE('',*,*,#958,.F.);
#958 = EDGE_CURVE('',#959,#961,#963,.T.);
#959 = VERTEX_POINT('',#960);
#960 = CARTESIAN_POINT('',(15.,11.,30.));
#961 = VERTEX_POINT('',#962);
#962 = CARTESIAN_POINT('',(15.,-5.,30.));
#963 = SURFACE_CURVE('',#964,(#968,#974),.PCURVE_S1.);
#964 = LINE('',#965,#966);
#965 = CARTESIAN_POINT('',(15.,-13.25,30.));
#966 = VECTOR('',#967,1.);
#967 = DIRECTION('',(-1.110223024625E-16,-1.,0.));
#968 = PCURVE('',#126,#969);
#969 = DEFINITIONAL_REPRESENTATION('',(#970),#973);
#970 = B_SPLINE_CURVE_WITH_KNOTS('',1,(#971,#972),.UNSPECIFIED.,.F.,.F.,
  (2,2),(-24.25,-8.25),.PIECEWISE_BEZIER_KNOTS.);
#971 = CARTESIAN_POINT('',(62.5,32.5));
#972 = CARTESIAN_POINT('',(62.5,16.5));
#973 = ( GEOMETRIC_REPRESENTATION_CONTEXT(2) 
PARAMETRIC_REPRESENTATION_CONTEXT() REPRESENTATION_CONTEXT('2D SPACE',''
  ) );
#974 = PCURVE('',#975,#980);
#975 = PLANE('',#976);
#976 = AXIS2_PLACEMENT_3D('',#977,#978,#979);
#977 = CARTESIAN_POINT('',(15.,-5.,25.6));
#978 = DIRECTION('',(-1.,1.110223024625E-16,0.));
#979 = DIRECTION('',(1.110223024625E-16,1.,0.));
#980 = DEFINITIONAL_REPRESENTATION('',(#981),#984);
#981 = B_SPLINE_CURVE_WITH_KNOTS('',1,(#982,#983),.UNSPECIFIED.,.F.,.F.,
  (2,2),(-24.25,-8.25),.PIECEWISE_BEZIER_KNOTS.);
#982 = CARTESIAN_POINT('',(16.,-4.4));
#983 = CARTESIAN_POINT('',(0.,-4.4));
#984 = ( GEOMETRIC_REPRESENTATION_CONTEXT(2) 
PARAMETRIC_REPRESENTATION_CONTEXT() REPRESENTATION_CONTEXT('2D SPACE',''
  ) );
#985 = ORIENTED_EDGE('',*,*,#986,.T.);
#986 = EDGE_CURVE('',#959,#987,#989,.T.);
#987 = VERTEX_POINT('',#988);
#988 = CARTESIAN_POINT('',(21.,11.,30.));
#989 = SURFACE_CURVE('',#990,(#995,#1006),.PCURVE_S1.);
#990 = CIRCLE('',#991,3.);
#991 = AXIS2_PLACEMENT_3D('',#992,#993,#994);
#992 = CARTESIAN_POINT('',(18.,11.,30.));
#993 = DIRECTION('',(0.,0.,-1.));
#994 = DIRECTION('',(-1.,1.110223024625E-16,0.));
#995 = PCURVE('',#126,#996);
#996 = DEFINITIONAL_REPRESENTATION('',(#997),#1005);
#997 = ( BOUNDED_CURVE() B_SPLINE_CURVE(2,(#998,#999,#1000,#1001,#1002,
#1003,#1004),.UNSPECIFIED.,.T.,.F.) B_SPLINE_CURVE_WITH_KNOTS((1,2,2,2,2
    ,1),(-2.094395102393,0.,2.094395102393,4.188790204786,6.28318530718,
8.377580409573),.UNSPECIFIED.) CURVE() GEOMETRIC_REPRESENTATION_ITEM() 
RATIONAL_B_SPLINE_CURVE((1.,0.5,1.,0.5,1.,0.5,1.)) REPRESENTATION_ITEM(
  '') );
#998 = CARTESIAN_POINT('',(62.5,32.5));
#999 = CARTESIAN_POINT('',(62.5,37.696152422707));
#1000 = CARTESIAN_POINT('',(67.,35.098076211353));
#1001 = CARTESIAN_POINT('',(71.5,32.5));
#1002 = CARTESIAN_POINT('',(67.,29.901923788647));
#1003 = CARTESIAN_POINT('',(62.5,27.303847577293));
#1004 = CARTESIAN_POINT('',(62.5,32.5));
#1005 = ( GEOMETRIC_REPRESENTATION_CONTEXT(2) 
PARAMETRIC_REPRESENTATION_CONTEXT() REPRESENTATION_CONTEXT('2D SPACE',''
  ) );
#1006 = PCURVE('',#1007,#1012);
#1007 = CYLINDRICAL_SURFACE('',#1008,3.);
#1008 = AXIS2_PLACEMENT_3D('',#1009,#1010,#1011);
#1009 = CARTESIAN_POINT('',(18.,11.,25.6));
#1010 = DIRECTION('',(0.,0.,-1.));
#1011 = DIRECTION('',(-1.,1.110223024625E-16,0.));
#1012 = DEFINITIONAL_REPRESENTATION('',(#1013),#1017);
#1013 = LINE('',#1014,#1015);
#1014 = CARTESIAN_POINT('',(0.,-4.4));
#1015 = VECTOR('',#1016,1.);
#1016 = DIRECTION('',(1.,0.));
#1017 = ( GEOMETRIC_REPRESENTATION_CONTEXT(2) 
PARAMETRIC_REPRESENTATION_CONTEXT() REPRESENTATION_CONTEXT('2D SPACE',''
  ) );
#1018 = ORIENTED_EDGE('',*,*,#1019,.F.);
#1019 = EDGE_CURVE('',#1020,#987,#1022,.T.);
#1020 = VERTEX_POINT('',#1021);
#1021 = CARTESIAN_POINT('',(21.,-5.,30.));
#1022 = SURFACE_CURVE('',#1023,(#1027,#1033),.PCURVE_S1.);
#1023 = LINE('',#1024,#1025);
#1024 = CARTESIAN_POINT('',(21.,-5.25,30.));
#1025 = VECTOR('',#1026,1.);
#1026 = DIRECTION('',(1.110223024625E-16,1.,-0.));
#1027 = PCURVE('',#126,#1028);
#1028 = DEFINITIONAL_REPRESENTATION('',(#1029),#1032);
#1029 = B_SPLINE_CURVE_WITH_KNOTS('',1,(#1030,#1031),.UNSPECIFIED.,.F.,
  .F.,(2,2),(0.25,16.25),.PIECEWISE_BEZIER_KNOTS.);
#1030 = CARTESIAN_POINT('',(68.5,16.5));
#1031 = CARTESIAN_POINT('',(68.5,32.5));
#1032 = ( GEOMETRIC_REPRESENTATION_CONTEXT(2) 
PARAMETRIC_REPRESENTATION_CONTEXT() REPRESENTATION_CONTEXT('2D SPACE',''
  ) );
#1033 = PCURVE('',#1034,#1039);
#1034 = PLANE('',#1035);
#1035 = AXIS2_PLACEMENT_3D('',#1036,#1037,#1038);
#1036 = CARTESIAN_POINT('',(21.,11.,25.6));
#1037 = DIRECTION('',(1.,-1.110223024625E-16,0.));
#1038 = DIRECTION('',(-1.110223024625E-16,-1.,0.));
#1039 = DEFINITIONAL_REPRESENTATION('',(#1040),#1043);
#1040 = B_SPLINE_CURVE_WITH_KNOTS('',1,(#1041,#1042),.UNSPECIFIED.,.F.,
  .F.,(2,2),(0.25,16.25),.PIECEWISE_BEZIER_KNOTS.);
#1041 = CARTESIAN_POINT('',(16.,-4.4));
#1042 = CARTESIAN_POINT('',(0.,-4.4));
#1043 = ( GEOMETRIC_REPRESENTATION_CONTEXT(2) 
PARAMETRIC_REPRESENTATION_CONTEXT() REPRESENTATION_CONTEXT('2D SPACE',''
  ) );
#1044 = ORIENTED_EDGE('',*,*,#1045,.T.);
#1045 = EDGE_CURVE('',#1020,#961,#1046,.T.);
#1046 = SURFACE_CURVE('',#1047,(#1052,#1063),.PCURVE_S1.);
#1047 = CIRCLE('',#1048,3.);
#1048 = AXIS2_PLACEMENT_3D('',#1049,#1050,#1051);
#1049 = CARTESIAN_POINT('',(18.,-5.,30.));
#1050 = DIRECTION('',(0.,-0.,-1.));
#1051 = DIRECTION('',(1.,-1.110223024625E-16,0.));
#1052 = PCURVE('',#126,#1053);
#1053 = DEFINITIONAL_REPRESENTATION('',(#1054),#1062);
#1054 = ( BOUNDED_CURVE() B_SPLINE_CURVE(2,(#1055,#1056,#1057,#1058,
#1059,#1060,#1061),.UNSPECIFIED.,.T.,.F.) B_SPLINE_CURVE_WITH_KNOTS((1,2
    ,2,2,2,1),(-2.094395102393,0.,2.094395102393,4.188790204786,
6.28318530718,8.377580409573),.UNSPECIFIED.) CURVE() 
GEOMETRIC_REPRESENTATION_ITEM() RATIONAL_B_SPLINE_CURVE((1.,0.5,1.,0.5,
1.,0.5,1.)) REPRESENTATION_ITEM('') );
#1055 = CARTESIAN_POINT('',(68.5,16.5));
#1056 = CARTESIAN_POINT('',(68.5,11.303847577293));
#1057 = CARTESIAN_POINT('',(64.,13.901923788647));
#1058 = CARTESIAN_POINT('',(59.5,16.5));
#1059 = CARTESIAN_POINT('',(64.,19.098076211353));
#1060 = CARTESIAN_POINT('',(68.5,21.696152422707));
#1061 = CARTESIAN_POINT('',(68.5,16.5));
#1062 = ( GEOMETRIC_REPRESENTATION_CONTEXT(2) 
PARAMETRIC_REPRESENTATION_CONTEXT() REPRESENTATION_CONTEXT('2D SPACE',''
  ) );
#1063 = PCURVE('',#1064,#1069);
#1064 = CYLINDRICAL_SURFACE('',#1065,3.);
#1065 = AXIS2_PLACEMENT_3D('',#1066,#1067,#1068);
#1066 = CARTESIAN_POINT('',(18.,-5.,25.6));
#1067 = DIRECTION('',(0.,-0.,-1.));
#1068 = DIRECTION('',(1.,-1.110223024625E-16,0.));
#1069 = DEFINITIONAL_REPRESENTATION('',(#1070),#1074);
#1070 = LINE('',#1071,#1072);
#1071 = CARTESIAN_POINT('',(0.,-4.4));
#1072 = VECTOR('',#1073,1.);
#1073 = DIRECTION('',(1.,0.));
#1074 = ( GEOMETRIC_REPRESENTATION_CONTEXT(2) 
PARAMETRIC_REPRESENTATION_CONTEXT() REPRESENTATION_CONTEXT('2D SPACE',''
  ) );
#1075 = FACE_BOUND('',#1076,.T.);
#1076 = EDGE_LOOP('',(#1077,#1105,#1138,#1164));
#1077 = ORIENTED_EDGE('',*,*,#1078,.F.);
#1078 = EDGE_CURVE('',#1079,#1081,#1083,.T.);
#1079 = VERTEX_POINT('',#1080);
#1080 = CARTESIAN_POINT('',(24.,11.,30.));
#1081 = VERTEX_POINT('',#1082);
#1082 = CARTESIAN_POINT('',(24.,-5.,30.));
#1083 = SURFACE_CURVE('',#1084,(#1088,#1094),.PCURVE_S1.);
#1084 = LINE('',#1085,#1086);
#1085 = CARTESIAN_POINT('',(24.,-13.25,30.));
#1086 = VECTOR('',#1087,1.);
#1087 = DIRECTION('',(-1.110223024625E-16,-1.,0.));
#1088 = PCURVE('',#126,#1089);
#1089 = DEFINITIONAL_REPRESENTATION('',(#1090),#1093);
#1090 = B_SPLINE_CURVE_WITH_KNOTS('',1,(#1091,#1092),.UNSPECIFIED.,.F.,
  .F.,(2,2),(-24.25,-8.25),.PIECEWISE_BEZIER_KNOTS.);
#1091 = CARTESIAN_POINT('',(71.5,32.5));
#1092 = CARTESIAN_POINT('',(71.5,16.5));
#1093 = ( GEOMETRIC_REPRESENTATION_CONTEXT(2) 
PARAMETRIC_REPRESENTATION_CONTEXT() REPRESENTATION_CONTEXT('2D SPACE',''
  ) );
#1094 = PCURVE('',#1095,#1100);
#1095 = PLANE('',#1096);
#1096 = AXIS2_PLACEMENT_3D('',#1097,#1098,#1099);
#1097 = CARTESIAN_POINT('',(24.,-5.,25.6));
#1098 = DIRECTION('',(-1.,1.110223024625E-16,0.));
#1099 = DIRECTION('',(1.110223024625E-16,1.,0.));
#1100 = DEFINITIONAL_REPRESENTATION('',(#1101),#1104);
#1101 = B_SPLINE_CURVE_WITH_KNOTS('',1,(#1102,#1103),.UNSPECIFIED.,.F.,
  .F.,(2,2),(-24.25,-8.25),.PIECEWISE_BEZIER_KNOTS.);
#1102 = CARTESIAN_POINT('',(16.,-4.4));
#1103 = CARTESIAN_POINT('',(0.,-4.4));
#1104 = ( GEOMETRIC_REPRESENTATION_CONTEXT(2) 
PARAMETRIC_REPRESENTATION_CONTEXT() REPRESENTATION_CONTEXT('2D SPACE',''
  ) );
#1105 = ORIENTED_EDGE('',*,*,#1106,.T.);
#1106 = EDGE_CURVE('',#1079,#1107,#1109,.T.);
#1107 = VERTEX_POINT('',#1108);
#1108 = CARTESIAN_POINT('',(30.,11.,30.));
#1109 = SURFACE_CURVE('',#1110,(#1115,#1126),.PCURVE_S1.);
#1110 = CIRCLE('',#1111,3.);
#1111 = AXIS2_PLACEMENT_3D('',#1112,#1113,#1114);
#1112 = CARTESIAN_POINT('',(27.,11.,30.));
#1113 = DIRECTION('',(0.,0.,-1.));
#1114 = DIRECTION('',(-1.,1.110223024625E-16,0.));
#1115 = PCURVE('',#126,#1116);
#1116 = DEFINITIONAL_REPRESENTATION('',(#1117),#1125);
#1117 = ( BOUNDED_CURVE() B_SPLINE_CURVE(2,(#1118,#1119,#1120,#1121,
#1122,#1123,#1124),.UNSPECIFIED.,.T.,.F.) B_SPLINE_CURVE_WITH_KNOTS((1,2
    ,2,2,2,1),(-2.094395102393,0.,2.094395102393,4.188790204786,
6.28318530718,8.377580409573),.UNSPECIFIED.) CURVE() 
GEOMETRIC_REPRESENTATION_ITEM() RATIONAL_B_SPLINE_CURVE((1.,0.5,1.,0.5,
1.,0.5,1.)) REPRESENTATION_ITEM('') );
#1118 = CARTESIAN_POINT('',(71.5,32.5));
#1119 = CARTESIAN_POINT('',(71.5,37.696152422707));
#1120 = CARTESIAN_POINT('',(76.,35.098076211353));
#1121 = CARTESIAN_POINT('',(80.5,32.5));
#1122 = CARTESIAN_POINT('',(76.,29.901923788647));
#1123 = CARTESIAN_POINT('',(71.5,27.303847577293));
#1124 = CARTESIAN_POINT('',(71.5,32.5));
#1125 = ( GEOMETRIC_REPRESENTATION_CONTEXT(2) 
PARAMETRIC_REPRESENTATION_CONTEXT() REPRESENTATION_CONTEXT('2D SPACE',''
  ) );
#1126 = PCURVE('',#1127,#1132);
#1127 = CYLINDRICAL_SURFACE('',#1128,3.);
#1128 = AXIS2_PLACEMENT_3D('',#1129,#1130,#1131);
#1129 = CARTESIAN_POINT('',(27.,11.,25.6));
#1130 = DIRECTION('',(0.,0.,-1.));
#1131 = DIRECTION('',(-1.,1.110223024625E-16,0.));
#1132 = DEFINITIONAL_REPRESENTATION('',(#1133),#1137);
#1133 = LINE('',#1134,#1135);
#1134 = CARTESIAN_POINT('',(0.,-4.4));
#1135 = VECTOR('',#1136,1.);
#1136 = DIRECTION('',(1.,0.));
#1137 = ( GEOMETRIC_REPRESENTATION_CONTEXT(2) 
PARAMETRIC_REPRESENTATION_CONTEXT() REPRESENTATION_CONTEXT('2D SPACE',''
  ) );
#1138 = ORIENTED_EDGE('',*,*,#1139,.F.);
#1139 = EDGE_CURVE('',#1140,#1107,#1142,.T.);
#1140 = VERTEX_POINT('',#1141);
#1141 = CARTESIAN_POINT('',(30.,-5.,30.));
#1142 = SURFACE_CURVE('',#1143,(#1147,#1153),.PCURVE_S1.);
#1143 = LINE('',#1144,#1145);
#1144 = CARTESIAN_POINT('',(30.,-5.25,30.));
#1145 = VECTOR('',#1146,1.);
#1146 = DIRECTION('',(1.110223024625E-16,1.,-0.));
#1147 = PCURVE('',#126,#1148);
#1148 = DEFINITIONAL_REPRESENTATION('',(#1149),#1152);
#1149 = B_SPLINE_CURVE_WITH_KNOTS('',1,(#1150,#1151),.UNSPECIFIED.,.F.,
  .F.,(2,2),(0.25,16.25),.PIECEWISE_BEZIER_KNOTS.);
#1150 = CARTESIAN_POINT('',(77.5,16.5));
#1151 = CARTESIAN_POINT('',(77.5,32.5));
#1152 = ( GEOMETRIC_REPRESENTATION_CONTEXT(2) 
PARAMETRIC_REPRESENTATION_CONTEXT() REPRESENTATION_CONTEXT('2D SPACE',''
  ) );
#1153 = PCURVE('',#1154,#1159);
#1154 = PLANE('',#1155);
#1155 = AXIS2_PLACEMENT_3D('',#1156,#1157,#1158);
#1156 = CARTESIAN_POINT('',(30.,11.,25.6));
#1157 = DIRECTION('',(1.,-1.110223024625E-16,0.));
#1158 = DIRECTION('',(-1.110223024625E-16,-1.,0.));
#1159 = DEFINITIONAL_REPRESENTATION('',(#1160),#1163);
#1160 = B_SPLINE_CURVE_WITH_KNOTS('',1,(#1161,#1162),.UNSPECIFIED.,.F.,
  .F.,(2,2),(0.25,16.25),.PIECEWISE_BEZIER_KNOTS.);
#1161 = CARTESIAN_POINT('',(16.,-4.4));
#1162 = CARTESIAN_POINT('',(0.,-4.4));
#1163 = ( GEOMETRIC_REPRESENTATION_CONTEXT(2) 
PARAMETRIC_REPRESENTATION_CONTEXT() REPRESENTATION_CONTEXT('2D SPACE',''
  ) );
#1164 = ORIENTED_EDGE('',*,*,#1165,.T.);
#1165 = EDGE_CURVE('',#1140,#1081,#1166,.T.);
#1166 = SURFACE_CURVE('',#1167,(#1172,#1183),.PCURVE_S1.);
#1167 = CIRCLE('',#1168,3.);
#1168 = AXIS2_PLACEMENT_3D('',#1169,#1170,#1171);
#1169 = CARTESIAN_POINT('',(27.,-5.,30.));
#1170 = DIRECTION('',(0.,-0.,-1.));
#1171 = DIRECTION('',(1.,-1.110223024625E-16,0.));
#1172 = PCURVE('',#126,#1173);
#1173 = DEFINITIONAL_REPRESENTATION('',(#1174),#1182);
#1174 = ( BOUNDED_CURVE() B_SPLINE_CURVE(2,(#1175,#1176,#1177,#1178,
#1179,#1180,#1181),.UNSPECIFIED.,.T.,.F.) B_SPLINE_CURVE_WITH_KNOTS((1,2
    ,2,2,2,1),(-2.094395102393,0.,2.094395102393,4.188790204786,
6.28318530718,8.377580409573),.UNSPECIFIED.) CURVE() 
GEOMETRIC_REPRESENTATION_ITEM() RATIONAL_B_SPLINE_CURVE((1.,0.5,1.,0.5,
1.,0.5,1.)) REPRESENTATION_ITEM('') );
#1175 = CARTESIAN_POINT('',(77.5,16.5));
#1176 = CARTESIAN_POINT('',(77.5,11.303847577293));
#1177 = CARTESIAN_POINT('',(73.,13.901923788647));
#1178 = CARTESIAN_POINT('',(68.5,16.5));
#1179 = CARTESIAN_POINT('',(73.,19.098076211353));
#1180 = CARTESIAN_POINT('',(77.5,21.696152422707));
#1181 = CARTESIAN_POINT('',(77.5,16.5));
#1182 = ( GEOMETRIC_REPRESENTATION_CONTEXT(2) 
PARAMETRIC_REPRESENTATION_CONTEXT() REPRESENTATION_CONTEXT('2D SPACE',''
  ) );
#1183 = PCURVE('',#1184,#1189);
#1184 = CYLINDRICAL_SURFACE('',#1185,3.);
#1185 = AXIS2_PLACEMENT_3D('',#1186,#1187,#1188);
#1186 = CARTESIAN_POINT('',(27.,-5.,25.6));
#1187 = DIRECTION('',(0.,-0.,-1.));
#1188 = DIRECTION('',(1.,-1.110223024625E-16,0.));
#1189 = DEFINITIONAL_REPRESENTATION('',(#1190),#1194);
#1190 = LINE('',#1191,#1192);
#1191 = CARTESIAN_POINT('',(0.,-4.4));
#1192 = VECTOR('',#1193,1.);
#1193 = DIRECTION('',(1.,0.));
#1194 = ( GEOMETRIC_REPRESENTATION_CONTEXT(2) 
PARAMETRIC_REPRESENTATION_CONTEXT() REPRESENTATION_CONTEXT('2D SPACE',''
  ) );
#1195 = FACE_BOUND('',#1196,.T.);
#1196 = EDGE_LOOP('',(#1197));
#1197 = ORIENTED_EDGE('',*,*,#1198,.F.);
#1198 = EDGE_CURVE('',#1199,#1199,#1201,.T.);
#1199 = VERTEX_POINT('',#1200);
#1200 = CARTESIAN_POINT('',(42.5,5.,30.));
#1201 = SURFACE_CURVE('',#1202,(#1207,#1214),.PCURVE_S1.);
#1202 = CIRCLE('',#1203,5.);
#1203 = AXIS2_PLACEMENT_3D('',#1204,#1205,#1206);
#1204 = CARTESIAN_POINT('',(37.5,5.,30.));
#1205 = DIRECTION('',(0.,0.,1.));
#1206 = DIRECTION('',(1.,0.,-0.));
#1207 = PCURVE('',#126,#1208);
#1208 = DEFINITIONAL_REPRESENTATION('',(#1209),#1213);
#1209 = CIRCLE('',#1210,5.);
#1210 = AXIS2_PLACEMENT_2D('',#1211,#1212);
#1211 = CARTESIAN_POINT('',(85.,26.5));
#1212 = DIRECTION('',(1.,0.));
#1213 = ( GEOMETRIC_REPRESENTATION_CONTEXT(2) 
PARAMETRIC_REPRESENTATION_CONTEXT() REPRESENTATION_CONTEXT('2D SPACE',''
  ) );
#1214 = PCURVE('',#1215,#1220);
#1215 = CYLINDRICAL_SURFACE('',#1216,5.);
#1216 = AXIS2_PLACEMENT_3D('',#1217,#1218,#1219);
#1217 = CARTESIAN_POINT('',(37.5,5.,29.8));
#1218 = DIRECTION('',(0.,0.,1.));
#1219 = DIRECTION('',(1.,0.,-0.));
#1220 = DEFINITIONAL_REPRESENTATION('',(#1221),#1225);
#1221 = LINE('',#1222,#1223);
#1222 = CARTESIAN_POINT('',(0.,0.2));
#1223 = VECTOR('',#1224,1.);
#1224 = DIRECTION('',(1.,0.));
#1225 = ( GEOMETRIC_REPRESENTATION_CONTEXT(2) 
PARAMETRIC_REPRESENTATION_CONTEXT() REPRESENTATION_CONTEXT('2D SPACE',''
  ) );
#1226 = ADVANCED_FACE('',(#1227),#100,.T.);
#1227 = FACE_BOUND('',#1228,.T.);
#1228 = EDGE_LOOP('',(#1229,#1252,#1253,#1254));
#1229 = ORIENTED_EDGE('',*,*,#1230,.F.);
#1230 = EDGE_CURVE('',#57,#1231,#1233,.T.);
#1231 = VERTEX_POINT('',#1232);
#1232 = CARTESIAN_POINT('',(47.5,18.5,25.6));
#1233 = SURFACE_CURVE('',#1234,(#1238,#1245),.PCURVE_S1.);
#1234 = LINE('',#1235,#1236);
#1235 = CARTESIAN_POINT('',(-47.5,18.5,25.6));
#1236 = VECTOR('',#1237,1.);
#1237 = DIRECTION('',(1.,0.,-0.));
#1238 = PCURVE('',#100,#1239);
#1239 = DEFINITIONAL_REPRESENTATION('',(#1240),#1244);
#1240 = LINE('',#1241,#1242);
#1241 = CARTESIAN_POINT('',(0.,0.));
#1242 = VECTOR('',#1243,1.);
#1243 = DIRECTION('',(0.,1.));
#1244 = ( GEOMETRIC_REPRESENTATION_CONTEXT(2) 
PARAMETRIC_REPRESENTATION_CONTEXT() REPRESENTATION_CONTEXT('2D SPACE',''
  ) );
#1245 = PCURVE('',#72,#1246);
#1246 = DEFINITIONAL_REPRESENTATION('',(#1247),#1251);
#1247 = LINE('',#1248,#1249);
#1248 = CARTESIAN_POINT('',(0.,40.));
#1249 = VECTOR('',#1250,1.);
#1250 = DIRECTION('',(1.,0.));
#1251 = ( GEOMETRIC_REPRESENTATION_CONTEXT(2) 
PARAMETRIC_REPRESENTATION_CONTEXT() REPRESENTATION_CONTEXT('2D SPACE',''
  ) );
#1252 = ORIENTED_EDGE('',*,*,#84,.T.);
#1253 = ORIENTED_EDGE('',*,*,#242,.T.);
#1254 = ORIENTED_EDGE('',*,*,#1255,.F.);
#1255 = EDGE_CURVE('',#1231,#220,#1256,.T.);
#1256 = SURFACE_CURVE('',#1257,(#1261,#1268),.PCURVE_S1.);
#1257 = LINE('',#1258,#1259);
#1258 = CARTESIAN_POINT('',(47.5,18.5,25.6));
#1259 = VECTOR('',#1260,1.);
#1260 = DIRECTION('',(0.,0.,1.));
#1261 = PCURVE('',#100,#1262);
#1262 = DEFINITIONAL_REPRESENTATION('',(#1263),#1267);
#1263 = LINE('',#1264,#1265);
#1264 = CARTESIAN_POINT('',(0.,95.));
#1265 = VECTOR('',#1266,1.);
#1266 = DIRECTION('',(1.,0.));
#1267 = ( GEOMETRIC_REPRESENTATION_CONTEXT(2) 
PARAMETRIC_REPRESENTATION_CONTEXT() REPRESENTATION_CONTEXT('2D SPACE',''
  ) );
#1268 = PCURVE('',#202,#1269);
#1269 = DEFINITIONAL_REPRESENTATION('',(#1270),#1274);
#1270 = LINE('',#1271,#1272);
#1271 = CARTESIAN_POINT('',(0.,-40.));
#1272 = VECTOR('',#1273,1.);
#1273 = DIRECTION('',(1.,0.));
#1274 = ( GEOMETRIC_REPRESENTATION_CONTEXT(2) 
PARAMETRIC_REPRESENTATION_CONTEXT() REPRESENTATION_CONTEXT('2D SPACE',''
  ) );
#1275 = ADVANCED_FACE('',(#1276,#1302,#1333,#2518),#72,.F.);
#1276 = FACE_BOUND('',#1277,.F.);
#1277 = EDGE_LOOP('',(#1278,#1279,#1280,#1301));
#1278 = ORIENTED_EDGE('',*,*,#56,.F.);
#1279 = ORIENTED_EDGE('',*,*,#141,.T.);
#1280 = ORIENTED_EDGE('',*,*,#1281,.T.);
#1281 = EDGE_CURVE('',#142,#1231,#1282,.T.);
#1282 = SURFACE_CURVE('',#1283,(#1287,#1294),.PCURVE_S1.);
#1283 = LINE('',#1284,#1285);
#1284 = CARTESIAN_POINT('',(47.5,-21.5,25.6));
#1285 = VECTOR('',#1286,1.);
#1286 = DIRECTION('',(-0.,1.,0.));
#1287 = PCURVE('',#72,#1288);
#1288 = DEFINITIONAL_REPRESENTATION('',(#1289),#1293);
#1289 = LINE('',#1290,#1291);
#1290 = CARTESIAN_POINT('',(95.,0.));
#1291 = VECTOR('',#1292,1.);
#1292 = DIRECTION('',(0.,1.));
#1293 = ( GEOMETRIC_REPRESENTATION_CONTEXT(2) 
PARAMETRIC_REPRESENTATION_CONTEXT() REPRESENTATION_CONTEXT('2D SPACE',''
  ) );
#1294 = PCURVE('',#202,#1295);
#1295 = DEFINITIONAL_REPRESENTATION('',(#1296),#1300);
#1296 = LINE('',#1297,#1298);
#1297 = CARTESIAN_POINT('',(0.,0.));
#1298 = VECTOR('',#1299,1.);
#1299 = DIRECTION('',(0.,-1.));
#1300 = ( GEOMETRIC_REPRESENTATION_CONTEXT(2) 
PARAMETRIC_REPRESENTATION_CONTEXT() REPRESENTATION_CONTEXT('2D SPACE',''
  ) );
#1301 = ORIENTED_EDGE('',*,*,#1230,.F.);
#1302 = FACE_BOUND('',#1303,.F.);
#1303 = EDGE_LOOP('',(#1304));
#1304 = ORIENTED_EDGE('',*,*,#1305,.F.);
#1305 = EDGE_CURVE('',#1306,#1306,#1308,.T.);
#1306 = VERTEX_POINT('',#1307);
#1307 = CARTESIAN_POINT('',(-35.25,5.,25.6));
#1308 = SURFACE_CURVE('',#1309,(#1314,#1321),.PCURVE_S1.);
#1309 = CIRCLE('',#1310,2.25);
#1310 = AXIS2_PLACEMENT_3D('',#1311,#1312,#1313);
#1311 = CARTESIAN_POINT('',(-37.5,5.,25.6));
#1312 = DIRECTION('',(0.,0.,1.));
#1313 = DIRECTION('',(1.,0.,-0.));
#1314 = PCURVE('',#72,#1315);
#1315 = DEFINITIONAL_REPRESENTATION('',(#1316),#1320);
#1316 = CIRCLE('',#1317,2.25);
#1317 = AXIS2_PLACEMENT_2D('',#1318,#1319);
#1318 = CARTESIAN_POINT('',(10.,26.5));
#1319 = DIRECTION('',(1.,0.));
#1320 = ( GEOMETRIC_REPRESENTATION_CONTEXT(2) 
PARAMETRIC_REPRESENTATION_CONTEXT() REPRESENTATION_CONTEXT('2D SPACE',''
  ) );
#1321 = PCURVE('',#1322,#1327);
#1322 = CYLINDRICAL_SURFACE('',#1323,2.25);
#1323 = AXIS2_PLACEMENT_3D('',#1324,#1325,#1326);
#1324 = CARTESIAN_POINT('',(-37.5,5.,25.));
#1325 = DIRECTION('',(0.,0.,1.));
#1326 = DIRECTION('',(1.,0.,-0.));
#1327 = DEFINITIONAL_REPRESENTATION('',(#1328),#1332);
#1328 = LINE('',#1329,#1330);
#1329 = CARTESIAN_POINT('',(0.,0.6));
#1330 = VECTOR('',#1331,1.);
#1331 = DIRECTION('',(1.,0.));
#1332 = ( GEOMETRIC_REPRESENTATION_CONTEXT(2) 
PARAMETRIC_REPRESENTATION_CONTEXT() REPRESENTATION_CONTEXT('2D SPACE',''
  ) );
#1333 = FACE_BOUND('',#1334,.F.);
#1334 = EDGE_LOOP('',(#1335,#1365,#1388,#1416,#1439,#1467,#1494,#1522,
    #1545,#1573,#1596,#1624,#1646,#1674,#1697,#1725,#1748,#1776,#1798,
    #1826,#1849,#1877,#1900,#1928,#1950,#1978,#2001,#2029,#2052,#2075,
    #2098,#2126,#2149,#2172,#2199,#2227,#2255,#2283,#2312,#2340,#2368,
    #2396,#2423,#2446,#2469,#2497));
#1335 = ORIENTED_EDGE('',*,*,#1336,.F.);
#1336 = EDGE_CURVE('',#1337,#1339,#1341,.T.);
#1337 = VERTEX_POINT('',#1338);
#1338 = CARTESIAN_POINT('',(-21.,-4.2175,25.6));
#1339 = VERTEX_POINT('',#1340);
#1340 = CARTESIAN_POINT('',(-24.,-4.2175,25.6));
#1341 = SURFACE_CURVE('',#1342,(#1346,#1353),.PCURVE_S1.);
#1342 = LINE('',#1343,#1344);
#1343 = CARTESIAN_POINT('',(-31.05,-4.2175,25.6));
#1344 = VECTOR('',#1345,1.);
#1345 = DIRECTION('',(-1.,-0.,0.));
#1346 = PCURVE('',#72,#1347);
#1347 = DEFINITIONAL_REPRESENTATION('',(#1348),#1352);
#1348 = LINE('',#1349,#1350);
#1349 = CARTESIAN_POINT('',(16.45,17.2825));
#1350 = VECTOR('',#1351,1.);
#1351 = DIRECTION('',(-1.,0.));
#1352 = ( GEOMETRIC_REPRESENTATION_CONTEXT(2) 
PARAMETRIC_REPRESENTATION_CONTEXT() REPRESENTATION_CONTEXT('2D SPACE',''
  ) );
#1353 = PCURVE('',#1354,#1359);
#1354 = PLANE('',#1355);
#1355 = AXIS2_PLACEMENT_3D('',#1356,#1357,#1358);
#1356 = CARTESIAN_POINT('',(-59.986,-4.2175,-53.224));
#1357 = DIRECTION('',(-0.,1.,0.));
#1358 = DIRECTION('',(0.,0.,1.));
#1359 = DEFINITIONAL_REPRESENTATION('',(#1360),#1364);
#1360 = LINE('',#1361,#1362);
#1361 = CARTESIAN_POINT('',(78.824,28.936));
#1362 = VECTOR('',#1363,1.);
#1363 = DIRECTION('',(0.,-1.));
#1364 = ( GEOMETRIC_REPRESENTATION_CONTEXT(2) 
PARAMETRIC_REPRESENTATION_CONTEXT() REPRESENTATION_CONTEXT('2D SPACE',''
  ) );
#1365 = ORIENTED_EDGE('',*,*,#1366,.T.);
#1366 = EDGE_CURVE('',#1337,#1367,#1369,.T.);
#1367 = VERTEX_POINT('',#1368);
#1368 = CARTESIAN_POINT('',(-21.,11.,25.6));
#1369 = SURFACE_CURVE('',#1370,(#1374,#1381),.PCURVE_S1.);
#1370 = LINE('',#1371,#1372);
#1371 = CARTESIAN_POINT('',(-21.,-5.,25.6));
#1372 = VECTOR('',#1373,1.);
#1373 = DIRECTION('',(1.110223024625E-16,1.,0.));
#1374 = PCURVE('',#72,#1375);
#1375 = DEFINITIONAL_REPRESENTATION('',(#1376),#1380);
#1376 = LINE('',#1377,#1378);
#1377 = CARTESIAN_POINT('',(26.5,16.5));
#1378 = VECTOR('',#1379,1.);
#1379 = DIRECTION('',(1.110223024625E-16,1.));
#1380 = ( GEOMETRIC_REPRESENTATION_CONTEXT(2) 
PARAMETRIC_REPRESENTATION_CONTEXT() REPRESENTATION_CONTEXT('2D SPACE',''
  ) );
#1381 = PCURVE('',#495,#1382);
#1382 = DEFINITIONAL_REPRESENTATION('',(#1383),#1387);
#1383 = LINE('',#1384,#1385);
#1384 = CARTESIAN_POINT('',(0.,0.));
#1385 = VECTOR('',#1386,1.);
#1386 = DIRECTION('',(1.,0.));
#1387 = ( GEOMETRIC_REPRESENTATION_CONTEXT(2) 
PARAMETRIC_REPRESENTATION_CONTEXT() REPRESENTATION_CONTEXT('2D SPACE',''
  ) );
#1388 = ORIENTED_EDGE('',*,*,#1389,.T.);
#1389 = EDGE_CURVE('',#1367,#1390,#1392,.T.);
#1390 = VERTEX_POINT('',#1391);
#1391 = CARTESIAN_POINT('',(-15.,11.,25.6));
#1392 = SURFACE_CURVE('',#1393,(#1398,#1409),.PCURVE_S1.);
#1393 = CIRCLE('',#1394,3.);
#1394 = AXIS2_PLACEMENT_3D('',#1395,#1396,#1397);
#1395 = CARTESIAN_POINT('',(-18.,11.,25.6));
#1396 = DIRECTION('',(0.,0.,-1.));
#1397 = DIRECTION('',(-1.,1.110223024625E-16,0.));
#1398 = PCURVE('',#72,#1399);
#1399 = DEFINITIONAL_REPRESENTATION('',(#1400),#1408);
#1400 = ( BOUNDED_CURVE() B_SPLINE_CURVE(2,(#1401,#1402,#1403,#1404,
#1405,#1406,#1407),.UNSPECIFIED.,.T.,.F.) B_SPLINE_CURVE_WITH_KNOTS((1,2
    ,2,2,2,1),(-2.094395102393,0.,2.094395102393,4.188790204786,
6.28318530718,8.377580409573),.UNSPECIFIED.) CURVE() 
GEOMETRIC_REPRESENTATION_ITEM() RATIONAL_B_SPLINE_CURVE((1.,0.5,1.,0.5,
1.,0.5,1.)) REPRESENTATION_ITEM('') );
#1401 = CARTESIAN_POINT('',(26.5,32.5));
#1402 = CARTESIAN_POINT('',(26.5,37.696152422707));
#1403 = CARTESIAN_POINT('',(31.,35.098076211353));
#1404 = CARTESIAN_POINT('',(35.5,32.5));
#1405 = CARTESIAN_POINT('',(31.,29.901923788647));
#1406 = CARTESIAN_POINT('',(26.5,27.303847577293));
#1407 = CARTESIAN_POINT('',(26.5,32.5));
#1408 = ( GEOMETRIC_REPRESENTATION_CONTEXT(2) 
PARAMETRIC_REPRESENTATION_CONTEXT() REPRESENTATION_CONTEXT('2D SPACE',''
  ) );
#1409 = PCURVE('',#527,#1410);
#1410 = DEFINITIONAL_REPRESENTATION('',(#1411),#1415);
#1411 = LINE('',#1412,#1413);
#1412 = CARTESIAN_POINT('',(0.,0.));
#1413 = VECTOR('',#1414,1.);
#1414 = DIRECTION('',(1.,0.));
#1415 = ( GEOMETRIC_REPRESENTATION_CONTEXT(2) 
PARAMETRIC_REPRESENTATION_CONTEXT() REPRESENTATION_CONTEXT('2D SPACE',''
  ) );
#1416 = ORIENTED_EDGE('',*,*,#1417,.T.);
#1417 = EDGE_CURVE('',#1390,#1418,#1420,.T.);
#1418 = VERTEX_POINT('',#1419);
#1419 = CARTESIAN_POINT('',(-15.,-5.,25.6));
#1420 = SURFACE_CURVE('',#1421,(#1425,#1432),.PCURVE_S1.);
#1421 = LINE('',#1422,#1423);
#1422 = CARTESIAN_POINT('',(-15.,11.,25.6));
#1423 = VECTOR('',#1424,1.);
#1424 = DIRECTION('',(-1.110223024625E-16,-1.,0.));
#1425 = PCURVE('',#72,#1426);
#1426 = DEFINITIONAL_REPRESENTATION('',(#1427),#1431);
#1427 = LINE('',#1428,#1429);
#1428 = CARTESIAN_POINT('',(32.5,32.5));
#1429 = VECTOR('',#1430,1.);
#1430 = DIRECTION('',(-1.110223024625E-16,-1.));
#1431 = ( GEOMETRIC_REPRESENTATION_CONTEXT(2) 
PARAMETRIC_REPRESENTATION_CONTEXT() REPRESENTATION_CONTEXT('2D SPACE',''
  ) );
#1432 = PCURVE('',#554,#1433);
#1433 = DEFINITIONAL_REPRESENTATION('',(#1434),#1438);
#1434 = LINE('',#1435,#1436);
#1435 = CARTESIAN_POINT('',(0.,0.));
#1436 = VECTOR('',#1437,1.);
#1437 = DIRECTION('',(1.,0.));
#1438 = ( GEOMETRIC_REPRESENTATION_CONTEXT(2) 
PARAMETRIC_REPRESENTATION_CONTEXT() REPRESENTATION_CONTEXT('2D SPACE',''
  ) );
#1439 = ORIENTED_EDGE('',*,*,#1440,.T.);
#1440 = EDGE_CURVE('',#1418,#1441,#1443,.T.);
#1441 = VERTEX_POINT('',#1442);
#1442 = CARTESIAN_POINT('',(-15.00005144563,-5.017569039703,25.6));
#1443 = SURFACE_CURVE('',#1444,(#1449,#1460),.PCURVE_S1.);
#1444 = CIRCLE('',#1445,3.);
#1445 = AXIS2_PLACEMENT_3D('',#1446,#1447,#1448);
#1446 = CARTESIAN_POINT('',(-18.,-5.,25.6));
#1447 = DIRECTION('',(0.,-0.,-1.));
#1448 = DIRECTION('',(1.,-1.110223024625E-16,0.));
#1449 = PCURVE('',#72,#1450);
#1450 = DEFINITIONAL_REPRESENTATION('',(#1451),#1459);
#1451 = ( BOUNDED_CURVE() B_SPLINE_CURVE(2,(#1452,#1453,#1454,#1455,
#1456,#1457,#1458),.UNSPECIFIED.,.T.,.F.) B_SPLINE_CURVE_WITH_KNOTS((1,2
    ,2,2,2,1),(-2.094395102393,0.,2.094395102393,4.188790204786,
6.28318530718,8.377580409573),.UNSPECIFIED.) CURVE() 
GEOMETRIC_REPRESENTATION_ITEM() RATIONAL_B_SPLINE_CURVE((1.,0.5,1.,0.5,
1.,0.5,1.)) REPRESENTATION_ITEM('') );
#1452 = CARTESIAN_POINT('',(32.5,16.5));
#1453 = CARTESIAN_POINT('',(32.5,11.303847577293));
#1454 = CARTESIAN_POINT('',(28.,13.901923788647));
#1455 = CARTESIAN_POINT('',(23.5,16.5));
#1456 = CARTESIAN_POINT('',(28.,19.098076211353));
#1457 = CARTESIAN_POINT('',(32.5,21.696152422707));
#1458 = CARTESIAN_POINT('',(32.5,16.5));
#1459 = ( GEOMETRIC_REPRESENTATION_CONTEXT(2) 
PARAMETRIC_REPRESENTATION_CONTEXT() REPRESENTATION_CONTEXT('2D SPACE',''
  ) );
#1460 = PCURVE('',#584,#1461);
#1461 = DEFINITIONAL_REPRESENTATION('',(#1462),#1466);
#1462 = LINE('',#1463,#1464);
#1463 = CARTESIAN_POINT('',(0.,0.));
#1464 = VECTOR('',#1465,1.);
#1465 = DIRECTION('',(1.,0.));
#1466 = ( GEOMETRIC_REPRESENTATION_CONTEXT(2) 
PARAMETRIC_REPRESENTATION_CONTEXT() REPRESENTATION_CONTEXT('2D SPACE',''
  ) );
#1467 = ORIENTED_EDGE('',*,*,#1468,.F.);
#1468 = EDGE_CURVE('',#1469,#1441,#1471,.T.);
#1469 = VERTEX_POINT('',#1470);
#1470 = CARTESIAN_POINT('',(-11.99994855436,-5.017569039703,25.6));
#1471 = SURFACE_CURVE('',#1472,(#1476,#1483),.PCURVE_S1.);
#1472 = LINE('',#1473,#1474);
#1473 = CARTESIAN_POINT('',(19.19906231343,-5.017569039703,25.6));
#1474 = VECTOR('',#1475,1.);
#1475 = DIRECTION('',(-1.,0.,0.));
#1476 = PCURVE('',#72,#1477);
#1477 = DEFINITIONAL_REPRESENTATION('',(#1478),#1482);
#1478 = LINE('',#1479,#1480);
#1479 = CARTESIAN_POINT('',(66.69906231343,16.482430960297));
#1480 = VECTOR('',#1481,1.);
#1481 = DIRECTION('',(-1.,0.));
#1482 = ( GEOMETRIC_REPRESENTATION_CONTEXT(2) 
PARAMETRIC_REPRESENTATION_CONTEXT() REPRESENTATION_CONTEXT('2D SPACE',''
  ) );
#1483 = PCURVE('',#1484,#1489);
#1484 = CYLINDRICAL_SURFACE('',#1485,2.);
#1485 = AXIS2_PLACEMENT_3D('',#1486,#1487,#1488);
#1486 = CARTESIAN_POINT('',(19.19906231343,-6.217148812192,
    23.999684915575));
#1487 = DIRECTION('',(-1.,0.,0.));
#1488 = DIRECTION('',(0.,0.707106781187,0.707106781187));
#1489 = DEFINITIONAL_REPRESENTATION('',(#1490),#1493);
#1490 = B_SPLINE_CURVE_WITH_KNOTS('',1,(#1491,#1492),.UNSPECIFIED.,.F.,
  .F.,(2,2),(-5.999999999062E-07,38.39854507587),
  .PIECEWISE_BEZIER_KNOTS.);
#1491 = CARTESIAN_POINT('',(-0.142159670939,-5.999999999062E-07));
#1492 = CARTESIAN_POINT('',(-0.142159670939,38.39854507587));
#1493 = ( GEOMETRIC_REPRESENTATION_CONTEXT(2) 
PARAMETRIC_REPRESENTATION_CONTEXT() REPRESENTATION_CONTEXT('2D SPACE',''
  ) );
#1494 = ORIENTED_EDGE('',*,*,#1495,.T.);
#1495 = EDGE_CURVE('',#1469,#1496,#1498,.T.);
#1496 = VERTEX_POINT('',#1497);
#1497 = CARTESIAN_POINT('',(-12.,-5.,25.6));
#1498 = SURFACE_CURVE('',#1499,(#1504,#1515),.PCURVE_S1.);
#1499 = CIRCLE('',#1500,3.);
#1500 = AXIS2_PLACEMENT_3D('',#1501,#1502,#1503);
#1501 = CARTESIAN_POINT('',(-9.,-5.,25.6));
#1502 = DIRECTION('',(0.,-0.,-1.));
#1503 = DIRECTION('',(1.,-1.110223024625E-16,0.));
#1504 = PCURVE('',#72,#1505);
#1505 = DEFINITIONAL_REPRESENTATION('',(#1506),#1514);
#1506 = ( BOUNDED_CURVE() B_SPLINE_CURVE(2,(#1507,#1508,#1509,#1510,
#1511,#1512,#1513),.UNSPECIFIED.,.T.,.F.) B_SPLINE_CURVE_WITH_KNOTS((1,2
    ,2,2,2,1),(-2.094395102393,0.,2.094395102393,4.188790204786,
6.28318530718,8.377580409573),.UNSPECIFIED.) CURVE() 
GEOMETRIC_REPRESENTATION_ITEM() RATIONAL_B_SPLINE_CURVE((1.,0.5,1.,0.5,
1.,0.5,1.)) REPRESENTATION_ITEM('') );
#1507 = CARTESIAN_POINT('',(41.5,16.5));
#1508 = CARTESIAN_POINT('',(41.5,11.303847577293));
#1509 = CARTESIAN_POINT('',(37.,13.901923788647));
#1510 = CARTESIAN_POINT('',(32.5,16.5));
#1511 = CARTESIAN_POINT('',(37.,19.098076211353));
#1512 = CARTESIAN_POINT('',(41.5,21.696152422707));
#1513 = CARTESIAN_POINT('',(41.5,16.5));
#1514 = ( GEOMETRIC_REPRESENTATION_CONTEXT(2) 
PARAMETRIC_REPRESENTATION_CONTEXT() REPRESENTATION_CONTEXT('2D SPACE',''
  ) );
#1515 = PCURVE('',#704,#1516);
#1516 = DEFINITIONAL_REPRESENTATION('',(#1517),#1521);
#1517 = LINE('',#1518,#1519);
#1518 = CARTESIAN_POINT('',(0.,0.));
#1519 = VECTOR('',#1520,1.);
#1520 = DIRECTION('',(1.,0.));
#1521 = ( GEOMETRIC_REPRESENTATION_CONTEXT(2) 
PARAMETRIC_REPRESENTATION_CONTEXT() REPRESENTATION_CONTEXT('2D SPACE',''
  ) );
#1522 = ORIENTED_EDGE('',*,*,#1523,.T.);
#1523 = EDGE_CURVE('',#1496,#1524,#1526,.T.);
#1524 = VERTEX_POINT('',#1525);
#1525 = CARTESIAN_POINT('',(-12.,11.,25.6));
#1526 = SURFACE_CURVE('',#1527,(#1531,#1538),.PCURVE_S1.);
#1527 = LINE('',#1528,#1529);
#1528 = CARTESIAN_POINT('',(-12.,-5.,25.6));
#1529 = VECTOR('',#1530,1.);
#1530 = DIRECTION('',(1.110223024625E-16,1.,0.));
#1531 = PCURVE('',#72,#1532);
#1532 = DEFINITIONAL_REPRESENTATION('',(#1533),#1537);
#1533 = LINE('',#1534,#1535);
#1534 = CARTESIAN_POINT('',(35.5,16.5));
#1535 = VECTOR('',#1536,1.);
#1536 = DIRECTION('',(1.110223024625E-16,1.));
#1537 = ( GEOMETRIC_REPRESENTATION_CONTEXT(2) 
PARAMETRIC_REPRESENTATION_CONTEXT() REPRESENTATION_CONTEXT('2D SPACE',''
  ) );
#1538 = PCURVE('',#615,#1539);
#1539 = DEFINITIONAL_REPRESENTATION('',(#1540),#1544);
#1540 = LINE('',#1541,#1542);
#1541 = CARTESIAN_POINT('',(0.,0.));
#1542 = VECTOR('',#1543,1.);
#1543 = DIRECTION('',(1.,0.));
#1544 = ( GEOMETRIC_REPRESENTATION_CONTEXT(2) 
PARAMETRIC_REPRESENTATION_CONTEXT() REPRESENTATION_CONTEXT('2D SPACE',''
  ) );
#1545 = ORIENTED_EDGE('',*,*,#1546,.T.);
#1546 = EDGE_CURVE('',#1524,#1547,#1549,.T.);
#1547 = VERTEX_POINT('',#1548);
#1548 = CARTESIAN_POINT('',(-6.,11.,25.6));
#1549 = SURFACE_CURVE('',#1550,(#1555,#1566),.PCURVE_S1.);
#1550 = CIRCLE('',#1551,3.);
#1551 = AXIS2_PLACEMENT_3D('',#1552,#1553,#1554);
#1552 = CARTESIAN_POINT('',(-9.,11.,25.6));
#1553 = DIRECTION('',(0.,0.,-1.));
#1554 = DIRECTION('',(-1.,1.110223024625E-16,0.));
#1555 = PCURVE('',#72,#1556);
#1556 = DEFINITIONAL_REPRESENTATION('',(#1557),#1565);
#1557 = ( BOUNDED_CURVE() B_SPLINE_CURVE(2,(#1558,#1559,#1560,#1561,
#1562,#1563,#1564),.UNSPECIFIED.,.T.,.F.) B_SPLINE_CURVE_WITH_KNOTS((1,2
    ,2,2,2,1),(-2.094395102393,0.,2.094395102393,4.188790204786,
6.28318530718,8.377580409573),.UNSPECIFIED.) CURVE() 
GEOMETRIC_REPRESENTATION_ITEM() RATIONAL_B_SPLINE_CURVE((1.,0.5,1.,0.5,
1.,0.5,1.)) REPRESENTATION_ITEM('') );
#1558 = CARTESIAN_POINT('',(35.5,32.5));
#1559 = CARTESIAN_POINT('',(35.5,37.696152422707));
#1560 = CARTESIAN_POINT('',(40.,35.098076211353));
#1561 = CARTESIAN_POINT('',(44.5,32.5));
#1562 = CARTESIAN_POINT('',(40.,29.901923788647));
#1563 = CARTESIAN_POINT('',(35.5,27.303847577293));
#1564 = CARTESIAN_POINT('',(35.5,32.5));
#1565 = ( GEOMETRIC_REPRESENTATION_CONTEXT(2) 
PARAMETRIC_REPRESENTATION_CONTEXT() REPRESENTATION_CONTEXT('2D SPACE',''
  ) );
#1566 = PCURVE('',#647,#1567);
#1567 = DEFINITIONAL_REPRESENTATION('',(#1568),#1572);
#1568 = LINE('',#1569,#1570);
#1569 = CARTESIAN_POINT('',(0.,0.));
#1570 = VECTOR('',#1571,1.);
#1571 = DIRECTION('',(1.,0.));
#1572 = ( GEOMETRIC_REPRESENTATION_CONTEXT(2) 
PARAMETRIC_REPRESENTATION_CONTEXT() REPRESENTATION_CONTEXT('2D SPACE',''
  ) );
#1573 = ORIENTED_EDGE('',*,*,#1574,.T.);
#1574 = EDGE_CURVE('',#1547,#1575,#1577,.T.);
#1575 = VERTEX_POINT('',#1576);
#1576 = CARTESIAN_POINT('',(-6.,-5.,25.6));
#1577 = SURFACE_CURVE('',#1578,(#1582,#1589),.PCURVE_S1.);
#1578 = LINE('',#1579,#1580);
#1579 = CARTESIAN_POINT('',(-6.,11.,25.6));
#1580 = VECTOR('',#1581,1.);
#1581 = DIRECTION('',(-1.110223024625E-16,-1.,0.));
#1582 = PCURVE('',#72,#1583);
#1583 = DEFINITIONAL_REPRESENTATION('',(#1584),#1588);
#1584 = LINE('',#1585,#1586);
#1585 = CARTESIAN_POINT('',(41.5,32.5));
#1586 = VECTOR('',#1587,1.);
#1587 = DIRECTION('',(-1.110223024625E-16,-1.));
#1588 = ( GEOMETRIC_REPRESENTATION_CONTEXT(2) 
PARAMETRIC_REPRESENTATION_CONTEXT() REPRESENTATION_CONTEXT('2D SPACE',''
  ) );
#1589 = PCURVE('',#674,#1590);
#1590 = DEFINITIONAL_REPRESENTATION('',(#1591),#1595);
#1591 = LINE('',#1592,#1593);
#1592 = CARTESIAN_POINT('',(0.,0.));
#1593 = VECTOR('',#1594,1.);
#1594 = DIRECTION('',(1.,0.));
#1595 = ( GEOMETRIC_REPRESENTATION_CONTEXT(2) 
PARAMETRIC_REPRESENTATION_CONTEXT() REPRESENTATION_CONTEXT('2D SPACE',''
  ) );
#1596 = ORIENTED_EDGE('',*,*,#1597,.T.);
#1597 = EDGE_CURVE('',#1575,#1598,#1600,.T.);
#1598 = VERTEX_POINT('',#1599);
#1599 = CARTESIAN_POINT('',(-6.000051445634,-5.017569039703,25.6));
#1600 = SURFACE_CURVE('',#1601,(#1606,#1617),.PCURVE_S1.);
#1601 = CIRCLE('',#1602,3.);
#1602 = AXIS2_PLACEMENT_3D('',#1603,#1604,#1605);
#1603 = CARTESIAN_POINT('',(-9.,-5.,25.6));
#1604 = DIRECTION('',(0.,-0.,-1.));
#1605 = DIRECTION('',(1.,-1.110223024625E-16,0.));
#1606 = PCURVE('',#72,#1607);
#1607 = DEFINITIONAL_REPRESENTATION('',(#1608),#1616);
#1608 = ( BOUNDED_CURVE() B_SPLINE_CURVE(2,(#1609,#1610,#1611,#1612,
#1613,#1614,#1615),.UNSPECIFIED.,.T.,.F.) B_SPLINE_CURVE_WITH_KNOTS((1,2
    ,2,2,2,1),(-2.094395102393,0.,2.094395102393,4.188790204786,
6.28318530718,8.377580409573),.UNSPECIFIED.) CURVE() 
GEOMETRIC_REPRESENTATION_ITEM() RATIONAL_B_SPLINE_CURVE((1.,0.5,1.,0.5,
1.,0.5,1.)) REPRESENTATION_ITEM('') );
#1609 = CARTESIAN_POINT('',(41.5,16.5));
#1610 = CARTESIAN_POINT('',(41.5,11.303847577293));
#1611 = CARTESIAN_POINT('',(37.,13.901923788647));
#1612 = CARTESIAN_POINT('',(32.5,16.5));
#1613 = CARTESIAN_POINT('',(37.,19.098076211353));
#1614 = CARTESIAN_POINT('',(41.5,21.696152422707));
#1615 = CARTESIAN_POINT('',(41.5,16.5));
#1616 = ( GEOMETRIC_REPRESENTATION_CONTEXT(2) 
PARAMETRIC_REPRESENTATION_CONTEXT() REPRESENTATION_CONTEXT('2D SPACE',''
  ) );
#1617 = PCURVE('',#704,#1618);
#1618 = DEFINITIONAL_REPRESENTATION('',(#1619),#1623);
#1619 = LINE('',#1620,#1621);
#1620 = CARTESIAN_POINT('',(0.,0.));
#1621 = VECTOR('',#1622,1.);
#1622 = DIRECTION('',(1.,0.));
#1623 = ( GEOMETRIC_REPRESENTATION_CONTEXT(2) 
PARAMETRIC_REPRESENTATION_CONTEXT() REPRESENTATION_CONTEXT('2D SPACE',''
  ) );
#1624 = ORIENTED_EDGE('',*,*,#1625,.F.);
#1625 = EDGE_CURVE('',#1626,#1598,#1628,.T.);
#1626 = VERTEX_POINT('',#1627);
#1627 = CARTESIAN_POINT('',(-2.999948554366,-5.017569039703,25.6));
#1628 = SURFACE_CURVE('',#1629,(#1633,#1640),.PCURVE_S1.);
#1629 = LINE('',#1630,#1631);
#1630 = CARTESIAN_POINT('',(19.19906231343,-5.017569039703,25.6));
#1631 = VECTOR('',#1632,1.);
#1632 = DIRECTION('',(-1.,0.,0.));
#1633 = PCURVE('',#72,#1634);
#1634 = DEFINITIONAL_REPRESENTATION('',(#1635),#1639);
#1635 = LINE('',#1636,#1637);
#1636 = CARTESIAN_POINT('',(66.69906231343,16.482430960297));
#1637 = VECTOR('',#1638,1.);
#1638 = DIRECTION('',(-1.,0.));
#1639 = ( GEOMETRIC_REPRESENTATION_CONTEXT(2) 
PARAMETRIC_REPRESENTATION_CONTEXT() REPRESENTATION_CONTEXT('2D SPACE',''
  ) );
#1640 = PCURVE('',#1484,#1641);
#1641 = DEFINITIONAL_REPRESENTATION('',(#1642),#1645);
#1642 = B_SPLINE_CURVE_WITH_KNOTS('',1,(#1643,#1644),.UNSPECIFIED.,.F.,
  .F.,(2,2),(-5.999999999062E-07,38.39854507587),
  .PIECEWISE_BEZIER_KNOTS.);
#1643 = CARTESIAN_POINT('',(-0.142159670939,-5.999999999062E-07));
#1644 = CARTESIAN_POINT('',(-0.142159670939,38.39854507587));
#1645 = ( GEOMETRIC_REPRESENTATION_CONTEXT(2) 
PARAMETRIC_REPRESENTATION_CONTEXT() REPRESENTATION_CONTEXT('2D SPACE',''
  ) );
#1646 = ORIENTED_EDGE('',*,*,#1647,.T.);
#1647 = EDGE_CURVE('',#1626,#1648,#1650,.T.);
#1648 = VERTEX_POINT('',#1649);
#1649 = CARTESIAN_POINT('',(-3.,-5.,25.6));
#1650 = SURFACE_CURVE('',#1651,(#1656,#1667),.PCURVE_S1.);
#1651 = CIRCLE('',#1652,3.);
#1652 = AXIS2_PLACEMENT_3D('',#1653,#1654,#1655);
#1653 = CARTESIAN_POINT('',(-8.881784197001E-16,-5.,25.6));
#1654 = DIRECTION('',(0.,-0.,-1.));
#1655 = DIRECTION('',(1.,-1.110223024625E-16,0.));
#1656 = PCURVE('',#72,#1657);
#1657 = DEFINITIONAL_REPRESENTATION('',(#1658),#1666);
#1658 = ( BOUNDED_CURVE() B_SPLINE_CURVE(2,(#1659,#1660,#1661,#1662,
#1663,#1664,#1665),.UNSPECIFIED.,.T.,.F.) B_SPLINE_CURVE_WITH_KNOTS((1,2
    ,2,2,2,1),(-2.094395102393,0.,2.094395102393,4.188790204786,
6.28318530718,8.377580409573),.UNSPECIFIED.) CURVE() 
GEOMETRIC_REPRESENTATION_ITEM() RATIONAL_B_SPLINE_CURVE((1.,0.5,1.,0.5,
1.,0.5,1.)) REPRESENTATION_ITEM('') );
#1659 = CARTESIAN_POINT('',(50.5,16.5));
#1660 = CARTESIAN_POINT('',(50.5,11.303847577293));
#1661 = CARTESIAN_POINT('',(46.,13.901923788647));
#1662 = CARTESIAN_POINT('',(41.5,16.5));
#1663 = CARTESIAN_POINT('',(46.,19.098076211353));
#1664 = CARTESIAN_POINT('',(50.5,21.696152422707));
#1665 = CARTESIAN_POINT('',(50.5,16.5));
#1666 = ( GEOMETRIC_REPRESENTATION_CONTEXT(2) 
PARAMETRIC_REPRESENTATION_CONTEXT() REPRESENTATION_CONTEXT('2D SPACE',''
  ) );
#1667 = PCURVE('',#824,#1668);
#1668 = DEFINITIONAL_REPRESENTATION('',(#1669),#1673);
#1669 = LINE('',#1670,#1671);
#1670 = CARTESIAN_POINT('',(0.,0.));
#1671 = VECTOR('',#1672,1.);
#1672 = DIRECTION('',(1.,0.));
#1673 = ( GEOMETRIC_REPRESENTATION_CONTEXT(2) 
PARAMETRIC_REPRESENTATION_CONTEXT() REPRESENTATION_CONTEXT('2D SPACE',''
  ) );
#1674 = ORIENTED_EDGE('',*,*,#1675,.T.);
#1675 = EDGE_CURVE('',#1648,#1676,#1678,.T.);
#1676 = VERTEX_POINT('',#1677);
#1677 = CARTESIAN_POINT('',(-3.,11.,25.6));
#1678 = SURFACE_CURVE('',#1679,(#1683,#1690),.PCURVE_S1.);
#1679 = LINE('',#1680,#1681);
#1680 = CARTESIAN_POINT('',(-3.,-5.,25.6));
#1681 = VECTOR('',#1682,1.);
#1682 = DIRECTION('',(1.110223024625E-16,1.,0.));
#1683 = PCURVE('',#72,#1684);
#1684 = DEFINITIONAL_REPRESENTATION('',(#1685),#1689);
#1685 = LINE('',#1686,#1687);
#1686 = CARTESIAN_POINT('',(44.5,16.5));
#1687 = VECTOR('',#1688,1.);
#1688 = DIRECTION('',(1.110223024625E-16,1.));
#1689 = ( GEOMETRIC_REPRESENTATION_CONTEXT(2) 
PARAMETRIC_REPRESENTATION_CONTEXT() REPRESENTATION_CONTEXT('2D SPACE',''
  ) );
#1690 = PCURVE('',#735,#1691);
#1691 = DEFINITIONAL_REPRESENTATION('',(#1692),#1696);
#1692 = LINE('',#1693,#1694);
#1693 = CARTESIAN_POINT('',(0.,0.));
#1694 = VECTOR('',#1695,1.);
#1695 = DIRECTION('',(1.,0.));
#1696 = ( GEOMETRIC_REPRESENTATION_CONTEXT(2) 
PARAMETRIC_REPRESENTATION_CONTEXT() REPRESENTATION_CONTEXT('2D SPACE',''
  ) );
#1697 = ORIENTED_EDGE('',*,*,#1698,.T.);
#1698 = EDGE_CURVE('',#1676,#1699,#1701,.T.);
#1699 = VERTEX_POINT('',#1700);
#1700 = CARTESIAN_POINT('',(3.,11.,25.6));
#1701 = SURFACE_CURVE('',#1702,(#1707,#1718),.PCURVE_S1.);
#1702 = CIRCLE('',#1703,3.);
#1703 = AXIS2_PLACEMENT_3D('',#1704,#1705,#1706);
#1704 = CARTESIAN_POINT('',(8.881784197001E-16,11.,25.6));
#1705 = DIRECTION('',(0.,0.,-1.));
#1706 = DIRECTION('',(-1.,1.110223024625E-16,0.));
#1707 = PCURVE('',#72,#1708);
#1708 = DEFINITIONAL_REPRESENTATION('',(#1709),#1717);
#1709 = ( BOUNDED_CURVE() B_SPLINE_CURVE(2,(#1710,#1711,#1712,#1713,
#1714,#1715,#1716),.UNSPECIFIED.,.T.,.F.) B_SPLINE_CURVE_WITH_KNOTS((1,2
    ,2,2,2,1),(-2.094395102393,0.,2.094395102393,4.188790204786,
6.28318530718,8.377580409573),.UNSPECIFIED.) CURVE() 
GEOMETRIC_REPRESENTATION_ITEM() RATIONAL_B_SPLINE_CURVE((1.,0.5,1.,0.5,
1.,0.5,1.)) REPRESENTATION_ITEM('') );
#1710 = CARTESIAN_POINT('',(44.5,32.5));
#1711 = CARTESIAN_POINT('',(44.5,37.696152422707));
#1712 = CARTESIAN_POINT('',(49.,35.098076211353));
#1713 = CARTESIAN_POINT('',(53.5,32.5));
#1714 = CARTESIAN_POINT('',(49.,29.901923788647));
#1715 = CARTESIAN_POINT('',(44.5,27.303847577293));
#1716 = CARTESIAN_POINT('',(44.5,32.5));
#1717 = ( GEOMETRIC_REPRESENTATION_CONTEXT(2) 
PARAMETRIC_REPRESENTATION_CONTEXT() REPRESENTATION_CONTEXT('2D SPACE',''
  ) );
#1718 = PCURVE('',#767,#1719);
#1719 = DEFINITIONAL_REPRESENTATION('',(#1720),#1724);
#1720 = LINE('',#1721,#1722);
#1721 = CARTESIAN_POINT('',(0.,0.));
#1722 = VECTOR('',#1723,1.);
#1723 = DIRECTION('',(1.,0.));
#1724 = ( GEOMETRIC_REPRESENTATION_CONTEXT(2) 
PARAMETRIC_REPRESENTATION_CONTEXT() REPRESENTATION_CONTEXT('2D SPACE',''
  ) );
#1725 = ORIENTED_EDGE('',*,*,#1726,.T.);
#1726 = EDGE_CURVE('',#1699,#1727,#1729,.T.);
#1727 = VERTEX_POINT('',#1728);
#1728 = CARTESIAN_POINT('',(3.,-5.,25.6));
#1729 = SURFACE_CURVE('',#1730,(#1734,#1741),.PCURVE_S1.);
#1730 = LINE('',#1731,#1732);
#1731 = CARTESIAN_POINT('',(3.,11.,25.6));
#1732 = VECTOR('',#1733,1.);
#1733 = DIRECTION('',(-1.110223024625E-16,-1.,0.));
#1734 = PCURVE('',#72,#1735);
#1735 = DEFINITIONAL_REPRESENTATION('',(#1736),#1740);
#1736 = LINE('',#1737,#1738);
#1737 = CARTESIAN_POINT('',(50.5,32.5));
#1738 = VECTOR('',#1739,1.);
#1739 = DIRECTION('',(-1.110223024625E-16,-1.));
#1740 = ( GEOMETRIC_REPRESENTATION_CONTEXT(2) 
PARAMETRIC_REPRESENTATION_CONTEXT() REPRESENTATION_CONTEXT('2D SPACE',''
  ) );
#1741 = PCURVE('',#794,#1742);
#1742 = DEFINITIONAL_REPRESENTATION('',(#1743),#1747);
#1743 = LINE('',#1744,#1745);
#1744 = CARTESIAN_POINT('',(0.,0.));
#1745 = VECTOR('',#1746,1.);
#1746 = DIRECTION('',(1.,0.));
#1747 = ( GEOMETRIC_REPRESENTATION_CONTEXT(2) 
PARAMETRIC_REPRESENTATION_CONTEXT() REPRESENTATION_CONTEXT('2D SPACE',''
  ) );
#1748 = ORIENTED_EDGE('',*,*,#1749,.T.);
#1749 = EDGE_CURVE('',#1727,#1750,#1752,.T.);
#1750 = VERTEX_POINT('',#1751);
#1751 = CARTESIAN_POINT('',(2.999948554366,-5.017569039703,25.6));
#1752 = SURFACE_CURVE('',#1753,(#1758,#1769),.PCURVE_S1.);
#1753 = CIRCLE('',#1754,3.);
#1754 = AXIS2_PLACEMENT_3D('',#1755,#1756,#1757);
#1755 = CARTESIAN_POINT('',(-8.881784197001E-16,-5.,25.6));
#1756 = DIRECTION('',(0.,-0.,-1.));
#1757 = DIRECTION('',(1.,-1.110223024625E-16,0.));
#1758 = PCURVE('',#72,#1759);
#1759 = DEFINITIONAL_REPRESENTATION('',(#1760),#1768);
#1760 = ( BOUNDED_CURVE() B_SPLINE_CURVE(2,(#1761,#1762,#1763,#1764,
#1765,#1766,#1767),.UNSPECIFIED.,.T.,.F.) B_SPLINE_CURVE_WITH_KNOTS((1,2
    ,2,2,2,1),(-2.094395102393,0.,2.094395102393,4.188790204786,
6.28318530718,8.377580409573),.UNSPECIFIED.) CURVE() 
GEOMETRIC_REPRESENTATION_ITEM() RATIONAL_B_SPLINE_CURVE((1.,0.5,1.,0.5,
1.,0.5,1.)) REPRESENTATION_ITEM('') );
#1761 = CARTESIAN_POINT('',(50.5,16.5));
#1762 = CARTESIAN_POINT('',(50.5,11.303847577293));
#1763 = CARTESIAN_POINT('',(46.,13.901923788647));
#1764 = CARTESIAN_POINT('',(41.5,16.5));
#1765 = CARTESIAN_POINT('',(46.,19.098076211353));
#1766 = CARTESIAN_POINT('',(50.5,21.696152422707));
#1767 = CARTESIAN_POINT('',(50.5,16.5));
#1768 = ( GEOMETRIC_REPRESENTATION_CONTEXT(2) 
PARAMETRIC_REPRESENTATION_CONTEXT() REPRESENTATION_CONTEXT('2D SPACE',''
  ) );
#1769 = PCURVE('',#824,#1770);
#1770 = DEFINITIONAL_REPRESENTATION('',(#1771),#1775);
#1771 = LINE('',#1772,#1773);
#1772 = CARTESIAN_POINT('',(0.,0.));
#1773 = VECTOR('',#1774,1.);
#1774 = DIRECTION('',(1.,0.));
#1775 = ( GEOMETRIC_REPRESENTATION_CONTEXT(2) 
PARAMETRIC_REPRESENTATION_CONTEXT() REPRESENTATION_CONTEXT('2D SPACE',''
  ) );
#1776 = ORIENTED_EDGE('',*,*,#1777,.F.);
#1777 = EDGE_CURVE('',#1778,#1750,#1780,.T.);
#1778 = VERTEX_POINT('',#1779);
#1779 = CARTESIAN_POINT('',(6.000051445634,-5.017569039703,25.6));
#1780 = SURFACE_CURVE('',#1781,(#1785,#1792),.PCURVE_S1.);
#1781 = LINE('',#1782,#1783);
#1782 = CARTESIAN_POINT('',(19.19906231343,-5.017569039703,25.6));
#1783 = VECTOR('',#1784,1.);
#1784 = DIRECTION('',(-1.,0.,0.));
#1785 = PCURVE('',#72,#1786);
#1786 = DEFINITIONAL_REPRESENTATION('',(#1787),#1791);
#1787 = LINE('',#1788,#1789);
#1788 = CARTESIAN_POINT('',(66.69906231343,16.482430960297));
#1789 = VECTOR('',#1790,1.);
#1790 = DIRECTION('',(-1.,0.));
#1791 = ( GEOMETRIC_REPRESENTATION_CONTEXT(2) 
PARAMETRIC_REPRESENTATION_CONTEXT() REPRESENTATION_CONTEXT('2D SPACE',''
  ) );
#1792 = PCURVE('',#1484,#1793);
#1793 = DEFINITIONAL_REPRESENTATION('',(#1794),#1797);
#1794 = B_SPLINE_CURVE_WITH_KNOTS('',1,(#1795,#1796),.UNSPECIFIED.,.F.,
  .F.,(2,2),(-5.999999999062E-07,38.39854507587),
  .PIECEWISE_BEZIER_KNOTS.);
#1795 = CARTESIAN_POINT('',(-0.142159670939,-5.999999999062E-07));
#1796 = CARTESIAN_POINT('',(-0.142159670939,38.39854507587));
#1797 = ( GEOMETRIC_REPRESENTATION_CONTEXT(2) 
PARAMETRIC_REPRESENTATION_CONTEXT() REPRESENTATION_CONTEXT('2D SPACE',''
  ) );
#1798 = ORIENTED_EDGE('',*,*,#1799,.T.);
#1799 = EDGE_CURVE('',#1778,#1800,#1802,.T.);
#1800 = VERTEX_POINT('',#1801);
#1801 = CARTESIAN_POINT('',(6.,-5.,25.6));
#1802 = SURFACE_CURVE('',#1803,(#1808,#1819),.PCURVE_S1.);
#1803 = CIRCLE('',#1804,3.);
#1804 = AXIS2_PLACEMENT_3D('',#1805,#1806,#1807);
#1805 = CARTESIAN_POINT('',(9.,-5.,25.6));
#1806 = DIRECTION('',(0.,-0.,-1.));
#1807 = DIRECTION('',(1.,-1.110223024625E-16,0.));
#1808 = PCURVE('',#72,#1809);
#1809 = DEFINITIONAL_REPRESENTATION('',(#1810),#1818);
#1810 = ( BOUNDED_CURVE() B_SPLINE_CURVE(2,(#1811,#1812,#1813,#1814,
#1815,#1816,#1817),.UNSPECIFIED.,.T.,.F.) B_SPLINE_CURVE_WITH_KNOTS((1,2
    ,2,2,2,1),(-2.094395102393,0.,2.094395102393,4.188790204786,
6.28318530718,8.377580409573),.UNSPECIFIED.) CURVE() 
GEOMETRIC_REPRESENTATION_ITEM() RATIONAL_B_SPLINE_CURVE((1.,0.5,1.,0.5,
1.,0.5,1.)) REPRESENTATION_ITEM('') );
#1811 = CARTESIAN_POINT('',(59.5,16.5));
#1812 = CARTESIAN_POINT('',(59.5,11.303847577293));
#1813 = CARTESIAN_POINT('',(55.,13.901923788647));
#1814 = CARTESIAN_POINT('',(50.5,16.5));
#1815 = CARTESIAN_POINT('',(55.,19.098076211353));
#1816 = CARTESIAN_POINT('',(59.5,21.696152422707));
#1817 = CARTESIAN_POINT('',(59.5,16.5));
#1818 = ( GEOMETRIC_REPRESENTATION_CONTEXT(2) 
PARAMETRIC_REPRESENTATION_CONTEXT() REPRESENTATION_CONTEXT('2D SPACE',''
  ) );
#1819 = PCURVE('',#944,#1820);
#1820 = DEFINITIONAL_REPRESENTATION('',(#1821),#1825);
#1821 = LINE('',#1822,#1823);
#1822 = CARTESIAN_POINT('',(0.,0.));
#1823 = VECTOR('',#1824,1.);
#1824 = DIRECTION('',(1.,0.));
#1825 = ( GEOMETRIC_REPRESENTATION_CONTEXT(2) 
PARAMETRIC_REPRESENTATION_CONTEXT() REPRESENTATION_CONTEXT('2D SPACE',''
  ) );
#1826 = ORIENTED_EDGE('',*,*,#1827,.T.);
#1827 = EDGE_CURVE('',#1800,#1828,#1830,.T.);
#1828 = VERTEX_POINT('',#1829);
#1829 = CARTESIAN_POINT('',(6.,11.,25.6));
#1830 = SURFACE_CURVE('',#1831,(#1835,#1842),.PCURVE_S1.);
#1831 = LINE('',#1832,#1833);
#1832 = CARTESIAN_POINT('',(6.,-5.,25.6));
#1833 = VECTOR('',#1834,1.);
#1834 = DIRECTION('',(1.110223024625E-16,1.,0.));
#1835 = PCURVE('',#72,#1836);
#1836 = DEFINITIONAL_REPRESENTATION('',(#1837),#1841);
#1837 = LINE('',#1838,#1839);
#1838 = CARTESIAN_POINT('',(53.5,16.5));
#1839 = VECTOR('',#1840,1.);
#1840 = DIRECTION('',(1.110223024625E-16,1.));
#1841 = ( GEOMETRIC_REPRESENTATION_CONTEXT(2) 
PARAMETRIC_REPRESENTATION_CONTEXT() REPRESENTATION_CONTEXT('2D SPACE',''
  ) );
#1842 = PCURVE('',#855,#1843);
#1843 = DEFINITIONAL_REPRESENTATION('',(#1844),#1848);
#1844 = LINE('',#1845,#1846);
#1845 = CARTESIAN_POINT('',(0.,0.));
#1846 = VECTOR('',#1847,1.);
#1847 = DIRECTION('',(1.,0.));
#1848 = ( GEOMETRIC_REPRESENTATION_CONTEXT(2) 
PARAMETRIC_REPRESENTATION_CONTEXT() REPRESENTATION_CONTEXT('2D SPACE',''
  ) );
#1849 = ORIENTED_EDGE('',*,*,#1850,.T.);
#1850 = EDGE_CURVE('',#1828,#1851,#1853,.T.);
#1851 = VERTEX_POINT('',#1852);
#1852 = CARTESIAN_POINT('',(12.,11.,25.6));
#1853 = SURFACE_CURVE('',#1854,(#1859,#1870),.PCURVE_S1.);
#1854 = CIRCLE('',#1855,3.);
#1855 = AXIS2_PLACEMENT_3D('',#1856,#1857,#1858);
#1856 = CARTESIAN_POINT('',(9.,11.,25.6));
#1857 = DIRECTION('',(0.,0.,-1.));
#1858 = DIRECTION('',(-1.,1.110223024625E-16,0.));
#1859 = PCURVE('',#72,#1860);
#1860 = DEFINITIONAL_REPRESENTATION('',(#1861),#1869);
#1861 = ( BOUNDED_CURVE() B_SPLINE_CURVE(2,(#1862,#1863,#1864,#1865,
#1866,#1867,#1868),.UNSPECIFIED.,.T.,.F.) B_SPLINE_CURVE_WITH_KNOTS((1,2
    ,2,2,2,1),(-2.094395102393,0.,2.094395102393,4.188790204786,
6.28318530718,8.377580409573),.UNSPECIFIED.) CURVE() 
GEOMETRIC_REPRESENTATION_ITEM() RATIONAL_B_SPLINE_CURVE((1.,0.5,1.,0.5,
1.,0.5,1.)) REPRESENTATION_ITEM('') );
#1862 = CARTESIAN_POINT('',(53.5,32.5));
#1863 = CARTESIAN_POINT('',(53.5,37.696152422707));
#1864 = CARTESIAN_POINT('',(58.,35.098076211353));
#1865 = CARTESIAN_POINT('',(62.5,32.5));
#1866 = CARTESIAN_POINT('',(58.,29.901923788647));
#1867 = CARTESIAN_POINT('',(53.5,27.303847577293));
#1868 = CARTESIAN_POINT('',(53.5,32.5));
#1869 = ( GEOMETRIC_REPRESENTATION_CONTEXT(2) 
PARAMETRIC_REPRESENTATION_CONTEXT() REPRESENTATION_CONTEXT('2D SPACE',''
  ) );
#1870 = PCURVE('',#887,#1871);
#1871 = DEFINITIONAL_REPRESENTATION('',(#1872),#1876);
#1872 = LINE('',#1873,#1874);
#1873 = CARTESIAN_POINT('',(0.,0.));
#1874 = VECTOR('',#1875,1.);
#1875 = DIRECTION('',(1.,0.));
#1876 = ( GEOMETRIC_REPRESENTATION_CONTEXT(2) 
PARAMETRIC_REPRESENTATION_CONTEXT() REPRESENTATION_CONTEXT('2D SPACE',''
  ) );
#1877 = ORIENTED_EDGE('',*,*,#1878,.T.);
#1878 = EDGE_CURVE('',#1851,#1879,#1881,.T.);
#1879 = VERTEX_POINT('',#1880);
#1880 = CARTESIAN_POINT('',(12.,-5.,25.6));
#1881 = SURFACE_CURVE('',#1882,(#1886,#1893),.PCURVE_S1.);
#1882 = LINE('',#1883,#1884);
#1883 = CARTESIAN_POINT('',(12.,11.,25.6));
#1884 = VECTOR('',#1885,1.);
#1885 = DIRECTION('',(-1.110223024625E-16,-1.,0.));
#1886 = PCURVE('',#72,#1887);
#1887 = DEFINITIONAL_REPRESENTATION('',(#1888),#1892);
#1888 = LINE('',#1889,#1890);
#1889 = CARTESIAN_POINT('',(59.5,32.5));
#1890 = VECTOR('',#1891,1.);
#1891 = DIRECTION('',(-1.110223024625E-16,-1.));
#1892 = ( GEOMETRIC_REPRESENTATION_CONTEXT(2) 
PARAMETRIC_REPRESENTATION_CONTEXT() REPRESENTATION_CONTEXT('2D SPACE',''
  ) );
#1893 = PCURVE('',#914,#1894);
#1894 = DEFINITIONAL_REPRESENTATION('',(#1895),#1899);
#1895 = LINE('',#1896,#1897);
#1896 = CARTESIAN_POINT('',(0.,0.));
#1897 = VECTOR('',#1898,1.);
#1898 = DIRECTION('',(1.,0.));
#1899 = ( GEOMETRIC_REPRESENTATION_CONTEXT(2) 
PARAMETRIC_REPRESENTATION_CONTEXT() REPRESENTATION_CONTEXT('2D SPACE',''
  ) );
#1900 = ORIENTED_EDGE('',*,*,#1901,.T.);
#1901 = EDGE_CURVE('',#1879,#1902,#1904,.T.);
#1902 = VERTEX_POINT('',#1903);
#1903 = CARTESIAN_POINT('',(11.999948554366,-5.017569039703,25.6));
#1904 = SURFACE_CURVE('',#1905,(#1910,#1921),.PCURVE_S1.);
#1905 = CIRCLE('',#1906,3.);
#1906 = AXIS2_PLACEMENT_3D('',#1907,#1908,#1909);
#1907 = CARTESIAN_POINT('',(9.,-5.,25.6));
#1908 = DIRECTION('',(0.,-0.,-1.));
#1909 = DIRECTION('',(1.,-1.110223024625E-16,0.));
#1910 = PCURVE('',#72,#1911);
#1911 = DEFINITIONAL_REPRESENTATION('',(#1912),#1920);
#1912 = ( BOUNDED_CURVE() B_SPLINE_CURVE(2,(#1913,#1914,#1915,#1916,
#1917,#1918,#1919),.UNSPECIFIED.,.T.,.F.) B_SPLINE_CURVE_WITH_KNOTS((1,2
    ,2,2,2,1),(-2.094395102393,0.,2.094395102393,4.188790204786,
6.28318530718,8.377580409573),.UNSPECIFIED.) CURVE() 
GEOMETRIC_REPRESENTATION_ITEM() RATIONAL_B_SPLINE_CURVE((1.,0.5,1.,0.5,
1.,0.5,1.)) REPRESENTATION_ITEM('') );
#1913 = CARTESIAN_POINT('',(59.5,16.5));
#1914 = CARTESIAN_POINT('',(59.5,11.303847577293));
#1915 = CARTESIAN_POINT('',(55.,13.901923788647));
#1916 = CARTESIAN_POINT('',(50.5,16.5));
#1917 = CARTESIAN_POINT('',(55.,19.098076211353));
#1918 = CARTESIAN_POINT('',(59.5,21.696152422707));
#1919 = CARTESIAN_POINT('',(59.5,16.5));
#1920 = ( GEOMETRIC_REPRESENTATION_CONTEXT(2) 
PARAMETRIC_REPRESENTATION_CONTEXT() REPRESENTATION_CONTEXT('2D SPACE',''
  ) );
#1921 = PCURVE('',#944,#1922);
#1922 = DEFINITIONAL_REPRESENTATION('',(#1923),#1927);
#1923 = LINE('',#1924,#1925);
#1924 = CARTESIAN_POINT('',(0.,0.));
#1925 = VECTOR('',#1926,1.);
#1926 = DIRECTION('',(1.,0.));
#1927 = ( GEOMETRIC_REPRESENTATION_CONTEXT(2) 
PARAMETRIC_REPRESENTATION_CONTEXT() REPRESENTATION_CONTEXT('2D SPACE',''
  ) );
#1928 = ORIENTED_EDGE('',*,*,#1929,.F.);
#1929 = EDGE_CURVE('',#1930,#1902,#1932,.T.);
#1930 = VERTEX_POINT('',#1931);
#1931 = CARTESIAN_POINT('',(15.000051445634,-5.017569039703,25.6));
#1932 = SURFACE_CURVE('',#1933,(#1937,#1944),.PCURVE_S1.);
#1933 = LINE('',#1934,#1935);
#1934 = CARTESIAN_POINT('',(19.19906231343,-5.017569039703,25.6));
#1935 = VECTOR('',#1936,1.);
#1936 = DIRECTION('',(-1.,0.,0.));
#1937 = PCURVE('',#72,#1938);
#1938 = DEFINITIONAL_REPRESENTATION('',(#1939),#1943);
#1939 = LINE('',#1940,#1941);
#1940 = CARTESIAN_POINT('',(66.69906231343,16.482430960297));
#1941 = VECTOR('',#1942,1.);
#1942 = DIRECTION('',(-1.,0.));
#1943 = ( GEOMETRIC_REPRESENTATION_CONTEXT(2) 
PARAMETRIC_REPRESENTATION_CONTEXT() REPRESENTATION_CONTEXT('2D SPACE',''
  ) );
#1944 = PCURVE('',#1484,#1945);
#1945 = DEFINITIONAL_REPRESENTATION('',(#1946),#1949);
#1946 = B_SPLINE_CURVE_WITH_KNOTS('',1,(#1947,#1948),.UNSPECIFIED.,.F.,
  .F.,(2,2),(-5.999999999062E-07,38.39854507587),
  .PIECEWISE_BEZIER_KNOTS.);
#1947 = CARTESIAN_POINT('',(-0.142159670939,-5.999999999062E-07));
#1948 = CARTESIAN_POINT('',(-0.142159670939,38.39854507587));
#1949 = ( GEOMETRIC_REPRESENTATION_CONTEXT(2) 
PARAMETRIC_REPRESENTATION_CONTEXT() REPRESENTATION_CONTEXT('2D SPACE',''
  ) );
#1950 = ORIENTED_EDGE('',*,*,#1951,.T.);
#1951 = EDGE_CURVE('',#1930,#1952,#1954,.T.);
#1952 = VERTEX_POINT('',#1953);
#1953 = CARTESIAN_POINT('',(15.,-5.,25.6));
#1954 = SURFACE_CURVE('',#1955,(#1960,#1971),.PCURVE_S1.);
#1955 = CIRCLE('',#1956,3.);
#1956 = AXIS2_PLACEMENT_3D('',#1957,#1958,#1959);
#1957 = CARTESIAN_POINT('',(18.,-5.,25.6));
#1958 = DIRECTION('',(0.,-0.,-1.));
#1959 = DIRECTION('',(1.,-1.110223024625E-16,0.));
#1960 = PCURVE('',#72,#1961);
#1961 = DEFINITIONAL_REPRESENTATION('',(#1962),#1970);
#1962 = ( BOUNDED_CURVE() B_SPLINE_CURVE(2,(#1963,#1964,#1965,#1966,
#1967,#1968,#1969),.UNSPECIFIED.,.T.,.F.) B_SPLINE_CURVE_WITH_KNOTS((1,2
    ,2,2,2,1),(-2.094395102393,0.,2.094395102393,4.188790204786,
6.28318530718,8.377580409573),.UNSPECIFIED.) CURVE() 
GEOMETRIC_REPRESENTATION_ITEM() RATIONAL_B_SPLINE_CURVE((1.,0.5,1.,0.5,
1.,0.5,1.)) REPRESENTATION_ITEM('') );
#1963 = CARTESIAN_POINT('',(68.5,16.5));
#1964 = CARTESIAN_POINT('',(68.5,11.303847577293));
#1965 = CARTESIAN_POINT('',(64.,13.901923788647));
#1966 = CARTESIAN_POINT('',(59.5,16.5));
#1967 = CARTESIAN_POINT('',(64.,19.098076211353));
#1968 = CARTESIAN_POINT('',(68.5,21.696152422707));
#1969 = CARTESIAN_POINT('',(68.5,16.5));
#1970 = ( GEOMETRIC_REPRESENTATION_CONTEXT(2) 
PARAMETRIC_REPRESENTATION_CONTEXT() REPRESENTATION_CONTEXT('2D SPACE',''
  ) );
#1971 = PCURVE('',#1064,#1972);
#1972 = DEFINITIONAL_REPRESENTATION('',(#1973),#1977);
#1973 = LINE('',#1974,#1975);
#1974 = CARTESIAN_POINT('',(0.,0.));
#1975 = VECTOR('',#1976,1.);
#1976 = DIRECTION('',(1.,0.));
#1977 = ( GEOMETRIC_REPRESENTATION_CONTEXT(2) 
PARAMETRIC_REPRESENTATION_CONTEXT() REPRESENTATION_CONTEXT('2D SPACE',''
  ) );
#1978 = ORIENTED_EDGE('',*,*,#1979,.T.);
#1979 = EDGE_CURVE('',#1952,#1980,#1982,.T.);
#1980 = VERTEX_POINT('',#1981);
#1981 = CARTESIAN_POINT('',(15.,11.,25.6));
#1982 = SURFACE_CURVE('',#1983,(#1987,#1994),.PCURVE_S1.);
#1983 = LINE('',#1984,#1985);
#1984 = CARTESIAN_POINT('',(15.,-5.,25.6));
#1985 = VECTOR('',#1986,1.);
#1986 = DIRECTION('',(1.110223024625E-16,1.,0.));
#1987 = PCURVE('',#72,#1988);
#1988 = DEFINITIONAL_REPRESENTATION('',(#1989),#1993);
#1989 = LINE('',#1990,#1991);
#1990 = CARTESIAN_POINT('',(62.5,16.5));
#1991 = VECTOR('',#1992,1.);
#1992 = DIRECTION('',(1.110223024625E-16,1.));
#1993 = ( GEOMETRIC_REPRESENTATION_CONTEXT(2) 
PARAMETRIC_REPRESENTATION_CONTEXT() REPRESENTATION_CONTEXT('2D SPACE',''
  ) );
#1994 = PCURVE('',#975,#1995);
#1995 = DEFINITIONAL_REPRESENTATION('',(#1996),#2000);
#1996 = LINE('',#1997,#1998);
#1997 = CARTESIAN_POINT('',(0.,0.));
#1998 = VECTOR('',#1999,1.);
#1999 = DIRECTION('',(1.,0.));
#2000 = ( GEOMETRIC_REPRESENTATION_CONTEXT(2) 
PARAMETRIC_REPRESENTATION_CONTEXT() REPRESENTATION_CONTEXT('2D SPACE',''
  ) );
#2001 = ORIENTED_EDGE('',*,*,#2002,.T.);
#2002 = EDGE_CURVE('',#1980,#2003,#2005,.T.);
#2003 = VERTEX_POINT('',#2004);
#2004 = CARTESIAN_POINT('',(21.,11.,25.6));
#2005 = SURFACE_CURVE('',#2006,(#2011,#2022),.PCURVE_S1.);
#2006 = CIRCLE('',#2007,3.);
#2007 = AXIS2_PLACEMENT_3D('',#2008,#2009,#2010);
#2008 = CARTESIAN_POINT('',(18.,11.,25.6));
#2009 = DIRECTION('',(0.,0.,-1.));
#2010 = DIRECTION('',(-1.,1.110223024625E-16,0.));
#2011 = PCURVE('',#72,#2012);
#2012 = DEFINITIONAL_REPRESENTATION('',(#2013),#2021);
#2013 = ( BOUNDED_CURVE() B_SPLINE_CURVE(2,(#2014,#2015,#2016,#2017,
#2018,#2019,#2020),.UNSPECIFIED.,.T.,.F.) B_SPLINE_CURVE_WITH_KNOTS((1,2
    ,2,2,2,1),(-2.094395102393,0.,2.094395102393,4.188790204786,
6.28318530718,8.377580409573),.UNSPECIFIED.) CURVE() 
GEOMETRIC_REPRESENTATION_ITEM() RATIONAL_B_SPLINE_CURVE((1.,0.5,1.,0.5,
1.,0.5,1.)) REPRESENTATION_ITEM('') );
#2014 = CARTESIAN_POINT('',(62.5,32.5));
#2015 = CARTESIAN_POINT('',(62.5,37.696152422707));
#2016 = CARTESIAN_POINT('',(67.,35.098076211353));
#2017 = CARTESIAN_POINT('',(71.5,32.5));
#2018 = CARTESIAN_POINT('',(67.,29.901923788647));
#2019 = CARTESIAN_POINT('',(62.5,27.303847577293));
#2020 = CARTESIAN_POINT('',(62.5,32.5));
#2021 = ( GEOMETRIC_REPRESENTATION_CONTEXT(2) 
PARAMETRIC_REPRESENTATION_CONTEXT() REPRESENTATION_CONTEXT('2D SPACE',''
  ) );
#2022 = PCURVE('',#1007,#2023);
#2023 = DEFINITIONAL_REPRESENTATION('',(#2024),#2028);
#2024 = LINE('',#2025,#2026);
#2025 = CARTESIAN_POINT('',(0.,0.));
#2026 = VECTOR('',#2027,1.);
#2027 = DIRECTION('',(1.,0.));
#2028 = ( GEOMETRIC_REPRESENTATION_CONTEXT(2) 
PARAMETRIC_REPRESENTATION_CONTEXT() REPRESENTATION_CONTEXT('2D SPACE',''
  ) );
#2029 = ORIENTED_EDGE('',*,*,#2030,.T.);
#2030 = EDGE_CURVE('',#2003,#2031,#2033,.T.);
#2031 = VERTEX_POINT('',#2032);
#2032 = CARTESIAN_POINT('',(21.,-4.2175,25.6));
#2033 = SURFACE_CURVE('',#2034,(#2038,#2045),.PCURVE_S1.);
#2034 = LINE('',#2035,#2036);
#2035 = CARTESIAN_POINT('',(21.,11.,25.6));
#2036 = VECTOR('',#2037,1.);
#2037 = DIRECTION('',(-1.110223024625E-16,-1.,0.));
#2038 = PCURVE('',#72,#2039);
#2039 = DEFINITIONAL_REPRESENTATION('',(#2040),#2044);
#2040 = LINE('',#2041,#2042);
#2041 = CARTESIAN_POINT('',(68.5,32.5));
#2042 = VECTOR('',#2043,1.);
#2043 = DIRECTION('',(-1.110223024625E-16,-1.));
#2044 = ( GEOMETRIC_REPRESENTATION_CONTEXT(2) 
PARAMETRIC_REPRESENTATION_CONTEXT() REPRESENTATION_CONTEXT('2D SPACE',''
  ) );
#2045 = PCURVE('',#1034,#2046);
#2046 = DEFINITIONAL_REPRESENTATION('',(#2047),#2051);
#2047 = LINE('',#2048,#2049);
#2048 = CARTESIAN_POINT('',(0.,0.));
#2049 = VECTOR('',#2050,1.);
#2050 = DIRECTION('',(1.,0.));
#2051 = ( GEOMETRIC_REPRESENTATION_CONTEXT(2) 
PARAMETRIC_REPRESENTATION_CONTEXT() REPRESENTATION_CONTEXT('2D SPACE',''
  ) );
#2052 = ORIENTED_EDGE('',*,*,#2053,.F.);
#2053 = EDGE_CURVE('',#2054,#2031,#2056,.T.);
#2054 = VERTEX_POINT('',#2055);
#2055 = CARTESIAN_POINT('',(24.,-4.2175,25.6));
#2056 = SURFACE_CURVE('',#2057,(#2061,#2068),.PCURVE_S1.);
#2057 = LINE('',#2058,#2059);
#2058 = CARTESIAN_POINT('',(-6.525,-4.2175,25.6));
#2059 = VECTOR('',#2060,1.);
#2060 = DIRECTION('',(-1.,-0.,0.));
#2061 = PCURVE('',#72,#2062);
#2062 = DEFINITIONAL_REPRESENTATION('',(#2063),#2067);
#2063 = LINE('',#2064,#2065);
#2064 = CARTESIAN_POINT('',(40.975,17.2825));
#2065 = VECTOR('',#2066,1.);
#2066 = DIRECTION('',(-1.,0.));
#2067 = ( GEOMETRIC_REPRESENTATION_CONTEXT(2) 
PARAMETRIC_REPRESENTATION_CONTEXT() REPRESENTATION_CONTEXT('2D SPACE',''
  ) );
#2068 = PCURVE('',#1354,#2069);
#2069 = DEFINITIONAL_REPRESENTATION('',(#2070),#2074);
#2070 = LINE('',#2071,#2072);
#2071 = CARTESIAN_POINT('',(78.824,53.461));
#2072 = VECTOR('',#2073,1.);
#2073 = DIRECTION('',(0.,-1.));
#2074 = ( GEOMETRIC_REPRESENTATION_CONTEXT(2) 
PARAMETRIC_REPRESENTATION_CONTEXT() REPRESENTATION_CONTEXT('2D SPACE',''
  ) );
#2075 = ORIENTED_EDGE('',*,*,#2076,.T.);
#2076 = EDGE_CURVE('',#2054,#2077,#2079,.T.);
#2077 = VERTEX_POINT('',#2078);
#2078 = CARTESIAN_POINT('',(24.,11.,25.6));
#2079 = SURFACE_CURVE('',#2080,(#2084,#2091),.PCURVE_S1.);
#2080 = LINE('',#2081,#2082);
#2081 = CARTESIAN_POINT('',(24.,-5.,25.6));
#2082 = VECTOR('',#2083,1.);
#2083 = DIRECTION('',(1.110223024625E-16,1.,0.));
#2084 = PCURVE('',#72,#2085);
#2085 = DEFINITIONAL_REPRESENTATION('',(#2086),#2090);
#2086 = LINE('',#2087,#2088);
#2087 = CARTESIAN_POINT('',(71.5,16.5));
#2088 = VECTOR('',#2089,1.);
#2089 = DIRECTION('',(1.110223024625E-16,1.));
#2090 = ( GEOMETRIC_REPRESENTATION_CONTEXT(2) 
PARAMETRIC_REPRESENTATION_CONTEXT() REPRESENTATION_CONTEXT('2D SPACE',''
  ) );
#2091 = PCURVE('',#1095,#2092);
#2092 = DEFINITIONAL_REPRESENTATION('',(#2093),#2097);
#2093 = LINE('',#2094,#2095);
#2094 = CARTESIAN_POINT('',(0.,0.));
#2095 = VECTOR('',#2096,1.);
#2096 = DIRECTION('',(1.,0.));
#2097 = ( GEOMETRIC_REPRESENTATION_CONTEXT(2) 
PARAMETRIC_REPRESENTATION_CONTEXT() REPRESENTATION_CONTEXT('2D SPACE',''
  ) );
#2098 = ORIENTED_EDGE('',*,*,#2099,.T.);
#2099 = EDGE_CURVE('',#2077,#2100,#2102,.T.);
#2100 = VERTEX_POINT('',#2101);
#2101 = CARTESIAN_POINT('',(30.,11.,25.6));
#2102 = SURFACE_CURVE('',#2103,(#2108,#2119),.PCURVE_S1.);
#2103 = CIRCLE('',#2104,3.);
#2104 = AXIS2_PLACEMENT_3D('',#2105,#2106,#2107);
#2105 = CARTESIAN_POINT('',(27.,11.,25.6));
#2106 = DIRECTION('',(0.,0.,-1.));
#2107 = DIRECTION('',(-1.,1.110223024625E-16,0.));
#2108 = PCURVE('',#72,#2109);
#2109 = DEFINITIONAL_REPRESENTATION('',(#2110),#2118);
#2110 = ( BOUNDED_CURVE() B_SPLINE_CURVE(2,(#2111,#2112,#2113,#2114,
#2115,#2116,#2117),.UNSPECIFIED.,.T.,.F.) B_SPLINE_CURVE_WITH_KNOTS((1,2
    ,2,2,2,1),(-2.094395102393,0.,2.094395102393,4.188790204786,
6.28318530718,8.377580409573),.UNSPECIFIED.) CURVE() 
GEOMETRIC_REPRESENTATION_ITEM() RATIONAL_B_SPLINE_CURVE((1.,0.5,1.,0.5,
1.,0.5,1.)) REPRESENTATION_ITEM('') );
#2111 = CARTESIAN_POINT('',(71.5,32.5));
#2112 = CARTESIAN_POINT('',(71.5,37.696152422707));
#2113 = CARTESIAN_POINT('',(76.,35.098076211353));
#2114 = CARTESIAN_POINT('',(80.5,32.5));
#2115 = CARTESIAN_POINT('',(76.,29.901923788647));
#2116 = CARTESIAN_POINT('',(71.5,27.303847577293));
#2117 = CARTESIAN_POINT('',(71.5,32.5));
#2118 = ( GEOMETRIC_REPRESENTATION_CONTEXT(2) 
PARAMETRIC_REPRESENTATION_CONTEXT() REPRESENTATION_CONTEXT('2D SPACE',''
  ) );
#2119 = PCURVE('',#1127,#2120);
#2120 = DEFINITIONAL_REPRESENTATION('',(#2121),#2125);
#2121 = LINE('',#2122,#2123);
#2122 = CARTESIAN_POINT('',(0.,0.));
#2123 = VECTOR('',#2124,1.);
#2124 = DIRECTION('',(1.,0.));
#2125 = ( GEOMETRIC_REPRESENTATION_CONTEXT(2) 
PARAMETRIC_REPRESENTATION_CONTEXT() REPRESENTATION_CONTEXT('2D SPACE',''
  ) );
#2126 = ORIENTED_EDGE('',*,*,#2127,.T.);
#2127 = EDGE_CURVE('',#2100,#2128,#2130,.T.);
#2128 = VERTEX_POINT('',#2129);
#2129 = CARTESIAN_POINT('',(30.,-4.2175,25.6));
#2130 = SURFACE_CURVE('',#2131,(#2135,#2142),.PCURVE_S1.);
#2131 = LINE('',#2132,#2133);
#2132 = CARTESIAN_POINT('',(30.,11.,25.6));
#2133 = VECTOR('',#2134,1.);
#2134 = DIRECTION('',(-1.110223024625E-16,-1.,0.));
#2135 = PCURVE('',#72,#2136);
#2136 = DEFINITIONAL_REPRESENTATION('',(#2137),#2141);
#2137 = LINE('',#2138,#2139);
#2138 = CARTESIAN_POINT('',(77.5,32.5));
#2139 = VECTOR('',#2140,1.);
#2140 = DIRECTION('',(-1.110223024625E-16,-1.));
#2141 = ( GEOMETRIC_REPRESENTATION_CONTEXT(2) 
PARAMETRIC_REPRESENTATION_CONTEXT() REPRESENTATION_CONTEXT('2D SPACE',''
  ) );
#2142 = PCURVE('',#1154,#2143);
#2143 = DEFINITIONAL_REPRESENTATION('',(#2144),#2148);
#2144 = LINE('',#2145,#2146);
#2145 = CARTESIAN_POINT('',(0.,0.));
#2146 = VECTOR('',#2147,1.);
#2147 = DIRECTION('',(1.,0.));
#2148 = ( GEOMETRIC_REPRESENTATION_CONTEXT(2) 
PARAMETRIC_REPRESENTATION_CONTEXT() REPRESENTATION_CONTEXT('2D SPACE',''
  ) );
#2149 = ORIENTED_EDGE('',*,*,#2150,.F.);
#2150 = EDGE_CURVE('',#2151,#2128,#2153,.T.);
#2151 = VERTEX_POINT('',#2152);
#2152 = CARTESIAN_POINT('',(31.05,-4.2175,25.6));
#2153 = SURFACE_CURVE('',#2154,(#2158,#2165),.PCURVE_S1.);
#2154 = LINE('',#2155,#2156);
#2155 = CARTESIAN_POINT('',(-6.525,-4.2175,25.6));
#2156 = VECTOR('',#2157,1.);
#2157 = DIRECTION('',(-1.,-0.,0.));
#2158 = PCURVE('',#72,#2159);
#2159 = DEFINITIONAL_REPRESENTATION('',(#2160),#2164);
#2160 = LINE('',#2161,#2162);
#2161 = CARTESIAN_POINT('',(40.975,17.2825));
#2162 = VECTOR('',#2163,1.);
#2163 = DIRECTION('',(-1.,0.));
#2164 = ( GEOMETRIC_REPRESENTATION_CONTEXT(2) 
PARAMETRIC_REPRESENTATION_CONTEXT() REPRESENTATION_CONTEXT('2D SPACE',''
  ) );
#2165 = PCURVE('',#1354,#2166);
#2166 = DEFINITIONAL_REPRESENTATION('',(#2167),#2171);
#2167 = LINE('',#2168,#2169);
#2168 = CARTESIAN_POINT('',(78.824,53.461));
#2169 = VECTOR('',#2170,1.);
#2170 = DIRECTION('',(0.,-1.));
#2171 = ( GEOMETRIC_REPRESENTATION_CONTEXT(2) 
PARAMETRIC_REPRESENTATION_CONTEXT() REPRESENTATION_CONTEXT('2D SPACE',''
  ) );
#2172 = ORIENTED_EDGE('',*,*,#2173,.T.);
#2173 = EDGE_CURVE('',#2151,#2174,#2176,.T.);
#2174 = VERTEX_POINT('',#2175);
#2175 = CARTESIAN_POINT('',(31.05,-20.869,25.6));
#2176 = SURFACE_CURVE('',#2177,(#2181,#2188),.PCURVE_S1.);
#2177 = LINE('',#2178,#2179);
#2178 = CARTESIAN_POINT('',(31.05,-60.4345,25.6));
#2179 = VECTOR('',#2180,1.);
#2180 = DIRECTION('',(0.,-1.,0.));
#2181 = PCURVE('',#72,#2182);
#2182 = DEFINITIONAL_REPRESENTATION('',(#2183),#2187);
#2183 = LINE('',#2184,#2185);
#2184 = CARTESIAN_POINT('',(78.55,-38.9345));
#2185 = VECTOR('',#2186,1.);
#2186 = DIRECTION('',(0.,-1.));
#2187 = ( GEOMETRIC_REPRESENTATION_CONTEXT(2) 
PARAMETRIC_REPRESENTATION_CONTEXT() REPRESENTATION_CONTEXT('2D SPACE',''
  ) );
#2188 = PCURVE('',#2189,#2194);
#2189 = PLANE('',#2190);
#2190 = AXIS2_PLACEMENT_3D('',#2191,#2192,#2193);
#2191 = CARTESIAN_POINT('',(31.05,-20.869,23.2));
#2192 = DIRECTION('',(1.,0.,-0.));
#2193 = DIRECTION('',(0.,0.,1.));
#2194 = DEFINITIONAL_REPRESENTATION('',(#2195),#2198);
#2195 = B_SPLINE_CURVE_WITH_KNOTS('',1,(#2196,#2197),.UNSPECIFIED.,.F.,
  .F.,(2,2),(-87.9345,-38.9345),.PIECEWISE_BEZIER_KNOTS.);
#2196 = CARTESIAN_POINT('',(2.4,-48.369));
#2197 = CARTESIAN_POINT('',(2.4,0.631));
#2198 = ( GEOMETRIC_REPRESENTATION_CONTEXT(2) 
PARAMETRIC_REPRESENTATION_CONTEXT() REPRESENTATION_CONTEXT('2D SPACE',''
  ) );
#2199 = ORIENTED_EDGE('',*,*,#2200,.T.);
#2200 = EDGE_CURVE('',#2174,#2201,#2203,.T.);
#2201 = VERTEX_POINT('',#2202);
#2202 = CARTESIAN_POINT('',(19.19906231343,-20.869,25.6));
#2203 = SURFACE_CURVE('',#2204,(#2208,#2215),.PCURVE_S1.);
#2204 = LINE('',#2205,#2206);
#2205 = CARTESIAN_POINT('',(-6.525,-20.869,25.6));
#2206 = VECTOR('',#2207,1.);
#2207 = DIRECTION('',(-1.,-0.,0.));
#2208 = PCURVE('',#72,#2209);
#2209 = DEFINITIONAL_REPRESENTATION('',(#2210),#2214);
#2210 = LINE('',#2211,#2212);
#2211 = CARTESIAN_POINT('',(40.975,0.631));
#2212 = VECTOR('',#2213,1.);
#2213 = DIRECTION('',(-1.,0.));
#2214 = ( GEOMETRIC_REPRESENTATION_CONTEXT(2) 
PARAMETRIC_REPRESENTATION_CONTEXT() REPRESENTATION_CONTEXT('2D SPACE',''
  ) );
#2215 = PCURVE('',#2216,#2221);
#2216 = PLANE('',#2217);
#2217 = AXIS2_PLACEMENT_3D('',#2218,#2219,#2220);
#2218 = CARTESIAN_POINT('',(18.,-20.869,23.2));
#2219 = DIRECTION('',(-0.,1.,0.));
#2220 = DIRECTION('',(0.,0.,1.));
#2221 = DEFINITIONAL_REPRESENTATION('',(#2222),#2226);
#2222 = LINE('',#2223,#2224);
#2223 = CARTESIAN_POINT('',(2.4,-24.525));
#2224 = VECTOR('',#2225,1.);
#2225 = DIRECTION('',(0.,-1.));
#2226 = ( GEOMETRIC_REPRESENTATION_CONTEXT(2) 
PARAMETRIC_REPRESENTATION_CONTEXT() REPRESENTATION_CONTEXT('2D SPACE',''
  ) );
#2227 = ORIENTED_EDGE('',*,*,#2228,.F.);
#2228 = EDGE_CURVE('',#2229,#2201,#2231,.T.);
#2229 = VERTEX_POINT('',#2230);
#2230 = CARTESIAN_POINT('',(19.19906231343,-20.86940764386,25.6));
#2231 = SURFACE_CURVE('',#2232,(#2236,#2243),.PCURVE_S1.);
#2232 = LINE('',#2233,#2234);
#2233 = CARTESIAN_POINT('',(19.19906231343,23.742840056617,25.6));
#2234 = VECTOR('',#2235,1.);
#2235 = DIRECTION('',(0.,1.,-0.));
#2236 = PCURVE('',#72,#2237);
#2237 = DEFINITIONAL_REPRESENTATION('',(#2238),#2242);
#2238 = LINE('',#2239,#2240);
#2239 = CARTESIAN_POINT('',(66.69906231343,45.242840056617));
#2240 = VECTOR('',#2241,1.);
#2241 = DIRECTION('',(0.,1.));
#2242 = ( GEOMETRIC_REPRESENTATION_CONTEXT(2) 
PARAMETRIC_REPRESENTATION_CONTEXT() REPRESENTATION_CONTEXT('2D SPACE',''
  ) );
#2243 = PCURVE('',#2244,#2249);
#2244 = PLANE('',#2245);
#2245 = AXIS2_PLACEMENT_3D('',#2246,#2247,#2248);
#2246 = CARTESIAN_POINT('',(19.19906231343,68.985680113233,
    -53.31069184474));
#2247 = DIRECTION('',(-1.,0.,0.));
#2248 = DIRECTION('',(0.,-1.,0.));
#2249 = DEFINITIONAL_REPRESENTATION('',(#2250),#2254);
#2250 = LINE('',#2251,#2252);
#2251 = CARTESIAN_POINT('',(45.242840056616,78.91069184474));
#2252 = VECTOR('',#2253,1.);
#2253 = DIRECTION('',(-1.,0.));
#2254 = ( GEOMETRIC_REPRESENTATION_CONTEXT(2) 
PARAMETRIC_REPRESENTATION_CONTEXT() REPRESENTATION_CONTEXT('2D SPACE',''
  ) );
#2255 = ORIENTED_EDGE('',*,*,#2256,.F.);
#2256 = EDGE_CURVE('',#2257,#2229,#2259,.T.);
#2257 = VERTEX_POINT('',#2258);
#2258 = CARTESIAN_POINT('',(15.09906231343,-20.86940764386,25.6));
#2259 = SURFACE_CURVE('',#2260,(#2264,#2271),.PCURVE_S1.);
#2260 = LINE('',#2261,#2262);
#2261 = CARTESIAN_POINT('',(5.69456558281,-20.86940764386,25.6));
#2262 = VECTOR('',#2263,1.);
#2263 = DIRECTION('',(1.,0.,0.));
#2264 = PCURVE('',#72,#2265);
#2265 = DEFINITIONAL_REPRESENTATION('',(#2266),#2270);
#2266 = LINE('',#2267,#2268);
#2267 = CARTESIAN_POINT('',(53.19456558281,0.63059235614));
#2268 = VECTOR('',#2269,1.);
#2269 = DIRECTION('',(1.,0.));
#2270 = ( GEOMETRIC_REPRESENTATION_CONTEXT(2) 
PARAMETRIC_REPRESENTATION_CONTEXT() REPRESENTATION_CONTEXT('2D SPACE',''
  ) );
#2271 = PCURVE('',#2272,#2277);
#2272 = PLANE('',#2273);
#2273 = AXIS2_PLACEMENT_3D('',#2274,#2275,#2276);
#2274 = CARTESIAN_POINT('',(42.43913116562,-20.86940764386,
    14.999684915576));
#2275 = DIRECTION('',(0.,1.,0.));
#2276 = DIRECTION('',(-1.,0.,0.));
#2277 = DEFINITIONAL_REPRESENTATION('',(#2278),#2282);
#2278 = LINE('',#2279,#2280);
#2279 = CARTESIAN_POINT('',(36.74456558281,10.600315084424));
#2280 = VECTOR('',#2281,1.);
#2281 = DIRECTION('',(-1.,0.));
#2282 = ( GEOMETRIC_REPRESENTATION_CONTEXT(2) 
PARAMETRIC_REPRESENTATION_CONTEXT() REPRESENTATION_CONTEXT('2D SPACE',''
  ) );
#2283 = ORIENTED_EDGE('',*,*,#2284,.T.);
#2284 = EDGE_CURVE('',#2257,#2285,#2287,.T.);
#2285 = VERTEX_POINT('',#2286);
#2286 = CARTESIAN_POINT('',(-15.10093768657,-20.86940764386,25.6));
#2287 = SURFACE_CURVE('',#2288,(#2293,#2300),.PCURVE_S1.);
#2288 = CIRCLE('',#2289,28.65);
#2289 = AXIS2_PLACEMENT_3D('',#2290,#2291,#2292);
#2290 = CARTESIAN_POINT('',(-9.37686570375E-04,-45.21714881219,25.6));
#2291 = DIRECTION('',(0.,0.,1.));
#2292 = DIRECTION('',(0.52705061082,0.849833897673,-0.));
#2293 = PCURVE('',#72,#2294);
#2294 = DEFINITIONAL_REPRESENTATION('',(#2295),#2299);
#2295 = CIRCLE('',#2296,28.65);
#2296 = AXIS2_PLACEMENT_2D('',#2297,#2298);
#2297 = CARTESIAN_POINT('',(47.49906231343,-23.71714881219));
#2298 = DIRECTION('',(0.52705061082,0.849833897673));
#2299 = ( GEOMETRIC_REPRESENTATION_CONTEXT(2) 
PARAMETRIC_REPRESENTATION_CONTEXT() REPRESENTATION_CONTEXT('2D SPACE',''
  ) );
#2300 = PCURVE('',#2301,#2306);
#2301 = CYLINDRICAL_SURFACE('',#2302,28.65);
#2302 = AXIS2_PLACEMENT_3D('',#2303,#2304,#2305);
#2303 = CARTESIAN_POINT('',(-9.37686570375E-04,-45.21714881219,
    2.999684915576));
#2304 = DIRECTION('',(0.,0.,1.));
#2305 = DIRECTION('',(0.52705061082,0.849833897673,-0.));
#2306 = DEFINITIONAL_REPRESENTATION('',(#2307),#2311);
#2307 = LINE('',#2308,#2309);
#2308 = CARTESIAN_POINT('',(0.,22.600315084425));
#2309 = VECTOR('',#2310,1.);
#2310 = DIRECTION('',(1.,0.));
#2311 = ( GEOMETRIC_REPRESENTATION_CONTEXT(2) 
PARAMETRIC_REPRESENTATION_CONTEXT() REPRESENTATION_CONTEXT('2D SPACE',''
  ) );
#2312 = ORIENTED_EDGE('',*,*,#2313,.F.);
#2313 = EDGE_CURVE('',#2314,#2285,#2316,.T.);
#2314 = VERTEX_POINT('',#2315);
#2315 = CARTESIAN_POINT('',(-19.19948216244,-20.86940764386,25.6));
#2316 = SURFACE_CURVE('',#2317,(#2321,#2328),.PCURVE_S1.);
#2317 = LINE('',#2318,#2319);
#2318 = CARTESIAN_POINT('',(5.69456558281,-20.86940764386,25.6));
#2319 = VECTOR('',#2320,1.);
#2320 = DIRECTION('',(1.,0.,0.));
#2321 = PCURVE('',#72,#2322);
#2322 = DEFINITIONAL_REPRESENTATION('',(#2323),#2327);
#2323 = LINE('',#2324,#2325);
#2324 = CARTESIAN_POINT('',(53.19456558281,0.63059235614));
#2325 = VECTOR('',#2326,1.);
#2326 = DIRECTION('',(1.,0.));
#2327 = ( GEOMETRIC_REPRESENTATION_CONTEXT(2) 
PARAMETRIC_REPRESENTATION_CONTEXT() REPRESENTATION_CONTEXT('2D SPACE',''
  ) );
#2328 = PCURVE('',#2329,#2334);
#2329 = PLANE('',#2330);
#2330 = AXIS2_PLACEMENT_3D('',#2331,#2332,#2333);
#2331 = CARTESIAN_POINT('',(42.43913116562,-20.86940764386,
    14.999684915576));
#2332 = DIRECTION('',(0.,1.,0.));
#2333 = DIRECTION('',(-1.,0.,0.));
#2334 = DEFINITIONAL_REPRESENTATION('',(#2335),#2339);
#2335 = LINE('',#2336,#2337);
#2336 = CARTESIAN_POINT('',(36.74456558281,10.600315084424));
#2337 = VECTOR('',#2338,1.);
#2338 = DIRECTION('',(-1.,0.));
#2339 = ( GEOMETRIC_REPRESENTATION_CONTEXT(2) 
PARAMETRIC_REPRESENTATION_CONTEXT() REPRESENTATION_CONTEXT('2D SPACE',''
  ) );
#2340 = ORIENTED_EDGE('',*,*,#2341,.T.);
#2341 = EDGE_CURVE('',#2314,#2342,#2344,.T.);
#2342 = VERTEX_POINT('',#2343);
#2343 = CARTESIAN_POINT('',(-19.19948216244,-20.869,25.6));
#2344 = SURFACE_CURVE('',#2345,(#2349,#2356),.PCURVE_S1.);
#2345 = LINE('',#2346,#2347);
#2346 = CARTESIAN_POINT('',(-19.19948216244,3.565202725387,25.6));
#2347 = VECTOR('',#2348,1.);
#2348 = DIRECTION('',(0.,1.,-0.));
#2349 = PCURVE('',#72,#2350);
#2350 = DEFINITIONAL_REPRESENTATION('',(#2351),#2355);
#2351 = LINE('',#2352,#2353);
#2352 = CARTESIAN_POINT('',(28.30051783756,25.065202725387));
#2353 = VECTOR('',#2354,1.);
#2354 = DIRECTION('',(0.,1.));
#2355 = ( GEOMETRIC_REPRESENTATION_CONTEXT(2) 
PARAMETRIC_REPRESENTATION_CONTEXT() REPRESENTATION_CONTEXT('2D SPACE',''
  ) );
#2356 = PCURVE('',#2357,#2362);
#2357 = PLANE('',#2358);
#2358 = AXIS2_PLACEMENT_3D('',#2359,#2360,#2361);
#2359 = CARTESIAN_POINT('',(-19.19948216244,28.630405450773,
    -11.35436862383));
#2360 = DIRECTION('',(-1.,0.,0.));
#2361 = DIRECTION('',(0.,0.96592663781,0.258816016447));
#2362 = DEFINITIONAL_REPRESENTATION('',(#2363),#2367);
#2363 = LINE('',#2364,#2365);
#2364 = CARTESIAN_POINT('',(-14.64676451702,-42.18248495801));
#2365 = VECTOR('',#2366,1.);
#2366 = DIRECTION('',(0.96592663781,0.258816016447));
#2367 = ( GEOMETRIC_REPRESENTATION_CONTEXT(2) 
PARAMETRIC_REPRESENTATION_CONTEXT() REPRESENTATION_CONTEXT('2D SPACE',''
  ) );
#2368 = ORIENTED_EDGE('',*,*,#2369,.T.);
#2369 = EDGE_CURVE('',#2342,#2370,#2372,.T.);
#2370 = VERTEX_POINT('',#2371);
#2371 = CARTESIAN_POINT('',(-31.05,-20.869,25.6));
#2372 = SURFACE_CURVE('',#2373,(#2377,#2384),.PCURVE_S1.);
#2373 = LINE('',#2374,#2375);
#2374 = CARTESIAN_POINT('',(-31.05,-20.869,25.6));
#2375 = VECTOR('',#2376,1.);
#2376 = DIRECTION('',(-1.,-0.,0.));
#2377 = PCURVE('',#72,#2378);
#2378 = DEFINITIONAL_REPRESENTATION('',(#2379),#2383);
#2379 = LINE('',#2380,#2381);
#2380 = CARTESIAN_POINT('',(16.45,0.631));
#2381 = VECTOR('',#2382,1.);
#2382 = DIRECTION('',(-1.,0.));
#2383 = ( GEOMETRIC_REPRESENTATION_CONTEXT(2) 
PARAMETRIC_REPRESENTATION_CONTEXT() REPRESENTATION_CONTEXT('2D SPACE',''
  ) );
#2384 = PCURVE('',#2385,#2390);
#2385 = PLANE('',#2386);
#2386 = AXIS2_PLACEMENT_3D('',#2387,#2388,#2389);
#2387 = CARTESIAN_POINT('',(-31.05,-20.869,23.2));
#2388 = DIRECTION('',(-0.,1.,0.));
#2389 = DIRECTION('',(0.,0.,1.));
#2390 = DEFINITIONAL_REPRESENTATION('',(#2391),#2395);
#2391 = LINE('',#2392,#2393);
#2392 = CARTESIAN_POINT('',(2.4,0.));
#2393 = VECTOR('',#2394,1.);
#2394 = DIRECTION('',(0.,-1.));
#2395 = ( GEOMETRIC_REPRESENTATION_CONTEXT(2) 
PARAMETRIC_REPRESENTATION_CONTEXT() REPRESENTATION_CONTEXT('2D SPACE',''
  ) );
#2396 = ORIENTED_EDGE('',*,*,#2397,.F.);
#2397 = EDGE_CURVE('',#2398,#2370,#2400,.T.);
#2398 = VERTEX_POINT('',#2399);
#2399 = CARTESIAN_POINT('',(-31.05,-4.2175,25.6));
#2400 = SURFACE_CURVE('',#2401,(#2405,#2412),.PCURVE_S1.);
#2401 = LINE('',#2402,#2403);
#2402 = CARTESIAN_POINT('',(-31.05,-60.75,25.6));
#2403 = VECTOR('',#2404,1.);
#2404 = DIRECTION('',(0.,-1.,0.));
#2405 = PCURVE('',#72,#2406);
#2406 = DEFINITIONAL_REPRESENTATION('',(#2407),#2411);
#2407 = LINE('',#2408,#2409);
#2408 = CARTESIAN_POINT('',(16.45,-39.25));
#2409 = VECTOR('',#2410,1.);
#2410 = DIRECTION('',(0.,-1.));
#2411 = ( GEOMETRIC_REPRESENTATION_CONTEXT(2) 
PARAMETRIC_REPRESENTATION_CONTEXT() REPRESENTATION_CONTEXT('2D SPACE',''
  ) );
#2412 = PCURVE('',#2413,#2418);
#2413 = PLANE('',#2414);
#2414 = AXIS2_PLACEMENT_3D('',#2415,#2416,#2417);
#2415 = CARTESIAN_POINT('',(-31.05,-21.5,25.6));
#2416 = DIRECTION('',(1.,0.,-0.));
#2417 = DIRECTION('',(0.,0.,1.));
#2418 = DEFINITIONAL_REPRESENTATION('',(#2419),#2422);
#2419 = B_SPLINE_CURVE_WITH_KNOTS('',1,(#2420,#2421),.UNSPECIFIED.,.F.,
  .F.,(2,2),(-88.25,-39.25),.PIECEWISE_BEZIER_KNOTS.);
#2420 = CARTESIAN_POINT('',(0.,-49.));
#2421 = CARTESIAN_POINT('',(0.,0.));
#2422 = ( GEOMETRIC_REPRESENTATION_CONTEXT(2) 
PARAMETRIC_REPRESENTATION_CONTEXT() REPRESENTATION_CONTEXT('2D SPACE',''
  ) );
#2423 = ORIENTED_EDGE('',*,*,#2424,.F.);
#2424 = EDGE_CURVE('',#2425,#2398,#2427,.T.);
#2425 = VERTEX_POINT('',#2426);
#2426 = CARTESIAN_POINT('',(-30.,-4.2175,25.6));
#2427 = SURFACE_CURVE('',#2428,(#2432,#2439),.PCURVE_S1.);
#2428 = LINE('',#2429,#2430);
#2429 = CARTESIAN_POINT('',(-31.05,-4.2175,25.6));
#2430 = VECTOR('',#2431,1.);
#2431 = DIRECTION('',(-1.,-0.,0.));
#2432 = PCURVE('',#72,#2433);
#2433 = DEFINITIONAL_REPRESENTATION('',(#2434),#2438);
#2434 = LINE('',#2435,#2436);
#2435 = CARTESIAN_POINT('',(16.45,17.2825));
#2436 = VECTOR('',#2437,1.);
#2437 = DIRECTION('',(-1.,0.));
#2438 = ( GEOMETRIC_REPRESENTATION_CONTEXT(2) 
PARAMETRIC_REPRESENTATION_CONTEXT() REPRESENTATION_CONTEXT('2D SPACE',''
  ) );
#2439 = PCURVE('',#1354,#2440);
#2440 = DEFINITIONAL_REPRESENTATION('',(#2441),#2445);
#2441 = LINE('',#2442,#2443);
#2442 = CARTESIAN_POINT('',(78.824,28.936));
#2443 = VECTOR('',#2444,1.);
#2444 = DIRECTION('',(0.,-1.));
#2445 = ( GEOMETRIC_REPRESENTATION_CONTEXT(2) 
PARAMETRIC_REPRESENTATION_CONTEXT() REPRESENTATION_CONTEXT('2D SPACE',''
  ) );
#2446 = ORIENTED_EDGE('',*,*,#2447,.T.);
#2447 = EDGE_CURVE('',#2425,#2448,#2450,.T.);
#2448 = VERTEX_POINT('',#2449);
#2449 = CARTESIAN_POINT('',(-30.,11.,25.6));
#2450 = SURFACE_CURVE('',#2451,(#2455,#2462),.PCURVE_S1.);
#2451 = LINE('',#2452,#2453);
#2452 = CARTESIAN_POINT('',(-30.,-5.,25.6));
#2453 = VECTOR('',#2454,1.);
#2454 = DIRECTION('',(1.110223024625E-16,1.,0.));
#2455 = PCURVE('',#72,#2456);
#2456 = DEFINITIONAL_REPRESENTATION('',(#2457),#2461);
#2457 = LINE('',#2458,#2459);
#2458 = CARTESIAN_POINT('',(17.5,16.5));
#2459 = VECTOR('',#2460,1.);
#2460 = DIRECTION('',(1.110223024625E-16,1.));
#2461 = ( GEOMETRIC_REPRESENTATION_CONTEXT(2) 
PARAMETRIC_REPRESENTATION_CONTEXT() REPRESENTATION_CONTEXT('2D SPACE',''
  ) );
#2462 = PCURVE('',#375,#2463);
#2463 = DEFINITIONAL_REPRESENTATION('',(#2464),#2468);
#2464 = LINE('',#2465,#2466);
#2465 = CARTESIAN_POINT('',(0.,0.));
#2466 = VECTOR('',#2467,1.);
#2467 = DIRECTION('',(1.,0.));
#2468 = ( GEOMETRIC_REPRESENTATION_CONTEXT(2) 
PARAMETRIC_REPRESENTATION_CONTEXT() REPRESENTATION_CONTEXT('2D SPACE',''
  ) );
#2469 = ORIENTED_EDGE('',*,*,#2470,.T.);
#2470 = EDGE_CURVE('',#2448,#2471,#2473,.T.);
#2471 = VERTEX_POINT('',#2472);
#2472 = CARTESIAN_POINT('',(-24.,11.,25.6));
#2473 = SURFACE_CURVE('',#2474,(#2479,#2490),.PCURVE_S1.);
#2474 = CIRCLE('',#2475,3.);
#2475 = AXIS2_PLACEMENT_3D('',#2476,#2477,#2478);
#2476 = CARTESIAN_POINT('',(-27.,11.,25.6));
#2477 = DIRECTION('',(0.,0.,-1.));
#2478 = DIRECTION('',(-1.,1.110223024625E-16,0.));
#2479 = PCURVE('',#72,#2480);
#2480 = DEFINITIONAL_REPRESENTATION('',(#2481),#2489);
#2481 = ( BOUNDED_CURVE() B_SPLINE_CURVE(2,(#2482,#2483,#2484,#2485,
#2486,#2487,#2488),.UNSPECIFIED.,.T.,.F.) B_SPLINE_CURVE_WITH_KNOTS((1,2
    ,2,2,2,1),(-2.094395102393,0.,2.094395102393,4.188790204786,
6.28318530718,8.377580409573),.UNSPECIFIED.) CURVE() 
GEOMETRIC_REPRESENTATION_ITEM() RATIONAL_B_SPLINE_CURVE((1.,0.5,1.,0.5,
1.,0.5,1.)) REPRESENTATION_ITEM('') );
#2482 = CARTESIAN_POINT('',(17.5,32.5));
#2483 = CARTESIAN_POINT('',(17.5,37.696152422707));
#2484 = CARTESIAN_POINT('',(22.,35.098076211353));
#2485 = CARTESIAN_POINT('',(26.5,32.5));
#2486 = CARTESIAN_POINT('',(22.,29.901923788647));
#2487 = CARTESIAN_POINT('',(17.5,27.303847577293));
#2488 = CARTESIAN_POINT('',(17.5,32.5));
#2489 = ( GEOMETRIC_REPRESENTATION_CONTEXT(2) 
PARAMETRIC_REPRESENTATION_CONTEXT() REPRESENTATION_CONTEXT('2D SPACE',''
  ) );
#2490 = PCURVE('',#407,#2491);
#2491 = DEFINITIONAL_REPRESENTATION('',(#2492),#2496);
#2492 = LINE('',#2493,#2494);
#2493 = CARTESIAN_POINT('',(0.,0.));
#2494 = VECTOR('',#2495,1.);
#2495 = DIRECTION('',(1.,0.));
#2496 = ( GEOMETRIC_REPRESENTATION_CONTEXT(2) 
PARAMETRIC_REPRESENTATION_CONTEXT() REPRESENTATION_CONTEXT('2D SPACE',''
  ) );
#2497 = ORIENTED_EDGE('',*,*,#2498,.T.);
#2498 = EDGE_CURVE('',#2471,#1339,#2499,.T.);
#2499 = SURFACE_CURVE('',#2500,(#2504,#2511),.PCURVE_S1.);
#2500 = LINE('',#2501,#2502);
#2501 = CARTESIAN_POINT('',(-24.,11.,25.6));
#2502 = VECTOR('',#2503,1.);
#2503 = DIRECTION('',(-1.110223024625E-16,-1.,0.));
#2504 = PCURVE('',#72,#2505);
#2505 = DEFINITIONAL_REPRESENTATION('',(#2506),#2510);
#2506 = LINE('',#2507,#2508);
#2507 = CARTESIAN_POINT('',(23.5,32.5));
#2508 = VECTOR('',#2509,1.);
#2509 = DIRECTION('',(-1.110223024625E-16,-1.));
#2510 = ( GEOMETRIC_REPRESENTATION_CONTEXT(2) 
PARAMETRIC_REPRESENTATION_CONTEXT() REPRESENTATION_CONTEXT('2D SPACE',''
  ) );
#2511 = PCURVE('',#434,#2512);
#2512 = DEFINITIONAL_REPRESENTATION('',(#2513),#2517);
#2513 = LINE('',#2514,#2515);
#2514 = CARTESIAN_POINT('',(0.,0.));
#2515 = VECTOR('',#2516,1.);
#2516 = DIRECTION('',(1.,0.));
#2517 = ( GEOMETRIC_REPRESENTATION_CONTEXT(2) 
PARAMETRIC_REPRESENTATION_CONTEXT() REPRESENTATION_CONTEXT('2D SPACE',''
  ) );
#2518 = FACE_BOUND('',#2519,.F.);
#2519 = EDGE_LOOP('',(#2520));
#2520 = ORIENTED_EDGE('',*,*,#2521,.F.);
#2521 = EDGE_CURVE('',#2522,#2522,#2524,.T.);
#2522 = VERTEX_POINT('',#2523);
#2523 = CARTESIAN_POINT('',(39.75,5.,25.6));
#2524 = SURFACE_CURVE('',#2525,(#2530,#2537),.PCURVE_S1.);
#2525 = CIRCLE('',#2526,2.25);
#2526 = AXIS2_PLACEMENT_3D('',#2527,#2528,#2529);
#2527 = CARTESIAN_POINT('',(37.5,5.,25.6));
#2528 = DIRECTION('',(0.,0.,1.));
#2529 = DIRECTION('',(1.,0.,-0.));
#2530 = PCURVE('',#72,#2531);
#2531 = DEFINITIONAL_REPRESENTATION('',(#2532),#2536);
#2532 = CIRCLE('',#2533,2.25);
#2533 = AXIS2_PLACEMENT_2D('',#2534,#2535);
#2534 = CARTESIAN_POINT('',(85.,26.5));
#2535 = DIRECTION('',(1.,0.));
#2536 = ( GEOMETRIC_REPRESENTATION_CONTEXT(2) 
PARAMETRIC_REPRESENTATION_CONTEXT() REPRESENTATION_CONTEXT('2D SPACE',''
  ) );
#2537 = PCURVE('',#2538,#2543);
#2538 = CYLINDRICAL_SURFACE('',#2539,2.25);
#2539 = AXIS2_PLACEMENT_3D('',#2540,#2541,#2542);
#2540 = CARTESIAN_POINT('',(37.5,5.,25.));
#2541 = DIRECTION('',(0.,0.,1.));
#2542 = DIRECTION('',(1.,0.,-0.));
#2543 = DEFINITIONAL_REPRESENTATION('',(#2544),#2548);
#2544 = LINE('',#2545,#2546);
#2545 = CARTESIAN_POINT('',(0.,0.6));
#2546 = VECTOR('',#2547,1.);
#2547 = DIRECTION('',(1.,0.));
#2548 = ( GEOMETRIC_REPRESENTATION_CONTEXT(2) 
PARAMETRIC_REPRESENTATION_CONTEXT() REPRESENTATION_CONTEXT('2D SPACE',''
  ) );
#2549 = ADVANCED_FACE('',(#2550),#202,.T.);
#2550 = FACE_BOUND('',#2551,.T.);
#2551 = EDGE_LOOP('',(#2552,#2553,#2554,#2555));
#2552 = ORIENTED_EDGE('',*,*,#188,.F.);
#2553 = ORIENTED_EDGE('',*,*,#1281,.T.);
#2554 = ORIENTED_EDGE('',*,*,#1255,.T.);
#2555 = ORIENTED_EDGE('',*,*,#219,.F.);
#2556 = ADVANCED_FACE('',(#2557),#282,.F.);
#2557 = FACE_BOUND('',#2558,.F.);
#2558 = EDGE_LOOP('',(#2559,#2560,#2583,#2610));
#2559 = ORIENTED_EDGE('',*,*,#265,.F.);
#2560 = ORIENTED_EDGE('',*,*,#2561,.F.);
#2561 = EDGE_CURVE('',#2562,#266,#2564,.T.);
#2562 = VERTEX_POINT('',#2563);
#2563 = CARTESIAN_POINT('',(-9.251,-14.717,28.5));
#2564 = SEAM_CURVE('',#2565,(#2569,#2576),.PCURVE_S1.);
#2565 = LINE('',#2566,#2567);
#2566 = CARTESIAN_POINT('',(-9.251,-14.717,28.5));
#2567 = VECTOR('',#2568,1.);
#2568 = DIRECTION('',(0.707106781187,-1.731912112471E-16,0.707106781187)
  );
#2569 = PCURVE('',#282,#2570);
#2570 = DEFINITIONAL_REPRESENTATION('',(#2571),#2575);
#2571 = LINE('',#2572,#2573);
#2572 = CARTESIAN_POINT('',(6.28318530718,-0.));
#2573 = VECTOR('',#2574,1.);
#2574 = DIRECTION('',(0.,1.));
#2575 = ( GEOMETRIC_REPRESENTATION_CONTEXT(2) 
PARAMETRIC_REPRESENTATION_CONTEXT() REPRESENTATION_CONTEXT('2D SPACE',''
  ) );
#2576 = PCURVE('',#282,#2577);
#2577 = DEFINITIONAL_REPRESENTATION('',(#2578),#2582);
#2578 = LINE('',#2579,#2580);
#2579 = CARTESIAN_POINT('',(0.,-0.));
#2580 = VECTOR('',#2581,1.);
#2581 = DIRECTION('',(0.,1.));
#2582 = ( GEOMETRIC_REPRESENTATION_CONTEXT(2) 
PARAMETRIC_REPRESENTATION_CONTEXT() REPRESENTATION_CONTEXT('2D SPACE',''
  ) );
#2583 = ORIENTED_EDGE('',*,*,#2584,.T.);
#2584 = EDGE_CURVE('',#2562,#2562,#2585,.T.);
#2585 = SURFACE_CURVE('',#2586,(#2591,#2598),.PCURVE_S1.);
#2586 = CIRCLE('',#2587,1.75);
#2587 = AXIS2_PLACEMENT_3D('',#2588,#2589,#2590);
#2588 = CARTESIAN_POINT('',(-11.001,-14.717,28.5));
#2589 = DIRECTION('',(0.,0.,1.));
#2590 = DIRECTION('',(1.,0.,-0.));
#2591 = PCURVE('',#282,#2592);
#2592 = DEFINITIONAL_REPRESENTATION('',(#2593),#2597);
#2593 = LINE('',#2594,#2595);
#2594 = CARTESIAN_POINT('',(0.,0.));
#2595 = VECTOR('',#2596,1.);
#2596 = DIRECTION('',(1.,0.));
#2597 = ( GEOMETRIC_REPRESENTATION_CONTEXT(2) 
PARAMETRIC_REPRESENTATION_CONTEXT() REPRESENTATION_CONTEXT('2D SPACE',''
  ) );
#2598 = PCURVE('',#2599,#2604);
#2599 = CYLINDRICAL_SURFACE('',#2600,1.75);
#2600 = AXIS2_PLACEMENT_3D('',#2601,#2602,#2603);
#2601 = CARTESIAN_POINT('',(-11.001,-14.717,25.6));
#2602 = DIRECTION('',(0.,0.,1.));
#2603 = DIRECTION('',(1.,0.,-0.));
#2604 = DEFINITIONAL_REPRESENTATION('',(#2605),#2609);
#2605 = LINE('',#2606,#2607);
#2606 = CARTESIAN_POINT('',(0.,2.9));
#2607 = VECTOR('',#2608,1.);
#2608 = DIRECTION('',(1.,0.));
#2609 = ( GEOMETRIC_REPRESENTATION_CONTEXT(2) 
PARAMETRIC_REPRESENTATION_CONTEXT() REPRESENTATION_CONTEXT('2D SPACE',''
  ) );
#2610 = ORIENTED_EDGE('',*,*,#2561,.T.);
#2611 = ADVANCED_FACE('',(#2612),#313,.F.);
#2612 = FACE_BOUND('',#2613,.F.);
#2613 = EDGE_LOOP('',(#2614,#2615,#2638,#2665));
#2614 = ORIENTED_EDGE('',*,*,#296,.F.);
#2615 = ORIENTED_EDGE('',*,*,#2616,.F.);
#2616 = EDGE_CURVE('',#2617,#297,#2619,.T.);
#2617 = VERTEX_POINT('',#2618);
#2618 = CARTESIAN_POINT('',(12.749,-14.717,28.5));
#2619 = SEAM_CURVE('',#2620,(#2624,#2631),.PCURVE_S1.);
#2620 = LINE('',#2621,#2622);
#2621 = CARTESIAN_POINT('',(12.749,-14.717,28.5));
#2622 = VECTOR('',#2623,1.);
#2623 = DIRECTION('',(0.707106781187,-1.731912112471E-16,0.707106781187)
  );
#2624 = PCURVE('',#313,#2625);
#2625 = DEFINITIONAL_REPRESENTATION('',(#2626),#2630);
#2626 = LINE('',#2627,#2628);
#2627 = CARTESIAN_POINT('',(6.28318530718,-0.));
#2628 = VECTOR('',#2629,1.);
#2629 = DIRECTION('',(0.,1.));
#2630 = ( GEOMETRIC_REPRESENTATION_CONTEXT(2) 
PARAMETRIC_REPRESENTATION_CONTEXT() REPRESENTATION_CONTEXT('2D SPACE',''
  ) );
#2631 = PCURVE('',#313,#2632);
#2632 = DEFINITIONAL_REPRESENTATION('',(#2633),#2637);
#2633 = LINE('',#2634,#2635);
#2634 = CARTESIAN_POINT('',(0.,-0.));
#2635 = VECTOR('',#2636,1.);
#2636 = DIRECTION('',(0.,1.));
#2637 = ( GEOMETRIC_REPRESENTATION_CONTEXT(2) 
PARAMETRIC_REPRESENTATION_CONTEXT() REPRESENTATION_CONTEXT('2D SPACE',''
  ) );
#2638 = ORIENTED_EDGE('',*,*,#2639,.T.);
#2639 = EDGE_CURVE('',#2617,#2617,#2640,.T.);
#2640 = SURFACE_CURVE('',#2641,(#2646,#2653),.PCURVE_S1.);
#2641 = CIRCLE('',#2642,1.75);
#2642 = AXIS2_PLACEMENT_3D('',#2643,#2644,#2645);
#2643 = CARTESIAN_POINT('',(10.999,-14.717,28.5));
#2644 = DIRECTION('',(0.,0.,1.));
#2645 = DIRECTION('',(1.,0.,-0.));
#2646 = PCURVE('',#313,#2647);
#2647 = DEFINITIONAL_REPRESENTATION('',(#2648),#2652);
#2648 = LINE('',#2649,#2650);
#2649 = CARTESIAN_POINT('',(0.,0.));
#2650 = VECTOR('',#2651,1.);
#2651 = DIRECTION('',(1.,0.));
#2652 = ( GEOMETRIC_REPRESENTATION_CONTEXT(2) 
PARAMETRIC_REPRESENTATION_CONTEXT() REPRESENTATION_CONTEXT('2D SPACE',''
  ) );
#2653 = PCURVE('',#2654,#2659);
#2654 = CYLINDRICAL_SURFACE('',#2655,1.75);
#2655 = AXIS2_PLACEMENT_3D('',#2656,#2657,#2658);
#2656 = CARTESIAN_POINT('',(10.999,-14.717,25.6));
#2657 = DIRECTION('',(0.,0.,1.));
#2658 = DIRECTION('',(1.,0.,-0.));
#2659 = DEFINITIONAL_REPRESENTATION('',(#2660),#2664);
#2660 = LINE('',#2661,#2662);
#2661 = CARTESIAN_POINT('',(0.,2.9));
#2662 = VECTOR('',#2663,1.);
#2663 = DIRECTION('',(1.,0.));
#2664 = ( GEOMETRIC_REPRESENTATION_CONTEXT(2) 
PARAMETRIC_REPRESENTATION_CONTEXT() REPRESENTATION_CONTEXT('2D SPACE',''
  ) );
#2665 = ORIENTED_EDGE('',*,*,#2616,.T.);
#2666 = ADVANCED_FACE('',(#2667),#344,.T.);
#2667 = FACE_BOUND('',#2668,.T.);
#2668 = EDGE_LOOP('',(#2669,#2692,#2719,#2720));
#2669 = ORIENTED_EDGE('',*,*,#2670,.T.);
#2670 = EDGE_CURVE('',#328,#2671,#2673,.T.);
#2671 = VERTEX_POINT('',#2672);
#2672 = CARTESIAN_POINT('',(-32.5,5.,31.));
#2673 = SEAM_CURVE('',#2674,(#2678,#2685),.PCURVE_S1.);
#2674 = LINE('',#2675,#2676);
#2675 = CARTESIAN_POINT('',(-32.5,5.,29.8));
#2676 = VECTOR('',#2677,1.);
#2677 = DIRECTION('',(0.,0.,1.));
#2678 = PCURVE('',#344,#2679);
#2679 = DEFINITIONAL_REPRESENTATION('',(#2680),#2684);
#2680 = LINE('',#2681,#2682);
#2681 = CARTESIAN_POINT('',(6.28318530718,-0.));
#2682 = VECTOR('',#2683,1.);
#2683 = DIRECTION('',(0.,1.));
#2684 = ( GEOMETRIC_REPRESENTATION_CONTEXT(2) 
PARAMETRIC_REPRESENTATION_CONTEXT() REPRESENTATION_CONTEXT('2D SPACE',''
  ) );
#2685 = PCURVE('',#344,#2686);
#2686 = DEFINITIONAL_REPRESENTATION('',(#2687),#2691);
#2687 = LINE('',#2688,#2689);
#2688 = CARTESIAN_POINT('',(0.,-0.));
#2689 = VECTOR('',#2690,1.);
#2690 = DIRECTION('',(0.,1.));
#2691 = ( GEOMETRIC_REPRESENTATION_CONTEXT(2) 
PARAMETRIC_REPRESENTATION_CONTEXT() REPRESENTATION_CONTEXT('2D SPACE',''
  ) );
#2692 = ORIENTED_EDGE('',*,*,#2693,.F.);
#2693 = EDGE_CURVE('',#2671,#2671,#2694,.T.);
#2694 = SURFACE_CURVE('',#2695,(#2700,#2707),.PCURVE_S1.);
#2695 = CIRCLE('',#2696,5.);
#2696 = AXIS2_PLACEMENT_3D('',#2697,#2698,#2699);
#2697 = CARTESIAN_POINT('',(-37.5,5.,31.));
#2698 = DIRECTION('',(0.,0.,1.));
#2699 = DIRECTION('',(1.,0.,-0.));
#2700 = PCURVE('',#344,#2701);
#2701 = DEFINITIONAL_REPRESENTATION('',(#2702),#2706);
#2702 = LINE('',#2703,#2704);
#2703 = CARTESIAN_POINT('',(0.,1.2));
#2704 = VECTOR('',#2705,1.);
#2705 = DIRECTION('',(1.,0.));
#2706 = ( GEOMETRIC_REPRESENTATION_CONTEXT(2) 
PARAMETRIC_REPRESENTATION_CONTEXT() REPRESENTATION_CONTEXT('2D SPACE',''
  ) );
#2707 = PCURVE('',#2708,#2713);
#2708 = PLANE('',#2709);
#2709 = AXIS2_PLACEMENT_3D('',#2710,#2711,#2712);
#2710 = CARTESIAN_POINT('',(-37.5,5.,31.));
#2711 = DIRECTION('',(0.,0.,1.));
#2712 = DIRECTION('',(1.,0.,-0.));
#2713 = DEFINITIONAL_REPRESENTATION('',(#2714),#2718);
#2714 = CIRCLE('',#2715,5.);
#2715 = AXIS2_PLACEMENT_2D('',#2716,#2717);
#2716 = CARTESIAN_POINT('',(0.,0.));
#2717 = DIRECTION('',(1.,0.));
#2718 = ( GEOMETRIC_REPRESENTATION_CONTEXT(2) 
PARAMETRIC_REPRESENTATION_CONTEXT() REPRESENTATION_CONTEXT('2D SPACE',''
  ) );
#2719 = ORIENTED_EDGE('',*,*,#2670,.F.);
#2720 = ORIENTED_EDGE('',*,*,#327,.T.);
#2721 = ADVANCED_FACE('',(#2722),#375,.F.);
#2722 = FACE_BOUND('',#2723,.F.);
#2723 = EDGE_LOOP('',(#2724,#2752,#2773,#2774,#2795));
#2724 = ORIENTED_EDGE('',*,*,#2725,.F.);
#2725 = EDGE_CURVE('',#2726,#2425,#2728,.T.);
#2726 = VERTEX_POINT('',#2727);
#2727 = CARTESIAN_POINT('',(-30.,-5.,25.6));
#2728 = SURFACE_CURVE('',#2729,(#2733,#2740),.PCURVE_S1.);
#2729 = LINE('',#2730,#2731);
#2730 = CARTESIAN_POINT('',(-30.,-5.,25.6));
#2731 = VECTOR('',#2732,1.);
#2732 = DIRECTION('',(1.110223024625E-16,1.,0.));
#2733 = PCURVE('',#375,#2734);
#2734 = DEFINITIONAL_REPRESENTATION('',(#2735),#2739);
#2735 = LINE('',#2736,#2737);
#2736 = CARTESIAN_POINT('',(0.,0.));
#2737 = VECTOR('',#2738,1.);
#2738 = DIRECTION('',(1.,0.));
#2739 = ( GEOMETRIC_REPRESENTATION_CONTEXT(2) 
PARAMETRIC_REPRESENTATION_CONTEXT() REPRESENTATION_CONTEXT('2D SPACE',''
  ) );
#2740 = PCURVE('',#2741,#2746);
#2741 = PLANE('',#2742);
#2742 = AXIS2_PLACEMENT_3D('',#2743,#2744,#2745);
#2743 = CARTESIAN_POINT('',(-27.,3.,25.6));
#2744 = DIRECTION('',(-0.,-0.,-1.));
#2745 = DIRECTION('',(-1.,0.,0.));
#2746 = DEFINITIONAL_REPRESENTATION('',(#2747),#2751);
#2747 = LINE('',#2748,#2749);
#2748 = CARTESIAN_POINT('',(3.,-8.));
#2749 = VECTOR('',#2750,1.);
#2750 = DIRECTION('',(-1.110223024625E-16,1.));
#2751 = ( GEOMETRIC_REPRESENTATION_CONTEXT(2) 
PARAMETRIC_REPRESENTATION_CONTEXT() REPRESENTATION_CONTEXT('2D SPACE',''
  ) );
#2752 = ORIENTED_EDGE('',*,*,#2753,.T.);
#2753 = EDGE_CURVE('',#2726,#361,#2754,.T.);
#2754 = SURFACE_CURVE('',#2755,(#2759,#2766),.PCURVE_S1.);
#2755 = LINE('',#2756,#2757);
#2756 = CARTESIAN_POINT('',(-30.,-5.,25.6));
#2757 = VECTOR('',#2758,1.);
#2758 = DIRECTION('',(0.,0.,1.));
#2759 = PCURVE('',#375,#2760);
#2760 = DEFINITIONAL_REPRESENTATION('',(#2761),#2765);
#2761 = LINE('',#2762,#2763);
#2762 = CARTESIAN_POINT('',(0.,0.));
#2763 = VECTOR('',#2764,1.);
#2764 = DIRECTION('',(0.,-1.));
#2765 = ( GEOMETRIC_REPRESENTATION_CONTEXT(2) 
PARAMETRIC_REPRESENTATION_CONTEXT() REPRESENTATION_CONTEXT('2D SPACE',''
  ) );
#2766 = PCURVE('',#464,#2767);
#2767 = DEFINITIONAL_REPRESENTATION('',(#2768),#2772);
#2768 = LINE('',#2769,#2770);
#2769 = CARTESIAN_POINT('',(3.14159265359,0.));
#2770 = VECTOR('',#2771,1.);
#2771 = DIRECTION('',(0.,-1.));
#2772 = ( GEOMETRIC_REPRESENTATION_CONTEXT(2) 
PARAMETRIC_REPRESENTATION_CONTEXT() REPRESENTATION_CONTEXT('2D SPACE',''
  ) );
#2773 = ORIENTED_EDGE('',*,*,#358,.F.);
#2774 = ORIENTED_EDGE('',*,*,#2775,.F.);
#2775 = EDGE_CURVE('',#2448,#359,#2776,.T.);
#2776 = SURFACE_CURVE('',#2777,(#2781,#2788),.PCURVE_S1.);
#2777 = LINE('',#2778,#2779);
#2778 = CARTESIAN_POINT('',(-30.,11.,25.6));
#2779 = VECTOR('',#2780,1.);
#2780 = DIRECTION('',(0.,0.,1.));
#2781 = PCURVE('',#375,#2782);
#2782 = DEFINITIONAL_REPRESENTATION('',(#2783),#2787);
#2783 = LINE('',#2784,#2785);
#2784 = CARTESIAN_POINT('',(16.,0.));
#2785 = VECTOR('',#2786,1.);
#2786 = DIRECTION('',(0.,-1.));
#2787 = ( GEOMETRIC_REPRESENTATION_CONTEXT(2) 
PARAMETRIC_REPRESENTATION_CONTEXT() REPRESENTATION_CONTEXT('2D SPACE',''
  ) );
#2788 = PCURVE('',#407,#2789);
#2789 = DEFINITIONAL_REPRESENTATION('',(#2790),#2794);
#2790 = LINE('',#2791,#2792);
#2791 = CARTESIAN_POINT('',(0.,0.));
#2792 = VECTOR('',#2793,1.);
#2793 = DIRECTION('',(0.,-1.));
#2794 = ( GEOMETRIC_REPRESENTATION_CONTEXT(2) 
PARAMETRIC_REPRESENTATION_CONTEXT() REPRESENTATION_CONTEXT('2D SPACE',''
  ) );
#2795 = ORIENTED_EDGE('',*,*,#2447,.F.);
#2796 = ADVANCED_FACE('',(#2797),#407,.F.);
#2797 = FACE_BOUND('',#2798,.F.);
#2798 = EDGE_LOOP('',(#2799,#2800,#2801,#2802));
#2799 = ORIENTED_EDGE('',*,*,#2470,.F.);
#2800 = ORIENTED_EDGE('',*,*,#2775,.T.);
#2801 = ORIENTED_EDGE('',*,*,#386,.T.);
#2802 = ORIENTED_EDGE('',*,*,#2803,.F.);
#2803 = EDGE_CURVE('',#2471,#387,#2804,.T.);
#2804 = SURFACE_CURVE('',#2805,(#2809,#2816),.PCURVE_S1.);
#2805 = LINE('',#2806,#2807);
#2806 = CARTESIAN_POINT('',(-24.,11.,25.6));
#2807 = VECTOR('',#2808,1.);
#2808 = DIRECTION('',(0.,0.,1.));
#2809 = PCURVE('',#407,#2810);
#2810 = DEFINITIONAL_REPRESENTATION('',(#2811),#2815);
#2811 = LINE('',#2812,#2813);
#2812 = CARTESIAN_POINT('',(3.14159265359,0.));
#2813 = VECTOR('',#2814,1.);
#2814 = DIRECTION('',(0.,-1.));
#2815 = ( GEOMETRIC_REPRESENTATION_CONTEXT(2) 
PARAMETRIC_REPRESENTATION_CONTEXT() REPRESENTATION_CONTEXT('2D SPACE',''
  ) );
#2816 = PCURVE('',#434,#2817);
#2817 = DEFINITIONAL_REPRESENTATION('',(#2818),#2822);
#2818 = LINE('',#2819,#2820);
#2819 = CARTESIAN_POINT('',(0.,0.));
#2820 = VECTOR('',#2821,1.);
#2821 = DIRECTION('',(0.,-1.));
#2822 = ( GEOMETRIC_REPRESENTATION_CONTEXT(2) 
PARAMETRIC_REPRESENTATION_CONTEXT() REPRESENTATION_CONTEXT('2D SPACE',''
  ) );
#2823 = ADVANCED_FACE('',(#2824),#464,.F.);
#2824 = FACE_BOUND('',#2825,.F.);
#2825 = EDGE_LOOP('',(#2826,#2850,#2871,#2872));
#2826 = ORIENTED_EDGE('',*,*,#2827,.F.);
#2827 = EDGE_CURVE('',#2828,#2726,#2830,.T.);
#2828 = VERTEX_POINT('',#2829);
#2829 = CARTESIAN_POINT('',(-24.,-5.,25.6));
#2830 = SURFACE_CURVE('',#2831,(#2836,#2843),.PCURVE_S1.);
#2831 = CIRCLE('',#2832,3.);
#2832 = AXIS2_PLACEMENT_3D('',#2833,#2834,#2835);
#2833 = CARTESIAN_POINT('',(-27.,-5.,25.6));
#2834 = DIRECTION('',(0.,-0.,-1.));
#2835 = DIRECTION('',(1.,-1.110223024625E-16,0.));
#2836 = PCURVE('',#464,#2837);
#2837 = DEFINITIONAL_REPRESENTATION('',(#2838),#2842);
#2838 = LINE('',#2839,#2840);
#2839 = CARTESIAN_POINT('',(0.,0.));
#2840 = VECTOR('',#2841,1.);
#2841 = DIRECTION('',(1.,0.));
#2842 = ( GEOMETRIC_REPRESENTATION_CONTEXT(2) 
PARAMETRIC_REPRESENTATION_CONTEXT() REPRESENTATION_CONTEXT('2D SPACE',''
  ) );
#2843 = PCURVE('',#2741,#2844);
#2844 = DEFINITIONAL_REPRESENTATION('',(#2845),#2849);
#2845 = CIRCLE('',#2846,3.);
#2846 = AXIS2_PLACEMENT_2D('',#2847,#2848);
#2847 = CARTESIAN_POINT('',(0.,-8.));
#2848 = DIRECTION('',(-1.,-1.110223024625E-16));
#2849 = ( GEOMETRIC_REPRESENTATION_CONTEXT(2) 
PARAMETRIC_REPRESENTATION_CONTEXT() REPRESENTATION_CONTEXT('2D SPACE',''
  ) );
#2850 = ORIENTED_EDGE('',*,*,#2851,.T.);
#2851 = EDGE_CURVE('',#2828,#420,#2852,.T.);
#2852 = SURFACE_CURVE('',#2853,(#2857,#2864),.PCURVE_S1.);
#2853 = LINE('',#2854,#2855);
#2854 = CARTESIAN_POINT('',(-24.,-5.,25.6));
#2855 = VECTOR('',#2856,1.);
#2856 = DIRECTION('',(0.,0.,1.));
#2857 = PCURVE('',#464,#2858);
#2858 = DEFINITIONAL_REPRESENTATION('',(#2859),#2863);
#2859 = LINE('',#2860,#2861);
#2860 = CARTESIAN_POINT('',(0.,0.));
#2861 = VECTOR('',#2862,1.);
#2862 = DIRECTION('',(0.,-1.));
#2863 = ( GEOMETRIC_REPRESENTATION_CONTEXT(2) 
PARAMETRIC_REPRESENTATION_CONTEXT() REPRESENTATION_CONTEXT('2D SPACE',''
  ) );
#2864 = PCURVE('',#434,#2865);
#2865 = DEFINITIONAL_REPRESENTATION('',(#2866),#2870);
#2866 = LINE('',#2867,#2868);
#2867 = CARTESIAN_POINT('',(16.,0.));
#2868 = VECTOR('',#2869,1.);
#2869 = DIRECTION('',(0.,-1.));
#2870 = ( GEOMETRIC_REPRESENTATION_CONTEXT(2) 
PARAMETRIC_REPRESENTATION_CONTEXT() REPRESENTATION_CONTEXT('2D SPACE',''
  ) );
#2871 = ORIENTED_EDGE('',*,*,#445,.T.);
#2872 = ORIENTED_EDGE('',*,*,#2753,.F.);
#2873 = ADVANCED_FACE('',(#2874),#434,.F.);
#2874 = FACE_BOUND('',#2875,.F.);
#2875 = EDGE_LOOP('',(#2876,#2877,#2878,#2879,#2880));
#2876 = ORIENTED_EDGE('',*,*,#2498,.F.);
#2877 = ORIENTED_EDGE('',*,*,#2803,.T.);
#2878 = ORIENTED_EDGE('',*,*,#419,.F.);
#2879 = ORIENTED_EDGE('',*,*,#2851,.F.);
#2880 = ORIENTED_EDGE('',*,*,#2881,.F.);
#2881 = EDGE_CURVE('',#1339,#2828,#2882,.T.);
#2882 = SURFACE_CURVE('',#2883,(#2887,#2894),.PCURVE_S1.);
#2883 = LINE('',#2884,#2885);
#2884 = CARTESIAN_POINT('',(-24.,11.,25.6));
#2885 = VECTOR('',#2886,1.);
#2886 = DIRECTION('',(-1.110223024625E-16,-1.,0.));
#2887 = PCURVE('',#434,#2888);
#2888 = DEFINITIONAL_REPRESENTATION('',(#2889),#2893);
#2889 = LINE('',#2890,#2891);
#2890 = CARTESIAN_POINT('',(0.,0.));
#2891 = VECTOR('',#2892,1.);
#2892 = DIRECTION('',(1.,0.));
#2893 = ( GEOMETRIC_REPRESENTATION_CONTEXT(2) 
PARAMETRIC_REPRESENTATION_CONTEXT() REPRESENTATION_CONTEXT('2D SPACE',''
  ) );
#2894 = PCURVE('',#2741,#2895);
#2895 = DEFINITIONAL_REPRESENTATION('',(#2896),#2900);
#2896 = LINE('',#2897,#2898);
#2897 = CARTESIAN_POINT('',(-3.,8.));
#2898 = VECTOR('',#2899,1.);
#2899 = DIRECTION('',(1.110223024625E-16,-1.));
#2900 = ( GEOMETRIC_REPRESENTATION_CONTEXT(2) 
PARAMETRIC_REPRESENTATION_CONTEXT() REPRESENTATION_CONTEXT('2D SPACE',''
  ) );
#2901 = ADVANCED_FACE('',(#2902),#495,.F.);
#2902 = FACE_BOUND('',#2903,.F.);
#2903 = EDGE_LOOP('',(#2904,#2932,#2953,#2954,#2975));
#2904 = ORIENTED_EDGE('',*,*,#2905,.F.);
#2905 = EDGE_CURVE('',#2906,#1337,#2908,.T.);
#2906 = VERTEX_POINT('',#2907);
#2907 = CARTESIAN_POINT('',(-21.,-5.,25.6));
#2908 = SURFACE_CURVE('',#2909,(#2913,#2920),.PCURVE_S1.);
#2909 = LINE('',#2910,#2911);
#2910 = CARTESIAN_POINT('',(-21.,-5.,25.6));
#2911 = VECTOR('',#2912,1.);
#2912 = DIRECTION('',(1.110223024625E-16,1.,0.));
#2913 = PCURVE('',#495,#2914);
#2914 = DEFINITIONAL_REPRESENTATION('',(#2915),#2919);
#2915 = LINE('',#2916,#2917);
#2916 = CARTESIAN_POINT('',(0.,0.));
#2917 = VECTOR('',#2918,1.);
#2918 = DIRECTION('',(1.,0.));
#2919 = ( GEOMETRIC_REPRESENTATION_CONTEXT(2) 
PARAMETRIC_REPRESENTATION_CONTEXT() REPRESENTATION_CONTEXT('2D SPACE',''
  ) );
#2920 = PCURVE('',#2921,#2926);
#2921 = PLANE('',#2922);
#2922 = AXIS2_PLACEMENT_3D('',#2923,#2924,#2925);
#2923 = CARTESIAN_POINT('',(-18.,3.,25.6));
#2924 = DIRECTION('',(-0.,-0.,-1.));
#2925 = DIRECTION('',(-1.,0.,0.));
#2926 = DEFINITIONAL_REPRESENTATION('',(#2927),#2931);
#2927 = LINE('',#2928,#2929);
#2928 = CARTESIAN_POINT('',(3.,-8.));
#2929 = VECTOR('',#2930,1.);
#2930 = DIRECTION('',(-1.110223024625E-16,1.));
#2931 = ( GEOMETRIC_REPRESENTATION_CONTEXT(2) 
PARAMETRIC_REPRESENTATION_CONTEXT() REPRESENTATION_CONTEXT('2D SPACE',''
  ) );
#2932 = ORIENTED_EDGE('',*,*,#2933,.T.);
#2933 = EDGE_CURVE('',#2906,#481,#2934,.T.);
#2934 = SURFACE_CURVE('',#2935,(#2939,#2946),.PCURVE_S1.);
#2935 = LINE('',#2936,#2937);
#2936 = CARTESIAN_POINT('',(-21.,-5.,25.6));
#2937 = VECTOR('',#2938,1.);
#2938 = DIRECTION('',(0.,0.,1.));
#2939 = PCURVE('',#495,#2940);
#2940 = DEFINITIONAL_REPRESENTATION('',(#2941),#2945);
#2941 = LINE('',#2942,#2943);
#2942 = CARTESIAN_POINT('',(0.,0.));
#2943 = VECTOR('',#2944,1.);
#2944 = DIRECTION('',(0.,-1.));
#2945 = ( GEOMETRIC_REPRESENTATION_CONTEXT(2) 
PARAMETRIC_REPRESENTATION_CONTEXT() REPRESENTATION_CONTEXT('2D SPACE',''
  ) );
#2946 = PCURVE('',#584,#2947);
#2947 = DEFINITIONAL_REPRESENTATION('',(#2948),#2952);
#2948 = LINE('',#2949,#2950);
#2949 = CARTESIAN_POINT('',(3.14159265359,0.));
#2950 = VECTOR('',#2951,1.);
#2951 = DIRECTION('',(0.,-1.));
#2952 = ( GEOMETRIC_REPRESENTATION_CONTEXT(2) 
PARAMETRIC_REPRESENTATION_CONTEXT() REPRESENTATION_CONTEXT('2D SPACE',''
  ) );
#2953 = ORIENTED_EDGE('',*,*,#478,.F.);
#2954 = ORIENTED_EDGE('',*,*,#2955,.F.);
#2955 = EDGE_CURVE('',#1367,#479,#2956,.T.);
#2956 = SURFACE_CURVE('',#2957,(#2961,#2968),.PCURVE_S1.);
#2957 = LINE('',#2958,#2959);
#2958 = CARTESIAN_POINT('',(-21.,11.,25.6));
#2959 = VECTOR('',#2960,1.);
#2960 = DIRECTION('',(0.,0.,1.));
#2961 = PCURVE('',#495,#2962);
#2962 = DEFINITIONAL_REPRESENTATION('',(#2963),#2967);
#2963 = LINE('',#2964,#2965);
#2964 = CARTESIAN_POINT('',(16.,0.));
#2965 = VECTOR('',#2966,1.);
#2966 = DIRECTION('',(0.,-1.));
#2967 = ( GEOMETRIC_REPRESENTATION_CONTEXT(2) 
PARAMETRIC_REPRESENTATION_CONTEXT() REPRESENTATION_CONTEXT('2D SPACE',''
  ) );
#2968 = PCURVE('',#527,#2969);
#2969 = DEFINITIONAL_REPRESENTATION('',(#2970),#2974);
#2970 = LINE('',#2971,#2972);
#2971 = CARTESIAN_POINT('',(0.,0.));
#2972 = VECTOR('',#2973,1.);
#2973 = DIRECTION('',(0.,-1.));
#2974 = ( GEOMETRIC_REPRESENTATION_CONTEXT(2) 
PARAMETRIC_REPRESENTATION_CONTEXT() REPRESENTATION_CONTEXT('2D SPACE',''
  ) );
#2975 = ORIENTED_EDGE('',*,*,#1366,.F.);
#2976 = ADVANCED_FACE('',(#2977),#527,.F.);
#2977 = FACE_BOUND('',#2978,.F.);
#2978 = EDGE_LOOP('',(#2979,#2980,#2981,#2982));
#2979 = ORIENTED_EDGE('',*,*,#1389,.F.);
#2980 = ORIENTED_EDGE('',*,*,#2955,.T.);
#2981 = ORIENTED_EDGE('',*,*,#506,.T.);
#2982 = ORIENTED_EDGE('',*,*,#2983,.F.);
#2983 = EDGE_CURVE('',#1390,#507,#2984,.T.);
#2984 = SURFACE_CURVE('',#2985,(#2989,#2996),.PCURVE_S1.);
#2985 = LINE('',#2986,#2987);
#2986 = CARTESIAN_POINT('',(-15.,11.,25.6));
#2987 = VECTOR('',#2988,1.);
#2988 = DIRECTION('',(0.,0.,1.));
#2989 = PCURVE('',#527,#2990);
#2990 = DEFINITIONAL_REPRESENTATION('',(#2991),#2995);
#2991 = LINE('',#2992,#2993);
#2992 = CARTESIAN_POINT('',(3.14159265359,0.));
#2993 = VECTOR('',#2994,1.);
#2994 = DIRECTION('',(0.,-1.));
#2995 = ( GEOMETRIC_REPRESENTATION_CONTEXT(2) 
PARAMETRIC_REPRESENTATION_CONTEXT() REPRESENTATION_CONTEXT('2D SPACE',''
  ) );
#2996 = PCURVE('',#554,#2997);
#2997 = DEFINITIONAL_REPRESENTATION('',(#2998),#3002);
#2998 = LINE('',#2999,#3000);
#2999 = CARTESIAN_POINT('',(0.,0.));
#3000 = VECTOR('',#3001,1.);
#3001 = DIRECTION('',(0.,-1.));
#3002 = ( GEOMETRIC_REPRESENTATION_CONTEXT(2) 
PARAMETRIC_REPRESENTATION_CONTEXT() REPRESENTATION_CONTEXT('2D SPACE',''
  ) );
#3003 = ADVANCED_FACE('',(#3004),#584,.F.);
#3004 = FACE_BOUND('',#3005,.F.);
#3005 = EDGE_LOOP('',(#3006,#3007,#3028,#3029,#3030));
#3006 = ORIENTED_EDGE('',*,*,#1440,.F.);
#3007 = ORIENTED_EDGE('',*,*,#3008,.T.);
#3008 = EDGE_CURVE('',#1418,#540,#3009,.T.);
#3009 = SURFACE_CURVE('',#3010,(#3014,#3021),.PCURVE_S1.);
#3010 = LINE('',#3011,#3012);
#3011 = CARTESIAN_POINT('',(-15.,-5.,25.6));
#3012 = VECTOR('',#3013,1.);
#3013 = DIRECTION('',(0.,0.,1.));
#3014 = PCURVE('',#584,#3015);
#3015 = DEFINITIONAL_REPRESENTATION('',(#3016),#3020);
#3016 = LINE('',#3017,#3018);
#3017 = CARTESIAN_POINT('',(0.,0.));
#3018 = VECTOR('',#3019,1.);
#3019 = DIRECTION('',(0.,-1.));
#3020 = ( GEOMETRIC_REPRESENTATION_CONTEXT(2) 
PARAMETRIC_REPRESENTATION_CONTEXT() REPRESENTATION_CONTEXT('2D SPACE',''
  ) );
#3021 = PCURVE('',#554,#3022);
#3022 = DEFINITIONAL_REPRESENTATION('',(#3023),#3027);
#3023 = LINE('',#3024,#3025);
#3024 = CARTESIAN_POINT('',(16.,0.));
#3025 = VECTOR('',#3026,1.);
#3026 = DIRECTION('',(0.,-1.));
#3027 = ( GEOMETRIC_REPRESENTATION_CONTEXT(2) 
PARAMETRIC_REPRESENTATION_CONTEXT() REPRESENTATION_CONTEXT('2D SPACE',''
  ) );
#3028 = ORIENTED_EDGE('',*,*,#565,.T.);
#3029 = ORIENTED_EDGE('',*,*,#2933,.F.);
#3030 = ORIENTED_EDGE('',*,*,#3031,.F.);
#3031 = EDGE_CURVE('',#1441,#2906,#3032,.T.);
#3032 = SURFACE_CURVE('',#3033,(#3038,#3045),.PCURVE_S1.);
#3033 = CIRCLE('',#3034,3.);
#3034 = AXIS2_PLACEMENT_3D('',#3035,#3036,#3037);
#3035 = CARTESIAN_POINT('',(-18.,-5.,25.6));
#3036 = DIRECTION('',(0.,-0.,-1.));
#3037 = DIRECTION('',(1.,-1.110223024625E-16,0.));
#3038 = PCURVE('',#584,#3039);
#3039 = DEFINITIONAL_REPRESENTATION('',(#3040),#3044);
#3040 = LINE('',#3041,#3042);
#3041 = CARTESIAN_POINT('',(0.,0.));
#3042 = VECTOR('',#3043,1.);
#3043 = DIRECTION('',(1.,0.));
#3044 = ( GEOMETRIC_REPRESENTATION_CONTEXT(2) 
PARAMETRIC_REPRESENTATION_CONTEXT() REPRESENTATION_CONTEXT('2D SPACE',''
  ) );
#3045 = PCURVE('',#2921,#3046);
#3046 = DEFINITIONAL_REPRESENTATION('',(#3047),#3051);
#3047 = CIRCLE('',#3048,3.);
#3048 = AXIS2_PLACEMENT_2D('',#3049,#3050);
#3049 = CARTESIAN_POINT('',(0.,-8.));
#3050 = DIRECTION('',(-1.,-1.110223024625E-16));
#3051 = ( GEOMETRIC_REPRESENTATION_CONTEXT(2) 
PARAMETRIC_REPRESENTATION_CONTEXT() REPRESENTATION_CONTEXT('2D SPACE',''
  ) );
#3052 = ADVANCED_FACE('',(#3053),#554,.F.);
#3053 = FACE_BOUND('',#3054,.F.);
#3054 = EDGE_LOOP('',(#3055,#3056,#3057,#3058));
#3055 = ORIENTED_EDGE('',*,*,#1417,.F.);
#3056 = ORIENTED_EDGE('',*,*,#2983,.T.);
#3057 = ORIENTED_EDGE('',*,*,#539,.F.);
#3058 = ORIENTED_EDGE('',*,*,#3008,.F.);
#3059 = ADVANCED_FACE('',(#3060),#615,.F.);
#3060 = FACE_BOUND('',#3061,.F.);
#3061 = EDGE_LOOP('',(#3062,#3063,#3084,#3085));
#3062 = ORIENTED_EDGE('',*,*,#1523,.F.);
#3063 = ORIENTED_EDGE('',*,*,#3064,.T.);
#3064 = EDGE_CURVE('',#1496,#601,#3065,.T.);
#3065 = SURFACE_CURVE('',#3066,(#3070,#3077),.PCURVE_S1.);
#3066 = LINE('',#3067,#3068);
#3067 = CARTESIAN_POINT('',(-12.,-5.,25.6));
#3068 = VECTOR('',#3069,1.);
#3069 = DIRECTION('',(0.,0.,1.));
#3070 = PCURVE('',#615,#3071);
#3071 = DEFINITIONAL_REPRESENTATION('',(#3072),#3076);
#3072 = LINE('',#3073,#3074);
#3073 = CARTESIAN_POINT('',(0.,0.));
#3074 = VECTOR('',#3075,1.);
#3075 = DIRECTION('',(0.,-1.));
#3076 = ( GEOMETRIC_REPRESENTATION_CONTEXT(2) 
PARAMETRIC_REPRESENTATION_CONTEXT() REPRESENTATION_CONTEXT('2D SPACE',''
  ) );
#3077 = PCURVE('',#704,#3078);
#3078 = DEFINITIONAL_REPRESENTATION('',(#3079),#3083);
#3079 = LINE('',#3080,#3081);
#3080 = CARTESIAN_POINT('',(3.14159265359,0.));
#3081 = VECTOR('',#3082,1.);
#3082 = DIRECTION('',(0.,-1.));
#3083 = ( GEOMETRIC_REPRESENTATION_CONTEXT(2) 
PARAMETRIC_REPRESENTATION_CONTEXT() REPRESENTATION_CONTEXT('2D SPACE',''
  ) );
#3084 = ORIENTED_EDGE('',*,*,#598,.F.);
#3085 = ORIENTED_EDGE('',*,*,#3086,.F.);
#3086 = EDGE_CURVE('',#1524,#599,#3087,.T.);
#3087 = SURFACE_CURVE('',#3088,(#3092,#3099),.PCURVE_S1.);
#3088 = LINE('',#3089,#3090);
#3089 = CARTESIAN_POINT('',(-12.,11.,25.6));
#3090 = VECTOR('',#3091,1.);
#3091 = DIRECTION('',(0.,0.,1.));
#3092 = PCURVE('',#615,#3093);
#3093 = DEFINITIONAL_REPRESENTATION('',(#3094),#3098);
#3094 = LINE('',#3095,#3096);
#3095 = CARTESIAN_POINT('',(16.,0.));
#3096 = VECTOR('',#3097,1.);
#3097 = DIRECTION('',(0.,-1.));
#3098 = ( GEOMETRIC_REPRESENTATION_CONTEXT(2) 
PARAMETRIC_REPRESENTATION_CONTEXT() REPRESENTATION_CONTEXT('2D SPACE',''
  ) );
#3099 = PCURVE('',#647,#3100);
#3100 = DEFINITIONAL_REPRESENTATION('',(#3101),#3105);
#3101 = LINE('',#3102,#3103);
#3102 = CARTESIAN_POINT('',(0.,0.));
#3103 = VECTOR('',#3104,1.);
#3104 = DIRECTION('',(0.,-1.));
#3105 = ( GEOMETRIC_REPRESENTATION_CONTEXT(2) 
PARAMETRIC_REPRESENTATION_CONTEXT() REPRESENTATION_CONTEXT('2D SPACE',''
  ) );
#3106 = ADVANCED_FACE('',(#3107),#647,.F.);
#3107 = FACE_BOUND('',#3108,.F.);
#3108 = EDGE_LOOP('',(#3109,#3110,#3111,#3112));
#3109 = ORIENTED_EDGE('',*,*,#1546,.F.);
#3110 = ORIENTED_EDGE('',*,*,#3086,.T.);
#3111 = ORIENTED_EDGE('',*,*,#626,.T.);
#3112 = ORIENTED_EDGE('',*,*,#3113,.F.);
#3113 = EDGE_CURVE('',#1547,#627,#3114,.T.);
#3114 = SURFACE_CURVE('',#3115,(#3119,#3126),.PCURVE_S1.);
#3115 = LINE('',#3116,#3117);
#3116 = CARTESIAN_POINT('',(-6.,11.,25.6));
#3117 = VECTOR('',#3118,1.);
#3118 = DIRECTION('',(0.,0.,1.));
#3119 = PCURVE('',#647,#3120);
#3120 = DEFINITIONAL_REPRESENTATION('',(#3121),#3125);
#3121 = LINE('',#3122,#3123);
#3122 = CARTESIAN_POINT('',(3.14159265359,0.));
#3123 = VECTOR('',#3124,1.);
#3124 = DIRECTION('',(0.,-1.));
#3125 = ( GEOMETRIC_REPRESENTATION_CONTEXT(2) 
PARAMETRIC_REPRESENTATION_CONTEXT() REPRESENTATION_CONTEXT('2D SPACE',''
  ) );
#3126 = PCURVE('',#674,#3127);
#3127 = DEFINITIONAL_REPRESENTATION('',(#3128),#3132);
#3128 = LINE('',#3129,#3130);
#3129 = CARTESIAN_POINT('',(0.,0.));
#3130 = VECTOR('',#3131,1.);
#3131 = DIRECTION('',(0.,-1.));
#3132 = ( GEOMETRIC_REPRESENTATION_CONTEXT(2) 
PARAMETRIC_REPRESENTATION_CONTEXT() REPRESENTATION_CONTEXT('2D SPACE',''
  ) );
#3133 = ADVANCED_FACE('',(#3134),#704,.F.);
#3134 = FACE_BOUND('',#3135,.F.);
#3135 = EDGE_LOOP('',(#3136,#3137,#3158,#3159,#3160,#3161));
#3136 = ORIENTED_EDGE('',*,*,#1597,.F.);
#3137 = ORIENTED_EDGE('',*,*,#3138,.T.);
#3138 = EDGE_CURVE('',#1575,#660,#3139,.T.);
#3139 = SURFACE_CURVE('',#3140,(#3144,#3151),.PCURVE_S1.);
#3140 = LINE('',#3141,#3142);
#3141 = CARTESIAN_POINT('',(-6.,-5.,25.6));
#3142 = VECTOR('',#3143,1.);
#3143 = DIRECTION('',(0.,0.,1.));
#3144 = PCURVE('',#704,#3145);
#3145 = DEFINITIONAL_REPRESENTATION('',(#3146),#3150);
#3146 = LINE('',#3147,#3148);
#3147 = CARTESIAN_POINT('',(0.,0.));
#3148 = VECTOR('',#3149,1.);
#3149 = DIRECTION('',(0.,-1.));
#3150 = ( GEOMETRIC_REPRESENTATION_CONTEXT(2) 
PARAMETRIC_REPRESENTATION_CONTEXT() REPRESENTATION_CONTEXT('2D SPACE',''
  ) );
#3151 = PCURVE('',#674,#3152);
#3152 = DEFINITIONAL_REPRESENTATION('',(#3153),#3157);
#3153 = LINE('',#3154,#3155);
#3154 = CARTESIAN_POINT('',(16.,0.));
#3155 = VECTOR('',#3156,1.);
#3156 = DIRECTION('',(0.,-1.));
#3157 = ( GEOMETRIC_REPRESENTATION_CONTEXT(2) 
PARAMETRIC_REPRESENTATION_CONTEXT() REPRESENTATION_CONTEXT('2D SPACE',''
  ) );
#3158 = ORIENTED_EDGE('',*,*,#685,.T.);
#3159 = ORIENTED_EDGE('',*,*,#3064,.F.);
#3160 = ORIENTED_EDGE('',*,*,#1495,.F.);
#3161 = ORIENTED_EDGE('',*,*,#3162,.F.);
#3162 = EDGE_CURVE('',#1598,#1469,#3163,.T.);
#3163 = SURFACE_CURVE('',#3164,(#3169,#3176),.PCURVE_S1.);
#3164 = CIRCLE('',#3165,3.);
#3165 = AXIS2_PLACEMENT_3D('',#3166,#3167,#3168);
#3166 = CARTESIAN_POINT('',(-9.,-5.,25.6));
#3167 = DIRECTION('',(0.,-0.,-1.));
#3168 = DIRECTION('',(1.,-1.110223024625E-16,0.));
#3169 = PCURVE('',#704,#3170);
#3170 = DEFINITIONAL_REPRESENTATION('',(#3171),#3175);
#3171 = LINE('',#3172,#3173);
#3172 = CARTESIAN_POINT('',(0.,0.));
#3173 = VECTOR('',#3174,1.);
#3174 = DIRECTION('',(1.,0.));
#3175 = ( GEOMETRIC_REPRESENTATION_CONTEXT(2) 
PARAMETRIC_REPRESENTATION_CONTEXT() REPRESENTATION_CONTEXT('2D SPACE',''
  ) );
#3176 = PCURVE('',#3177,#3182);
#3177 = PLANE('',#3178);
#3178 = AXIS2_PLACEMENT_3D('',#3179,#3180,#3181);
#3179 = CARTESIAN_POINT('',(-9.,3.,25.6));
#3180 = DIRECTION('',(-0.,-0.,-1.));
#3181 = DIRECTION('',(-1.,0.,0.));
#3182 = DEFINITIONAL_REPRESENTATION('',(#3183),#3187);
#3183 = CIRCLE('',#3184,3.);
#3184 = AXIS2_PLACEMENT_2D('',#3185,#3186);
#3185 = CARTESIAN_POINT('',(0.,-8.));
#3186 = DIRECTION('',(-1.,-1.110223024625E-16));
#3187 = ( GEOMETRIC_REPRESENTATION_CONTEXT(2) 
PARAMETRIC_REPRESENTATION_CONTEXT() REPRESENTATION_CONTEXT('2D SPACE',''
  ) );
#3188 = ADVANCED_FACE('',(#3189),#674,.F.);
#3189 = FACE_BOUND('',#3190,.F.);
#3190 = EDGE_LOOP('',(#3191,#3192,#3193,#3194));
#3191 = ORIENTED_EDGE('',*,*,#1574,.F.);
#3192 = ORIENTED_EDGE('',*,*,#3113,.T.);
#3193 = ORIENTED_EDGE('',*,*,#659,.F.);
#3194 = ORIENTED_EDGE('',*,*,#3138,.F.);
#3195 = ADVANCED_FACE('',(#3196),#735,.F.);
#3196 = FACE_BOUND('',#3197,.F.);
#3197 = EDGE_LOOP('',(#3198,#3199,#3220,#3221));
#3198 = ORIENTED_EDGE('',*,*,#1675,.F.);
#3199 = ORIENTED_EDGE('',*,*,#3200,.T.);
#3200 = EDGE_CURVE('',#1648,#721,#3201,.T.);
#3201 = SURFACE_CURVE('',#3202,(#3206,#3213),.PCURVE_S1.);
#3202 = LINE('',#3203,#3204);
#3203 = CARTESIAN_POINT('',(-3.,-5.,25.6));
#3204 = VECTOR('',#3205,1.);
#3205 = DIRECTION('',(0.,0.,1.));
#3206 = PCURVE('',#735,#3207);
#3207 = DEFINITIONAL_REPRESENTATION('',(#3208),#3212);
#3208 = LINE('',#3209,#3210);
#3209 = CARTESIAN_POINT('',(0.,0.));
#3210 = VECTOR('',#3211,1.);
#3211 = DIRECTION('',(0.,-1.));
#3212 = ( GEOMETRIC_REPRESENTATION_CONTEXT(2) 
PARAMETRIC_REPRESENTATION_CONTEXT() REPRESENTATION_CONTEXT('2D SPACE',''
  ) );
#3213 = PCURVE('',#824,#3214);
#3214 = DEFINITIONAL_REPRESENTATION('',(#3215),#3219);
#3215 = LINE('',#3216,#3217);
#3216 = CARTESIAN_POINT('',(3.14159265359,0.));
#3217 = VECTOR('',#3218,1.);
#3218 = DIRECTION('',(0.,-1.));
#3219 = ( GEOMETRIC_REPRESENTATION_CONTEXT(2) 
PARAMETRIC_REPRESENTATION_CONTEXT() REPRESENTATION_CONTEXT('2D SPACE',''
  ) );
#3220 = ORIENTED_EDGE('',*,*,#718,.F.);
#3221 = ORIENTED_EDGE('',*,*,#3222,.F.);
#3222 = EDGE_CURVE('',#1676,#719,#3223,.T.);
#3223 = SURFACE_CURVE('',#3224,(#3228,#3235),.PCURVE_S1.);
#3224 = LINE('',#3225,#3226);
#3225 = CARTESIAN_POINT('',(-3.,11.,25.6));
#3226 = VECTOR('',#3227,1.);
#3227 = DIRECTION('',(0.,0.,1.));
#3228 = PCURVE('',#735,#3229);
#3229 = DEFINITIONAL_REPRESENTATION('',(#3230),#3234);
#3230 = LINE('',#3231,#3232);
#3231 = CARTESIAN_POINT('',(16.,0.));
#3232 = VECTOR('',#3233,1.);
#3233 = DIRECTION('',(0.,-1.));
#3234 = ( GEOMETRIC_REPRESENTATION_CONTEXT(2) 
PARAMETRIC_REPRESENTATION_CONTEXT() REPRESENTATION_CONTEXT('2D SPACE',''
  ) );
#3235 = PCURVE('',#767,#3236);
#3236 = DEFINITIONAL_REPRESENTATION('',(#3237),#3241);
#3237 = LINE('',#3238,#3239);
#3238 = CARTESIAN_POINT('',(0.,0.));
#3239 = VECTOR('',#3240,1.);
#3240 = DIRECTION('',(0.,-1.));
#3241 = ( GEOMETRIC_REPRESENTATION_CONTEXT(2) 
PARAMETRIC_REPRESENTATION_CONTEXT() REPRESENTATION_CONTEXT('2D SPACE',''
  ) );
#3242 = ADVANCED_FACE('',(#3243),#767,.F.);
#3243 = FACE_BOUND('',#3244,.F.);
#3244 = EDGE_LOOP('',(#3245,#3246,#3247,#3248));
#3245 = ORIENTED_EDGE('',*,*,#1698,.F.);
#3246 = ORIENTED_EDGE('',*,*,#3222,.T.);
#3247 = ORIENTED_EDGE('',*,*,#746,.T.);
#3248 = ORIENTED_EDGE('',*,*,#3249,.F.);
#3249 = EDGE_CURVE('',#1699,#747,#3250,.T.);
#3250 = SURFACE_CURVE('',#3251,(#3255,#3262),.PCURVE_S1.);
#3251 = LINE('',#3252,#3253);
#3252 = CARTESIAN_POINT('',(3.,11.,25.6));
#3253 = VECTOR('',#3254,1.);
#3254 = DIRECTION('',(0.,0.,1.));
#3255 = PCURVE('',#767,#3256);
#3256 = DEFINITIONAL_REPRESENTATION('',(#3257),#3261);
#3257 = LINE('',#3258,#3259);
#3258 = CARTESIAN_POINT('',(3.14159265359,0.));
#3259 = VECTOR('',#3260,1.);
#3260 = DIRECTION('',(0.,-1.));
#3261 = ( GEOMETRIC_REPRESENTATION_CONTEXT(2) 
PARAMETRIC_REPRESENTATION_CONTEXT() REPRESENTATION_CONTEXT('2D SPACE',''
  ) );
#3262 = PCURVE('',#794,#3263);
#3263 = DEFINITIONAL_REPRESENTATION('',(#3264),#3268);
#3264 = LINE('',#3265,#3266);
#3265 = CARTESIAN_POINT('',(0.,0.));
#3266 = VECTOR('',#3267,1.);
#3267 = DIRECTION('',(0.,-1.));
#3268 = ( GEOMETRIC_REPRESENTATION_CONTEXT(2) 
PARAMETRIC_REPRESENTATION_CONTEXT() REPRESENTATION_CONTEXT('2D SPACE',''
  ) );
#3269 = ADVANCED_FACE('',(#3270),#824,.F.);
#3270 = FACE_BOUND('',#3271,.F.);
#3271 = EDGE_LOOP('',(#3272,#3273,#3294,#3295,#3296,#3297));
#3272 = ORIENTED_EDGE('',*,*,#1749,.F.);
#3273 = ORIENTED_EDGE('',*,*,#3274,.T.);
#3274 = EDGE_CURVE('',#1727,#780,#3275,.T.);
#3275 = SURFACE_CURVE('',#3276,(#3280,#3287),.PCURVE_S1.);
#3276 = LINE('',#3277,#3278);
#3277 = CARTESIAN_POINT('',(3.,-5.,25.6));
#3278 = VECTOR('',#3279,1.);
#3279 = DIRECTION('',(0.,0.,1.));
#3280 = PCURVE('',#824,#3281);
#3281 = DEFINITIONAL_REPRESENTATION('',(#3282),#3286);
#3282 = LINE('',#3283,#3284);
#3283 = CARTESIAN_POINT('',(0.,0.));
#3284 = VECTOR('',#3285,1.);
#3285 = DIRECTION('',(0.,-1.));
#3286 = ( GEOMETRIC_REPRESENTATION_CONTEXT(2) 
PARAMETRIC_REPRESENTATION_CONTEXT() REPRESENTATION_CONTEXT('2D SPACE',''
  ) );
#3287 = PCURVE('',#794,#3288);
#3288 = DEFINITIONAL_REPRESENTATION('',(#3289),#3293);
#3289 = LINE('',#3290,#3291);
#3290 = CARTESIAN_POINT('',(16.,0.));
#3291 = VECTOR('',#3292,1.);
#3292 = DIRECTION('',(0.,-1.));
#3293 = ( GEOMETRIC_REPRESENTATION_CONTEXT(2) 
PARAMETRIC_REPRESENTATION_CONTEXT() REPRESENTATION_CONTEXT('2D SPACE',''
  ) );
#3294 = ORIENTED_EDGE('',*,*,#805,.T.);
#3295 = ORIENTED_EDGE('',*,*,#3200,.F.);
#3296 = ORIENTED_EDGE('',*,*,#1647,.F.);
#3297 = ORIENTED_EDGE('',*,*,#3298,.F.);
#3298 = EDGE_CURVE('',#1750,#1626,#3299,.T.);
#3299 = SURFACE_CURVE('',#3300,(#3305,#3312),.PCURVE_S1.);
#3300 = CIRCLE('',#3301,3.);
#3301 = AXIS2_PLACEMENT_3D('',#3302,#3303,#3304);
#3302 = CARTESIAN_POINT('',(-8.881784197001E-16,-5.,25.6));
#3303 = DIRECTION('',(0.,-0.,-1.));
#3304 = DIRECTION('',(1.,-1.110223024625E-16,0.));
#3305 = PCURVE('',#824,#3306);
#3306 = DEFINITIONAL_REPRESENTATION('',(#3307),#3311);
#3307 = LINE('',#3308,#3309);
#3308 = CARTESIAN_POINT('',(0.,0.));
#3309 = VECTOR('',#3310,1.);
#3310 = DIRECTION('',(1.,0.));
#3311 = ( GEOMETRIC_REPRESENTATION_CONTEXT(2) 
PARAMETRIC_REPRESENTATION_CONTEXT() REPRESENTATION_CONTEXT('2D SPACE',''
  ) );
#3312 = PCURVE('',#3313,#3318);
#3313 = PLANE('',#3314);
#3314 = AXIS2_PLACEMENT_3D('',#3315,#3316,#3317);
#3315 = CARTESIAN_POINT('',(-1.42108547152E-16,3.,25.6));
#3316 = DIRECTION('',(-0.,-0.,-1.));
#3317 = DIRECTION('',(-1.,0.,0.));
#3318 = DEFINITIONAL_REPRESENTATION('',(#3319),#3323);
#3319 = CIRCLE('',#3320,3.);
#3320 = AXIS2_PLACEMENT_2D('',#3321,#3322);
#3321 = CARTESIAN_POINT('',(7.460698725481E-16,-8.));
#3322 = DIRECTION('',(-1.,-1.110223024625E-16));
#3323 = ( GEOMETRIC_REPRESENTATION_CONTEXT(2) 
PARAMETRIC_REPRESENTATION_CONTEXT() REPRESENTATION_CONTEXT('2D SPACE',''
  ) );
#3324 = ADVANCED_FACE('',(#3325),#794,.F.);
#3325 = FACE_BOUND('',#3326,.F.);
#3326 = EDGE_LOOP('',(#3327,#3328,#3329,#3330));
#3327 = ORIENTED_EDGE('',*,*,#1726,.F.);
#3328 = ORIENTED_EDGE('',*,*,#3249,.T.);
#3329 = ORIENTED_EDGE('',*,*,#779,.F.);
#3330 = ORIENTED_EDGE('',*,*,#3274,.F.);
#3331 = ADVANCED_FACE('',(#3332),#855,.F.);
#3332 = FACE_BOUND('',#3333,.F.);
#3333 = EDGE_LOOP('',(#3334,#3335,#3356,#3357));
#3334 = ORIENTED_EDGE('',*,*,#1827,.F.);
#3335 = ORIENTED_EDGE('',*,*,#3336,.T.);
#3336 = EDGE_CURVE('',#1800,#841,#3337,.T.);
#3337 = SURFACE_CURVE('',#3338,(#3342,#3349),.PCURVE_S1.);
#3338 = LINE('',#3339,#3340);
#3339 = CARTESIAN_POINT('',(6.,-5.,25.6));
#3340 = VECTOR('',#3341,1.);
#3341 = DIRECTION('',(0.,0.,1.));
#3342 = PCURVE('',#855,#3343);
#3343 = DEFINITIONAL_REPRESENTATION('',(#3344),#3348);
#3344 = LINE('',#3345,#3346);
#3345 = CARTESIAN_POINT('',(0.,0.));
#3346 = VECTOR('',#3347,1.);
#3347 = DIRECTION('',(0.,-1.));
#3348 = ( GEOMETRIC_REPRESENTATION_CONTEXT(2) 
PARAMETRIC_REPRESENTATION_CONTEXT() REPRESENTATION_CONTEXT('2D SPACE',''
  ) );
#3349 = PCURVE('',#944,#3350);
#3350 = DEFINITIONAL_REPRESENTATION('',(#3351),#3355);
#3351 = LINE('',#3352,#3353);
#3352 = CARTESIAN_POINT('',(3.14159265359,0.));
#3353 = VECTOR('',#3354,1.);
#3354 = DIRECTION('',(0.,-1.));
#3355 = ( GEOMETRIC_REPRESENTATION_CONTEXT(2) 
PARAMETRIC_REPRESENTATION_CONTEXT() REPRESENTATION_CONTEXT('2D SPACE',''
  ) );
#3356 = ORIENTED_EDGE('',*,*,#838,.F.);
#3357 = ORIENTED_EDGE('',*,*,#3358,.F.);
#3358 = EDGE_CURVE('',#1828,#839,#3359,.T.);
#3359 = SURFACE_CURVE('',#3360,(#3364,#3371),.PCURVE_S1.);
#3360 = LINE('',#3361,#3362);
#3361 = CARTESIAN_POINT('',(6.,11.,25.6));
#3362 = VECTOR('',#3363,1.);
#3363 = DIRECTION('',(0.,0.,1.));
#3364 = PCURVE('',#855,#3365);
#3365 = DEFINITIONAL_REPRESENTATION('',(#3366),#3370);
#3366 = LINE('',#3367,#3368);
#3367 = CARTESIAN_POINT('',(16.,0.));
#3368 = VECTOR('',#3369,1.);
#3369 = DIRECTION('',(0.,-1.));
#3370 = ( GEOMETRIC_REPRESENTATION_CONTEXT(2) 
PARAMETRIC_REPRESENTATION_CONTEXT() REPRESENTATION_CONTEXT('2D SPACE',''
  ) );
#3371 = PCURVE('',#887,#3372);
#3372 = DEFINITIONAL_REPRESENTATION('',(#3373),#3377);
#3373 = LINE('',#3374,#3375);
#3374 = CARTESIAN_POINT('',(0.,0.));
#3375 = VECTOR('',#3376,1.);
#3376 = DIRECTION('',(0.,-1.));
#3377 = ( GEOMETRIC_REPRESENTATION_CONTEXT(2) 
PARAMETRIC_REPRESENTATION_CONTEXT() REPRESENTATION_CONTEXT('2D SPACE',''
  ) );
#3378 = ADVANCED_FACE('',(#3379),#887,.F.);
#3379 = FACE_BOUND('',#3380,.F.);
#3380 = EDGE_LOOP('',(#3381,#3382,#3383,#3384));
#3381 = ORIENTED_EDGE('',*,*,#1850,.F.);
#3382 = ORIENTED_EDGE('',*,*,#3358,.T.);
#3383 = ORIENTED_EDGE('',*,*,#866,.T.);
#3384 = ORIENTED_EDGE('',*,*,#3385,.F.);
#3385 = EDGE_CURVE('',#1851,#867,#3386,.T.);
#3386 = SURFACE_CURVE('',#3387,(#3391,#3398),.PCURVE_S1.);
#3387 = LINE('',#3388,#3389);
#3388 = CARTESIAN_POINT('',(12.,11.,25.6));
#3389 = VECTOR('',#3390,1.);
#3390 = DIRECTION('',(0.,0.,1.));
#3391 = PCURVE('',#887,#3392);
#3392 = DEFINITIONAL_REPRESENTATION('',(#3393),#3397);
#3393 = LINE('',#3394,#3395);
#3394 = CARTESIAN_POINT('',(3.14159265359,0.));
#3395 = VECTOR('',#3396,1.);
#3396 = DIRECTION('',(0.,-1.));
#3397 = ( GEOMETRIC_REPRESENTATION_CONTEXT(2) 
PARAMETRIC_REPRESENTATION_CONTEXT() REPRESENTATION_CONTEXT('2D SPACE',''
  ) );
#3398 = PCURVE('',#914,#3399);
#3399 = DEFINITIONAL_REPRESENTATION('',(#3400),#3404);
#3400 = LINE('',#3401,#3402);
#3401 = CARTESIAN_POINT('',(0.,0.));
#3402 = VECTOR('',#3403,1.);
#3403 = DIRECTION('',(0.,-1.));
#3404 = ( GEOMETRIC_REPRESENTATION_CONTEXT(2) 
PARAMETRIC_REPRESENTATION_CONTEXT() REPRESENTATION_CONTEXT('2D SPACE',''
  ) );
#3405 = ADVANCED_FACE('',(#3406),#944,.F.);
#3406 = FACE_BOUND('',#3407,.F.);
#3407 = EDGE_LOOP('',(#3408,#3409,#3430,#3431,#3432,#3433));
#3408 = ORIENTED_EDGE('',*,*,#1901,.F.);
#3409 = ORIENTED_EDGE('',*,*,#3410,.T.);
#3410 = EDGE_CURVE('',#1879,#900,#3411,.T.);
#3411 = SURFACE_CURVE('',#3412,(#3416,#3423),.PCURVE_S1.);
#3412 = LINE('',#3413,#3414);
#3413 = CARTESIAN_POINT('',(12.,-5.,25.6));
#3414 = VECTOR('',#3415,1.);
#3415 = DIRECTION('',(0.,0.,1.));
#3416 = PCURVE('',#944,#3417);
#3417 = DEFINITIONAL_REPRESENTATION('',(#3418),#3422);
#3418 = LINE('',#3419,#3420);
#3419 = CARTESIAN_POINT('',(0.,0.));
#3420 = VECTOR('',#3421,1.);
#3421 = DIRECTION('',(0.,-1.));
#3422 = ( GEOMETRIC_REPRESENTATION_CONTEXT(2) 
PARAMETRIC_REPRESENTATION_CONTEXT() REPRESENTATION_CONTEXT('2D SPACE',''
  ) );
#3423 = PCURVE('',#914,#3424);
#3424 = DEFINITIONAL_REPRESENTATION('',(#3425),#3429);
#3425 = LINE('',#3426,#3427);
#3426 = CARTESIAN_POINT('',(16.,0.));
#3427 = VECTOR('',#3428,1.);
#3428 = DIRECTION('',(0.,-1.));
#3429 = ( GEOMETRIC_REPRESENTATION_CONTEXT(2) 
PARAMETRIC_REPRESENTATION_CONTEXT() REPRESENTATION_CONTEXT('2D SPACE',''
  ) );
#3430 = ORIENTED_EDGE('',*,*,#925,.T.);
#3431 = ORIENTED_EDGE('',*,*,#3336,.F.);
#3432 = ORIENTED_EDGE('',*,*,#1799,.F.);
#3433 = ORIENTED_EDGE('',*,*,#3434,.F.);
#3434 = EDGE_CURVE('',#1902,#1778,#3435,.T.);
#3435 = SURFACE_CURVE('',#3436,(#3441,#3448),.PCURVE_S1.);
#3436 = CIRCLE('',#3437,3.);
#3437 = AXIS2_PLACEMENT_3D('',#3438,#3439,#3440);
#3438 = CARTESIAN_POINT('',(9.,-5.,25.6));
#3439 = DIRECTION('',(0.,-0.,-1.));
#3440 = DIRECTION('',(1.,-1.110223024625E-16,0.));
#3441 = PCURVE('',#944,#3442);
#3442 = DEFINITIONAL_REPRESENTATION('',(#3443),#3447);
#3443 = LINE('',#3444,#3445);
#3444 = CARTESIAN_POINT('',(0.,0.));
#3445 = VECTOR('',#3446,1.);
#3446 = DIRECTION('',(1.,0.));
#3447 = ( GEOMETRIC_REPRESENTATION_CONTEXT(2) 
PARAMETRIC_REPRESENTATION_CONTEXT() REPRESENTATION_CONTEXT('2D SPACE',''
  ) );
#3448 = PCURVE('',#3449,#3454);
#3449 = PLANE('',#3450);
#3450 = AXIS2_PLACEMENT_3D('',#3451,#3452,#3453);
#3451 = CARTESIAN_POINT('',(9.,3.,25.6));
#3452 = DIRECTION('',(-0.,-0.,-1.));
#3453 = DIRECTION('',(-1.,0.,0.));
#3454 = DEFINITIONAL_REPRESENTATION('',(#3455),#3459);
#3455 = CIRCLE('',#3456,3.);
#3456 = AXIS2_PLACEMENT_2D('',#3457,#3458);
#3457 = CARTESIAN_POINT('',(0.,-8.));
#3458 = DIRECTION('',(-1.,-1.110223024625E-16));
#3459 = ( GEOMETRIC_REPRESENTATION_CONTEXT(2) 
PARAMETRIC_REPRESENTATION_CONTEXT() REPRESENTATION_CONTEXT('2D SPACE',''
  ) );
#3460 = ADVANCED_FACE('',(#3461),#914,.F.);
#3461 = FACE_BOUND('',#3462,.F.);
#3462 = EDGE_LOOP('',(#3463,#3464,#3465,#3466));
#3463 = ORIENTED_EDGE('',*,*,#1878,.F.);
#3464 = ORIENTED_EDGE('',*,*,#3385,.T.);
#3465 = ORIENTED_EDGE('',*,*,#899,.F.);
#3466 = ORIENTED_EDGE('',*,*,#3410,.F.);
#3467 = ADVANCED_FACE('',(#3468),#975,.F.);
#3468 = FACE_BOUND('',#3469,.F.);
#3469 = EDGE_LOOP('',(#3470,#3471,#3492,#3493));
#3470 = ORIENTED_EDGE('',*,*,#1979,.F.);
#3471 = ORIENTED_EDGE('',*,*,#3472,.T.);
#3472 = EDGE_CURVE('',#1952,#961,#3473,.T.);
#3473 = SURFACE_CURVE('',#3474,(#3478,#3485),.PCURVE_S1.);
#3474 = LINE('',#3475,#3476);
#3475 = CARTESIAN_POINT('',(15.,-5.,25.6));
#3476 = VECTOR('',#3477,1.);
#3477 = DIRECTION('',(0.,0.,1.));
#3478 = PCURVE('',#975,#3479);
#3479 = DEFINITIONAL_REPRESENTATION('',(#3480),#3484);
#3480 = LINE('',#3481,#3482);
#3481 = CARTESIAN_POINT('',(0.,0.));
#3482 = VECTOR('',#3483,1.);
#3483 = DIRECTION('',(0.,-1.));
#3484 = ( GEOMETRIC_REPRESENTATION_CONTEXT(2) 
PARAMETRIC_REPRESENTATION_CONTEXT() REPRESENTATION_CONTEXT('2D SPACE',''
  ) );
#3485 = PCURVE('',#1064,#3486);
#3486 = DEFINITIONAL_REPRESENTATION('',(#3487),#3491);
#3487 = LINE('',#3488,#3489);
#3488 = CARTESIAN_POINT('',(3.14159265359,0.));
#3489 = VECTOR('',#3490,1.);
#3490 = DIRECTION('',(0.,-1.));
#3491 = ( GEOMETRIC_REPRESENTATION_CONTEXT(2) 
PARAMETRIC_REPRESENTATION_CONTEXT() REPRESENTATION_CONTEXT('2D SPACE',''
  ) );
#3492 = ORIENTED_EDGE('',*,*,#958,.F.);
#3493 = ORIENTED_EDGE('',*,*,#3494,.F.);
#3494 = EDGE_CURVE('',#1980,#959,#3495,.T.);
#3495 = SURFACE_CURVE('',#3496,(#3500,#3507),.PCURVE_S1.);
#3496 = LINE('',#3497,#3498);
#3497 = CARTESIAN_POINT('',(15.,11.,25.6));
#3498 = VECTOR('',#3499,1.);
#3499 = DIRECTION('',(0.,0.,1.));
#3500 = PCURVE('',#975,#3501);
#3501 = DEFINITIONAL_REPRESENTATION('',(#3502),#3506);
#3502 = LINE('',#3503,#3504);
#3503 = CARTESIAN_POINT('',(16.,0.));
#3504 = VECTOR('',#3505,1.);
#3505 = DIRECTION('',(0.,-1.));
#3506 = ( GEOMETRIC_REPRESENTATION_CONTEXT(2) 
PARAMETRIC_REPRESENTATION_CONTEXT() REPRESENTATION_CONTEXT('2D SPACE',''
  ) );
#3507 = PCURVE('',#1007,#3508);
#3508 = DEFINITIONAL_REPRESENTATION('',(#3509),#3513);
#3509 = LINE('',#3510,#3511);
#3510 = CARTESIAN_POINT('',(0.,0.));
#3511 = VECTOR('',#3512,1.);
#3512 = DIRECTION('',(0.,-1.));
#3513 = ( GEOMETRIC_REPRESENTATION_CONTEXT(2) 
PARAMETRIC_REPRESENTATION_CONTEXT() REPRESENTATION_CONTEXT('2D SPACE',''
  ) );
#3514 = ADVANCED_FACE('',(#3515),#1007,.F.);
#3515 = FACE_BOUND('',#3516,.F.);
#3516 = EDGE_LOOP('',(#3517,#3518,#3519,#3520));
#3517 = ORIENTED_EDGE('',*,*,#2002,.F.);
#3518 = ORIENTED_EDGE('',*,*,#3494,.T.);
#3519 = ORIENTED_EDGE('',*,*,#986,.T.);
#3520 = ORIENTED_EDGE('',*,*,#3521,.F.);
#3521 = EDGE_CURVE('',#2003,#987,#3522,.T.);
#3522 = SURFACE_CURVE('',#3523,(#3527,#3534),.PCURVE_S1.);
#3523 = LINE('',#3524,#3525);
#3524 = CARTESIAN_POINT('',(21.,11.,25.6));
#3525 = VECTOR('',#3526,1.);
#3526 = DIRECTION('',(0.,0.,1.));
#3527 = PCURVE('',#1007,#3528);
#3528 = DEFINITIONAL_REPRESENTATION('',(#3529),#3533);
#3529 = LINE('',#3530,#3531);
#3530 = CARTESIAN_POINT('',(3.14159265359,0.));
#3531 = VECTOR('',#3532,1.);
#3532 = DIRECTION('',(0.,-1.));
#3533 = ( GEOMETRIC_REPRESENTATION_CONTEXT(2) 
PARAMETRIC_REPRESENTATION_CONTEXT() REPRESENTATION_CONTEXT('2D SPACE',''
  ) );
#3534 = PCURVE('',#1034,#3535);
#3535 = DEFINITIONAL_REPRESENTATION('',(#3536),#3540);
#3536 = LINE('',#3537,#3538);
#3537 = CARTESIAN_POINT('',(0.,0.));
#3538 = VECTOR('',#3539,1.);
#3539 = DIRECTION('',(0.,-1.));
#3540 = ( GEOMETRIC_REPRESENTATION_CONTEXT(2) 
PARAMETRIC_REPRESENTATION_CONTEXT() REPRESENTATION_CONTEXT('2D SPACE',''
  ) );
#3541 = ADVANCED_FACE('',(#3542),#1064,.F.);
#3542 = FACE_BOUND('',#3543,.F.);
#3543 = EDGE_LOOP('',(#3544,#3573,#3594,#3595,#3596));
#3544 = ORIENTED_EDGE('',*,*,#3545,.F.);
#3545 = EDGE_CURVE('',#3546,#1930,#3548,.T.);
#3546 = VERTEX_POINT('',#3547);
#3547 = CARTESIAN_POINT('',(21.,-5.,25.6));
#3548 = SURFACE_CURVE('',#3549,(#3554,#3561),.PCURVE_S1.);
#3549 = CIRCLE('',#3550,3.);
#3550 = AXIS2_PLACEMENT_3D('',#3551,#3552,#3553);
#3551 = CARTESIAN_POINT('',(18.,-5.,25.6));
#3552 = DIRECTION('',(0.,-0.,-1.));
#3553 = DIRECTION('',(1.,-1.110223024625E-16,0.));
#3554 = PCURVE('',#1064,#3555);
#3555 = DEFINITIONAL_REPRESENTATION('',(#3556),#3560);
#3556 = LINE('',#3557,#3558);
#3557 = CARTESIAN_POINT('',(0.,0.));
#3558 = VECTOR('',#3559,1.);
#3559 = DIRECTION('',(1.,0.));
#3560 = ( GEOMETRIC_REPRESENTATION_CONTEXT(2) 
PARAMETRIC_REPRESENTATION_CONTEXT() REPRESENTATION_CONTEXT('2D SPACE',''
  ) );
#3561 = PCURVE('',#3562,#3567);
#3562 = PLANE('',#3563);
#3563 = AXIS2_PLACEMENT_3D('',#3564,#3565,#3566);
#3564 = CARTESIAN_POINT('',(18.,3.,25.6));
#3565 = DIRECTION('',(-0.,-0.,-1.));
#3566 = DIRECTION('',(-1.,0.,0.));
#3567 = DEFINITIONAL_REPRESENTATION('',(#3568),#3572);
#3568 = CIRCLE('',#3569,3.);
#3569 = AXIS2_PLACEMENT_2D('',#3570,#3571);
#3570 = CARTESIAN_POINT('',(0.,-8.));
#3571 = DIRECTION('',(-1.,-1.110223024625E-16));
#3572 = ( GEOMETRIC_REPRESENTATION_CONTEXT(2) 
PARAMETRIC_REPRESENTATION_CONTEXT() REPRESENTATION_CONTEXT('2D SPACE',''
  ) );
#3573 = ORIENTED_EDGE('',*,*,#3574,.T.);
#3574 = EDGE_CURVE('',#3546,#1020,#3575,.T.);
#3575 = SURFACE_CURVE('',#3576,(#3580,#3587),.PCURVE_S1.);
#3576 = LINE('',#3577,#3578);
#3577 = CARTESIAN_POINT('',(21.,-5.,25.6));
#3578 = VECTOR('',#3579,1.);
#3579 = DIRECTION('',(0.,0.,1.));
#3580 = PCURVE('',#1064,#3581);
#3581 = DEFINITIONAL_REPRESENTATION('',(#3582),#3586);
#3582 = LINE('',#3583,#3584);
#3583 = CARTESIAN_POINT('',(0.,0.));
#3584 = VECTOR('',#3585,1.);
#3585 = DIRECTION('',(0.,-1.));
#3586 = ( GEOMETRIC_REPRESENTATION_CONTEXT(2) 
PARAMETRIC_REPRESENTATION_CONTEXT() REPRESENTATION_CONTEXT('2D SPACE',''
  ) );
#3587 = PCURVE('',#1034,#3588);
#3588 = DEFINITIONAL_REPRESENTATION('',(#3589),#3593);
#3589 = LINE('',#3590,#3591);
#3590 = CARTESIAN_POINT('',(16.,0.));
#3591 = VECTOR('',#3592,1.);
#3592 = DIRECTION('',(0.,-1.));
#3593 = ( GEOMETRIC_REPRESENTATION_CONTEXT(2) 
PARAMETRIC_REPRESENTATION_CONTEXT() REPRESENTATION_CONTEXT('2D SPACE',''
  ) );
#3594 = ORIENTED_EDGE('',*,*,#1045,.T.);
#3595 = ORIENTED_EDGE('',*,*,#3472,.F.);
#3596 = ORIENTED_EDGE('',*,*,#1951,.F.);
#3597 = ADVANCED_FACE('',(#3598),#1034,.F.);
#3598 = FACE_BOUND('',#3599,.F.);
#3599 = EDGE_LOOP('',(#3600,#3601,#3602,#3603,#3604));
#3600 = ORIENTED_EDGE('',*,*,#2030,.F.);
#3601 = ORIENTED_EDGE('',*,*,#3521,.T.);
#3602 = ORIENTED_EDGE('',*,*,#1019,.F.);
#3603 = ORIENTED_EDGE('',*,*,#3574,.F.);
#3604 = ORIENTED_EDGE('',*,*,#3605,.F.);
#3605 = EDGE_CURVE('',#2031,#3546,#3606,.T.);
#3606 = SURFACE_CURVE('',#3607,(#3611,#3618),.PCURVE_S1.);
#3607 = LINE('',#3608,#3609);
#3608 = CARTESIAN_POINT('',(21.,11.,25.6));
#3609 = VECTOR('',#3610,1.);
#3610 = DIRECTION('',(-1.110223024625E-16,-1.,0.));
#3611 = PCURVE('',#1034,#3612);
#3612 = DEFINITIONAL_REPRESENTATION('',(#3613),#3617);
#3613 = LINE('',#3614,#3615);
#3614 = CARTESIAN_POINT('',(0.,0.));
#3615 = VECTOR('',#3616,1.);
#3616 = DIRECTION('',(1.,0.));
#3617 = ( GEOMETRIC_REPRESENTATION_CONTEXT(2) 
PARAMETRIC_REPRESENTATION_CONTEXT() REPRESENTATION_CONTEXT('2D SPACE',''
  ) );
#3618 = PCURVE('',#3562,#3619);
#3619 = DEFINITIONAL_REPRESENTATION('',(#3620),#3624);
#3620 = LINE('',#3621,#3622);
#3621 = CARTESIAN_POINT('',(-3.,8.));
#3622 = VECTOR('',#3623,1.);
#3623 = DIRECTION('',(1.110223024625E-16,-1.));
#3624 = ( GEOMETRIC_REPRESENTATION_CONTEXT(2) 
PARAMETRIC_REPRESENTATION_CONTEXT() REPRESENTATION_CONTEXT('2D SPACE',''
  ) );
#3625 = ADVANCED_FACE('',(#3626),#1095,.F.);
#3626 = FACE_BOUND('',#3627,.F.);
#3627 = EDGE_LOOP('',(#3628,#3656,#3677,#3678,#3699));
#3628 = ORIENTED_EDGE('',*,*,#3629,.F.);
#3629 = EDGE_CURVE('',#3630,#2054,#3632,.T.);
#3630 = VERTEX_POINT('',#3631);
#3631 = CARTESIAN_POINT('',(24.,-5.,25.6));
#3632 = SURFACE_CURVE('',#3633,(#3637,#3644),.PCURVE_S1.);
#3633 = LINE('',#3634,#3635);
#3634 = CARTESIAN_POINT('',(24.,-5.,25.6));
#3635 = VECTOR('',#3636,1.);
#3636 = DIRECTION('',(1.110223024625E-16,1.,0.));
#3637 = PCURVE('',#1095,#3638);
#3638 = DEFINITIONAL_REPRESENTATION('',(#3639),#3643);
#3639 = LINE('',#3640,#3641);
#3640 = CARTESIAN_POINT('',(0.,0.));
#3641 = VECTOR('',#3642,1.);
#3642 = DIRECTION('',(1.,0.));
#3643 = ( GEOMETRIC_REPRESENTATION_CONTEXT(2) 
PARAMETRIC_REPRESENTATION_CONTEXT() REPRESENTATION_CONTEXT('2D SPACE',''
  ) );
#3644 = PCURVE('',#3645,#3650);
#3645 = PLANE('',#3646);
#3646 = AXIS2_PLACEMENT_3D('',#3647,#3648,#3649);
#3647 = CARTESIAN_POINT('',(27.,3.,25.6));
#3648 = DIRECTION('',(-0.,-0.,-1.));
#3649 = DIRECTION('',(-1.,0.,0.));
#3650 = DEFINITIONAL_REPRESENTATION('',(#3651),#3655);
#3651 = LINE('',#3652,#3653);
#3652 = CARTESIAN_POINT('',(3.,-8.));
#3653 = VECTOR('',#3654,1.);
#3654 = DIRECTION('',(-1.110223024625E-16,1.));
#3655 = ( GEOMETRIC_REPRESENTATION_CONTEXT(2) 
PARAMETRIC_REPRESENTATION_CONTEXT() REPRESENTATION_CONTEXT('2D SPACE',''
  ) );
#3656 = ORIENTED_EDGE('',*,*,#3657,.T.);
#3657 = EDGE_CURVE('',#3630,#1081,#3658,.T.);
#3658 = SURFACE_CURVE('',#3659,(#3663,#3670),.PCURVE_S1.);
#3659 = LINE('',#3660,#3661);
#3660 = CARTESIAN_POINT('',(24.,-5.,25.6));
#3661 = VECTOR('',#3662,1.);
#3662 = DIRECTION('',(0.,0.,1.));
#3663 = PCURVE('',#1095,#3664);
#3664 = DEFINITIONAL_REPRESENTATION('',(#3665),#3669);
#3665 = LINE('',#3666,#3667);
#3666 = CARTESIAN_POINT('',(0.,0.));
#3667 = VECTOR('',#3668,1.);
#3668 = DIRECTION('',(0.,-1.));
#3669 = ( GEOMETRIC_REPRESENTATION_CONTEXT(2) 
PARAMETRIC_REPRESENTATION_CONTEXT() REPRESENTATION_CONTEXT('2D SPACE',''
  ) );
#3670 = PCURVE('',#1184,#3671);
#3671 = DEFINITIONAL_REPRESENTATION('',(#3672),#3676);
#3672 = LINE('',#3673,#3674);
#3673 = CARTESIAN_POINT('',(3.14159265359,0.));
#3674 = VECTOR('',#3675,1.);
#3675 = DIRECTION('',(0.,-1.));
#3676 = ( GEOMETRIC_REPRESENTATION_CONTEXT(2) 
PARAMETRIC_REPRESENTATION_CONTEXT() REPRESENTATION_CONTEXT('2D SPACE',''
  ) );
#3677 = ORIENTED_EDGE('',*,*,#1078,.F.);
#3678 = ORIENTED_EDGE('',*,*,#3679,.F.);
#3679 = EDGE_CURVE('',#2077,#1079,#3680,.T.);
#3680 = SURFACE_CURVE('',#3681,(#3685,#3692),.PCURVE_S1.);
#3681 = LINE('',#3682,#3683);
#3682 = CARTESIAN_POINT('',(24.,11.,25.6));
#3683 = VECTOR('',#3684,1.);
#3684 = DIRECTION('',(0.,0.,1.));
#3685 = PCURVE('',#1095,#3686);
#3686 = DEFINITIONAL_REPRESENTATION('',(#3687),#3691);
#3687 = LINE('',#3688,#3689);
#3688 = CARTESIAN_POINT('',(16.,0.));
#3689 = VECTOR('',#3690,1.);
#3690 = DIRECTION('',(0.,-1.));
#3691 = ( GEOMETRIC_REPRESENTATION_CONTEXT(2) 
PARAMETRIC_REPRESENTATION_CONTEXT() REPRESENTATION_CONTEXT('2D SPACE',''
  ) );
#3692 = PCURVE('',#1127,#3693);
#3693 = DEFINITIONAL_REPRESENTATION('',(#3694),#3698);
#3694 = LINE('',#3695,#3696);
#3695 = CARTESIAN_POINT('',(0.,0.));
#3696 = VECTOR('',#3697,1.);
#3697 = DIRECTION('',(0.,-1.));
#3698 = ( GEOMETRIC_REPRESENTATION_CONTEXT(2) 
PARAMETRIC_REPRESENTATION_CONTEXT() REPRESENTATION_CONTEXT('2D SPACE',''
  ) );
#3699 = ORIENTED_EDGE('',*,*,#2076,.F.);
#3700 = ADVANCED_FACE('',(#3701),#1127,.F.);
#3701 = FACE_BOUND('',#3702,.F.);
#3702 = EDGE_LOOP('',(#3703,#3704,#3705,#3706));
#3703 = ORIENTED_EDGE('',*,*,#2099,.F.);
#3704 = ORIENTED_EDGE('',*,*,#3679,.T.);
#3705 = ORIENTED_EDGE('',*,*,#1106,.T.);
#3706 = ORIENTED_EDGE('',*,*,#3707,.F.);
#3707 = EDGE_CURVE('',#2100,#1107,#3708,.T.);
#3708 = SURFACE_CURVE('',#3709,(#3713,#3720),.PCURVE_S1.);
#3709 = LINE('',#3710,#3711);
#3710 = CARTESIAN_POINT('',(30.,11.,25.6));
#3711 = VECTOR('',#3712,1.);
#3712 = DIRECTION('',(0.,0.,1.));
#3713 = PCURVE('',#1127,#3714);
#3714 = DEFINITIONAL_REPRESENTATION('',(#3715),#3719);
#3715 = LINE('',#3716,#3717);
#3716 = CARTESIAN_POINT('',(3.14159265359,0.));
#3717 = VECTOR('',#3718,1.);
#3718 = DIRECTION('',(0.,-1.));
#3719 = ( GEOMETRIC_REPRESENTATION_CONTEXT(2) 
PARAMETRIC_REPRESENTATION_CONTEXT() REPRESENTATION_CONTEXT('2D SPACE',''
  ) );
#3720 = PCURVE('',#1154,#3721);
#3721 = DEFINITIONAL_REPRESENTATION('',(#3722),#3726);
#3722 = LINE('',#3723,#3724);
#3723 = CARTESIAN_POINT('',(0.,0.));
#3724 = VECTOR('',#3725,1.);
#3725 = DIRECTION('',(0.,-1.));
#3726 = ( GEOMETRIC_REPRESENTATION_CONTEXT(2) 
PARAMETRIC_REPRESENTATION_CONTEXT() REPRESENTATION_CONTEXT('2D SPACE',''
  ) );
#3727 = ADVANCED_FACE('',(#3728),#1184,.F.);
#3728 = FACE_BOUND('',#3729,.F.);
#3729 = EDGE_LOOP('',(#3730,#3754,#3775,#3776));
#3730 = ORIENTED_EDGE('',*,*,#3731,.F.);
#3731 = EDGE_CURVE('',#3732,#3630,#3734,.T.);
#3732 = VERTEX_POINT('',#3733);
#3733 = CARTESIAN_POINT('',(30.,-5.,25.6));
#3734 = SURFACE_CURVE('',#3735,(#3740,#3747),.PCURVE_S1.);
#3735 = CIRCLE('',#3736,3.);
#3736 = AXIS2_PLACEMENT_3D('',#3737,#3738,#3739);
#3737 = CARTESIAN_POINT('',(27.,-5.,25.6));
#3738 = DIRECTION('',(0.,-0.,-1.));
#3739 = DIRECTION('',(1.,-1.110223024625E-16,0.));
#3740 = PCURVE('',#1184,#3741);
#3741 = DEFINITIONAL_REPRESENTATION('',(#3742),#3746);
#3742 = LINE('',#3743,#3744);
#3743 = CARTESIAN_POINT('',(0.,0.));
#3744 = VECTOR('',#3745,1.);
#3745 = DIRECTION('',(1.,0.));
#3746 = ( GEOMETRIC_REPRESENTATION_CONTEXT(2) 
PARAMETRIC_REPRESENTATION_CONTEXT() REPRESENTATION_CONTEXT('2D SPACE',''
  ) );
#3747 = PCURVE('',#3645,#3748);
#3748 = DEFINITIONAL_REPRESENTATION('',(#3749),#3753);
#3749 = CIRCLE('',#3750,3.);
#3750 = AXIS2_PLACEMENT_2D('',#3751,#3752);
#3751 = CARTESIAN_POINT('',(0.,-8.));
#3752 = DIRECTION('',(-1.,-1.110223024625E-16));
#3753 = ( GEOMETRIC_REPRESENTATION_CONTEXT(2) 
PARAMETRIC_REPRESENTATION_CONTEXT() REPRESENTATION_CONTEXT('2D SPACE',''
  ) );
#3754 = ORIENTED_EDGE('',*,*,#3755,.T.);
#3755 = EDGE_CURVE('',#3732,#1140,#3756,.T.);
#3756 = SURFACE_CURVE('',#3757,(#3761,#3768),.PCURVE_S1.);
#3757 = LINE('',#3758,#3759);
#3758 = CARTESIAN_POINT('',(30.,-5.,25.6));
#3759 = VECTOR('',#3760,1.);
#3760 = DIRECTION('',(0.,0.,1.));
#3761 = PCURVE('',#1184,#3762);
#3762 = DEFINITIONAL_REPRESENTATION('',(#3763),#3767);
#3763 = LINE('',#3764,#3765);
#3764 = CARTESIAN_POINT('',(0.,0.));
#3765 = VECTOR('',#3766,1.);
#3766 = DIRECTION('',(0.,-1.));
#3767 = ( GEOMETRIC_REPRESENTATION_CONTEXT(2) 
PARAMETRIC_REPRESENTATION_CONTEXT() REPRESENTATION_CONTEXT('2D SPACE',''
  ) );
#3768 = PCURVE('',#1154,#3769);
#3769 = DEFINITIONAL_REPRESENTATION('',(#3770),#3774);
#3770 = LINE('',#3771,#3772);
#3771 = CARTESIAN_POINT('',(16.,0.));
#3772 = VECTOR('',#3773,1.);
#3773 = DIRECTION('',(0.,-1.));
#3774 = ( GEOMETRIC_REPRESENTATION_CONTEXT(2) 
PARAMETRIC_REPRESENTATION_CONTEXT() REPRESENTATION_CONTEXT('2D SPACE',''
  ) );
#3775 = ORIENTED_EDGE('',*,*,#1165,.T.);
#3776 = ORIENTED_EDGE('',*,*,#3657,.F.);
#3777 = ADVANCED_FACE('',(#3778),#1154,.F.);
#3778 = FACE_BOUND('',#3779,.F.);
#3779 = EDGE_LOOP('',(#3780,#3781,#3782,#3783,#3784));
#3780 = ORIENTED_EDGE('',*,*,#2127,.F.);
#3781 = ORIENTED_EDGE('',*,*,#3707,.T.);
#3782 = ORIENTED_EDGE('',*,*,#1139,.F.);
#3783 = ORIENTED_EDGE('',*,*,#3755,.F.);
#3784 = ORIENTED_EDGE('',*,*,#3785,.F.);
#3785 = EDGE_CURVE('',#2128,#3732,#3786,.T.);
#3786 = SURFACE_CURVE('',#3787,(#3791,#3798),.PCURVE_S1.);
#3787 = LINE('',#3788,#3789);
#3788 = CARTESIAN_POINT('',(30.,11.,25.6));
#3789 = VECTOR('',#3790,1.);
#3790 = DIRECTION('',(-1.110223024625E-16,-1.,0.));
#3791 = PCURVE('',#1154,#3792);
#3792 = DEFINITIONAL_REPRESENTATION('',(#3793),#3797);
#3793 = LINE('',#3794,#3795);
#3794 = CARTESIAN_POINT('',(0.,0.));
#3795 = VECTOR('',#3796,1.);
#3796 = DIRECTION('',(1.,0.));
#3797 = ( GEOMETRIC_REPRESENTATION_CONTEXT(2) 
PARAMETRIC_REPRESENTATION_CONTEXT() REPRESENTATION_CONTEXT('2D SPACE',''
  ) );
#3798 = PCURVE('',#3645,#3799);
#3799 = DEFINITIONAL_REPRESENTATION('',(#3800),#3804);
#3800 = LINE('',#3801,#3802);
#3801 = CARTESIAN_POINT('',(-3.,8.));
#3802 = VECTOR('',#3803,1.);
#3803 = DIRECTION('',(1.110223024625E-16,-1.));
#3804 = ( GEOMETRIC_REPRESENTATION_CONTEXT(2) 
PARAMETRIC_REPRESENTATION_CONTEXT() REPRESENTATION_CONTEXT('2D SPACE',''
  ) );
#3805 = ADVANCED_FACE('',(#3806),#1215,.T.);
#3806 = FACE_BOUND('',#3807,.T.);
#3807 = EDGE_LOOP('',(#3808,#3831,#3858,#3859));
#3808 = ORIENTED_EDGE('',*,*,#3809,.T.);
#3809 = EDGE_CURVE('',#1199,#3810,#3812,.T.);
#3810 = VERTEX_POINT('',#3811);
#3811 = CARTESIAN_POINT('',(42.5,5.,31.));
#3812 = SEAM_CURVE('',#3813,(#3817,#3824),.PCURVE_S1.);
#3813 = LINE('',#3814,#3815);
#3814 = CARTESIAN_POINT('',(42.5,5.,29.8));
#3815 = VECTOR('',#3816,1.);
#3816 = DIRECTION('',(0.,0.,1.));
#3817 = PCURVE('',#1215,#3818);
#3818 = DEFINITIONAL_REPRESENTATION('',(#3819),#3823);
#3819 = LINE('',#3820,#3821);
#3820 = CARTESIAN_POINT('',(6.28318530718,-0.));
#3821 = VECTOR('',#3822,1.);
#3822 = DIRECTION('',(0.,1.));
#3823 = ( GEOMETRIC_REPRESENTATION_CONTEXT(2) 
PARAMETRIC_REPRESENTATION_CONTEXT() REPRESENTATION_CONTEXT('2D SPACE',''
  ) );
#3824 = PCURVE('',#1215,#3825);
#3825 = DEFINITIONAL_REPRESENTATION('',(#3826),#3830);
#3826 = LINE('',#3827,#3828);
#3827 = CARTESIAN_POINT('',(0.,-0.));
#3828 = VECTOR('',#3829,1.);
#3829 = DIRECTION('',(0.,1.));
#3830 = ( GEOMETRIC_REPRESENTATION_CONTEXT(2) 
PARAMETRIC_REPRESENTATION_CONTEXT() REPRESENTATION_CONTEXT('2D SPACE',''
  ) );
#3831 = ORIENTED_EDGE('',*,*,#3832,.F.);
#3832 = EDGE_CURVE('',#3810,#3810,#3833,.T.);
#3833 = SURFACE_CURVE('',#3834,(#3839,#3846),.PCURVE_S1.);
#3834 = CIRCLE('',#3835,5.);
#3835 = AXIS2_PLACEMENT_3D('',#3836,#3837,#3838);
#3836 = CARTESIAN_POINT('',(37.5,5.,31.));
#3837 = DIRECTION('',(0.,0.,1.));
#3838 = DIRECTION('',(1.,0.,-0.));
#3839 = PCURVE('',#1215,#3840);
#3840 = DEFINITIONAL_REPRESENTATION('',(#3841),#3845);
#3841 = LINE('',#3842,#3843);
#3842 = CARTESIAN_POINT('',(0.,1.2));
#3843 = VECTOR('',#3844,1.);
#3844 = DIRECTION('',(1.,0.));
#3845 = ( GEOMETRIC_REPRESENTATION_CONTEXT(2) 
PARAMETRIC_REPRESENTATION_CONTEXT() REPRESENTATION_CONTEXT('2D SPACE',''
  ) );
#3846 = PCURVE('',#3847,#3852);
#3847 = PLANE('',#3848);
#3848 = AXIS2_PLACEMENT_3D('',#3849,#3850,#3851);
#3849 = CARTESIAN_POINT('',(37.5,5.,31.));
#3850 = DIRECTION('',(0.,0.,1.));
#3851 = DIRECTION('',(1.,0.,-0.));
#3852 = DEFINITIONAL_REPRESENTATION('',(#3853),#3857);
#3853 = CIRCLE('',#3854,5.);
#3854 = AXIS2_PLACEMENT_2D('',#3855,#3856);
#3855 = CARTESIAN_POINT('',(0.,0.));
#3856 = DIRECTION('',(1.,0.));
#3857 = ( GEOMETRIC_REPRESENTATION_CONTEXT(2) 
PARAMETRIC_REPRESENTATION_CONTEXT() REPRESENTATION_CONTEXT('2D SPACE',''
  ) );
#3858 = ORIENTED_EDGE('',*,*,#3809,.F.);
#3859 = ORIENTED_EDGE('',*,*,#1198,.T.);
#3860 = ADVANCED_FACE('',(#3861),#1322,.F.);
#3861 = FACE_BOUND('',#3862,.F.);
#3862 = EDGE_LOOP('',(#3863,#3887,#3908,#3909));
#3863 = ORIENTED_EDGE('',*,*,#3864,.F.);
#3864 = EDGE_CURVE('',#3865,#3865,#3867,.T.);
#3865 = VERTEX_POINT('',#3866);
#3866 = CARTESIAN_POINT('',(-35.25,5.,31.));
#3867 = SURFACE_CURVE('',#3868,(#3873,#3880),.PCURVE_S1.);
#3868 = CIRCLE('',#3869,2.25);
#3869 = AXIS2_PLACEMENT_3D('',#3870,#3871,#3872);
#3870 = CARTESIAN_POINT('',(-37.5,5.,31.));
#3871 = DIRECTION('',(0.,0.,1.));
#3872 = DIRECTION('',(1.,0.,-0.));
#3873 = PCURVE('',#1322,#3874);
#3874 = DEFINITIONAL_REPRESENTATION('',(#3875),#3879);
#3875 = LINE('',#3876,#3877);
#3876 = CARTESIAN_POINT('',(0.,6.));
#3877 = VECTOR('',#3878,1.);
#3878 = DIRECTION('',(1.,0.));
#3879 = ( GEOMETRIC_REPRESENTATION_CONTEXT(2) 
PARAMETRIC_REPRESENTATION_CONTEXT() REPRESENTATION_CONTEXT('2D SPACE',''
  ) );
#3880 = PCURVE('',#2708,#3881);
#3881 = DEFINITIONAL_REPRESENTATION('',(#3882),#3886);
#3882 = CIRCLE('',#3883,2.25);
#3883 = AXIS2_PLACEMENT_2D('',#3884,#3885);
#3884 = CARTESIAN_POINT('',(0.,0.));
#3885 = DIRECTION('',(1.,0.));
#3886 = ( GEOMETRIC_REPRESENTATION_CONTEXT(2) 
PARAMETRIC_REPRESENTATION_CONTEXT() REPRESENTATION_CONTEXT('2D SPACE',''
  ) );
#3887 = ORIENTED_EDGE('',*,*,#3888,.F.);
#3888 = EDGE_CURVE('',#1306,#3865,#3889,.T.);
#3889 = SEAM_CURVE('',#3890,(#3894,#3901),.PCURVE_S1.);
#3890 = LINE('',#3891,#3892);
#3891 = CARTESIAN_POINT('',(-35.25,5.,25.));
#3892 = VECTOR('',#3893,1.);
#3893 = DIRECTION('',(0.,0.,1.));
#3894 = PCURVE('',#1322,#3895);
#3895 = DEFINITIONAL_REPRESENTATION('',(#3896),#3900);
#3896 = LINE('',#3897,#3898);
#3897 = CARTESIAN_POINT('',(6.28318530718,-0.));
#3898 = VECTOR('',#3899,1.);
#3899 = DIRECTION('',(0.,1.));
#3900 = ( GEOMETRIC_REPRESENTATION_CONTEXT(2) 
PARAMETRIC_REPRESENTATION_CONTEXT() REPRESENTATION_CONTEXT('2D SPACE',''
  ) );
#3901 = PCURVE('',#1322,#3902);
#3902 = DEFINITIONAL_REPRESENTATION('',(#3903),#3907);
#3903 = LINE('',#3904,#3905);
#3904 = CARTESIAN_POINT('',(0.,-0.));
#3905 = VECTOR('',#3906,1.);
#3906 = DIRECTION('',(0.,1.));
#3907 = ( GEOMETRIC_REPRESENTATION_CONTEXT(2) 
PARAMETRIC_REPRESENTATION_CONTEXT() REPRESENTATION_CONTEXT('2D SPACE',''
  ) );
#3908 = ORIENTED_EDGE('',*,*,#1305,.T.);
#3909 = ORIENTED_EDGE('',*,*,#3888,.T.);
#3910 = ADVANCED_FACE('',(#3911),#1354,.T.);
#3911 = FACE_BOUND('',#3912,.T.);
#3912 = EDGE_LOOP('',(#3913,#3936,#3964,#3992,#4020,#4048,#4076,#4104,
    #4132,#4160,#4188,#4209,#4210,#4231,#4232,#4255,#4283,#4306,#4334,
    #4355,#4356,#4377));
#3913 = ORIENTED_EDGE('',*,*,#3914,.T.);
#3914 = EDGE_CURVE('',#2151,#3915,#3917,.T.);
#3915 = VERTEX_POINT('',#3916);
#3916 = CARTESIAN_POINT('',(31.05,-4.2175,0.));
#3917 = SURFACE_CURVE('',#3918,(#3922,#3929),.PCURVE_S1.);
#3918 = LINE('',#3919,#3920);
#3919 = CARTESIAN_POINT('',(31.05,-4.2175,25.6));
#3920 = VECTOR('',#3921,1.);
#3921 = DIRECTION('',(0.,0.,-1.));
#3922 = PCURVE('',#1354,#3923);
#3923 = DEFINITIONAL_REPRESENTATION('',(#3924),#3928);
#3924 = LINE('',#3925,#3926);
#3925 = CARTESIAN_POINT('',(78.824,91.036));
#3926 = VECTOR('',#3927,1.);
#3927 = DIRECTION('',(-1.,0.));
#3928 = ( GEOMETRIC_REPRESENTATION_CONTEXT(2) 
PARAMETRIC_REPRESENTATION_CONTEXT() REPRESENTATION_CONTEXT('2D SPACE',''
  ) );
#3929 = PCURVE('',#2189,#3930);
#3930 = DEFINITIONAL_REPRESENTATION('',(#3931),#3935);
#3931 = LINE('',#3932,#3933);
#3932 = CARTESIAN_POINT('',(2.4,-16.6515));
#3933 = VECTOR('',#3934,1.);
#3934 = DIRECTION('',(-1.,0.));
#3935 = ( GEOMETRIC_REPRESENTATION_CONTEXT(2) 
PARAMETRIC_REPRESENTATION_CONTEXT() REPRESENTATION_CONTEXT('2D SPACE',''
  ) );
#3936 = ORIENTED_EDGE('',*,*,#3937,.F.);
#3937 = EDGE_CURVE('',#3938,#3915,#3940,.T.);
#3938 = VERTEX_POINT('',#3939);
#3939 = CARTESIAN_POINT('',(19.19906231343,-4.2175,0.));
#3940 = SURFACE_CURVE('',#3941,(#3945,#3952),.PCURVE_S1.);
#3941 = LINE('',#3942,#3943);
#3942 = CARTESIAN_POINT('',(18.,-4.2175,0.));
#3943 = VECTOR('',#3944,1.);
#3944 = DIRECTION('',(1.,0.,-0.));
#3945 = PCURVE('',#1354,#3946);
#3946 = DEFINITIONAL_REPRESENTATION('',(#3947),#3951);
#3947 = LINE('',#3948,#3949);
#3948 = CARTESIAN_POINT('',(53.224,77.986));
#3949 = VECTOR('',#3950,1.);
#3950 = DIRECTION('',(0.,1.));
#3951 = ( GEOMETRIC_REPRESENTATION_CONTEXT(2) 
PARAMETRIC_REPRESENTATION_CONTEXT() REPRESENTATION_CONTEXT('2D SPACE',''
  ) );
#3952 = PCURVE('',#3953,#3958);
#3953 = PLANE('',#3954);
#3954 = AXIS2_PLACEMENT_3D('',#3955,#3956,#3957);
#3955 = CARTESIAN_POINT('',(18.,-20.869,0.));
#3956 = DIRECTION('',(0.,0.,1.));
#3957 = DIRECTION('',(1.,0.,-0.));
#3958 = DEFINITIONAL_REPRESENTATION('',(#3959),#3963);
#3959 = LINE('',#3960,#3961);
#3960 = CARTESIAN_POINT('',(0.,16.6515));
#3961 = VECTOR('',#3962,1.);
#3962 = DIRECTION('',(1.,0.));
#3963 = ( GEOMETRIC_REPRESENTATION_CONTEXT(2) 
PARAMETRIC_REPRESENTATION_CONTEXT() REPRESENTATION_CONTEXT('2D SPACE',''
  ) );
#3964 = ORIENTED_EDGE('',*,*,#3965,.T.);
#3965 = EDGE_CURVE('',#3938,#3966,#3968,.T.);
#3966 = VERTEX_POINT('',#3967);
#3967 = CARTESIAN_POINT('',(19.19906231343,-4.2175,-8.445209939367E-05)
  );
#3968 = SURFACE_CURVE('',#3969,(#3973,#3980),.PCURVE_S1.);
#3969 = LINE('',#3970,#3971);
#3970 = CARTESIAN_POINT('',(19.19906231343,-4.2175,-53.26734592237));
#3971 = VECTOR('',#3972,1.);
#3972 = DIRECTION('',(0.,0.,-1.));
#3973 = PCURVE('',#1354,#3974);
#3974 = DEFINITIONAL_REPRESENTATION('',(#3975),#3979);
#3975 = LINE('',#3976,#3977);
#3976 = CARTESIAN_POINT('',(-4.334592237E-02,79.18506231343));
#3977 = VECTOR('',#3978,1.);
#3978 = DIRECTION('',(-1.,0.));
#3979 = ( GEOMETRIC_REPRESENTATION_CONTEXT(2) 
PARAMETRIC_REPRESENTATION_CONTEXT() REPRESENTATION_CONTEXT('2D SPACE',''
  ) );
#3980 = PCURVE('',#3981,#3986);
#3981 = PLANE('',#3982);
#3982 = AXIS2_PLACEMENT_3D('',#3983,#3984,#3985);
#3983 = CARTESIAN_POINT('',(19.19906231343,68.985680113233,
    -53.31069184474));
#3984 = DIRECTION('',(-1.,0.,0.));
#3985 = DIRECTION('',(0.,-1.,0.));
#3986 = DEFINITIONAL_REPRESENTATION('',(#3987),#3991);
#3987 = LINE('',#3988,#3989);
#3988 = CARTESIAN_POINT('',(73.203180113233,4.334592237E-02));
#3989 = VECTOR('',#3990,1.);
#3990 = DIRECTION('',(0.,-1.));
#3991 = ( GEOMETRIC_REPRESENTATION_CONTEXT(2) 
PARAMETRIC_REPRESENTATION_CONTEXT() REPRESENTATION_CONTEXT('2D SPACE',''
  ) );
#3992 = ORIENTED_EDGE('',*,*,#3993,.F.);
#3993 = EDGE_CURVE('',#3994,#3966,#3996,.T.);
#3994 = VERTEX_POINT('',#3995);
#3995 = CARTESIAN_POINT('',(18.199292945755,-4.2175,-8.445209942209E-05)
  );
#3996 = SURFACE_CURVE('',#3997,(#4001,#4008),.PCURVE_S1.);
#3997 = LINE('',#3998,#3999);
#3998 = CARTESIAN_POINT('',(-20.89346884328,-4.2175,-8.445209941144E-05)
  );
#3999 = VECTOR('',#4000,1.);
#4000 = DIRECTION('',(1.,0.,0.));
#4001 = PCURVE('',#1354,#4002);
#4002 = DEFINITIONAL_REPRESENTATION('',(#4003),#4007);
#4003 = LINE('',#4004,#4005);
#4004 = CARTESIAN_POINT('',(53.223915547901,39.09253115672));
#4005 = VECTOR('',#4006,1.);
#4006 = DIRECTION('',(0.,1.));
#4007 = ( GEOMETRIC_REPRESENTATION_CONTEXT(2) 
PARAMETRIC_REPRESENTATION_CONTEXT() REPRESENTATION_CONTEXT('2D SPACE',''
  ) );
#4008 = PCURVE('',#4009,#4014);
#4009 = PLANE('',#4010);
#4010 = AXIS2_PLACEMENT_3D('',#4011,#4012,#4013);
#4011 = CARTESIAN_POINT('',(18.19906231343,-4.217148812192,
    -3.150844244999E-04));
#4012 = DIRECTION('',(0.,-0.548931455238,-0.835867368337));
#4013 = DIRECTION('',(-1.,-0.,0.));
#4014 = DEFINITIONAL_REPRESENTATION('',(#4015),#4019);
#4015 = LINE('',#4016,#4017);
#4016 = CARTESIAN_POINT('',(39.09253115671,-4.201477667013E-04));
#4017 = VECTOR('',#4018,1.);
#4018 = DIRECTION('',(-1.,0.));
#4019 = ( GEOMETRIC_REPRESENTATION_CONTEXT(2) 
PARAMETRIC_REPRESENTATION_CONTEXT() REPRESENTATION_CONTEXT('2D SPACE',''
  ) );
#4020 = ORIENTED_EDGE('',*,*,#4021,.F.);
#4021 = EDGE_CURVE('',#4022,#3994,#4024,.T.);
#4022 = VERTEX_POINT('',#4023);
#4023 = CARTESIAN_POINT('',(18.19906231343,-4.2175,-3.150844244999E-04)
  );
#4024 = SURFACE_CURVE('',#4025,(#4029,#4036),.PCURVE_S1.);
#4025 = LINE('',#4026,#4027);
#4026 = CARTESIAN_POINT('',(-14.40312449382,-4.2175,-32.60250189167));
#4027 = VECTOR('',#4028,1.);
#4028 = DIRECTION('',(0.707106781187,0.,0.707106781187));
#4029 = PCURVE('',#1354,#4030);
#4030 = DEFINITIONAL_REPRESENTATION('',(#4031),#4035);
#4031 = LINE('',#4032,#4033);
#4032 = CARTESIAN_POINT('',(20.62149810833,45.58287550618));
#4033 = VECTOR('',#4034,1.);
#4034 = DIRECTION('',(0.707106781187,0.707106781187));
#4035 = ( GEOMETRIC_REPRESENTATION_CONTEXT(2) 
PARAMETRIC_REPRESENTATION_CONTEXT() REPRESENTATION_CONTEXT('2D SPACE',''
  ) );
#4036 = PCURVE('',#4037,#4042);
#4037 = PLANE('',#4038);
#4038 = AXIS2_PLACEMENT_3D('',#4039,#4040,#4041);
#4039 = CARTESIAN_POINT('',(18.69906231343,-16.07094710269,
    0.499684915576));
#4040 = DIRECTION('',(0.707106781187,0.,-0.707106781187));
#4041 = DIRECTION('',(0.707106781187,0.,0.707106781187));
#4042 = DEFINITIONAL_REPRESENTATION('',(#4043),#4047);
#4043 = LINE('',#4044,#4045);
#4044 = CARTESIAN_POINT('',(-46.81356152701,-11.85344710269));
#4045 = VECTOR('',#4046,1.);
#4046 = DIRECTION('',(1.,0.));
#4047 = ( GEOMETRIC_REPRESENTATION_CONTEXT(2) 
PARAMETRIC_REPRESENTATION_CONTEXT() REPRESENTATION_CONTEXT('2D SPACE',''
  ) );
#4048 = ORIENTED_EDGE('',*,*,#4049,.F.);
#4049 = EDGE_CURVE('',#4050,#4022,#4052,.T.);
#4050 = VERTEX_POINT('',#4051);
#4051 = CARTESIAN_POINT('',(-18.19948216244,-4.2175,-3.150844244999E-04)
  );
#4052 = SURFACE_CURVE('',#4053,(#4057,#4064),.PCURVE_S1.);
#4053 = LINE('',#4054,#4055);
#4054 = CARTESIAN_POINT('',(-20.39346884328,-4.2175,-3.150844244981E-04)
  );
#4055 = VECTOR('',#4056,1.);
#4056 = DIRECTION('',(1.,0.,0.));
#4057 = PCURVE('',#1354,#4058);
#4058 = DEFINITIONAL_REPRESENTATION('',(#4059),#4063);
#4059 = LINE('',#4060,#4061);
#4060 = CARTESIAN_POINT('',(53.223684915575,39.59253115672));
#4061 = VECTOR('',#4062,1.);
#4062 = DIRECTION('',(0.,1.));
#4063 = ( GEOMETRIC_REPRESENTATION_CONTEXT(2) 
PARAMETRIC_REPRESENTATION_CONTEXT() REPRESENTATION_CONTEXT('2D SPACE',''
  ) );
#4064 = PCURVE('',#4065,#4070);
#4065 = PLANE('',#4066);
#4066 = AXIS2_PLACEMENT_3D('',#4067,#4068,#4069);
#4067 = CARTESIAN_POINT('',(19.19906231343,-24.21714881219,
    -3.150844244999E-04));
#4068 = DIRECTION('',(0.,0.,-1.));
#4069 = DIRECTION('',(0.,1.,0.));
#4070 = DEFINITIONAL_REPRESENTATION('',(#4071),#4075);
#4071 = LINE('',#4072,#4073);
#4072 = CARTESIAN_POINT('',(19.99964881219,-39.59253115671));
#4073 = VECTOR('',#4074,1.);
#4074 = DIRECTION('',(0.,1.));
#4075 = ( GEOMETRIC_REPRESENTATION_CONTEXT(2) 
PARAMETRIC_REPRESENTATION_CONTEXT() REPRESENTATION_CONTEXT('2D SPACE',''
  ) );
#4076 = ORIENTED_EDGE('',*,*,#4077,.F.);
#4077 = EDGE_CURVE('',#4078,#4050,#4080,.T.);
#4078 = VERTEX_POINT('',#4079);
#4079 = CARTESIAN_POINT('',(-18.19971279476,-4.2175,-8.445209935815E-05)
  );
#4080 = SURFACE_CURVE('',#4081,(#4085,#4092),.PCURVE_S1.);
#4081 = LINE('',#4082,#4083);
#4082 = CARTESIAN_POINT('',(-15.59019039293,-4.2175,-2.60960685393));
#4083 = VECTOR('',#4084,1.);
#4084 = DIRECTION('',(0.707106781186,0.,-0.707106781187));
#4085 = PCURVE('',#1354,#4086);
#4086 = DEFINITIONAL_REPRESENTATION('',(#4087),#4091);
#4087 = LINE('',#4088,#4089);
#4088 = CARTESIAN_POINT('',(50.61439314607,44.39580960707));
#4089 = VECTOR('',#4090,1.);
#4090 = DIRECTION('',(-0.707106781187,0.707106781186));
#4091 = ( GEOMETRIC_REPRESENTATION_CONTEXT(2) 
PARAMETRIC_REPRESENTATION_CONTEXT() REPRESENTATION_CONTEXT('2D SPACE',''
  ) );
#4092 = PCURVE('',#4093,#4098);
#4093 = PLANE('',#4094);
#4094 = AXIS2_PLACEMENT_3D('',#4095,#4096,#4097);
#4095 = CARTESIAN_POINT('',(-18.69948216244,-16.07094710269,
    0.499684915576));
#4096 = DIRECTION('',(-0.707106781187,0.,-0.707106781186));
#4097 = DIRECTION('',(-0.707106781186,0.,0.707106781187));
#4098 = DEFINITIONAL_REPRESENTATION('',(#4099),#4103);
#4099 = LINE('',#4100,#4101);
#4100 = CARTESIAN_POINT('',(-4.397202589813,11.85344710269));
#4101 = VECTOR('',#4102,1.);
#4102 = DIRECTION('',(-1.,0.));
#4103 = ( GEOMETRIC_REPRESENTATION_CONTEXT(2) 
PARAMETRIC_REPRESENTATION_CONTEXT() REPRESENTATION_CONTEXT('2D SPACE',''
  ) );
#4104 = ORIENTED_EDGE('',*,*,#4105,.F.);
#4105 = EDGE_CURVE('',#4106,#4078,#4108,.T.);
#4106 = VERTEX_POINT('',#4107);
#4107 = CARTESIAN_POINT('',(-19.19948216244,-4.2175,-8.445209940788E-05)
  );
#4108 = SURFACE_CURVE('',#4109,(#4113,#4120),.PCURVE_S1.);
#4109 = LINE('',#4110,#4111);
#4110 = CARTESIAN_POINT('',(-20.89346884328,-4.2175,-8.445209941144E-05)
  );
#4111 = VECTOR('',#4112,1.);
#4112 = DIRECTION('',(1.,0.,0.));
#4113 = PCURVE('',#1354,#4114);
#4114 = DEFINITIONAL_REPRESENTATION('',(#4115),#4119);
#4115 = LINE('',#4116,#4117);
#4116 = CARTESIAN_POINT('',(53.223915547901,39.09253115672));
#4117 = VECTOR('',#4118,1.);
#4118 = DIRECTION('',(0.,1.));
#4119 = ( GEOMETRIC_REPRESENTATION_CONTEXT(2) 
PARAMETRIC_REPRESENTATION_CONTEXT() REPRESENTATION_CONTEXT('2D SPACE',''
  ) );
#4120 = PCURVE('',#4121,#4126);
#4121 = PLANE('',#4122);
#4122 = AXIS2_PLACEMENT_3D('',#4123,#4124,#4125);
#4123 = CARTESIAN_POINT('',(18.19906231343,-4.217148812192,
    -3.150844244999E-04));
#4124 = DIRECTION('',(0.,-0.548931455238,-0.835867368337));
#4125 = DIRECTION('',(-1.,-0.,0.));
#4126 = DEFINITIONAL_REPRESENTATION('',(#4127),#4131);
#4127 = LINE('',#4128,#4129);
#4128 = CARTESIAN_POINT('',(39.09253115671,-4.201477667013E-04));
#4129 = VECTOR('',#4130,1.);
#4130 = DIRECTION('',(-1.,0.));
#4131 = ( GEOMETRIC_REPRESENTATION_CONTEXT(2) 
PARAMETRIC_REPRESENTATION_CONTEXT() REPRESENTATION_CONTEXT('2D SPACE',''
  ) );
#4132 = ORIENTED_EDGE('',*,*,#4133,.F.);
#4133 = EDGE_CURVE('',#4134,#4106,#4136,.T.);
#4134 = VERTEX_POINT('',#4135);
#4135 = CARTESIAN_POINT('',(-19.19948216244,-4.2175,0.));
#4136 = SURFACE_CURVE('',#4137,(#4141,#4148),.PCURVE_S1.);
#4137 = LINE('',#4138,#4139);
#4138 = CARTESIAN_POINT('',(-19.19948216244,-4.2175,-32.28918431191));
#4139 = VECTOR('',#4140,1.);
#4140 = DIRECTION('',(0.,0.,-1.));
#4141 = PCURVE('',#1354,#4142);
#4142 = DEFINITIONAL_REPRESENTATION('',(#4143),#4147);
#4143 = LINE('',#4144,#4145);
#4144 = CARTESIAN_POINT('',(20.93481568809,40.78651783756));
#4145 = VECTOR('',#4146,1.);
#4146 = DIRECTION('',(-1.,0.));
#4147 = ( GEOMETRIC_REPRESENTATION_CONTEXT(2) 
PARAMETRIC_REPRESENTATION_CONTEXT() REPRESENTATION_CONTEXT('2D SPACE',''
  ) );
#4148 = PCURVE('',#4149,#4154);
#4149 = PLANE('',#4150);
#4150 = AXIS2_PLACEMENT_3D('',#4151,#4152,#4153);
#4151 = CARTESIAN_POINT('',(-19.19948216244,28.630405450773,
    -11.35436862383));
#4152 = DIRECTION('',(-1.,0.,0.));
#4153 = DIRECTION('',(0.,0.96592663781,0.258816016447));
#4154 = DEFINITIONAL_REPRESENTATION('',(#4155),#4159);
#4155 = LINE('',#4156,#4157);
#4156 = CARTESIAN_POINT('',(-37.14693247259,11.71993209336));
#4157 = VECTOR('',#4158,1.);
#4158 = DIRECTION('',(-0.258816016447,0.96592663781));
#4159 = ( GEOMETRIC_REPRESENTATION_CONTEXT(2) 
PARAMETRIC_REPRESENTATION_CONTEXT() REPRESENTATION_CONTEXT('2D SPACE',''
  ) );
#4160 = ORIENTED_EDGE('',*,*,#4161,.F.);
#4161 = EDGE_CURVE('',#4162,#4134,#4164,.T.);
#4162 = VERTEX_POINT('',#4163);
#4163 = CARTESIAN_POINT('',(-31.05,-4.2175,0.));
#4164 = SURFACE_CURVE('',#4165,(#4169,#4176),.PCURVE_S1.);
#4165 = LINE('',#4166,#4167);
#4166 = CARTESIAN_POINT('',(-31.05,-4.2175,0.));
#4167 = VECTOR('',#4168,1.);
#4168 = DIRECTION('',(1.,0.,-0.));
#4169 = PCURVE('',#1354,#4170);
#4170 = DEFINITIONAL_REPRESENTATION('',(#4171),#4175);
#4171 = LINE('',#4172,#4173);
#4172 = CARTESIAN_POINT('',(53.224,28.936));
#4173 = VECTOR('',#4174,1.);
#4174 = DIRECTION('',(0.,1.));
#4175 = ( GEOMETRIC_REPRESENTATION_CONTEXT(2) 
PARAMETRIC_REPRESENTATION_CONTEXT() REPRESENTATION_CONTEXT('2D SPACE',''
  ) );
#4176 = PCURVE('',#4177,#4182);
#4177 = PLANE('',#4178);
#4178 = AXIS2_PLACEMENT_3D('',#4179,#4180,#4181);
#4179 = CARTESIAN_POINT('',(-31.05,-20.869,0.));
#4180 = DIRECTION('',(0.,0.,1.));
#4181 = DIRECTION('',(1.,0.,-0.));
#4182 = DEFINITIONAL_REPRESENTATION('',(#4183),#4187);
#4183 = LINE('',#4184,#4185);
#4184 = CARTESIAN_POINT('',(0.,16.6515));
#4185 = VECTOR('',#4186,1.);
#4186 = DIRECTION('',(1.,0.));
#4187 = ( GEOMETRIC_REPRESENTATION_CONTEXT(2) 
PARAMETRIC_REPRESENTATION_CONTEXT() REPRESENTATION_CONTEXT('2D SPACE',''
  ) );
#4188 = ORIENTED_EDGE('',*,*,#4189,.T.);
#4189 = EDGE_CURVE('',#4162,#2398,#4190,.T.);
#4190 = SURFACE_CURVE('',#4191,(#4195,#4202),.PCURVE_S1.);
#4191 = LINE('',#4192,#4193);
#4192 = CARTESIAN_POINT('',(-31.05,-4.2175,0.));
#4193 = VECTOR('',#4194,1.);
#4194 = DIRECTION('',(0.,0.,1.));
#4195 = PCURVE('',#1354,#4196);
#4196 = DEFINITIONAL_REPRESENTATION('',(#4197),#4201);
#4197 = LINE('',#4198,#4199);
#4198 = CARTESIAN_POINT('',(53.224,28.936));
#4199 = VECTOR('',#4200,1.);
#4200 = DIRECTION('',(1.,0.));
#4201 = ( GEOMETRIC_REPRESENTATION_CONTEXT(2) 
PARAMETRIC_REPRESENTATION_CONTEXT() REPRESENTATION_CONTEXT('2D SPACE',''
  ) );
#4202 = PCURVE('',#2413,#4203);
#4203 = DEFINITIONAL_REPRESENTATION('',(#4204),#4208);
#4204 = LINE('',#4205,#4206);
#4205 = CARTESIAN_POINT('',(-25.6,-17.2825));
#4206 = VECTOR('',#4207,1.);
#4207 = DIRECTION('',(1.,0.));
#4208 = ( GEOMETRIC_REPRESENTATION_CONTEXT(2) 
PARAMETRIC_REPRESENTATION_CONTEXT() REPRESENTATION_CONTEXT('2D SPACE',''
  ) );
#4209 = ORIENTED_EDGE('',*,*,#2424,.F.);
#4210 = ORIENTED_EDGE('',*,*,#4211,.F.);
#4211 = EDGE_CURVE('',#1339,#2425,#4212,.T.);
#4212 = SURFACE_CURVE('',#4213,(#4217,#4224),.PCURVE_S1.);
#4213 = LINE('',#4214,#4215);
#4214 = CARTESIAN_POINT('',(-31.05,-4.2175,25.6));
#4215 = VECTOR('',#4216,1.);
#4216 = DIRECTION('',(-1.,-0.,0.));
#4217 = PCURVE('',#1354,#4218);
#4218 = DEFINITIONAL_REPRESENTATION('',(#4219),#4223);
#4219 = LINE('',#4220,#4221);
#4220 = CARTESIAN_POINT('',(78.824,28.936));
#4221 = VECTOR('',#4222,1.);
#4222 = DIRECTION('',(0.,-1.));
#4223 = ( GEOMETRIC_REPRESENTATION_CONTEXT(2) 
PARAMETRIC_REPRESENTATION_CONTEXT() REPRESENTATION_CONTEXT('2D SPACE',''
  ) );
#4224 = PCURVE('',#2741,#4225);
#4225 = DEFINITIONAL_REPRESENTATION('',(#4226),#4230);
#4226 = LINE('',#4227,#4228);
#4227 = CARTESIAN_POINT('',(4.05,-7.2175));
#4228 = VECTOR('',#4229,1.);
#4229 = DIRECTION('',(1.,0.));
#4230 = ( GEOMETRIC_REPRESENTATION_CONTEXT(2) 
PARAMETRIC_REPRESENTATION_CONTEXT() REPRESENTATION_CONTEXT('2D SPACE',''
  ) );
#4231 = ORIENTED_EDGE('',*,*,#1336,.F.);
#4232 = ORIENTED_EDGE('',*,*,#4233,.F.);
#4233 = EDGE_CURVE('',#4234,#1337,#4236,.T.);
#4234 = VERTEX_POINT('',#4235);
#4235 = CARTESIAN_POINT('',(-18.,-4.2175,25.6));
#4236 = SURFACE_CURVE('',#4237,(#4241,#4248),.PCURVE_S1.);
#4237 = LINE('',#4238,#4239);
#4238 = CARTESIAN_POINT('',(-31.05,-4.2175,25.6));
#4239 = VECTOR('',#4240,1.);
#4240 = DIRECTION('',(-1.,-0.,0.));
#4241 = PCURVE('',#1354,#4242);
#4242 = DEFINITIONAL_REPRESENTATION('',(#4243),#4247);
#4243 = LINE('',#4244,#4245);
#4244 = CARTESIAN_POINT('',(78.824,28.936));
#4245 = VECTOR('',#4246,1.);
#4246 = DIRECTION('',(0.,-1.));
#4247 = ( GEOMETRIC_REPRESENTATION_CONTEXT(2) 
PARAMETRIC_REPRESENTATION_CONTEXT() REPRESENTATION_CONTEXT('2D SPACE',''
  ) );
#4248 = PCURVE('',#2921,#4249);
#4249 = DEFINITIONAL_REPRESENTATION('',(#4250),#4254);
#4250 = LINE('',#4251,#4252);
#4251 = CARTESIAN_POINT('',(13.05,-7.2175));
#4252 = VECTOR('',#4253,1.);
#4253 = DIRECTION('',(1.,0.));
#4254 = ( GEOMETRIC_REPRESENTATION_CONTEXT(2) 
PARAMETRIC_REPRESENTATION_CONTEXT() REPRESENTATION_CONTEXT('2D SPACE',''
  ) );
#4255 = ORIENTED_EDGE('',*,*,#4256,.F.);
#4256 = EDGE_CURVE('',#4257,#4234,#4259,.T.);
#4257 = VERTEX_POINT('',#4258);
#4258 = CARTESIAN_POINT('',(-18.,-4.2175,24.037163281334));
#4259 = SURFACE_CURVE('',#4260,(#4264,#4271),.PCURVE_S1.);
#4260 = LINE('',#4261,#4262);
#4261 = CARTESIAN_POINT('',(-18.,-4.2175,23.2));
#4262 = VECTOR('',#4263,1.);
#4263 = DIRECTION('',(0.,0.,1.));
#4264 = PCURVE('',#1354,#4265);
#4265 = DEFINITIONAL_REPRESENTATION('',(#4266),#4270);
#4266 = LINE('',#4267,#4268);
#4267 = CARTESIAN_POINT('',(76.424,41.986));
#4268 = VECTOR('',#4269,1.);
#4269 = DIRECTION('',(1.,0.));
#4270 = ( GEOMETRIC_REPRESENTATION_CONTEXT(2) 
PARAMETRIC_REPRESENTATION_CONTEXT() REPRESENTATION_CONTEXT('2D SPACE',''
  ) );
#4271 = PCURVE('',#4272,#4277);
#4272 = PLANE('',#4273);
#4273 = AXIS2_PLACEMENT_3D('',#4274,#4275,#4276);
#4274 = CARTESIAN_POINT('',(-18.,-20.869,23.2));
#4275 = DIRECTION('',(1.,0.,-0.));
#4276 = DIRECTION('',(0.,0.,1.));
#4277 = DEFINITIONAL_REPRESENTATION('',(#4278),#4282);
#4278 = LINE('',#4279,#4280);
#4279 = CARTESIAN_POINT('',(0.,-16.6515));
#4280 = VECTOR('',#4281,1.);
#4281 = DIRECTION('',(1.,0.));
#4282 = ( GEOMETRIC_REPRESENTATION_CONTEXT(2) 
PARAMETRIC_REPRESENTATION_CONTEXT() REPRESENTATION_CONTEXT('2D SPACE',''
  ) );
#4283 = ORIENTED_EDGE('',*,*,#4284,.F.);
#4284 = EDGE_CURVE('',#4285,#4257,#4287,.T.);
#4285 = VERTEX_POINT('',#4286);
#4286 = CARTESIAN_POINT('',(18.,-4.2175,24.037163281334));
#4287 = SURFACE_CURVE('',#4288,(#4292,#4299),.PCURVE_S1.);
#4288 = LINE('',#4289,#4290);
#4289 = CARTESIAN_POINT('',(19.19906231343,-4.2175,24.037163281334));
#4290 = VECTOR('',#4291,1.);
#4291 = DIRECTION('',(-1.,0.,0.));
#4292 = PCURVE('',#1354,#4293);
#4293 = DEFINITIONAL_REPRESENTATION('',(#4294),#4298);
#4294 = LINE('',#4295,#4296);
#4295 = CARTESIAN_POINT('',(77.261163281334,79.18506231343));
#4296 = VECTOR('',#4297,1.);
#4297 = DIRECTION('',(0.,-1.));
#4298 = ( GEOMETRIC_REPRESENTATION_CONTEXT(2) 
PARAMETRIC_REPRESENTATION_CONTEXT() REPRESENTATION_CONTEXT('2D SPACE',''
  ) );
#4299 = PCURVE('',#1484,#4300);
#4300 = DEFINITIONAL_REPRESENTATION('',(#4301),#4305);
#4301 = LINE('',#4302,#4303);
#4302 = CARTESIAN_POINT('',(0.766657883612,0.));
#4303 = VECTOR('',#4304,1.);
#4304 = DIRECTION('',(0.,1.));
#4305 = ( GEOMETRIC_REPRESENTATION_CONTEXT(2) 
PARAMETRIC_REPRESENTATION_CONTEXT() REPRESENTATION_CONTEXT('2D SPACE',''
  ) );
#4306 = ORIENTED_EDGE('',*,*,#4307,.T.);
#4307 = EDGE_CURVE('',#4285,#4308,#4310,.T.);
#4308 = VERTEX_POINT('',#4309);
#4309 = CARTESIAN_POINT('',(18.,-4.2175,25.6));
#4310 = SURFACE_CURVE('',#4311,(#4315,#4322),.PCURVE_S1.);
#4311 = LINE('',#4312,#4313);
#4312 = CARTESIAN_POINT('',(18.,-4.2175,23.2));
#4313 = VECTOR('',#4314,1.);
#4314 = DIRECTION('',(0.,0.,1.));
#4315 = PCURVE('',#1354,#4316);
#4316 = DEFINITIONAL_REPRESENTATION('',(#4317),#4321);
#4317 = LINE('',#4318,#4319);
#4318 = CARTESIAN_POINT('',(76.424,77.986));
#4319 = VECTOR('',#4320,1.);
#4320 = DIRECTION('',(1.,0.));
#4321 = ( GEOMETRIC_REPRESENTATION_CONTEXT(2) 
PARAMETRIC_REPRESENTATION_CONTEXT() REPRESENTATION_CONTEXT('2D SPACE',''
  ) );
#4322 = PCURVE('',#4323,#4328);
#4323 = PLANE('',#4324);
#4324 = AXIS2_PLACEMENT_3D('',#4325,#4326,#4327);
#4325 = CARTESIAN_POINT('',(18.,-20.869,23.2));
#4326 = DIRECTION('',(1.,0.,-0.));
#4327 = DIRECTION('',(0.,0.,1.));
#4328 = DEFINITIONAL_REPRESENTATION('',(#4329),#4333);
#4329 = LINE('',#4330,#4331);
#4330 = CARTESIAN_POINT('',(0.,-16.6515));
#4331 = VECTOR('',#4332,1.);
#4332 = DIRECTION('',(1.,0.));
#4333 = ( GEOMETRIC_REPRESENTATION_CONTEXT(2) 
PARAMETRIC_REPRESENTATION_CONTEXT() REPRESENTATION_CONTEXT('2D SPACE',''
  ) );
#4334 = ORIENTED_EDGE('',*,*,#4335,.F.);
#4335 = EDGE_CURVE('',#2031,#4308,#4336,.T.);
#4336 = SURFACE_CURVE('',#4337,(#4341,#4348),.PCURVE_S1.);
#4337 = LINE('',#4338,#4339);
#4338 = CARTESIAN_POINT('',(-6.525,-4.2175,25.6));
#4339 = VECTOR('',#4340,1.);
#4340 = DIRECTION('',(-1.,-0.,0.));
#4341 = PCURVE('',#1354,#4342);
#4342 = DEFINITIONAL_REPRESENTATION('',(#4343),#4347);
#4343 = LINE('',#4344,#4345);
#4344 = CARTESIAN_POINT('',(78.824,53.461));
#4345 = VECTOR('',#4346,1.);
#4346 = DIRECTION('',(0.,-1.));
#4347 = ( GEOMETRIC_REPRESENTATION_CONTEXT(2) 
PARAMETRIC_REPRESENTATION_CONTEXT() REPRESENTATION_CONTEXT('2D SPACE',''
  ) );
#4348 = PCURVE('',#3562,#4349);
#4349 = DEFINITIONAL_REPRESENTATION('',(#4350),#4354);
#4350 = LINE('',#4351,#4352);
#4351 = CARTESIAN_POINT('',(24.525,-7.2175));
#4352 = VECTOR('',#4353,1.);
#4353 = DIRECTION('',(1.,0.));
#4354 = ( GEOMETRIC_REPRESENTATION_CONTEXT(2) 
PARAMETRIC_REPRESENTATION_CONTEXT() REPRESENTATION_CONTEXT('2D SPACE',''
  ) );
#4355 = ORIENTED_EDGE('',*,*,#2053,.F.);
#4356 = ORIENTED_EDGE('',*,*,#4357,.F.);
#4357 = EDGE_CURVE('',#2128,#2054,#4358,.T.);
#4358 = SURFACE_CURVE('',#4359,(#4363,#4370),.PCURVE_S1.);
#4359 = LINE('',#4360,#4361);
#4360 = CARTESIAN_POINT('',(-6.525,-4.2175,25.6));
#4361 = VECTOR('',#4362,1.);
#4362 = DIRECTION('',(-1.,-0.,0.));
#4363 = PCURVE('',#1354,#4364);
#4364 = DEFINITIONAL_REPRESENTATION('',(#4365),#4369);
#4365 = LINE('',#4366,#4367);
#4366 = CARTESIAN_POINT('',(78.824,53.461));
#4367 = VECTOR('',#4368,1.);
#4368 = DIRECTION('',(0.,-1.));
#4369 = ( GEOMETRIC_REPRESENTATION_CONTEXT(2) 
PARAMETRIC_REPRESENTATION_CONTEXT() REPRESENTATION_CONTEXT('2D SPACE',''
  ) );
#4370 = PCURVE('',#3645,#4371);
#4371 = DEFINITIONAL_REPRESENTATION('',(#4372),#4376);
#4372 = LINE('',#4373,#4374);
#4373 = CARTESIAN_POINT('',(33.525,-7.2175));
#4374 = VECTOR('',#4375,1.);
#4375 = DIRECTION('',(1.,0.));
#4376 = ( GEOMETRIC_REPRESENTATION_CONTEXT(2) 
PARAMETRIC_REPRESENTATION_CONTEXT() REPRESENTATION_CONTEXT('2D SPACE',''
  ) );
#4377 = ORIENTED_EDGE('',*,*,#2150,.F.);
#4378 = ADVANCED_FACE('',(#4379),#2413,.F.);
#4379 = FACE_BOUND('',#4380,.F.);
#4380 = EDGE_LOOP('',(#4381,#4382,#4405,#4433,#4461,#4489,#4517,#4538));
#4381 = ORIENTED_EDGE('',*,*,#2397,.T.);
#4382 = ORIENTED_EDGE('',*,*,#4383,.F.);
#4383 = EDGE_CURVE('',#4384,#2370,#4386,.T.);
#4384 = VERTEX_POINT('',#4385);
#4385 = CARTESIAN_POINT('',(-31.05,-20.869,23.2));
#4386 = SURFACE_CURVE('',#4387,(#4391,#4398),.PCURVE_S1.);
#4387 = LINE('',#4388,#4389);
#4388 = CARTESIAN_POINT('',(-31.05,-20.869,23.2));
#4389 = VECTOR('',#4390,1.);
#4390 = DIRECTION('',(0.,0.,1.));
#4391 = PCURVE('',#2413,#4392);
#4392 = DEFINITIONAL_REPRESENTATION('',(#4393),#4397);
#4393 = LINE('',#4394,#4395);
#4394 = CARTESIAN_POINT('',(-2.4,-0.631));
#4395 = VECTOR('',#4396,1.);
#4396 = DIRECTION('',(1.,0.));
#4397 = ( GEOMETRIC_REPRESENTATION_CONTEXT(2) 
PARAMETRIC_REPRESENTATION_CONTEXT() REPRESENTATION_CONTEXT('2D SPACE',''
  ) );
#4398 = PCURVE('',#2385,#4399);
#4399 = DEFINITIONAL_REPRESENTATION('',(#4400),#4404);
#4400 = LINE('',#4401,#4402);
#4401 = CARTESIAN_POINT('',(0.,0.));
#4402 = VECTOR('',#4403,1.);
#4403 = DIRECTION('',(1.,0.));
#4404 = ( GEOMETRIC_REPRESENTATION_CONTEXT(2) 
PARAMETRIC_REPRESENTATION_CONTEXT() REPRESENTATION_CONTEXT('2D SPACE',''
  ) );
#4405 = ORIENTED_EDGE('',*,*,#4406,.T.);
#4406 = EDGE_CURVE('',#4384,#4407,#4409,.T.);
#4407 = VERTEX_POINT('',#4408);
#4408 = CARTESIAN_POINT('',(-31.05,-10.717,23.2));
#4409 = SURFACE_CURVE('',#4410,(#4414,#4421),.PCURVE_S1.);
#4410 = LINE('',#4411,#4412);
#4411 = CARTESIAN_POINT('',(-31.05,-20.869,23.2));
#4412 = VECTOR('',#4413,1.);
#4413 = DIRECTION('',(-0.,1.,0.));
#4414 = PCURVE('',#2413,#4415);
#4415 = DEFINITIONAL_REPRESENTATION('',(#4416),#4420);
#4416 = LINE('',#4417,#4418);
#4417 = CARTESIAN_POINT('',(-2.4,-0.631));
#4418 = VECTOR('',#4419,1.);
#4419 = DIRECTION('',(0.,-1.));
#4420 = ( GEOMETRIC_REPRESENTATION_CONTEXT(2) 
PARAMETRIC_REPRESENTATION_CONTEXT() REPRESENTATION_CONTEXT('2D SPACE',''
  ) );
#4421 = PCURVE('',#4422,#4427);
#4422 = PLANE('',#4423);
#4423 = AXIS2_PLACEMENT_3D('',#4424,#4425,#4426);
#4424 = CARTESIAN_POINT('',(-31.05,-20.869,23.2));
#4425 = DIRECTION('',(0.,0.,1.));
#4426 = DIRECTION('',(1.,0.,-0.));
#4427 = DEFINITIONAL_REPRESENTATION('',(#4428),#4432);
#4428 = LINE('',#4429,#4430);
#4429 = CARTESIAN_POINT('',(0.,0.));
#4430 = VECTOR('',#4431,1.);
#4431 = DIRECTION('',(0.,1.));
#4432 = ( GEOMETRIC_REPRESENTATION_CONTEXT(2) 
PARAMETRIC_REPRESENTATION_CONTEXT() REPRESENTATION_CONTEXT('2D SPACE',''
  ) );
#4433 = ORIENTED_EDGE('',*,*,#4434,.F.);
#4434 = EDGE_CURVE('',#4435,#4407,#4437,.T.);
#4435 = VERTEX_POINT('',#4436);
#4436 = CARTESIAN_POINT('',(-31.05,-10.717,2.8));
#4437 = SURFACE_CURVE('',#4438,(#4442,#4449),.PCURVE_S1.);
#4438 = LINE('',#4439,#4440);
#4439 = CARTESIAN_POINT('',(-31.05,-10.717,2.7));
#4440 = VECTOR('',#4441,1.);
#4441 = DIRECTION('',(0.,0.,1.));
#4442 = PCURVE('',#2413,#4443);
#4443 = DEFINITIONAL_REPRESENTATION('',(#4444),#4448);
#4444 = LINE('',#4445,#4446);
#4445 = CARTESIAN_POINT('',(-22.9,-10.783));
#4446 = VECTOR('',#4447,1.);
#4447 = DIRECTION('',(1.,0.));
#4448 = ( GEOMETRIC_REPRESENTATION_CONTEXT(2) 
PARAMETRIC_REPRESENTATION_CONTEXT() REPRESENTATION_CONTEXT('2D SPACE',''
  ) );
#4449 = PCURVE('',#4450,#4455);
#4450 = PLANE('',#4451);
#4451 = AXIS2_PLACEMENT_3D('',#4452,#4453,#4454);
#4452 = CARTESIAN_POINT('',(-31.05,-10.717,2.7));
#4453 = DIRECTION('',(-0.,1.,0.));
#4454 = DIRECTION('',(0.,0.,1.));
#4455 = DEFINITIONAL_REPRESENTATION('',(#4456),#4460);
#4456 = LINE('',#4457,#4458);
#4457 = CARTESIAN_POINT('',(0.,0.));
#4458 = VECTOR('',#4459,1.);
#4459 = DIRECTION('',(1.,0.));
#4460 = ( GEOMETRIC_REPRESENTATION_CONTEXT(2) 
PARAMETRIC_REPRESENTATION_CONTEXT() REPRESENTATION_CONTEXT('2D SPACE',''
  ) );
#4461 = ORIENTED_EDGE('',*,*,#4462,.F.);
#4462 = EDGE_CURVE('',#4463,#4435,#4465,.T.);
#4463 = VERTEX_POINT('',#4464);
#4464 = CARTESIAN_POINT('',(-31.05,-20.869,2.8));
#4465 = SURFACE_CURVE('',#4466,(#4470,#4477),.PCURVE_S1.);
#4466 = LINE('',#4467,#4468);
#4467 = CARTESIAN_POINT('',(-31.05,-20.869,2.8));
#4468 = VECTOR('',#4469,1.);
#4469 = DIRECTION('',(-0.,1.,0.));
#4470 = PCURVE('',#2413,#4471);
#4471 = DEFINITIONAL_REPRESENTATION('',(#4472),#4476);
#4472 = LINE('',#4473,#4474);
#4473 = CARTESIAN_POINT('',(-22.8,-0.631));
#4474 = VECTOR('',#4475,1.);
#4475 = DIRECTION('',(0.,-1.));
#4476 = ( GEOMETRIC_REPRESENTATION_CONTEXT(2) 
PARAMETRIC_REPRESENTATION_CONTEXT() REPRESENTATION_CONTEXT('2D SPACE',''
  ) );
#4477 = PCURVE('',#4478,#4483);
#4478 = PLANE('',#4479);
#4479 = AXIS2_PLACEMENT_3D('',#4480,#4481,#4482);
#4480 = CARTESIAN_POINT('',(-31.05,-20.869,2.8));
#4481 = DIRECTION('',(0.,0.,1.));
#4482 = DIRECTION('',(1.,0.,-0.));
#4483 = DEFINITIONAL_REPRESENTATION('',(#4484),#4488);
#4484 = LINE('',#4485,#4486);
#4485 = CARTESIAN_POINT('',(0.,0.));
#4486 = VECTOR('',#4487,1.);
#4487 = DIRECTION('',(0.,1.));
#4488 = ( GEOMETRIC_REPRESENTATION_CONTEXT(2) 
PARAMETRIC_REPRESENTATION_CONTEXT() REPRESENTATION_CONTEXT('2D SPACE',''
  ) );
#4489 = ORIENTED_EDGE('',*,*,#4490,.F.);
#4490 = EDGE_CURVE('',#4491,#4463,#4493,.T.);
#4491 = VERTEX_POINT('',#4492);
#4492 = CARTESIAN_POINT('',(-31.05,-20.869,0.));
#4493 = SURFACE_CURVE('',#4494,(#4498,#4505),.PCURVE_S1.);
#4494 = LINE('',#4495,#4496);
#4495 = CARTESIAN_POINT('',(-31.05,-20.869,0.));
#4496 = VECTOR('',#4497,1.);
#4497 = DIRECTION('',(0.,0.,1.));
#4498 = PCURVE('',#2413,#4499);
#4499 = DEFINITIONAL_REPRESENTATION('',(#4500),#4504);
#4500 = LINE('',#4501,#4502);
#4501 = CARTESIAN_POINT('',(-25.6,-0.631));
#4502 = VECTOR('',#4503,1.);
#4503 = DIRECTION('',(1.,0.));
#4504 = ( GEOMETRIC_REPRESENTATION_CONTEXT(2) 
PARAMETRIC_REPRESENTATION_CONTEXT() REPRESENTATION_CONTEXT('2D SPACE',''
  ) );
#4505 = PCURVE('',#4506,#4511);
#4506 = PLANE('',#4507);
#4507 = AXIS2_PLACEMENT_3D('',#4508,#4509,#4510);
#4508 = CARTESIAN_POINT('',(-31.05,-20.869,0.));
#4509 = DIRECTION('',(-0.,1.,0.));
#4510 = DIRECTION('',(0.,0.,1.));
#4511 = DEFINITIONAL_REPRESENTATION('',(#4512),#4516);
#4512 = LINE('',#4513,#4514);
#4513 = CARTESIAN_POINT('',(0.,0.));
#4514 = VECTOR('',#4515,1.);
#4515 = DIRECTION('',(1.,0.));
#4516 = ( GEOMETRIC_REPRESENTATION_CONTEXT(2) 
PARAMETRIC_REPRESENTATION_CONTEXT() REPRESENTATION_CONTEXT('2D SPACE',''
  ) );
#4517 = ORIENTED_EDGE('',*,*,#4518,.T.);
#4518 = EDGE_CURVE('',#4491,#4162,#4519,.T.);
#4519 = SURFACE_CURVE('',#4520,(#4524,#4531),.PCURVE_S1.);
#4520 = LINE('',#4521,#4522);
#4521 = CARTESIAN_POINT('',(-31.05,-20.869,0.));
#4522 = VECTOR('',#4523,1.);
#4523 = DIRECTION('',(-0.,1.,0.));
#4524 = PCURVE('',#2413,#4525);
#4525 = DEFINITIONAL_REPRESENTATION('',(#4526),#4530);
#4526 = LINE('',#4527,#4528);
#4527 = CARTESIAN_POINT('',(-25.6,-0.631));
#4528 = VECTOR('',#4529,1.);
#4529 = DIRECTION('',(0.,-1.));
#4530 = ( GEOMETRIC_REPRESENTATION_CONTEXT(2) 
PARAMETRIC_REPRESENTATION_CONTEXT() REPRESENTATION_CONTEXT('2D SPACE',''
  ) );
#4531 = PCURVE('',#4177,#4532);
#4532 = DEFINITIONAL_REPRESENTATION('',(#4533),#4537);
#4533 = LINE('',#4534,#4535);
#4534 = CARTESIAN_POINT('',(0.,0.));
#4535 = VECTOR('',#4536,1.);
#4536 = DIRECTION('',(0.,1.));
#4537 = ( GEOMETRIC_REPRESENTATION_CONTEXT(2) 
PARAMETRIC_REPRESENTATION_CONTEXT() REPRESENTATION_CONTEXT('2D SPACE',''
  ) );
#4538 = ORIENTED_EDGE('',*,*,#4189,.T.);
#4539 = ADVANCED_FACE('',(#4540),#2385,.F.);
#4540 = FACE_BOUND('',#4541,.F.);
#4541 = EDGE_LOOP('',(#4542,#4565,#4566,#4567));
#4542 = ORIENTED_EDGE('',*,*,#4543,.F.);
#4543 = EDGE_CURVE('',#4384,#4544,#4546,.T.);
#4544 = VERTEX_POINT('',#4545);
#4545 = CARTESIAN_POINT('',(-19.19948216244,-20.869,23.2));
#4546 = SURFACE_CURVE('',#4547,(#4551,#4558),.PCURVE_S1.);
#4547 = LINE('',#4548,#4549);
#4548 = CARTESIAN_POINT('',(-31.05,-20.869,23.2));
#4549 = VECTOR('',#4550,1.);
#4550 = DIRECTION('',(1.,0.,-0.));
#4551 = PCURVE('',#2385,#4552);
#4552 = DEFINITIONAL_REPRESENTATION('',(#4553),#4557);
#4553 = LINE('',#4554,#4555);
#4554 = CARTESIAN_POINT('',(0.,0.));
#4555 = VECTOR('',#4556,1.);
#4556 = DIRECTION('',(0.,1.));
#4557 = ( GEOMETRIC_REPRESENTATION_CONTEXT(2) 
PARAMETRIC_REPRESENTATION_CONTEXT() REPRESENTATION_CONTEXT('2D SPACE',''
  ) );
#4558 = PCURVE('',#4422,#4559);
#4559 = DEFINITIONAL_REPRESENTATION('',(#4560),#4564);
#4560 = LINE('',#4561,#4562);
#4561 = CARTESIAN_POINT('',(0.,0.));
#4562 = VECTOR('',#4563,1.);
#4563 = DIRECTION('',(1.,0.));
#4564 = ( GEOMETRIC_REPRESENTATION_CONTEXT(2) 
PARAMETRIC_REPRESENTATION_CONTEXT() REPRESENTATION_CONTEXT('2D SPACE',''
  ) );
#4565 = ORIENTED_EDGE('',*,*,#4383,.T.);
#4566 = ORIENTED_EDGE('',*,*,#2369,.F.);
#4567 = ORIENTED_EDGE('',*,*,#4568,.T.);
#4568 = EDGE_CURVE('',#2342,#4544,#4569,.T.);
#4569 = SURFACE_CURVE('',#4570,(#4574,#4581),.PCURVE_S1.);
#4570 = LINE('',#4571,#4572);
#4571 = CARTESIAN_POINT('',(-19.19948216244,-20.869,5.922815688082));
#4572 = VECTOR('',#4573,1.);
#4573 = DIRECTION('',(0.,0.,-1.));
#4574 = PCURVE('',#2385,#4575);
#4575 = DEFINITIONAL_REPRESENTATION('',(#4576),#4580);
#4576 = LINE('',#4577,#4578);
#4577 = CARTESIAN_POINT('',(-17.27718431191,11.85051783756));
#4578 = VECTOR('',#4579,1.);
#4579 = DIRECTION('',(-1.,0.));
#4580 = ( GEOMETRIC_REPRESENTATION_CONTEXT(2) 
PARAMETRIC_REPRESENTATION_CONTEXT() REPRESENTATION_CONTEXT('2D SPACE',''
  ) );
#4581 = PCURVE('',#2357,#4582);
#4582 = DEFINITIONAL_REPRESENTATION('',(#4583),#4587);
#4583 = LINE('',#4584,#4585);
#4584 = CARTESIAN_POINT('',(-43.34118226162,-29.49973148848));
#4585 = VECTOR('',#4586,1.);
#4586 = DIRECTION('',(-0.258816016447,0.96592663781));
#4587 = ( GEOMETRIC_REPRESENTATION_CONTEXT(2) 
PARAMETRIC_REPRESENTATION_CONTEXT() REPRESENTATION_CONTEXT('2D SPACE',''
  ) );
#4588 = ADVANCED_FACE('',(#4589),#2357,.T.);
#4589 = FACE_BOUND('',#4590,.T.);
#4590 = EDGE_LOOP('',(#4591,#4592,#4593,#4616,#4639,#4662,#4690,#4718));
#4591 = ORIENTED_EDGE('',*,*,#2341,.T.);
#4592 = ORIENTED_EDGE('',*,*,#4568,.T.);
#4593 = ORIENTED_EDGE('',*,*,#4594,.T.);
#4594 = EDGE_CURVE('',#4544,#4595,#4597,.T.);
#4595 = VERTEX_POINT('',#4596);
#4596 = CARTESIAN_POINT('',(-19.19948216244,-10.717,23.2));
#4597 = SURFACE_CURVE('',#4598,(#4602,#4609),.PCURVE_S1.);
#4598 = LINE('',#4599,#4600);
#4599 = CARTESIAN_POINT('',(-19.19948216244,3.880702725387,23.2));
#4600 = VECTOR('',#4601,1.);
#4601 = DIRECTION('',(0.,1.,-0.));
#4602 = PCURVE('',#2357,#4603);
#4603 = DEFINITIONAL_REPRESENTATION('',(#4604),#4608);
#4604 = LINE('',#4605,#4606);
#4605 = CARTESIAN_POINT('',(-14.96317310226,-39.78260457408));
#4606 = VECTOR('',#4607,1.);
#4607 = DIRECTION('',(0.96592663781,0.258816016447));
#4608 = ( GEOMETRIC_REPRESENTATION_CONTEXT(2) 
PARAMETRIC_REPRESENTATION_CONTEXT() REPRESENTATION_CONTEXT('2D SPACE',''
  ) );
#4609 = PCURVE('',#4422,#4610);
#4610 = DEFINITIONAL_REPRESENTATION('',(#4611),#4615);
#4611 = LINE('',#4612,#4613);
#4612 = CARTESIAN_POINT('',(11.85051783756,24.749702725387));
#4613 = VECTOR('',#4614,1.);
#4614 = DIRECTION('',(0.,1.));
#4615 = ( GEOMETRIC_REPRESENTATION_CONTEXT(2) 
PARAMETRIC_REPRESENTATION_CONTEXT() REPRESENTATION_CONTEXT('2D SPACE',''
  ) );
#4616 = ORIENTED_EDGE('',*,*,#4617,.T.);
#4617 = EDGE_CURVE('',#4595,#4618,#4620,.T.);
#4618 = VERTEX_POINT('',#4619);
#4619 = CARTESIAN_POINT('',(-19.19948216244,-10.717,2.8));
#4620 = SURFACE_CURVE('',#4621,(#4625,#4632),.PCURVE_S1.);
#4621 = LINE('',#4622,#4623);
#4622 = CARTESIAN_POINT('',(-19.19948216244,-10.717,-4.327184311918));
#4623 = VECTOR('',#4624,1.);
#4624 = DIRECTION('',(0.,0.,-1.));
#4625 = PCURVE('',#2357,#4626);
#4626 = DEFINITIONAL_REPRESENTATION('',(#4627),#4631);
#4627 = LINE('',#4628,#4629);
#4628 = CARTESIAN_POINT('',(-36.18795920315,-16.97148325196));
#4629 = VECTOR('',#4630,1.);
#4630 = DIRECTION('',(-0.258816016447,0.96592663781));
#4631 = ( GEOMETRIC_REPRESENTATION_CONTEXT(2) 
PARAMETRIC_REPRESENTATION_CONTEXT() REPRESENTATION_CONTEXT('2D SPACE',''
  ) );
#4632 = PCURVE('',#4450,#4633);
#4633 = DEFINITIONAL_REPRESENTATION('',(#4634),#4638);
#4634 = LINE('',#4635,#4636);
#4635 = CARTESIAN_POINT('',(-7.027184311918,11.85051783756));
#4636 = VECTOR('',#4637,1.);
#4637 = DIRECTION('',(-1.,0.));
#4638 = ( GEOMETRIC_REPRESENTATION_CONTEXT(2) 
PARAMETRIC_REPRESENTATION_CONTEXT() REPRESENTATION_CONTEXT('2D SPACE',''
  ) );
#4639 = ORIENTED_EDGE('',*,*,#4640,.F.);
#4640 = EDGE_CURVE('',#4641,#4618,#4643,.T.);
#4641 = VERTEX_POINT('',#4642);
#4642 = CARTESIAN_POINT('',(-19.19948216244,-10.71714881219,2.8));
#4643 = SURFACE_CURVE('',#4644,(#4648,#4655),.PCURVE_S1.);
#4644 = LINE('',#4645,#4646);
#4645 = CARTESIAN_POINT('',(-19.19948216244,3.880702725387,2.8));
#4646 = VECTOR('',#4647,1.);
#4647 = DIRECTION('',(0.,1.,-0.));
#4648 = PCURVE('',#2357,#4649);
#4649 = DEFINITIONAL_REPRESENTATION('',(#4650),#4654);
#4650 = LINE('',#4651,#4652);
#4651 = CARTESIAN_POINT('',(-20.24301983778,-20.07770116276));
#4652 = VECTOR('',#4653,1.);
#4653 = DIRECTION('',(0.96592663781,0.258816016447));
#4654 = ( GEOMETRIC_REPRESENTATION_CONTEXT(2) 
PARAMETRIC_REPRESENTATION_CONTEXT() REPRESENTATION_CONTEXT('2D SPACE',''
  ) );
#4655 = PCURVE('',#4478,#4656);
#4656 = DEFINITIONAL_REPRESENTATION('',(#4657),#4661);
#4657 = LINE('',#4658,#4659);
#4658 = CARTESIAN_POINT('',(11.85051783756,24.749702725387));
#4659 = VECTOR('',#4660,1.);
#4660 = DIRECTION('',(0.,1.));
#4661 = ( GEOMETRIC_REPRESENTATION_CONTEXT(2) 
PARAMETRIC_REPRESENTATION_CONTEXT() REPRESENTATION_CONTEXT('2D SPACE',''
  ) );
#4662 = ORIENTED_EDGE('',*,*,#4663,.T.);
#4663 = EDGE_CURVE('',#4641,#4664,#4666,.T.);
#4664 = VERTEX_POINT('',#4665);
#4665 = CARTESIAN_POINT('',(-19.19948216244,-10.71714881219,
    23.199684915575));
#4666 = SURFACE_CURVE('',#4667,(#4671,#4678),.PCURVE_S1.);
#4667 = LINE('',#4668,#4669);
#4668 = CARTESIAN_POINT('',(-19.19948216244,-10.71714881219,
    -4.27734185413));
#4669 = VECTOR('',#4670,1.);
#4670 = DIRECTION('',(0.,0.,1.));
#4671 = PCURVE('',#2357,#4672);
#4672 = DEFINITIONAL_REPRESENTATION('',(#4673),#4677);
#4673 = LINE('',#4674,#4675);
#4674 = CARTESIAN_POINT('',(-36.17520291844,-17.01966592461));
#4675 = VECTOR('',#4676,1.);
#4676 = DIRECTION('',(0.258816016447,-0.96592663781));
#4677 = ( GEOMETRIC_REPRESENTATION_CONTEXT(2) 
PARAMETRIC_REPRESENTATION_CONTEXT() REPRESENTATION_CONTEXT('2D SPACE',''
  ) );
#4678 = PCURVE('',#4679,#4684);
#4679 = PLANE('',#4680);
#4680 = AXIS2_PLACEMENT_3D('',#4681,#4682,#4683);
#4681 = CARTESIAN_POINT('',(15.09906231343,-10.71714881219,
    14.999684915576));
#4682 = DIRECTION('',(0.,1.,0.));
#4683 = DIRECTION('',(-1.,0.,0.));
#4684 = DEFINITIONAL_REPRESENTATION('',(#4685),#4689);
#4685 = LINE('',#4686,#4687);
#4686 = CARTESIAN_POINT('',(34.29854447587,-19.2770267697));
#4687 = VECTOR('',#4688,1.);
#4688 = DIRECTION('',(0.,1.));
#4689 = ( GEOMETRIC_REPRESENTATION_CONTEXT(2) 
PARAMETRIC_REPRESENTATION_CONTEXT() REPRESENTATION_CONTEXT('2D SPACE',''
  ) );
#4690 = ORIENTED_EDGE('',*,*,#4691,.T.);
#4691 = EDGE_CURVE('',#4664,#4692,#4694,.T.);
#4692 = VERTEX_POINT('',#4693);
#4693 = CARTESIAN_POINT('',(-19.19948216244,-20.86940764386,
    23.199684915575));
#4694 = SURFACE_CURVE('',#4695,(#4699,#4706),.PCURVE_S1.);
#4695 = LINE('',#4696,#4697);
#4696 = CARTESIAN_POINT('',(-19.19948216244,8.956628319288,
    23.199684915575));
#4697 = VECTOR('',#4698,1.);
#4698 = DIRECTION('',(0.,-1.,0.));
#4699 = PCURVE('',#2357,#4700);
#4700 = DEFINITIONAL_REPRESENTATION('',(#4701),#4705);
#4701 = LINE('',#4702,#4703);
#4702 = CARTESIAN_POINT('',(-10.06028290847,-38.46856938365));
#4703 = VECTOR('',#4704,1.);
#4704 = DIRECTION('',(-0.96592663781,-0.258816016447));
#4705 = ( GEOMETRIC_REPRESENTATION_CONTEXT(2) 
PARAMETRIC_REPRESENTATION_CONTEXT() REPRESENTATION_CONTEXT('2D SPACE',''
  ) );
#4706 = PCURVE('',#4707,#4712);
#4707 = PLANE('',#4708);
#4708 = AXIS2_PLACEMENT_3D('',#4709,#4710,#4711);
#4709 = CARTESIAN_POINT('',(19.19906231343,-21.82704313407,
    23.199684915575));
#4710 = DIRECTION('',(0.,0.,1.));
#4711 = DIRECTION('',(1.,0.,-0.));
#4712 = DEFINITIONAL_REPRESENTATION('',(#4713),#4717);
#4713 = LINE('',#4714,#4715);
#4714 = CARTESIAN_POINT('',(-38.39854447587,30.783671453358));
#4715 = VECTOR('',#4716,1.);
#4716 = DIRECTION('',(0.,-1.));
#4717 = ( GEOMETRIC_REPRESENTATION_CONTEXT(2) 
PARAMETRIC_REPRESENTATION_CONTEXT() REPRESENTATION_CONTEXT('2D SPACE',''
  ) );
#4718 = ORIENTED_EDGE('',*,*,#4719,.T.);
#4719 = EDGE_CURVE('',#4692,#2314,#4720,.T.);
#4720 = SURFACE_CURVE('',#4721,(#4725,#4732),.PCURVE_S1.);
#4721 = LINE('',#4722,#4723);
#4722 = CARTESIAN_POINT('',(-19.19948216244,-20.86940764386,
    0.999684915576));
#4723 = VECTOR('',#4724,1.);
#4724 = DIRECTION('',(0.,0.,1.));
#4725 = PCURVE('',#2357,#4726);
#4726 = DEFINITIONAL_REPRESENTATION('',(#4727),#4731);
#4727 = LINE('',#4728,#4729);
#4728 = CARTESIAN_POINT('',(-44.61576111067,-24.74445383866));
#4729 = VECTOR('',#4730,1.);
#4730 = DIRECTION('',(0.258816016447,-0.96592663781));
#4731 = ( GEOMETRIC_REPRESENTATION_CONTEXT(2) 
PARAMETRIC_REPRESENTATION_CONTEXT() REPRESENTATION_CONTEXT('2D SPACE',''
  ) );
#4732 = PCURVE('',#2329,#4733);
#4733 = DEFINITIONAL_REPRESENTATION('',(#4734),#4738);
#4734 = LINE('',#4735,#4736);
#4735 = CARTESIAN_POINT('',(61.63861332806,-14.));
#4736 = VECTOR('',#4737,1.);
#4737 = DIRECTION('',(0.,1.));
#4738 = ( GEOMETRIC_REPRESENTATION_CONTEXT(2) 
PARAMETRIC_REPRESENTATION_CONTEXT() REPRESENTATION_CONTEXT('2D SPACE',''
  ) );
#4739 = ADVANCED_FACE('',(#4740),#2329,.F.);
#4740 = FACE_BOUND('',#4741,.F.);
#4741 = EDGE_LOOP('',(#4742,#4765,#4766,#4767));
#4742 = ORIENTED_EDGE('',*,*,#4743,.F.);
#4743 = EDGE_CURVE('',#4692,#4744,#4746,.T.);
#4744 = VERTEX_POINT('',#4745);
#4745 = CARTESIAN_POINT('',(-15.10093768657,-20.86940764386,
    23.199684915575));
#4746 = SURFACE_CURVE('',#4747,(#4751,#4758),.PCURVE_S1.);
#4747 = LINE('',#4748,#4749);
#4748 = CARTESIAN_POINT('',(13.669096739525,-20.86940764386,
    23.199684915575));
#4749 = VECTOR('',#4750,1.);
#4750 = DIRECTION('',(1.,0.,0.));
#4751 = PCURVE('',#2329,#4752);
#4752 = DEFINITIONAL_REPRESENTATION('',(#4753),#4757);
#4753 = LINE('',#4754,#4755);
#4754 = CARTESIAN_POINT('',(28.770034426095,8.199999999999));
#4755 = VECTOR('',#4756,1.);
#4756 = DIRECTION('',(-1.,0.));
#4757 = ( GEOMETRIC_REPRESENTATION_CONTEXT(2) 
PARAMETRIC_REPRESENTATION_CONTEXT() REPRESENTATION_CONTEXT('2D SPACE',''
  ) );
#4758 = PCURVE('',#4707,#4759);
#4759 = DEFINITIONAL_REPRESENTATION('',(#4760),#4764);
#4760 = LINE('',#4761,#4762);
#4761 = CARTESIAN_POINT('',(-5.529965573905,0.95763549021));
#4762 = VECTOR('',#4763,1.);
#4763 = DIRECTION('',(1.,0.));
#4764 = ( GEOMETRIC_REPRESENTATION_CONTEXT(2) 
PARAMETRIC_REPRESENTATION_CONTEXT() REPRESENTATION_CONTEXT('2D SPACE',''
  ) );
#4765 = ORIENTED_EDGE('',*,*,#4719,.T.);
#4766 = ORIENTED_EDGE('',*,*,#2313,.T.);
#4767 = ORIENTED_EDGE('',*,*,#4768,.F.);
#4768 = EDGE_CURVE('',#4744,#2285,#4769,.T.);
#4769 = SURFACE_CURVE('',#4770,(#4774,#4781),.PCURVE_S1.);
#4770 = LINE('',#4771,#4772);
#4771 = CARTESIAN_POINT('',(-15.10093768657,-20.86940764386,
    2.999684915576));
#4772 = VECTOR('',#4773,1.);
#4773 = DIRECTION('',(0.,0.,1.));
#4774 = PCURVE('',#2329,#4775);
#4775 = DEFINITIONAL_REPRESENTATION('',(#4776),#4780);
#4776 = LINE('',#4777,#4778);
#4777 = CARTESIAN_POINT('',(57.54006885219,-12.));
#4778 = VECTOR('',#4779,1.);
#4779 = DIRECTION('',(0.,1.));
#4780 = ( GEOMETRIC_REPRESENTATION_CONTEXT(2) 
PARAMETRIC_REPRESENTATION_CONTEXT() REPRESENTATION_CONTEXT('2D SPACE',''
  ) );
#4781 = PCURVE('',#2301,#4782);
#4782 = DEFINITIONAL_REPRESENTATION('',(#4783),#4787);
#4783 = LINE('',#4784,#4785);
#4784 = CARTESIAN_POINT('',(1.110252535033,0.));
#4785 = VECTOR('',#4786,1.);
#4786 = DIRECTION('',(0.,1.));
#4787 = ( GEOMETRIC_REPRESENTATION_CONTEXT(2) 
PARAMETRIC_REPRESENTATION_CONTEXT() REPRESENTATION_CONTEXT('2D SPACE',''
  ) );
#4788 = ADVANCED_FACE('',(#4789),#2301,.F.);
#4789 = FACE_BOUND('',#4790,.F.);
#4790 = EDGE_LOOP('',(#4791,#4819,#4820,#4821));
#4791 = ORIENTED_EDGE('',*,*,#4792,.F.);
#4792 = EDGE_CURVE('',#4744,#4793,#4795,.T.);
#4793 = VERTEX_POINT('',#4794);
#4794 = CARTESIAN_POINT('',(15.09906231343,-20.86940764386,
    23.199684915575));
#4795 = SURFACE_CURVE('',#4796,(#4801,#4808),.PCURVE_S1.);
#4796 = CIRCLE('',#4797,28.65);
#4797 = AXIS2_PLACEMENT_3D('',#4798,#4799,#4800);
#4798 = CARTESIAN_POINT('',(-9.37686570375E-04,-45.21714881219,
    23.199684915575));
#4799 = DIRECTION('',(0.,0.,-1.));
#4800 = DIRECTION('',(0.52705061082,0.849833897673,0.));
#4801 = PCURVE('',#2301,#4802);
#4802 = DEFINITIONAL_REPRESENTATION('',(#4803),#4807);
#4803 = LINE('',#4804,#4805);
#4804 = CARTESIAN_POINT('',(6.28318530718,20.2));
#4805 = VECTOR('',#4806,1.);
#4806 = DIRECTION('',(-1.,0.));
#4807 = ( GEOMETRIC_REPRESENTATION_CONTEXT(2) 
PARAMETRIC_REPRESENTATION_CONTEXT() REPRESENTATION_CONTEXT('2D SPACE',''
  ) );
#4808 = PCURVE('',#4707,#4809);
#4809 = DEFINITIONAL_REPRESENTATION('',(#4810),#4818);
#4810 = ( BOUNDED_CURVE() B_SPLINE_CURVE(2,(#4811,#4812,#4813,#4814,
#4815,#4816,#4817),.UNSPECIFIED.,.T.,.F.) B_SPLINE_CURVE_WITH_KNOTS((1,2
    ,2,2,2,1),(-2.094395102393,0.,2.094395102393,4.188790204786,
6.28318530718,8.377580409573),.UNSPECIFIED.) CURVE() 
GEOMETRIC_REPRESENTATION_ITEM() RATIONAL_B_SPLINE_CURVE((1.,0.5,1.,0.5,
1.,0.5,1.)) REPRESENTATION_ITEM('') );
#4811 = CARTESIAN_POINT('',(-4.100000000006,0.957635490214));
#4812 = CARTESIAN_POINT('',(38.071524753084,-25.19633170406));
#4813 = CARTESIAN_POINT('',(-5.664237623452,-48.64095985942));
#4814 = CARTESIAN_POINT('',(-49.39999999998,-72.08558801478));
#4815 = CARTESIAN_POINT('',(-47.83576237654,-22.48699266514));
#4816 = CARTESIAN_POINT('',(-46.27152475309,27.111602684494));
#4817 = CARTESIAN_POINT('',(-4.100000000006,0.957635490214));
#4818 = ( GEOMETRIC_REPRESENTATION_CONTEXT(2) 
PARAMETRIC_REPRESENTATION_CONTEXT() REPRESENTATION_CONTEXT('2D SPACE',''
  ) );
#4819 = ORIENTED_EDGE('',*,*,#4768,.T.);
#4820 = ORIENTED_EDGE('',*,*,#2284,.F.);
#4821 = ORIENTED_EDGE('',*,*,#4822,.F.);
#4822 = EDGE_CURVE('',#4793,#2257,#4823,.T.);
#4823 = SURFACE_CURVE('',#4824,(#4828,#4835),.PCURVE_S1.);
#4824 = LINE('',#4825,#4826);
#4825 = CARTESIAN_POINT('',(15.09906231343,-20.86940764386,
    14.999684915576));
#4826 = VECTOR('',#4827,1.);
#4827 = DIRECTION('',(0.,0.,1.));
#4828 = PCURVE('',#2301,#4829);
#4829 = DEFINITIONAL_REPRESENTATION('',(#4830),#4834);
#4830 = LINE('',#4831,#4832);
#4831 = CARTESIAN_POINT('',(0.,12.));
#4832 = VECTOR('',#4833,1.);
#4833 = DIRECTION('',(0.,1.));
#4834 = ( GEOMETRIC_REPRESENTATION_CONTEXT(2) 
PARAMETRIC_REPRESENTATION_CONTEXT() REPRESENTATION_CONTEXT('2D SPACE',''
  ) );
#4835 = PCURVE('',#2272,#4836);
#4836 = DEFINITIONAL_REPRESENTATION('',(#4837),#4841);
#4837 = LINE('',#4838,#4839);
#4838 = CARTESIAN_POINT('',(27.34006885219,0.));
#4839 = VECTOR('',#4840,1.);
#4840 = DIRECTION('',(0.,1.));
#4841 = ( GEOMETRIC_REPRESENTATION_CONTEXT(2) 
PARAMETRIC_REPRESENTATION_CONTEXT() REPRESENTATION_CONTEXT('2D SPACE',''
  ) );
#4842 = ADVANCED_FACE('',(#4843),#2272,.F.);
#4843 = FACE_BOUND('',#4844,.F.);
#4844 = EDGE_LOOP('',(#4845,#4868,#4869,#4870));
#4845 = ORIENTED_EDGE('',*,*,#4846,.F.);
#4846 = EDGE_CURVE('',#4793,#4847,#4849,.T.);
#4847 = VERTEX_POINT('',#4848);
#4848 = CARTESIAN_POINT('',(19.19906231343,-20.86940764386,
    23.199684915575));
#4849 = SURFACE_CURVE('',#4850,(#4854,#4861),.PCURVE_S1.);
#4850 = LINE('',#4851,#4852);
#4851 = CARTESIAN_POINT('',(28.769096739525,-20.86940764386,
    23.199684915575));
#4852 = VECTOR('',#4853,1.);
#4853 = DIRECTION('',(1.,0.,0.));
#4854 = PCURVE('',#2272,#4855);
#4855 = DEFINITIONAL_REPRESENTATION('',(#4856),#4860);
#4856 = LINE('',#4857,#4858);
#4857 = CARTESIAN_POINT('',(13.670034426095,8.199999999999));
#4858 = VECTOR('',#4859,1.);
#4859 = DIRECTION('',(-1.,0.));
#4860 = ( GEOMETRIC_REPRESENTATION_CONTEXT(2) 
PARAMETRIC_REPRESENTATION_CONTEXT() REPRESENTATION_CONTEXT('2D SPACE',''
  ) );
#4861 = PCURVE('',#4707,#4862);
#4862 = DEFINITIONAL_REPRESENTATION('',(#4863),#4867);
#4863 = LINE('',#4864,#4865);
#4864 = CARTESIAN_POINT('',(9.570034426095,0.95763549021));
#4865 = VECTOR('',#4866,1.);
#4866 = DIRECTION('',(1.,0.));
#4867 = ( GEOMETRIC_REPRESENTATION_CONTEXT(2) 
PARAMETRIC_REPRESENTATION_CONTEXT() REPRESENTATION_CONTEXT('2D SPACE',''
  ) );
#4868 = ORIENTED_EDGE('',*,*,#4822,.T.);
#4869 = ORIENTED_EDGE('',*,*,#2256,.T.);
#4870 = ORIENTED_EDGE('',*,*,#4871,.F.);
#4871 = EDGE_CURVE('',#4847,#2229,#4872,.T.);
#4872 = SURFACE_CURVE('',#4873,(#4877,#4884),.PCURVE_S1.);
#4873 = LINE('',#4874,#4875);
#4874 = CARTESIAN_POINT('',(19.19906231343,-20.86940764386,
    0.999684915576));
#4875 = VECTOR('',#4876,1.);
#4876 = DIRECTION('',(0.,0.,1.));
#4877 = PCURVE('',#2272,#4878);
#4878 = DEFINITIONAL_REPRESENTATION('',(#4879),#4883);
#4879 = LINE('',#4880,#4881);
#4880 = CARTESIAN_POINT('',(23.24006885219,-14.));
#4881 = VECTOR('',#4882,1.);
#4882 = DIRECTION('',(0.,1.));
#4883 = ( GEOMETRIC_REPRESENTATION_CONTEXT(2) 
PARAMETRIC_REPRESENTATION_CONTEXT() REPRESENTATION_CONTEXT('2D SPACE',''
  ) );
#4884 = PCURVE('',#2244,#4885);
#4885 = DEFINITIONAL_REPRESENTATION('',(#4886),#4890);
#4886 = LINE('',#4887,#4888);
#4887 = CARTESIAN_POINT('',(89.855087757093,54.310376760316));
#4888 = VECTOR('',#4889,1.);
#4889 = DIRECTION('',(0.,1.));
#4890 = ( GEOMETRIC_REPRESENTATION_CONTEXT(2) 
PARAMETRIC_REPRESENTATION_CONTEXT() REPRESENTATION_CONTEXT('2D SPACE',''
  ) );
#4891 = ADVANCED_FACE('',(#4892),#2244,.F.);
#4892 = FACE_BOUND('',#4893,.F.);
#4893 = EDGE_LOOP('',(#4894,#4895,#4918,#4946,#4974,#5002,#5025,#5046));
#4894 = ORIENTED_EDGE('',*,*,#2228,.T.);
#4895 = ORIENTED_EDGE('',*,*,#4896,.T.);
#4896 = EDGE_CURVE('',#2201,#4897,#4899,.T.);
#4897 = VERTEX_POINT('',#4898);
#4898 = CARTESIAN_POINT('',(19.19906231343,-20.869,23.2));
#4899 = SURFACE_CURVE('',#4900,(#4904,#4911),.PCURVE_S1.);
#4900 = LINE('',#4901,#4902);
#4901 = CARTESIAN_POINT('',(19.19906231343,-20.869,-15.05534592237));
#4902 = VECTOR('',#4903,1.);
#4903 = DIRECTION('',(0.,0.,-1.));
#4904 = PCURVE('',#2244,#4905);
#4905 = DEFINITIONAL_REPRESENTATION('',(#4906),#4910);
#4906 = LINE('',#4907,#4908);
#4907 = CARTESIAN_POINT('',(89.854680113233,38.25534592237));
#4908 = VECTOR('',#4909,1.);
#4909 = DIRECTION('',(0.,-1.));
#4910 = ( GEOMETRIC_REPRESENTATION_CONTEXT(2) 
PARAMETRIC_REPRESENTATION_CONTEXT() REPRESENTATION_CONTEXT('2D SPACE',''
  ) );
#4911 = PCURVE('',#2216,#4912);
#4912 = DEFINITIONAL_REPRESENTATION('',(#4913),#4917);
#4913 = LINE('',#4914,#4915);
#4914 = CARTESIAN_POINT('',(-38.25534592237,1.19906231343));
#4915 = VECTOR('',#4916,1.);
#4916 = DIRECTION('',(-1.,0.));
#4917 = ( GEOMETRIC_REPRESENTATION_CONTEXT(2) 
PARAMETRIC_REPRESENTATION_CONTEXT() REPRESENTATION_CONTEXT('2D SPACE',''
  ) );
#4918 = ORIENTED_EDGE('',*,*,#4919,.T.);
#4919 = EDGE_CURVE('',#4897,#4920,#4922,.T.);
#4920 = VERTEX_POINT('',#4921);
#4921 = CARTESIAN_POINT('',(19.19906231343,-10.717,23.2));
#4922 = SURFACE_CURVE('',#4923,(#4927,#4934),.PCURVE_S1.);
#4923 = LINE('',#4924,#4925);
#4924 = CARTESIAN_POINT('',(19.19906231343,24.058340056617,23.2));
#4925 = VECTOR('',#4926,1.);
#4926 = DIRECTION('',(0.,1.,-0.));
#4927 = PCURVE('',#2244,#4928);
#4928 = DEFINITIONAL_REPRESENTATION('',(#4929),#4933);
#4929 = LINE('',#4930,#4931);
#4930 = CARTESIAN_POINT('',(44.927340056616,76.51069184474));
#4931 = VECTOR('',#4932,1.);
#4932 = DIRECTION('',(-1.,0.));
#4933 = ( GEOMETRIC_REPRESENTATION_CONTEXT(2) 
PARAMETRIC_REPRESENTATION_CONTEXT() REPRESENTATION_CONTEXT('2D SPACE',''
  ) );
#4934 = PCURVE('',#4935,#4940);
#4935 = PLANE('',#4936);
#4936 = AXIS2_PLACEMENT_3D('',#4937,#4938,#4939);
#4937 = CARTESIAN_POINT('',(18.,-20.869,23.2));
#4938 = DIRECTION('',(0.,0.,1.));
#4939 = DIRECTION('',(1.,0.,-0.));
#4940 = DEFINITIONAL_REPRESENTATION('',(#4941),#4945);
#4941 = LINE('',#4942,#4943);
#4942 = CARTESIAN_POINT('',(1.19906231343,44.927340056617));
#4943 = VECTOR('',#4944,1.);
#4944 = DIRECTION('',(0.,1.));
#4945 = ( GEOMETRIC_REPRESENTATION_CONTEXT(2) 
PARAMETRIC_REPRESENTATION_CONTEXT() REPRESENTATION_CONTEXT('2D SPACE',''
  ) );
#4946 = ORIENTED_EDGE('',*,*,#4947,.T.);
#4947 = EDGE_CURVE('',#4920,#4948,#4950,.T.);
#4948 = VERTEX_POINT('',#4949);
#4949 = CARTESIAN_POINT('',(19.19906231343,-10.717,2.8));
#4950 = SURFACE_CURVE('',#4951,(#4955,#4962),.PCURVE_S1.);
#4951 = LINE('',#4952,#4953);
#4952 = CARTESIAN_POINT('',(19.19906231343,-10.717,-25.30534592237));
#4953 = VECTOR('',#4954,1.);
#4954 = DIRECTION('',(0.,0.,-1.));
#4955 = PCURVE('',#2244,#4956);
#4956 = DEFINITIONAL_REPRESENTATION('',(#4957),#4961);
#4957 = LINE('',#4958,#4959);
#4958 = CARTESIAN_POINT('',(79.702680113233,28.00534592237));
#4959 = VECTOR('',#4960,1.);
#4960 = DIRECTION('',(0.,-1.));
#4961 = ( GEOMETRIC_REPRESENTATION_CONTEXT(2) 
PARAMETRIC_REPRESENTATION_CONTEXT() REPRESENTATION_CONTEXT('2D SPACE',''
  ) );
#4962 = PCURVE('',#4963,#4968);
#4963 = PLANE('',#4964);
#4964 = AXIS2_PLACEMENT_3D('',#4965,#4966,#4967);
#4965 = CARTESIAN_POINT('',(18.,-10.717,2.7));
#4966 = DIRECTION('',(-0.,1.,0.));
#4967 = DIRECTION('',(0.,0.,1.));
#4968 = DEFINITIONAL_REPRESENTATION('',(#4969),#4973);
#4969 = LINE('',#4970,#4971);
#4970 = CARTESIAN_POINT('',(-28.00534592237,1.19906231343));
#4971 = VECTOR('',#4972,1.);
#4972 = DIRECTION('',(-1.,0.));
#4973 = ( GEOMETRIC_REPRESENTATION_CONTEXT(2) 
PARAMETRIC_REPRESENTATION_CONTEXT() REPRESENTATION_CONTEXT('2D SPACE',''
  ) );
#4974 = ORIENTED_EDGE('',*,*,#4975,.F.);
#4975 = EDGE_CURVE('',#4976,#4948,#4978,.T.);
#4976 = VERTEX_POINT('',#4977);
#4977 = CARTESIAN_POINT('',(19.19906231343,-10.71714881219,2.8));
#4978 = SURFACE_CURVE('',#4979,(#4983,#4990),.PCURVE_S1.);
#4979 = LINE('',#4980,#4981);
#4980 = CARTESIAN_POINT('',(19.19906231343,24.058340056617,2.8));
#4981 = VECTOR('',#4982,1.);
#4982 = DIRECTION('',(0.,1.,-0.));
#4983 = PCURVE('',#2244,#4984);
#4984 = DEFINITIONAL_REPRESENTATION('',(#4985),#4989);
#4985 = LINE('',#4986,#4987);
#4986 = CARTESIAN_POINT('',(44.927340056616,56.11069184474));
#4987 = VECTOR('',#4988,1.);
#4988 = DIRECTION('',(-1.,0.));
#4989 = ( GEOMETRIC_REPRESENTATION_CONTEXT(2) 
PARAMETRIC_REPRESENTATION_CONTEXT() REPRESENTATION_CONTEXT('2D SPACE',''
  ) );
#4990 = PCURVE('',#4991,#4996);
#4991 = PLANE('',#4992);
#4992 = AXIS2_PLACEMENT_3D('',#4993,#4994,#4995);
#4993 = CARTESIAN_POINT('',(18.,-20.869,2.8));
#4994 = DIRECTION('',(0.,0.,1.));
#4995 = DIRECTION('',(1.,0.,-0.));
#4996 = DEFINITIONAL_REPRESENTATION('',(#4997),#5001);
#4997 = LINE('',#4998,#4999);
#4998 = CARTESIAN_POINT('',(1.19906231343,44.927340056617));
#4999 = VECTOR('',#5000,1.);
#5000 = DIRECTION('',(0.,1.));
#5001 = ( GEOMETRIC_REPRESENTATION_CONTEXT(2) 
PARAMETRIC_REPRESENTATION_CONTEXT() REPRESENTATION_CONTEXT('2D SPACE',''
  ) );
#5002 = ORIENTED_EDGE('',*,*,#5003,.F.);
#5003 = EDGE_CURVE('',#5004,#4976,#5006,.T.);
#5004 = VERTEX_POINT('',#5005);
#5005 = CARTESIAN_POINT('',(19.19906231343,-10.71714881219,
    23.199684915575));
#5006 = SURFACE_CURVE('',#5007,(#5011,#5018),.PCURVE_S1.);
#5007 = LINE('',#5008,#5009);
#5008 = CARTESIAN_POINT('',(19.19906231343,-10.71714881219,
    -25.25550346458));
#5009 = VECTOR('',#5010,1.);
#5010 = DIRECTION('',(0.,0.,-1.));
#5011 = PCURVE('',#2244,#5012);
#5012 = DEFINITIONAL_REPRESENTATION('',(#5013),#5017);
#5013 = LINE('',#5014,#5015);
#5014 = CARTESIAN_POINT('',(79.702828925423,28.05518838016));
#5015 = VECTOR('',#5016,1.);
#5016 = DIRECTION('',(0.,-1.));
#5017 = ( GEOMETRIC_REPRESENTATION_CONTEXT(2) 
PARAMETRIC_REPRESENTATION_CONTEXT() REPRESENTATION_CONTEXT('2D SPACE',''
  ) );
#5018 = PCURVE('',#4679,#5019);
#5019 = DEFINITIONAL_REPRESENTATION('',(#5020),#5024);
#5020 = LINE('',#5021,#5022);
#5021 = CARTESIAN_POINT('',(-4.1,-40.25518838015));
#5022 = VECTOR('',#5023,1.);
#5023 = DIRECTION('',(0.,-1.));
#5024 = ( GEOMETRIC_REPRESENTATION_CONTEXT(2) 
PARAMETRIC_REPRESENTATION_CONTEXT() REPRESENTATION_CONTEXT('2D SPACE',''
  ) );
#5025 = ORIENTED_EDGE('',*,*,#5026,.F.);
#5026 = EDGE_CURVE('',#4847,#5004,#5027,.T.);
#5027 = SURFACE_CURVE('',#5028,(#5032,#5039),.PCURVE_S1.);
#5028 = LINE('',#5029,#5030);
#5029 = CARTESIAN_POINT('',(19.19906231343,29.134265650518,
    23.199684915575));
#5030 = VECTOR('',#5031,1.);
#5031 = DIRECTION('',(0.,1.,0.));
#5032 = PCURVE('',#2244,#5033);
#5033 = DEFINITIONAL_REPRESENTATION('',(#5034),#5038);
#5034 = LINE('',#5035,#5036);
#5035 = CARTESIAN_POINT('',(39.851414462715,76.510376760315));
#5036 = VECTOR('',#5037,1.);
#5037 = DIRECTION('',(-1.,0.));
#5038 = ( GEOMETRIC_REPRESENTATION_CONTEXT(2) 
PARAMETRIC_REPRESENTATION_CONTEXT() REPRESENTATION_CONTEXT('2D SPACE',''
  ) );
#5039 = PCURVE('',#4707,#5040);
#5040 = DEFINITIONAL_REPRESENTATION('',(#5041),#5045);
#5041 = LINE('',#5042,#5043);
#5042 = CARTESIAN_POINT('',(0.,50.961308784588));
#5043 = VECTOR('',#5044,1.);
#5044 = DIRECTION('',(0.,1.));
#5045 = ( GEOMETRIC_REPRESENTATION_CONTEXT(2) 
PARAMETRIC_REPRESENTATION_CONTEXT() REPRESENTATION_CONTEXT('2D SPACE',''
  ) );
#5046 = ORIENTED_EDGE('',*,*,#4871,.T.);
#5047 = ADVANCED_FACE('',(#5048),#2216,.F.);
#5048 = FACE_BOUND('',#5049,.F.);
#5049 = EDGE_LOOP('',(#5050,#5073,#5074,#5075));
#5050 = ORIENTED_EDGE('',*,*,#5051,.F.);
#5051 = EDGE_CURVE('',#4897,#5052,#5054,.T.);
#5052 = VERTEX_POINT('',#5053);
#5053 = CARTESIAN_POINT('',(31.05,-20.869,23.2));
#5054 = SURFACE_CURVE('',#5055,(#5059,#5066),.PCURVE_S1.);
#5055 = LINE('',#5056,#5057);
#5056 = CARTESIAN_POINT('',(18.,-20.869,23.2));
#5057 = VECTOR('',#5058,1.);
#5058 = DIRECTION('',(1.,0.,-0.));
#5059 = PCURVE('',#2216,#5060);
#5060 = DEFINITIONAL_REPRESENTATION('',(#5061),#5065);
#5061 = LINE('',#5062,#5063);
#5062 = CARTESIAN_POINT('',(0.,0.));
#5063 = VECTOR('',#5064,1.);
#5064 = DIRECTION('',(0.,1.));
#5065 = ( GEOMETRIC_REPRESENTATION_CONTEXT(2) 
PARAMETRIC_REPRESENTATION_CONTEXT() REPRESENTATION_CONTEXT('2D SPACE',''
  ) );
#5066 = PCURVE('',#4935,#5067);
#5067 = DEFINITIONAL_REPRESENTATION('',(#5068),#5072);
#5068 = LINE('',#5069,#5070);
#5069 = CARTESIAN_POINT('',(0.,0.));
#5070 = VECTOR('',#5071,1.);
#5071 = DIRECTION('',(1.,0.));
#5072 = ( GEOMETRIC_REPRESENTATION_CONTEXT(2) 
PARAMETRIC_REPRESENTATION_CONTEXT() REPRESENTATION_CONTEXT('2D SPACE',''
  ) );
#5073 = ORIENTED_EDGE('',*,*,#4896,.F.);
#5074 = ORIENTED_EDGE('',*,*,#2200,.F.);
#5075 = ORIENTED_EDGE('',*,*,#5076,.F.);
#5076 = EDGE_CURVE('',#5052,#2174,#5077,.T.);
#5077 = SURFACE_CURVE('',#5078,(#5082,#5089),.PCURVE_S1.);
#5078 = LINE('',#5079,#5080);
#5079 = CARTESIAN_POINT('',(31.05,-20.869,23.2));
#5080 = VECTOR('',#5081,1.);
#5081 = DIRECTION('',(0.,0.,1.));
#5082 = PCURVE('',#2216,#5083);
#5083 = DEFINITIONAL_REPRESENTATION('',(#5084),#5088);
#5084 = LINE('',#5085,#5086);
#5085 = CARTESIAN_POINT('',(0.,13.05));
#5086 = VECTOR('',#5087,1.);
#5087 = DIRECTION('',(1.,0.));
#5088 = ( GEOMETRIC_REPRESENTATION_CONTEXT(2) 
PARAMETRIC_REPRESENTATION_CONTEXT() REPRESENTATION_CONTEXT('2D SPACE',''
  ) );
#5089 = PCURVE('',#2189,#5090);
#5090 = DEFINITIONAL_REPRESENTATION('',(#5091),#5095);
#5091 = LINE('',#5092,#5093);
#5092 = CARTESIAN_POINT('',(0.,0.));
#5093 = VECTOR('',#5094,1.);
#5094 = DIRECTION('',(1.,0.));
#5095 = ( GEOMETRIC_REPRESENTATION_CONTEXT(2) 
PARAMETRIC_REPRESENTATION_CONTEXT() REPRESENTATION_CONTEXT('2D SPACE',''
  ) );
#5096 = ADVANCED_FACE('',(#5097),#2189,.T.);
#5097 = FACE_BOUND('',#5098,.T.);
#5098 = EDGE_LOOP('',(#5099,#5100,#5123,#5146,#5169,#5197,#5218,#5219));
#5099 = ORIENTED_EDGE('',*,*,#5076,.F.);
#5100 = ORIENTED_EDGE('',*,*,#5101,.T.);
#5101 = EDGE_CURVE('',#5052,#5102,#5104,.T.);
#5102 = VERTEX_POINT('',#5103);
#5103 = CARTESIAN_POINT('',(31.05,-10.717,23.2));
#5104 = SURFACE_CURVE('',#5105,(#5109,#5116),.PCURVE_S1.);
#5105 = LINE('',#5106,#5107);
#5106 = CARTESIAN_POINT('',(31.05,-20.869,23.2));
#5107 = VECTOR('',#5108,1.);
#5108 = DIRECTION('',(-0.,1.,0.));
#5109 = PCURVE('',#2189,#5110);
#5110 = DEFINITIONAL_REPRESENTATION('',(#5111),#5115);
#5111 = LINE('',#5112,#5113);
#5112 = CARTESIAN_POINT('',(0.,0.));
#5113 = VECTOR('',#5114,1.);
#5114 = DIRECTION('',(0.,-1.));
#5115 = ( GEOMETRIC_REPRESENTATION_CONTEXT(2) 
PARAMETRIC_REPRESENTATION_CONTEXT() REPRESENTATION_CONTEXT('2D SPACE',''
  ) );
#5116 = PCURVE('',#4935,#5117);
#5117 = DEFINITIONAL_REPRESENTATION('',(#5118),#5122);
#5118 = LINE('',#5119,#5120);
#5119 = CARTESIAN_POINT('',(13.05,0.));
#5120 = VECTOR('',#5121,1.);
#5121 = DIRECTION('',(0.,1.));
#5122 = ( GEOMETRIC_REPRESENTATION_CONTEXT(2) 
PARAMETRIC_REPRESENTATION_CONTEXT() REPRESENTATION_CONTEXT('2D SPACE',''
  ) );
#5123 = ORIENTED_EDGE('',*,*,#5124,.F.);
#5124 = EDGE_CURVE('',#5125,#5102,#5127,.T.);
#5125 = VERTEX_POINT('',#5126);
#5126 = CARTESIAN_POINT('',(31.05,-10.717,2.8));
#5127 = SURFACE_CURVE('',#5128,(#5132,#5139),.PCURVE_S1.);
#5128 = LINE('',#5129,#5130);
#5129 = CARTESIAN_POINT('',(31.05,-10.717,2.7));
#5130 = VECTOR('',#5131,1.);
#5131 = DIRECTION('',(0.,0.,1.));
#5132 = PCURVE('',#2189,#5133);
#5133 = DEFINITIONAL_REPRESENTATION('',(#5134),#5138);
#5134 = LINE('',#5135,#5136);
#5135 = CARTESIAN_POINT('',(-20.5,-10.152));
#5136 = VECTOR('',#5137,1.);
#5137 = DIRECTION('',(1.,0.));
#5138 = ( GEOMETRIC_REPRESENTATION_CONTEXT(2) 
PARAMETRIC_REPRESENTATION_CONTEXT() REPRESENTATION_CONTEXT('2D SPACE',''
  ) );
#5139 = PCURVE('',#4963,#5140);
#5140 = DEFINITIONAL_REPRESENTATION('',(#5141),#5145);
#5141 = LINE('',#5142,#5143);
#5142 = CARTESIAN_POINT('',(0.,13.05));
#5143 = VECTOR('',#5144,1.);
#5144 = DIRECTION('',(1.,0.));
#5145 = ( GEOMETRIC_REPRESENTATION_CONTEXT(2) 
PARAMETRIC_REPRESENTATION_CONTEXT() REPRESENTATION_CONTEXT('2D SPACE',''
  ) );
#5146 = ORIENTED_EDGE('',*,*,#5147,.F.);
#5147 = EDGE_CURVE('',#5148,#5125,#5150,.T.);
#5148 = VERTEX_POINT('',#5149);
#5149 = CARTESIAN_POINT('',(31.05,-20.869,2.8));
#5150 = SURFACE_CURVE('',#5151,(#5155,#5162),.PCURVE_S1.);
#5151 = LINE('',#5152,#5153);
#5152 = CARTESIAN_POINT('',(31.05,-20.869,2.8));
#5153 = VECTOR('',#5154,1.);
#5154 = DIRECTION('',(-0.,1.,0.));
#5155 = PCURVE('',#2189,#5156);
#5156 = DEFINITIONAL_REPRESENTATION('',(#5157),#5161);
#5157 = LINE('',#5158,#5159);
#5158 = CARTESIAN_POINT('',(-20.4,0.));
#5159 = VECTOR('',#5160,1.);
#5160 = DIRECTION('',(0.,-1.));
#5161 = ( GEOMETRIC_REPRESENTATION_CONTEXT(2) 
PARAMETRIC_REPRESENTATION_CONTEXT() REPRESENTATION_CONTEXT('2D SPACE',''
  ) );
#5162 = PCURVE('',#4991,#5163);
#5163 = DEFINITIONAL_REPRESENTATION('',(#5164),#5168);
#5164 = LINE('',#5165,#5166);
#5165 = CARTESIAN_POINT('',(13.05,0.));
#5166 = VECTOR('',#5167,1.);
#5167 = DIRECTION('',(0.,1.));
#5168 = ( GEOMETRIC_REPRESENTATION_CONTEXT(2) 
PARAMETRIC_REPRESENTATION_CONTEXT() REPRESENTATION_CONTEXT('2D SPACE',''
  ) );
#5169 = ORIENTED_EDGE('',*,*,#5170,.F.);
#5170 = EDGE_CURVE('',#5171,#5148,#5173,.T.);
#5171 = VERTEX_POINT('',#5172);
#5172 = CARTESIAN_POINT('',(31.05,-20.869,0.));
#5173 = SURFACE_CURVE('',#5174,(#5178,#5185),.PCURVE_S1.);
#5174 = LINE('',#5175,#5176);
#5175 = CARTESIAN_POINT('',(31.05,-20.869,0.));
#5176 = VECTOR('',#5177,1.);
#5177 = DIRECTION('',(0.,0.,1.));
#5178 = PCURVE('',#2189,#5179);
#5179 = DEFINITIONAL_REPRESENTATION('',(#5180),#5184);
#5180 = LINE('',#5181,#5182);
#5181 = CARTESIAN_POINT('',(-23.2,0.));
#5182 = VECTOR('',#5183,1.);
#5183 = DIRECTION('',(1.,0.));
#5184 = ( GEOMETRIC_REPRESENTATION_CONTEXT(2) 
PARAMETRIC_REPRESENTATION_CONTEXT() REPRESENTATION_CONTEXT('2D SPACE',''
  ) );
#5185 = PCURVE('',#5186,#5191);
#5186 = PLANE('',#5187);
#5187 = AXIS2_PLACEMENT_3D('',#5188,#5189,#5190);
#5188 = CARTESIAN_POINT('',(18.,-20.869,0.));
#5189 = DIRECTION('',(-0.,1.,0.));
#5190 = DIRECTION('',(0.,0.,1.));
#5191 = DEFINITIONAL_REPRESENTATION('',(#5192),#5196);
#5192 = LINE('',#5193,#5194);
#5193 = CARTESIAN_POINT('',(0.,13.05));
#5194 = VECTOR('',#5195,1.);
#5195 = DIRECTION('',(1.,0.));
#5196 = ( GEOMETRIC_REPRESENTATION_CONTEXT(2) 
PARAMETRIC_REPRESENTATION_CONTEXT() REPRESENTATION_CONTEXT('2D SPACE',''
  ) );
#5197 = ORIENTED_EDGE('',*,*,#5198,.T.);
#5198 = EDGE_CURVE('',#5171,#3915,#5199,.T.);
#5199 = SURFACE_CURVE('',#5200,(#5204,#5211),.PCURVE_S1.);
#5200 = LINE('',#5201,#5202);
#5201 = CARTESIAN_POINT('',(31.05,-20.869,0.));
#5202 = VECTOR('',#5203,1.);
#5203 = DIRECTION('',(-0.,1.,0.));
#5204 = PCURVE('',#2189,#5205);
#5205 = DEFINITIONAL_REPRESENTATION('',(#5206),#5210);
#5206 = LINE('',#5207,#5208);
#5207 = CARTESIAN_POINT('',(-23.2,0.));
#5208 = VECTOR('',#5209,1.);
#5209 = DIRECTION('',(0.,-1.));
#5210 = ( GEOMETRIC_REPRESENTATION_CONTEXT(2) 
PARAMETRIC_REPRESENTATION_CONTEXT() REPRESENTATION_CONTEXT('2D SPACE',''
  ) );
#5211 = PCURVE('',#3953,#5212);
#5212 = DEFINITIONAL_REPRESENTATION('',(#5213),#5217);
#5213 = LINE('',#5214,#5215);
#5214 = CARTESIAN_POINT('',(13.05,0.));
#5215 = VECTOR('',#5216,1.);
#5216 = DIRECTION('',(0.,1.));
#5217 = ( GEOMETRIC_REPRESENTATION_CONTEXT(2) 
PARAMETRIC_REPRESENTATION_CONTEXT() REPRESENTATION_CONTEXT('2D SPACE',''
  ) );
#5218 = ORIENTED_EDGE('',*,*,#3914,.F.);
#5219 = ORIENTED_EDGE('',*,*,#2173,.T.);
#5220 = ADVANCED_FACE('',(#5221),#1484,.T.);
#5221 = FACE_BOUND('',#5222,.T.);
#5222 = EDGE_LOOP('',(#5223,#5245,#5271,#5272,#5300,#5320,#5321,#5341,
    #5342,#5362,#5363,#5383));
#5223 = ORIENTED_EDGE('',*,*,#5224,.F.);
#5224 = EDGE_CURVE('',#5225,#1930,#5227,.T.);
#5225 = VERTEX_POINT('',#5226);
#5226 = CARTESIAN_POINT('',(18.,-5.017569039703,25.6));
#5227 = SURFACE_CURVE('',#5228,(#5232,#5238),.PCURVE_S1.);
#5228 = LINE('',#5229,#5230);
#5229 = CARTESIAN_POINT('',(19.19906231343,-5.017569039703,25.6));
#5230 = VECTOR('',#5231,1.);
#5231 = DIRECTION('',(-1.,0.,0.));
#5232 = PCURVE('',#1484,#5233);
#5233 = DEFINITIONAL_REPRESENTATION('',(#5234),#5237);
#5234 = B_SPLINE_CURVE_WITH_KNOTS('',1,(#5235,#5236),.UNSPECIFIED.,.F.,
  .F.,(2,2),(-5.999999999062E-07,38.39854507587),
  .PIECEWISE_BEZIER_KNOTS.);
#5235 = CARTESIAN_POINT('',(-0.142159670939,-5.999999999062E-07));
#5236 = CARTESIAN_POINT('',(-0.142159670939,38.39854507587));
#5237 = ( GEOMETRIC_REPRESENTATION_CONTEXT(2) 
PARAMETRIC_REPRESENTATION_CONTEXT() REPRESENTATION_CONTEXT('2D SPACE',''
  ) );
#5238 = PCURVE('',#3562,#5239);
#5239 = DEFINITIONAL_REPRESENTATION('',(#5240),#5244);
#5240 = LINE('',#5241,#5242);
#5241 = CARTESIAN_POINT('',(-1.19906231343,-8.017569039703));
#5242 = VECTOR('',#5243,1.);
#5243 = DIRECTION('',(1.,0.));
#5244 = ( GEOMETRIC_REPRESENTATION_CONTEXT(2) 
PARAMETRIC_REPRESENTATION_CONTEXT() REPRESENTATION_CONTEXT('2D SPACE',''
  ) );
#5245 = ORIENTED_EDGE('',*,*,#5246,.T.);
#5246 = EDGE_CURVE('',#5225,#4285,#5247,.T.);
#5247 = SURFACE_CURVE('',#5248,(#5253,#5260),.PCURVE_S1.);
#5248 = CIRCLE('',#5249,2.);
#5249 = AXIS2_PLACEMENT_3D('',#5250,#5251,#5252);
#5250 = CARTESIAN_POINT('',(18.,-6.217148812192,23.999684915575));
#5251 = DIRECTION('',(-1.,0.,0.));
#5252 = DIRECTION('',(0.,0.707106781187,0.707106781187));
#5253 = PCURVE('',#1484,#5254);
#5254 = DEFINITIONAL_REPRESENTATION('',(#5255),#5259);
#5255 = LINE('',#5256,#5257);
#5256 = CARTESIAN_POINT('',(-6.28318530718,1.19906231343));
#5257 = VECTOR('',#5258,1.);
#5258 = DIRECTION('',(1.,0.));
#5259 = ( GEOMETRIC_REPRESENTATION_CONTEXT(2) 
PARAMETRIC_REPRESENTATION_CONTEXT() REPRESENTATION_CONTEXT('2D SPACE',''
  ) );
#5260 = PCURVE('',#4323,#5261);
#5261 = DEFINITIONAL_REPRESENTATION('',(#5262),#5270);
#5262 = ( BOUNDED_CURVE() B_SPLINE_CURVE(2,(#5263,#5264,#5265,#5266,
#5267,#5268,#5269),.UNSPECIFIED.,.T.,.F.) B_SPLINE_CURVE_WITH_KNOTS((1,2
    ,2,2,2,1),(-2.094395102393,0.,2.094395102393,4.188790204786,
6.28318530718,8.377580409573),.UNSPECIFIED.) CURVE() 
GEOMETRIC_REPRESENTATION_ITEM() RATIONAL_B_SPLINE_CURVE((1.,0.5,1.,0.5,
1.,0.5,1.)) REPRESENTATION_ITEM('') );
#5263 = CARTESIAN_POINT('',(2.213898477948,-16.06606475018));
#5264 = CARTESIAN_POINT('',(-0.235591264835,-18.51555449296));
#5265 = CARTESIAN_POINT('',(-1.132166737003,-15.16948927801));
#5266 = CARTESIAN_POINT('',(-2.028742209171,-11.82342406306));
#5267 = CARTESIAN_POINT('',(1.31732300578,-12.71999953523));
#5268 = CARTESIAN_POINT('',(4.663388220731,-13.61657500739));
#5269 = CARTESIAN_POINT('',(2.213898477948,-16.06606475018));
#5270 = ( GEOMETRIC_REPRESENTATION_CONTEXT(2) 
PARAMETRIC_REPRESENTATION_CONTEXT() REPRESENTATION_CONTEXT('2D SPACE',''
  ) );
#5271 = ORIENTED_EDGE('',*,*,#4284,.T.);
#5272 = ORIENTED_EDGE('',*,*,#5273,.F.);
#5273 = EDGE_CURVE('',#5274,#4257,#5276,.T.);
#5274 = VERTEX_POINT('',#5275);
#5275 = CARTESIAN_POINT('',(-18.,-5.017569039703,25.6));
#5276 = SURFACE_CURVE('',#5277,(#5282,#5289),.PCURVE_S1.);
#5277 = CIRCLE('',#5278,2.);
#5278 = AXIS2_PLACEMENT_3D('',#5279,#5280,#5281);
#5279 = CARTESIAN_POINT('',(-18.,-6.217148812192,23.999684915575));
#5280 = DIRECTION('',(-1.,0.,0.));
#5281 = DIRECTION('',(0.,0.707106781187,0.707106781187));
#5282 = PCURVE('',#1484,#5283);
#5283 = DEFINITIONAL_REPRESENTATION('',(#5284),#5288);
#5284 = LINE('',#5285,#5286);
#5285 = CARTESIAN_POINT('',(-6.28318530718,37.19906231343));
#5286 = VECTOR('',#5287,1.);
#5287 = DIRECTION('',(1.,0.));
#5288 = ( GEOMETRIC_REPRESENTATION_CONTEXT(2) 
PARAMETRIC_REPRESENTATION_CONTEXT() REPRESENTATION_CONTEXT('2D SPACE',''
  ) );
#5289 = PCURVE('',#4272,#5290);
#5290 = DEFINITIONAL_REPRESENTATION('',(#5291),#5299);
#5291 = ( BOUNDED_CURVE() B_SPLINE_CURVE(2,(#5292,#5293,#5294,#5295,
#5296,#5297,#5298),.UNSPECIFIED.,.T.,.F.) B_SPLINE_CURVE_WITH_KNOTS((1,2
    ,2,2,2,1),(-2.094395102393,0.,2.094395102393,4.188790204786,
6.28318530718,8.377580409573),.UNSPECIFIED.) CURVE() 
GEOMETRIC_REPRESENTATION_ITEM() RATIONAL_B_SPLINE_CURVE((1.,0.5,1.,0.5,
1.,0.5,1.)) REPRESENTATION_ITEM('') );
#5292 = CARTESIAN_POINT('',(2.213898477948,-16.06606475018));
#5293 = CARTESIAN_POINT('',(-0.235591264835,-18.51555449296));
#5294 = CARTESIAN_POINT('',(-1.132166737003,-15.16948927801));
#5295 = CARTESIAN_POINT('',(-2.028742209171,-11.82342406306));
#5296 = CARTESIAN_POINT('',(1.31732300578,-12.71999953523));
#5297 = CARTESIAN_POINT('',(4.663388220731,-13.61657500739));
#5298 = CARTESIAN_POINT('',(2.213898477948,-16.06606475018));
#5299 = ( GEOMETRIC_REPRESENTATION_CONTEXT(2) 
PARAMETRIC_REPRESENTATION_CONTEXT() REPRESENTATION_CONTEXT('2D SPACE',''
  ) );
#5300 = ORIENTED_EDGE('',*,*,#5301,.F.);
#5301 = EDGE_CURVE('',#1441,#5274,#5302,.T.);
#5302 = SURFACE_CURVE('',#5303,(#5307,#5313),.PCURVE_S1.);
#5303 = LINE('',#5304,#5305);
#5304 = CARTESIAN_POINT('',(19.19906231343,-5.017569039703,25.6));
#5305 = VECTOR('',#5306,1.);
#5306 = DIRECTION('',(-1.,0.,0.));
#5307 = PCURVE('',#1484,#5308);
#5308 = DEFINITIONAL_REPRESENTATION('',(#5309),#5312);
#5309 = B_SPLINE_CURVE_WITH_KNOTS('',1,(#5310,#5311),.UNSPECIFIED.,.F.,
  .F.,(2,2),(-5.999999999062E-07,38.39854507587),
  .PIECEWISE_BEZIER_KNOTS.);
#5310 = CARTESIAN_POINT('',(-0.142159670939,-5.999999999062E-07));
#5311 = CARTESIAN_POINT('',(-0.142159670939,38.39854507587));
#5312 = ( GEOMETRIC_REPRESENTATION_CONTEXT(2) 
PARAMETRIC_REPRESENTATION_CONTEXT() REPRESENTATION_CONTEXT('2D SPACE',''
  ) );
#5313 = PCURVE('',#2921,#5314);
#5314 = DEFINITIONAL_REPRESENTATION('',(#5315),#5319);
#5315 = LINE('',#5316,#5317);
#5316 = CARTESIAN_POINT('',(-37.19906231343,-8.017569039703));
#5317 = VECTOR('',#5318,1.);
#5318 = DIRECTION('',(1.,0.));
#5319 = ( GEOMETRIC_REPRESENTATION_CONTEXT(2) 
PARAMETRIC_REPRESENTATION_CONTEXT() REPRESENTATION_CONTEXT('2D SPACE',''
  ) );
#5320 = ORIENTED_EDGE('',*,*,#1468,.F.);
#5321 = ORIENTED_EDGE('',*,*,#5322,.F.);
#5322 = EDGE_CURVE('',#1598,#1469,#5323,.T.);
#5323 = SURFACE_CURVE('',#5324,(#5328,#5334),.PCURVE_S1.);
#5324 = LINE('',#5325,#5326);
#5325 = CARTESIAN_POINT('',(19.19906231343,-5.017569039703,25.6));
#5326 = VECTOR('',#5327,1.);
#5327 = DIRECTION('',(-1.,0.,0.));
#5328 = PCURVE('',#1484,#5329);
#5329 = DEFINITIONAL_REPRESENTATION('',(#5330),#5333);
#5330 = B_SPLINE_CURVE_WITH_KNOTS('',1,(#5331,#5332),.UNSPECIFIED.,.F.,
  .F.,(2,2),(-5.999999999062E-07,38.39854507587),
  .PIECEWISE_BEZIER_KNOTS.);
#5331 = CARTESIAN_POINT('',(-0.142159670939,-5.999999999062E-07));
#5332 = CARTESIAN_POINT('',(-0.142159670939,38.39854507587));
#5333 = ( GEOMETRIC_REPRESENTATION_CONTEXT(2) 
PARAMETRIC_REPRESENTATION_CONTEXT() REPRESENTATION_CONTEXT('2D SPACE',''
  ) );
#5334 = PCURVE('',#3177,#5335);
#5335 = DEFINITIONAL_REPRESENTATION('',(#5336),#5340);
#5336 = LINE('',#5337,#5338);
#5337 = CARTESIAN_POINT('',(-28.19906231343,-8.017569039703));
#5338 = VECTOR('',#5339,1.);
#5339 = DIRECTION('',(1.,0.));
#5340 = ( GEOMETRIC_REPRESENTATION_CONTEXT(2) 
PARAMETRIC_REPRESENTATION_CONTEXT() REPRESENTATION_CONTEXT('2D SPACE',''
  ) );
#5341 = ORIENTED_EDGE('',*,*,#1625,.F.);
#5342 = ORIENTED_EDGE('',*,*,#5343,.F.);
#5343 = EDGE_CURVE('',#1750,#1626,#5344,.T.);
#5344 = SURFACE_CURVE('',#5345,(#5349,#5355),.PCURVE_S1.);
#5345 = LINE('',#5346,#5347);
#5346 = CARTESIAN_POINT('',(19.19906231343,-5.017569039703,25.6));
#5347 = VECTOR('',#5348,1.);
#5348 = DIRECTION('',(-1.,0.,0.));
#5349 = PCURVE('',#1484,#5350);
#5350 = DEFINITIONAL_REPRESENTATION('',(#5351),#5354);
#5351 = B_SPLINE_CURVE_WITH_KNOTS('',1,(#5352,#5353),.UNSPECIFIED.,.F.,
  .F.,(2,2),(-5.999999999062E-07,38.39854507587),
  .PIECEWISE_BEZIER_KNOTS.);
#5352 = CARTESIAN_POINT('',(-0.142159670939,-5.999999999062E-07));
#5353 = CARTESIAN_POINT('',(-0.142159670939,38.39854507587));
#5354 = ( GEOMETRIC_REPRESENTATION_CONTEXT(2) 
PARAMETRIC_REPRESENTATION_CONTEXT() REPRESENTATION_CONTEXT('2D SPACE',''
  ) );
#5355 = PCURVE('',#3313,#5356);
#5356 = DEFINITIONAL_REPRESENTATION('',(#5357),#5361);
#5357 = LINE('',#5358,#5359);
#5358 = CARTESIAN_POINT('',(-19.19906231343,-8.017569039703));
#5359 = VECTOR('',#5360,1.);
#5360 = DIRECTION('',(1.,0.));
#5361 = ( GEOMETRIC_REPRESENTATION_CONTEXT(2) 
PARAMETRIC_REPRESENTATION_CONTEXT() REPRESENTATION_CONTEXT('2D SPACE',''
  ) );
#5362 = ORIENTED_EDGE('',*,*,#1777,.F.);
#5363 = ORIENTED_EDGE('',*,*,#5364,.F.);
#5364 = EDGE_CURVE('',#1902,#1778,#5365,.T.);
#5365 = SURFACE_CURVE('',#5366,(#5370,#5376),.PCURVE_S1.);
#5366 = LINE('',#5367,#5368);
#5367 = CARTESIAN_POINT('',(19.19906231343,-5.017569039703,25.6));
#5368 = VECTOR('',#5369,1.);
#5369 = DIRECTION('',(-1.,0.,0.));
#5370 = PCURVE('',#1484,#5371);
#5371 = DEFINITIONAL_REPRESENTATION('',(#5372),#5375);
#5372 = B_SPLINE_CURVE_WITH_KNOTS('',1,(#5373,#5374),.UNSPECIFIED.,.F.,
  .F.,(2,2),(-5.999999999062E-07,38.39854507587),
  .PIECEWISE_BEZIER_KNOTS.);
#5373 = CARTESIAN_POINT('',(-0.142159670939,-5.999999999062E-07));
#5374 = CARTESIAN_POINT('',(-0.142159670939,38.39854507587));
#5375 = ( GEOMETRIC_REPRESENTATION_CONTEXT(2) 
PARAMETRIC_REPRESENTATION_CONTEXT() REPRESENTATION_CONTEXT('2D SPACE',''
  ) );
#5376 = PCURVE('',#3449,#5377);
#5377 = DEFINITIONAL_REPRESENTATION('',(#5378),#5382);
#5378 = LINE('',#5379,#5380);
#5379 = CARTESIAN_POINT('',(-10.19906231343,-8.017569039703));
#5380 = VECTOR('',#5381,1.);
#5381 = DIRECTION('',(1.,0.));
#5382 = ( GEOMETRIC_REPRESENTATION_CONTEXT(2) 
PARAMETRIC_REPRESENTATION_CONTEXT() REPRESENTATION_CONTEXT('2D SPACE',''
  ) );
#5383 = ORIENTED_EDGE('',*,*,#1929,.F.);
#5384 = ADVANCED_FACE('',(#5385),#2538,.F.);
#5385 = FACE_BOUND('',#5386,.F.);
#5386 = EDGE_LOOP('',(#5387,#5411,#5432,#5433));
#5387 = ORIENTED_EDGE('',*,*,#5388,.F.);
#5388 = EDGE_CURVE('',#5389,#5389,#5391,.T.);
#5389 = VERTEX_POINT('',#5390);
#5390 = CARTESIAN_POINT('',(39.75,5.,31.));
#5391 = SURFACE_CURVE('',#5392,(#5397,#5404),.PCURVE_S1.);
#5392 = CIRCLE('',#5393,2.25);
#5393 = AXIS2_PLACEMENT_3D('',#5394,#5395,#5396);
#5394 = CARTESIAN_POINT('',(37.5,5.,31.));
#5395 = DIRECTION('',(0.,0.,1.));
#5396 = DIRECTION('',(1.,0.,-0.));
#5397 = PCURVE('',#2538,#5398);
#5398 = DEFINITIONAL_REPRESENTATION('',(#5399),#5403);
#5399 = LINE('',#5400,#5401);
#5400 = CARTESIAN_POINT('',(0.,6.));
#5401 = VECTOR('',#5402,1.);
#5402 = DIRECTION('',(1.,0.));
#5403 = ( GEOMETRIC_REPRESENTATION_CONTEXT(2) 
PARAMETRIC_REPRESENTATION_CONTEXT() REPRESENTATION_CONTEXT('2D SPACE',''
  ) );
#5404 = PCURVE('',#3847,#5405);
#5405 = DEFINITIONAL_REPRESENTATION('',(#5406),#5410);
#5406 = CIRCLE('',#5407,2.25);
#5407 = AXIS2_PLACEMENT_2D('',#5408,#5409);
#5408 = CARTESIAN_POINT('',(0.,0.));
#5409 = DIRECTION('',(1.,0.));
#5410 = ( GEOMETRIC_REPRESENTATION_CONTEXT(2) 
PARAMETRIC_REPRESENTATION_CONTEXT() REPRESENTATION_CONTEXT('2D SPACE',''
  ) );
#5411 = ORIENTED_EDGE('',*,*,#5412,.F.);
#5412 = EDGE_CURVE('',#2522,#5389,#5413,.T.);
#5413 = SEAM_CURVE('',#5414,(#5418,#5425),.PCURVE_S1.);
#5414 = LINE('',#5415,#5416);
#5415 = CARTESIAN_POINT('',(39.75,5.,25.));
#5416 = VECTOR('',#5417,1.);
#5417 = DIRECTION('',(0.,0.,1.));
#5418 = PCURVE('',#2538,#5419);
#5419 = DEFINITIONAL_REPRESENTATION('',(#5420),#5424);
#5420 = LINE('',#5421,#5422);
#5421 = CARTESIAN_POINT('',(6.28318530718,-0.));
#5422 = VECTOR('',#5423,1.);
#5423 = DIRECTION('',(0.,1.));
#5424 = ( GEOMETRIC_REPRESENTATION_CONTEXT(2) 
PARAMETRIC_REPRESENTATION_CONTEXT() REPRESENTATION_CONTEXT('2D SPACE',''
  ) );
#5425 = PCURVE('',#2538,#5426);
#5426 = DEFINITIONAL_REPRESENTATION('',(#5427),#5431);
#5427 = LINE('',#5428,#5429);
#5428 = CARTESIAN_POINT('',(0.,-0.));
#5429 = VECTOR('',#5430,1.);
#5430 = DIRECTION('',(0.,1.));
#5431 = ( GEOMETRIC_REPRESENTATION_CONTEXT(2) 
PARAMETRIC_REPRESENTATION_CONTEXT() REPRESENTATION_CONTEXT('2D SPACE',''
  ) );
#5432 = ORIENTED_EDGE('',*,*,#2521,.T.);
#5433 = ORIENTED_EDGE('',*,*,#5412,.T.);
#5434 = ADVANCED_FACE('',(#5435),#2599,.F.);
#5435 = FACE_BOUND('',#5436,.F.);
#5436 = EDGE_LOOP('',(#5437,#5438,#5461,#5488));
#5437 = ORIENTED_EDGE('',*,*,#2584,.F.);
#5438 = ORIENTED_EDGE('',*,*,#5439,.F.);
#5439 = EDGE_CURVE('',#5440,#2562,#5442,.T.);
#5440 = VERTEX_POINT('',#5441);
#5441 = CARTESIAN_POINT('',(-9.251,-14.717,25.6));
#5442 = SEAM_CURVE('',#5443,(#5447,#5454),.PCURVE_S1.);
#5443 = LINE('',#5444,#5445);
#5444 = CARTESIAN_POINT('',(-9.251,-14.717,25.6));
#5445 = VECTOR('',#5446,1.);
#5446 = DIRECTION('',(0.,0.,1.));
#5447 = PCURVE('',#2599,#5448);
#5448 = DEFINITIONAL_REPRESENTATION('',(#5449),#5453);
#5449 = LINE('',#5450,#5451);
#5450 = CARTESIAN_POINT('',(6.28318530718,-0.));
#5451 = VECTOR('',#5452,1.);
#5452 = DIRECTION('',(0.,1.));
#5453 = ( GEOMETRIC_REPRESENTATION_CONTEXT(2) 
PARAMETRIC_REPRESENTATION_CONTEXT() REPRESENTATION_CONTEXT('2D SPACE',''
  ) );
#5454 = PCURVE('',#2599,#5455);
#5455 = DEFINITIONAL_REPRESENTATION('',(#5456),#5460);
#5456 = LINE('',#5457,#5458);
#5457 = CARTESIAN_POINT('',(0.,-0.));
#5458 = VECTOR('',#5459,1.);
#5459 = DIRECTION('',(0.,1.));
#5460 = ( GEOMETRIC_REPRESENTATION_CONTEXT(2) 
PARAMETRIC_REPRESENTATION_CONTEXT() REPRESENTATION_CONTEXT('2D SPACE',''
  ) );
#5461 = ORIENTED_EDGE('',*,*,#5462,.T.);
#5462 = EDGE_CURVE('',#5440,#5440,#5463,.T.);
#5463 = SURFACE_CURVE('',#5464,(#5469,#5476),.PCURVE_S1.);
#5464 = CIRCLE('',#5465,1.75);
#5465 = AXIS2_PLACEMENT_3D('',#5466,#5467,#5468);
#5466 = CARTESIAN_POINT('',(-11.001,-14.717,25.6));
#5467 = DIRECTION('',(0.,0.,1.));
#5468 = DIRECTION('',(1.,0.,-0.));
#5469 = PCURVE('',#2599,#5470);
#5470 = DEFINITIONAL_REPRESENTATION('',(#5471),#5475);
#5471 = LINE('',#5472,#5473);
#5472 = CARTESIAN_POINT('',(0.,0.));
#5473 = VECTOR('',#5474,1.);
#5474 = DIRECTION('',(1.,0.));
#5475 = ( GEOMETRIC_REPRESENTATION_CONTEXT(2) 
PARAMETRIC_REPRESENTATION_CONTEXT() REPRESENTATION_CONTEXT('2D SPACE',''
  ) );
#5476 = PCURVE('',#5477,#5482);
#5477 = PLANE('',#5478);
#5478 = AXIS2_PLACEMENT_3D('',#5479,#5480,#5481);
#5479 = CARTESIAN_POINT('',(-47.5,-21.5,25.6));
#5480 = DIRECTION('',(0.,0.,1.));
#5481 = DIRECTION('',(1.,0.,-0.));
#5482 = DEFINITIONAL_REPRESENTATION('',(#5483),#5487);
#5483 = CIRCLE('',#5484,1.75);
#5484 = AXIS2_PLACEMENT_2D('',#5485,#5486);
#5485 = CARTESIAN_POINT('',(36.499,6.783));
#5486 = DIRECTION('',(1.,0.));
#5487 = ( GEOMETRIC_REPRESENTATION_CONTEXT(2) 
PARAMETRIC_REPRESENTATION_CONTEXT() REPRESENTATION_CONTEXT('2D SPACE',''
  ) );
#5488 = ORIENTED_EDGE('',*,*,#5439,.T.);
#5489 = ADVANCED_FACE('',(#5490),#2654,.F.);
#5490 = FACE_BOUND('',#5491,.F.);
#5491 = EDGE_LOOP('',(#5492,#5493,#5516,#5543));
#5492 = ORIENTED_EDGE('',*,*,#2639,.F.);
#5493 = ORIENTED_EDGE('',*,*,#5494,.F.);
#5494 = EDGE_CURVE('',#5495,#2617,#5497,.T.);
#5495 = VERTEX_POINT('',#5496);
#5496 = CARTESIAN_POINT('',(12.749,-14.717,25.6));
#5497 = SEAM_CURVE('',#5498,(#5502,#5509),.PCURVE_S1.);
#5498 = LINE('',#5499,#5500);
#5499 = CARTESIAN_POINT('',(12.749,-14.717,25.6));
#5500 = VECTOR('',#5501,1.);
#5501 = DIRECTION('',(0.,0.,1.));
#5502 = PCURVE('',#2654,#5503);
#5503 = DEFINITIONAL_REPRESENTATION('',(#5504),#5508);
#5504 = LINE('',#5505,#5506);
#5505 = CARTESIAN_POINT('',(6.28318530718,-0.));
#5506 = VECTOR('',#5507,1.);
#5507 = DIRECTION('',(0.,1.));
#5508 = ( GEOMETRIC_REPRESENTATION_CONTEXT(2) 
PARAMETRIC_REPRESENTATION_CONTEXT() REPRESENTATION_CONTEXT('2D SPACE',''
  ) );
#5509 = PCURVE('',#2654,#5510);
#5510 = DEFINITIONAL_REPRESENTATION('',(#5511),#5515);
#5511 = LINE('',#5512,#5513);
#5512 = CARTESIAN_POINT('',(0.,-0.));
#5513 = VECTOR('',#5514,1.);
#5514 = DIRECTION('',(0.,1.));
#5515 = ( GEOMETRIC_REPRESENTATION_CONTEXT(2) 
PARAMETRIC_REPRESENTATION_CONTEXT() REPRESENTATION_CONTEXT('2D SPACE',''
  ) );
#5516 = ORIENTED_EDGE('',*,*,#5517,.T.);
#5517 = EDGE_CURVE('',#5495,#5495,#5518,.T.);
#5518 = SURFACE_CURVE('',#5519,(#5524,#5531),.PCURVE_S1.);
#5519 = CIRCLE('',#5520,1.75);
#5520 = AXIS2_PLACEMENT_3D('',#5521,#5522,#5523);
#5521 = CARTESIAN_POINT('',(10.999,-14.717,25.6));
#5522 = DIRECTION('',(0.,0.,1.));
#5523 = DIRECTION('',(1.,0.,-0.));
#5524 = PCURVE('',#2654,#5525);
#5525 = DEFINITIONAL_REPRESENTATION('',(#5526),#5530);
#5526 = LINE('',#5527,#5528);
#5527 = CARTESIAN_POINT('',(0.,0.));
#5528 = VECTOR('',#5529,1.);
#5529 = DIRECTION('',(1.,0.));
#5530 = ( GEOMETRIC_REPRESENTATION_CONTEXT(2) 
PARAMETRIC_REPRESENTATION_CONTEXT() REPRESENTATION_CONTEXT('2D SPACE',''
  ) );
#5531 = PCURVE('',#5532,#5537);
#5532 = PLANE('',#5533);
#5533 = AXIS2_PLACEMENT_3D('',#5534,#5535,#5536);
#5534 = CARTESIAN_POINT('',(-47.5,-21.5,25.6));
#5535 = DIRECTION('',(0.,0.,1.));
#5536 = DIRECTION('',(1.,0.,-0.));
#5537 = DEFINITIONAL_REPRESENTATION('',(#5538),#5542);
#5538 = CIRCLE('',#5539,1.75);
#5539 = AXIS2_PLACEMENT_2D('',#5540,#5541);
#5540 = CARTESIAN_POINT('',(58.499,6.783));
#5541 = DIRECTION('',(1.,0.));
#5542 = ( GEOMETRIC_REPRESENTATION_CONTEXT(2) 
PARAMETRIC_REPRESENTATION_CONTEXT() REPRESENTATION_CONTEXT('2D SPACE',''
  ) );
#5543 = ORIENTED_EDGE('',*,*,#5494,.T.);
#5544 = ADVANCED_FACE('',(#5545,#5548),#2708,.T.);
#5545 = FACE_BOUND('',#5546,.T.);
#5546 = EDGE_LOOP('',(#5547));
#5547 = ORIENTED_EDGE('',*,*,#2693,.T.);
#5548 = FACE_BOUND('',#5549,.T.);
#5549 = EDGE_LOOP('',(#5550));
#5550 = ORIENTED_EDGE('',*,*,#3864,.F.);
#5551 = ADVANCED_FACE('',(#5552),#2741,.F.);
#5552 = FACE_BOUND('',#5553,.F.);
#5553 = EDGE_LOOP('',(#5554,#5555,#5556,#5557));
#5554 = ORIENTED_EDGE('',*,*,#2827,.T.);
#5555 = ORIENTED_EDGE('',*,*,#2725,.T.);
#5556 = ORIENTED_EDGE('',*,*,#4211,.F.);
#5557 = ORIENTED_EDGE('',*,*,#2881,.T.);
#5558 = ADVANCED_FACE('',(#5559),#2921,.F.);
#5559 = FACE_BOUND('',#5560,.F.);
#5560 = EDGE_LOOP('',(#5561,#5562,#5563,#5564,#5585));
#5561 = ORIENTED_EDGE('',*,*,#3031,.T.);
#5562 = ORIENTED_EDGE('',*,*,#2905,.T.);
#5563 = ORIENTED_EDGE('',*,*,#4233,.F.);
#5564 = ORIENTED_EDGE('',*,*,#5565,.F.);
#5565 = EDGE_CURVE('',#5274,#4234,#5566,.T.);
#5566 = SURFACE_CURVE('',#5567,(#5571,#5578),.PCURVE_S1.);
#5567 = LINE('',#5568,#5569);
#5568 = CARTESIAN_POINT('',(-18.,-21.1845,25.6));
#5569 = VECTOR('',#5570,1.);
#5570 = DIRECTION('',(-0.,1.,0.));
#5571 = PCURVE('',#2921,#5572);
#5572 = DEFINITIONAL_REPRESENTATION('',(#5573),#5577);
#5573 = LINE('',#5574,#5575);
#5574 = CARTESIAN_POINT('',(0.,-24.1845));
#5575 = VECTOR('',#5576,1.);
#5576 = DIRECTION('',(0.,1.));
#5577 = ( GEOMETRIC_REPRESENTATION_CONTEXT(2) 
PARAMETRIC_REPRESENTATION_CONTEXT() REPRESENTATION_CONTEXT('2D SPACE',''
  ) );
#5578 = PCURVE('',#4272,#5579);
#5579 = DEFINITIONAL_REPRESENTATION('',(#5580),#5584);
#5580 = LINE('',#5581,#5582);
#5581 = CARTESIAN_POINT('',(2.4,0.3155));
#5582 = VECTOR('',#5583,1.);
#5583 = DIRECTION('',(0.,-1.));
#5584 = ( GEOMETRIC_REPRESENTATION_CONTEXT(2) 
PARAMETRIC_REPRESENTATION_CONTEXT() REPRESENTATION_CONTEXT('2D SPACE',''
  ) );
#5585 = ORIENTED_EDGE('',*,*,#5301,.F.);
#5586 = ADVANCED_FACE('',(#5587),#3177,.F.);
#5587 = FACE_BOUND('',#5588,.F.);
#5588 = EDGE_LOOP('',(#5589,#5590));
#5589 = ORIENTED_EDGE('',*,*,#3162,.T.);
#5590 = ORIENTED_EDGE('',*,*,#5322,.F.);
#5591 = ADVANCED_FACE('',(#5592),#3313,.F.);
#5592 = FACE_BOUND('',#5593,.F.);
#5593 = EDGE_LOOP('',(#5594,#5595));
#5594 = ORIENTED_EDGE('',*,*,#3298,.T.);
#5595 = ORIENTED_EDGE('',*,*,#5343,.F.);
#5596 = ADVANCED_FACE('',(#5597),#3449,.F.);
#5597 = FACE_BOUND('',#5598,.F.);
#5598 = EDGE_LOOP('',(#5599,#5600));
#5599 = ORIENTED_EDGE('',*,*,#3434,.T.);
#5600 = ORIENTED_EDGE('',*,*,#5364,.F.);
#5601 = ADVANCED_FACE('',(#5602),#3562,.F.);
#5602 = FACE_BOUND('',#5603,.F.);
#5603 = EDGE_LOOP('',(#5604,#5605,#5606,#5627,#5628));
#5604 = ORIENTED_EDGE('',*,*,#3545,.T.);
#5605 = ORIENTED_EDGE('',*,*,#5224,.F.);
#5606 = ORIENTED_EDGE('',*,*,#5607,.T.);
#5607 = EDGE_CURVE('',#5225,#4308,#5608,.T.);
#5608 = SURFACE_CURVE('',#5609,(#5613,#5620),.PCURVE_S1.);
#5609 = LINE('',#5610,#5611);
#5610 = CARTESIAN_POINT('',(18.,-21.1845,25.6));
#5611 = VECTOR('',#5612,1.);
#5612 = DIRECTION('',(-0.,1.,0.));
#5613 = PCURVE('',#3562,#5614);
#5614 = DEFINITIONAL_REPRESENTATION('',(#5615),#5619);
#5615 = LINE('',#5616,#5617);
#5616 = CARTESIAN_POINT('',(0.,-24.1845));
#5617 = VECTOR('',#5618,1.);
#5618 = DIRECTION('',(0.,1.));
#5619 = ( GEOMETRIC_REPRESENTATION_CONTEXT(2) 
PARAMETRIC_REPRESENTATION_CONTEXT() REPRESENTATION_CONTEXT('2D SPACE',''
  ) );
#5620 = PCURVE('',#4323,#5621);
#5621 = DEFINITIONAL_REPRESENTATION('',(#5622),#5626);
#5622 = LINE('',#5623,#5624);
#5623 = CARTESIAN_POINT('',(2.4,0.3155));
#5624 = VECTOR('',#5625,1.);
#5625 = DIRECTION('',(0.,-1.));
#5626 = ( GEOMETRIC_REPRESENTATION_CONTEXT(2) 
PARAMETRIC_REPRESENTATION_CONTEXT() REPRESENTATION_CONTEXT('2D SPACE',''
  ) );
#5627 = ORIENTED_EDGE('',*,*,#4335,.F.);
#5628 = ORIENTED_EDGE('',*,*,#3605,.T.);
#5629 = ADVANCED_FACE('',(#5630),#3645,.F.);
#5630 = FACE_BOUND('',#5631,.F.);
#5631 = EDGE_LOOP('',(#5632,#5633,#5634,#5635));
#5632 = ORIENTED_EDGE('',*,*,#3731,.T.);
#5633 = ORIENTED_EDGE('',*,*,#3629,.T.);
#5634 = ORIENTED_EDGE('',*,*,#4357,.F.);
#5635 = ORIENTED_EDGE('',*,*,#3785,.T.);
#5636 = ADVANCED_FACE('',(#5637,#5640),#3847,.T.);
#5637 = FACE_BOUND('',#5638,.T.);
#5638 = EDGE_LOOP('',(#5639));
#5639 = ORIENTED_EDGE('',*,*,#3832,.T.);
#5640 = FACE_BOUND('',#5641,.T.);
#5641 = EDGE_LOOP('',(#5642));
#5642 = ORIENTED_EDGE('',*,*,#5388,.F.);
#5643 = ADVANCED_FACE('',(#5644),#3953,.F.);
#5644 = FACE_BOUND('',#5645,.F.);
#5645 = EDGE_LOOP('',(#5646,#5647,#5670,#5693,#5716,#5737));
#5646 = ORIENTED_EDGE('',*,*,#3937,.F.);
#5647 = ORIENTED_EDGE('',*,*,#5648,.F.);
#5648 = EDGE_CURVE('',#5649,#3938,#5651,.T.);
#5649 = VERTEX_POINT('',#5650);
#5650 = CARTESIAN_POINT('',(19.19906231343,-4.217628596664,0.));
#5651 = SURFACE_CURVE('',#5652,(#5656,#5663),.PCURVE_S1.);
#5652 = LINE('',#5653,#5654);
#5653 = CARTESIAN_POINT('',(19.19906231343,24.058340056617,0.));
#5654 = VECTOR('',#5655,1.);
#5655 = DIRECTION('',(0.,1.,-0.));
#5656 = PCURVE('',#3953,#5657);
#5657 = DEFINITIONAL_REPRESENTATION('',(#5658),#5662);
#5658 = LINE('',#5659,#5660);
#5659 = CARTESIAN_POINT('',(1.19906231343,44.927340056617));
#5660 = VECTOR('',#5661,1.);
#5661 = DIRECTION('',(0.,1.));
#5662 = ( GEOMETRIC_REPRESENTATION_CONTEXT(2) 
PARAMETRIC_REPRESENTATION_CONTEXT() REPRESENTATION_CONTEXT('2D SPACE',''
  ) );
#5663 = PCURVE('',#3981,#5664);
#5664 = DEFINITIONAL_REPRESENTATION('',(#5665),#5669);
#5665 = LINE('',#5666,#5667);
#5666 = CARTESIAN_POINT('',(44.927340056616,53.31069184474));
#5667 = VECTOR('',#5668,1.);
#5668 = DIRECTION('',(-1.,0.));
#5669 = ( GEOMETRIC_REPRESENTATION_CONTEXT(2) 
PARAMETRIC_REPRESENTATION_CONTEXT() REPRESENTATION_CONTEXT('2D SPACE',''
  ) );
#5670 = ORIENTED_EDGE('',*,*,#5671,.T.);
#5671 = EDGE_CURVE('',#5649,#5672,#5674,.T.);
#5672 = VERTEX_POINT('',#5673);
#5673 = CARTESIAN_POINT('',(18.199377397854,-4.217628596664,0.));
#5674 = SURFACE_CURVE('',#5675,(#5679,#5686),.PCURVE_S1.);
#5675 = LINE('',#5676,#5677);
#5676 = CARTESIAN_POINT('',(18.099531156715,-4.217628596664,
    5.421010862428E-20));
#5677 = VECTOR('',#5678,1.);
#5678 = DIRECTION('',(-1.,-0.,0.));
#5679 = PCURVE('',#3953,#5680);
#5680 = DEFINITIONAL_REPRESENTATION('',(#5681),#5685);
#5681 = LINE('',#5682,#5683);
#5682 = CARTESIAN_POINT('',(9.9531156715E-02,16.651371403336));
#5683 = VECTOR('',#5684,1.);
#5684 = DIRECTION('',(-1.,0.));
#5685 = ( GEOMETRIC_REPRESENTATION_CONTEXT(2) 
PARAMETRIC_REPRESENTATION_CONTEXT() REPRESENTATION_CONTEXT('2D SPACE',''
  ) );
#5686 = PCURVE('',#4009,#5687);
#5687 = DEFINITIONAL_REPRESENTATION('',(#5688),#5692);
#5688 = LINE('',#5689,#5690);
#5689 = CARTESIAN_POINT('',(9.9531156715E-02,-5.739959356434E-04));
#5690 = VECTOR('',#5691,1.);
#5691 = DIRECTION('',(1.,0.));
#5692 = ( GEOMETRIC_REPRESENTATION_CONTEXT(2) 
PARAMETRIC_REPRESENTATION_CONTEXT() REPRESENTATION_CONTEXT('2D SPACE',''
  ) );
#5693 = ORIENTED_EDGE('',*,*,#5694,.T.);
#5694 = EDGE_CURVE('',#5672,#5695,#5697,.T.);
#5695 = VERTEX_POINT('',#5696);
#5696 = CARTESIAN_POINT('',(18.199377397854,-20.869,0.));
#5697 = SURFACE_CURVE('',#5698,(#5702,#5709),.PCURVE_S1.);
#5698 = LINE('',#5699,#5700);
#5699 = CARTESIAN_POINT('',(18.199377397854,-18.46997355134,
    -1.110223024625E-16));
#5700 = VECTOR('',#5701,1.);
#5701 = DIRECTION('',(0.,-1.,0.));
#5702 = PCURVE('',#3953,#5703);
#5703 = DEFINITIONAL_REPRESENTATION('',(#5704),#5708);
#5704 = LINE('',#5705,#5706);
#5705 = CARTESIAN_POINT('',(0.199377397854,2.39902644866));
#5706 = VECTOR('',#5707,1.);
#5707 = DIRECTION('',(0.,-1.));
#5708 = ( GEOMETRIC_REPRESENTATION_CONTEXT(2) 
PARAMETRIC_REPRESENTATION_CONTEXT() REPRESENTATION_CONTEXT('2D SPACE',''
  ) );
#5709 = PCURVE('',#4037,#5710);
#5710 = DEFINITIONAL_REPRESENTATION('',(#5711),#5715);
#5711 = LINE('',#5712,#5713);
#5712 = CARTESIAN_POINT('',(-0.706661184521,2.39902644865));
#5713 = VECTOR('',#5714,1.);
#5714 = DIRECTION('',(0.,1.));
#5715 = ( GEOMETRIC_REPRESENTATION_CONTEXT(2) 
PARAMETRIC_REPRESENTATION_CONTEXT() REPRESENTATION_CONTEXT('2D SPACE',''
  ) );
#5716 = ORIENTED_EDGE('',*,*,#5717,.T.);
#5717 = EDGE_CURVE('',#5695,#5171,#5718,.T.);
#5718 = SURFACE_CURVE('',#5719,(#5723,#5730),.PCURVE_S1.);
#5719 = LINE('',#5720,#5721);
#5720 = CARTESIAN_POINT('',(18.,-20.869,0.));
#5721 = VECTOR('',#5722,1.);
#5722 = DIRECTION('',(1.,0.,-0.));
#5723 = PCURVE('',#3953,#5724);
#5724 = DEFINITIONAL_REPRESENTATION('',(#5725),#5729);
#5725 = LINE('',#5726,#5727);
#5726 = CARTESIAN_POINT('',(0.,0.));
#5727 = VECTOR('',#5728,1.);
#5728 = DIRECTION('',(1.,0.));
#5729 = ( GEOMETRIC_REPRESENTATION_CONTEXT(2) 
PARAMETRIC_REPRESENTATION_CONTEXT() REPRESENTATION_CONTEXT('2D SPACE',''
  ) );
#5730 = PCURVE('',#5186,#5731);
#5731 = DEFINITIONAL_REPRESENTATION('',(#5732),#5736);
#5732 = LINE('',#5733,#5734);
#5733 = CARTESIAN_POINT('',(0.,0.));
#5734 = VECTOR('',#5735,1.);
#5735 = DIRECTION('',(0.,1.));
#5736 = ( GEOMETRIC_REPRESENTATION_CONTEXT(2) 
PARAMETRIC_REPRESENTATION_CONTEXT() REPRESENTATION_CONTEXT('2D SPACE',''
  ) );
#5737 = ORIENTED_EDGE('',*,*,#5198,.T.);
#5738 = ADVANCED_FACE('',(#5739),#3981,.F.);
#5739 = FACE_BOUND('',#5740,.F.);
#5740 = EDGE_LOOP('',(#5741,#5742,#5743));
#5741 = ORIENTED_EDGE('',*,*,#5648,.T.);
#5742 = ORIENTED_EDGE('',*,*,#3965,.T.);
#5743 = ORIENTED_EDGE('',*,*,#5744,.T.);
#5744 = EDGE_CURVE('',#3966,#5649,#5745,.T.);
#5745 = SURFACE_CURVE('',#5746,(#5750,#5757),.PCURVE_S1.);
#5746 = LINE('',#5747,#5748);
#5747 = CARTESIAN_POINT('',(19.19906231343,33.585621055964,
    -24.82617892578));
#5748 = VECTOR('',#5749,1.);
#5749 = DIRECTION('',(0.,-0.835867368337,0.548931455238));
#5750 = PCURVE('',#3981,#5751);
#5751 = DEFINITIONAL_REPRESENTATION('',(#5752),#5756);
#5752 = LINE('',#5753,#5754);
#5753 = CARTESIAN_POINT('',(35.400059057269,28.48451291896));
#5754 = VECTOR('',#5755,1.);
#5755 = DIRECTION('',(0.835867368337,0.548931455238));
#5756 = ( GEOMETRIC_REPRESENTATION_CONTEXT(2) 
PARAMETRIC_REPRESENTATION_CONTEXT() REPRESENTATION_CONTEXT('2D SPACE',''
  ) );
#5757 = PCURVE('',#4009,#5758);
#5758 = DEFINITIONAL_REPRESENTATION('',(#5759),#5763);
#5759 = LINE('',#5760,#5761);
#5760 = CARTESIAN_POINT('',(-1.,45.225799331513));
#5761 = VECTOR('',#5762,1.);
#5762 = DIRECTION('',(0.,-1.));
#5763 = ( GEOMETRIC_REPRESENTATION_CONTEXT(2) 
PARAMETRIC_REPRESENTATION_CONTEXT() REPRESENTATION_CONTEXT('2D SPACE',''
  ) );
#5764 = ADVANCED_FACE('',(#5765),#4009,.T.);
#5765 = FACE_BOUND('',#5766,.T.);
#5766 = EDGE_LOOP('',(#5767,#5788,#5789,#5790));
#5767 = ORIENTED_EDGE('',*,*,#5768,.T.);
#5768 = EDGE_CURVE('',#5672,#3994,#5769,.T.);
#5769 = SURFACE_CURVE('',#5770,(#5774,#5781),.PCURVE_S1.);
#5770 = LINE('',#5771,#5772);
#5771 = CARTESIAN_POINT('',(20.404601613192,-7.57556143851,
    2.205224215338));
#5772 = VECTOR('',#5773,1.);
#5773 = DIRECTION('',(-0.481199433327,0.732730653604,-0.481199433327));
#5774 = PCURVE('',#4009,#5775);
#5775 = DEFINITIONAL_REPRESENTATION('',(#5776),#5780);
#5776 = LINE('',#5777,#5778);
#5777 = CARTESIAN_POINT('',(-2.205539299762,-4.017877421153));
#5778 = VECTOR('',#5779,1.);
#5779 = DIRECTION('',(0.481199433327,0.876611148324));
#5780 = ( GEOMETRIC_REPRESENTATION_CONTEXT(2) 
PARAMETRIC_REPRESENTATION_CONTEXT() REPRESENTATION_CONTEXT('2D SPACE',''
  ) );
#5781 = PCURVE('',#4037,#5782);
#5782 = DEFINITIONAL_REPRESENTATION('',(#5783),#5787);
#5783 = LINE('',#5784,#5785);
#5784 = CARTESIAN_POINT('',(2.411996808884,-8.49538566418));
#5785 = VECTOR('',#5786,1.);
#5786 = DIRECTION('',(-0.680518764817,-0.732730653604));
#5787 = ( GEOMETRIC_REPRESENTATION_CONTEXT(2) 
PARAMETRIC_REPRESENTATION_CONTEXT() REPRESENTATION_CONTEXT('2D SPACE',''
  ) );
#5788 = ORIENTED_EDGE('',*,*,#3993,.T.);
#5789 = ORIENTED_EDGE('',*,*,#5744,.T.);
#5790 = ORIENTED_EDGE('',*,*,#5671,.T.);
#5791 = ADVANCED_FACE('',(#5792),#4037,.T.);
#5792 = FACE_BOUND('',#5793,.T.);
#5793 = EDGE_LOOP('',(#5794,#5795,#5796,#5819,#5847,#5875,#5896));
#5794 = ORIENTED_EDGE('',*,*,#5768,.F.);
#5795 = ORIENTED_EDGE('',*,*,#5694,.T.);
#5796 = ORIENTED_EDGE('',*,*,#5797,.T.);
#5797 = EDGE_CURVE('',#5695,#5798,#5800,.T.);
#5798 = VERTEX_POINT('',#5799);
#5799 = CARTESIAN_POINT('',(19.19906231343,-20.869,0.999684915576));
#5800 = SURFACE_CURVE('',#5801,(#5805,#5812),.PCURVE_S1.);
#5801 = LINE('',#5802,#5803);
#5802 = CARTESIAN_POINT('',(18.399375506178,-20.869,0.199998108324));
#5803 = VECTOR('',#5804,1.);
#5804 = DIRECTION('',(0.707106781187,0.,0.707106781187));
#5805 = PCURVE('',#4037,#5806);
#5806 = DEFINITIONAL_REPRESENTATION('',(#5807),#5811);
#5807 = LINE('',#5808,#5809);
#5808 = CARTESIAN_POINT('',(-0.42382114728,4.79805289731));
#5809 = VECTOR('',#5810,1.);
#5810 = DIRECTION('',(1.,0.));
#5811 = ( GEOMETRIC_REPRESENTATION_CONTEXT(2) 
PARAMETRIC_REPRESENTATION_CONTEXT() REPRESENTATION_CONTEXT('2D SPACE',''
  ) );
#5812 = PCURVE('',#5186,#5813);
#5813 = DEFINITIONAL_REPRESENTATION('',(#5814),#5818);
#5814 = LINE('',#5815,#5816);
#5815 = CARTESIAN_POINT('',(0.199998108324,0.399375506178));
#5816 = VECTOR('',#5817,1.);
#5817 = DIRECTION('',(0.707106781187,0.707106781187));
#5818 = ( GEOMETRIC_REPRESENTATION_CONTEXT(2) 
PARAMETRIC_REPRESENTATION_CONTEXT() REPRESENTATION_CONTEXT('2D SPACE',''
  ) );
#5819 = ORIENTED_EDGE('',*,*,#5820,.T.);
#5820 = EDGE_CURVE('',#5798,#5821,#5823,.T.);
#5821 = VERTEX_POINT('',#5822);
#5822 = CARTESIAN_POINT('',(19.19906231343,-20.86940764386,
    0.999684915576));
#5823 = SURFACE_CURVE('',#5824,(#5828,#5835),.PCURVE_S1.);
#5824 = LINE('',#5825,#5826);
#5825 = CARTESIAN_POINT('',(19.19906231343,-10.75191951097,
    0.999684915576));
#5826 = VECTOR('',#5827,1.);
#5827 = DIRECTION('',(0.,-1.,0.));
#5828 = PCURVE('',#4037,#5829);
#5829 = DEFINITIONAL_REPRESENTATION('',(#5830),#5834);
#5830 = LINE('',#5831,#5832);
#5831 = CARTESIAN_POINT('',(0.707106781187,-5.31902759172));
#5832 = VECTOR('',#5833,1.);
#5833 = DIRECTION('',(0.,1.));
#5834 = ( GEOMETRIC_REPRESENTATION_CONTEXT(2) 
PARAMETRIC_REPRESENTATION_CONTEXT() REPRESENTATION_CONTEXT('2D SPACE',''
  ) );
#5835 = PCURVE('',#5836,#5841);
#5836 = PLANE('',#5837);
#5837 = AXIS2_PLACEMENT_3D('',#5838,#5839,#5840);
#5838 = CARTESIAN_POINT('',(19.19906231343,68.985680113233,
    -53.31069184474));
#5839 = DIRECTION('',(-1.,0.,0.));
#5840 = DIRECTION('',(0.,-1.,0.));
#5841 = DEFINITIONAL_REPRESENTATION('',(#5842),#5846);
#5842 = LINE('',#5843,#5844);
#5843 = CARTESIAN_POINT('',(79.737599624203,54.310376760316));
#5844 = VECTOR('',#5845,1.);
#5845 = DIRECTION('',(1.,0.));
#5846 = ( GEOMETRIC_REPRESENTATION_CONTEXT(2) 
PARAMETRIC_REPRESENTATION_CONTEXT() REPRESENTATION_CONTEXT('2D SPACE',''
  ) );
#5847 = ORIENTED_EDGE('',*,*,#5848,.F.);
#5848 = EDGE_CURVE('',#5849,#5821,#5851,.T.);
#5849 = VERTEX_POINT('',#5850);
#5850 = CARTESIAN_POINT('',(18.19906231343,-20.86940764386,
    -3.150844244999E-04));
#5851 = SURFACE_CURVE('',#5852,(#5856,#5863),.PCURVE_S1.);
#5852 = LINE('',#5853,#5854);
#5853 = CARTESIAN_POINT('',(18.19906231343,-20.86940764386,
    -3.150844244999E-04));
#5854 = VECTOR('',#5855,1.);
#5855 = DIRECTION('',(0.707106781187,0.,0.707106781187));
#5856 = PCURVE('',#4037,#5857);
#5857 = DEFINITIONAL_REPRESENTATION('',(#5858),#5862);
#5858 = LINE('',#5859,#5860);
#5859 = CARTESIAN_POINT('',(-0.707106781187,4.79846054117));
#5860 = VECTOR('',#5861,1.);
#5861 = DIRECTION('',(1.,0.));
#5862 = ( GEOMETRIC_REPRESENTATION_CONTEXT(2) 
PARAMETRIC_REPRESENTATION_CONTEXT() REPRESENTATION_CONTEXT('2D SPACE',''
  ) );
#5863 = PCURVE('',#5864,#5869);
#5864 = PLANE('',#5865);
#5865 = AXIS2_PLACEMENT_3D('',#5866,#5867,#5868);
#5866 = CARTESIAN_POINT('',(42.43913116562,-20.86940764386,
    14.999684915576));
#5867 = DIRECTION('',(0.,1.,0.));
#5868 = DIRECTION('',(-1.,0.,0.));
#5869 = DEFINITIONAL_REPRESENTATION('',(#5870),#5874);
#5870 = LINE('',#5871,#5872);
#5871 = CARTESIAN_POINT('',(24.24006885219,-15.));
#5872 = VECTOR('',#5873,1.);
#5873 = DIRECTION('',(-0.707106781187,0.707106781187));
#5874 = ( GEOMETRIC_REPRESENTATION_CONTEXT(2) 
PARAMETRIC_REPRESENTATION_CONTEXT() REPRESENTATION_CONTEXT('2D SPACE',''
  ) );
#5875 = ORIENTED_EDGE('',*,*,#5876,.F.);
#5876 = EDGE_CURVE('',#4022,#5849,#5877,.T.);
#5877 = SURFACE_CURVE('',#5878,(#5882,#5889),.PCURVE_S1.);
#5878 = LINE('',#5879,#5880);
#5879 = CARTESIAN_POINT('',(18.19906231343,-11.27248656152,
    -3.150844244999E-04));
#5880 = VECTOR('',#5881,1.);
#5881 = DIRECTION('',(0.,-1.,0.));
#5882 = PCURVE('',#4037,#5883);
#5883 = DEFINITIONAL_REPRESENTATION('',(#5884),#5888);
#5884 = LINE('',#5885,#5886);
#5885 = CARTESIAN_POINT('',(-0.707106781187,-4.79846054117));
#5886 = VECTOR('',#5887,1.);
#5887 = DIRECTION('',(0.,1.));
#5888 = ( GEOMETRIC_REPRESENTATION_CONTEXT(2) 
PARAMETRIC_REPRESENTATION_CONTEXT() REPRESENTATION_CONTEXT('2D SPACE',''
  ) );
#5889 = PCURVE('',#4065,#5890);
#5890 = DEFINITIONAL_REPRESENTATION('',(#5891),#5895);
#5891 = LINE('',#5892,#5893);
#5892 = CARTESIAN_POINT('',(12.94466225067,-1.));
#5893 = VECTOR('',#5894,1.);
#5894 = DIRECTION('',(-1.,0.));
#5895 = ( GEOMETRIC_REPRESENTATION_CONTEXT(2) 
PARAMETRIC_REPRESENTATION_CONTEXT() REPRESENTATION_CONTEXT('2D SPACE',''
  ) );
#5896 = ORIENTED_EDGE('',*,*,#4021,.T.);
#5897 = ADVANCED_FACE('',(#5898,#6007,#6042),#4065,.T.);
#5898 = FACE_BOUND('',#5899,.T.);
#5899 = EDGE_LOOP('',(#5900,#5930,#5951,#5952,#5953,#5976));
#5900 = ORIENTED_EDGE('',*,*,#5901,.F.);
#5901 = EDGE_CURVE('',#5902,#5904,#5906,.T.);
#5902 = VERTEX_POINT('',#5903);
#5903 = CARTESIAN_POINT('',(-18.19948216244,-20.86940764386,
    -3.150844244999E-04));
#5904 = VERTEX_POINT('',#5905);
#5905 = CARTESIAN_POINT('',(-15.10093768657,-20.86940764386,
    -3.150844244999E-04));
#5906 = SURFACE_CURVE('',#5907,(#5911,#5918),.PCURVE_S1.);
#5907 = LINE('',#5908,#5909);
#5908 = CARTESIAN_POINT('',(-18.19948216244,-20.86940764386,
    -3.150844244999E-04));
#5909 = VECTOR('',#5910,1.);
#5910 = DIRECTION('',(1.,0.,0.));
#5911 = PCURVE('',#4065,#5912);
#5912 = DEFINITIONAL_REPRESENTATION('',(#5913),#5917);
#5913 = LINE('',#5914,#5915);
#5914 = CARTESIAN_POINT('',(3.34774116833,-37.39854447587));
#5915 = VECTOR('',#5916,1.);
#5916 = DIRECTION('',(0.,1.));
#5917 = ( GEOMETRIC_REPRESENTATION_CONTEXT(2) 
PARAMETRIC_REPRESENTATION_CONTEXT() REPRESENTATION_CONTEXT('2D SPACE',''
  ) );
#5918 = PCURVE('',#5919,#5924);
#5919 = PLANE('',#5920);
#5920 = AXIS2_PLACEMENT_3D('',#5921,#5922,#5923);
#5921 = CARTESIAN_POINT('',(42.43913116562,-20.86940764386,
    14.999684915576));
#5922 = DIRECTION('',(0.,1.,0.));
#5923 = DIRECTION('',(-1.,0.,0.));
#5924 = DEFINITIONAL_REPRESENTATION('',(#5925),#5929);
#5925 = LINE('',#5926,#5927);
#5926 = CARTESIAN_POINT('',(60.63861332806,-15.));
#5927 = VECTOR('',#5928,1.);
#5928 = DIRECTION('',(-1.,0.));
#5929 = ( GEOMETRIC_REPRESENTATION_CONTEXT(2) 
PARAMETRIC_REPRESENTATION_CONTEXT() REPRESENTATION_CONTEXT('2D SPACE',''
  ) );
#5930 = ORIENTED_EDGE('',*,*,#5931,.T.);
#5931 = EDGE_CURVE('',#5902,#4050,#5932,.T.);
#5932 = SURFACE_CURVE('',#5933,(#5937,#5944),.PCURVE_S1.);
#5933 = LINE('',#5934,#5935);
#5934 = CARTESIAN_POINT('',(-18.19948216244,-20.86940764386,
    -3.150844244999E-04));
#5935 = VECTOR('',#5936,1.);
#5936 = DIRECTION('',(0.,1.,0.));
#5937 = PCURVE('',#4065,#5938);
#5938 = DEFINITIONAL_REPRESENTATION('',(#5939),#5943);
#5939 = LINE('',#5940,#5941);
#5940 = CARTESIAN_POINT('',(3.34774116833,-37.39854447587));
#5941 = VECTOR('',#5942,1.);
#5942 = DIRECTION('',(1.,0.));
#5943 = ( GEOMETRIC_REPRESENTATION_CONTEXT(2) 
PARAMETRIC_REPRESENTATION_CONTEXT() REPRESENTATION_CONTEXT('2D SPACE',''
  ) );
#5944 = PCURVE('',#4093,#5945);
#5945 = DEFINITIONAL_REPRESENTATION('',(#5946),#5950);
#5946 = LINE('',#5947,#5948);
#5947 = CARTESIAN_POINT('',(-0.707106781187,-4.79846054117));
#5948 = VECTOR('',#5949,1.);
#5949 = DIRECTION('',(0.,1.));
#5950 = ( GEOMETRIC_REPRESENTATION_CONTEXT(2) 
PARAMETRIC_REPRESENTATION_CONTEXT() REPRESENTATION_CONTEXT('2D SPACE',''
  ) );
#5951 = ORIENTED_EDGE('',*,*,#4049,.T.);
#5952 = ORIENTED_EDGE('',*,*,#5876,.T.);
#5953 = ORIENTED_EDGE('',*,*,#5954,.F.);
#5954 = EDGE_CURVE('',#5955,#5849,#5957,.T.);
#5955 = VERTEX_POINT('',#5956);
#5956 = CARTESIAN_POINT('',(15.09906231343,-20.86940764386,
    -3.150844244999E-04));
#5957 = SURFACE_CURVE('',#5958,(#5962,#5969),.PCURVE_S1.);
#5958 = LINE('',#5959,#5960);
#5959 = CARTESIAN_POINT('',(15.09906231343,-20.86940764386,
    -3.150844244999E-04));
#5960 = VECTOR('',#5961,1.);
#5961 = DIRECTION('',(1.,0.,0.));
#5962 = PCURVE('',#4065,#5963);
#5963 = DEFINITIONAL_REPRESENTATION('',(#5964),#5968);
#5964 = LINE('',#5965,#5966);
#5965 = CARTESIAN_POINT('',(3.34774116833,-4.1));
#5966 = VECTOR('',#5967,1.);
#5967 = DIRECTION('',(0.,1.));
#5968 = ( GEOMETRIC_REPRESENTATION_CONTEXT(2) 
PARAMETRIC_REPRESENTATION_CONTEXT() REPRESENTATION_CONTEXT('2D SPACE',''
  ) );
#5969 = PCURVE('',#5864,#5970);
#5970 = DEFINITIONAL_REPRESENTATION('',(#5971),#5975);
#5971 = LINE('',#5972,#5973);
#5972 = CARTESIAN_POINT('',(27.34006885219,-15.));
#5973 = VECTOR('',#5974,1.);
#5974 = DIRECTION('',(-1.,0.));
#5975 = ( GEOMETRIC_REPRESENTATION_CONTEXT(2) 
PARAMETRIC_REPRESENTATION_CONTEXT() REPRESENTATION_CONTEXT('2D SPACE',''
  ) );
#5976 = ORIENTED_EDGE('',*,*,#5977,.T.);
#5977 = EDGE_CURVE('',#5955,#5904,#5978,.T.);
#5978 = SURFACE_CURVE('',#5979,(#5984,#5995),.PCURVE_S1.);
#5979 = CIRCLE('',#5980,28.65);
#5980 = AXIS2_PLACEMENT_3D('',#5981,#5982,#5983);
#5981 = CARTESIAN_POINT('',(-9.37686570375E-04,-45.21714881219,
    -3.150844244999E-04));
#5982 = DIRECTION('',(0.,-0.,1.));
#5983 = DIRECTION('',(0.52705061082,0.849833897673,0.));
#5984 = PCURVE('',#4065,#5985);
#5985 = DEFINITIONAL_REPRESENTATION('',(#5986),#5994);
#5986 = ( BOUNDED_CURVE() B_SPLINE_CURVE(2,(#5987,#5988,#5989,#5990,
#5991,#5992,#5993),.UNSPECIFIED.,.T.,.F.) B_SPLINE_CURVE_WITH_KNOTS((1,2
    ,2,2,2,1),(-2.094395102393,0.,2.094395102393,4.188790204786,
6.28318530718,8.377580409573),.UNSPECIFIED.) CURVE() 
GEOMETRIC_REPRESENTATION_ITEM() RATIONAL_B_SPLINE_CURVE((1.,0.5,1.,0.5,
1.,0.5,1.)) REPRESENTATION_ITEM('') );
#5987 = CARTESIAN_POINT('',(3.347741168334,-4.100000000006));
#5988 = CARTESIAN_POINT('',(29.501708362614,-46.27152475309));
#5989 = CARTESIAN_POINT('',(-20.09688698702,-47.83576237654));
#5990 = CARTESIAN_POINT('',(-69.69548233666,-49.39999999998));
#5991 = CARTESIAN_POINT('',(-46.2508541813,-5.664237623452));
#5992 = CARTESIAN_POINT('',(-22.80622602594,38.071524753084));
#5993 = CARTESIAN_POINT('',(3.347741168334,-4.100000000006));
#5994 = ( GEOMETRIC_REPRESENTATION_CONTEXT(2) 
PARAMETRIC_REPRESENTATION_CONTEXT() REPRESENTATION_CONTEXT('2D SPACE',''
  ) );
#5995 = PCURVE('',#5996,#6001);
#5996 = CYLINDRICAL_SURFACE('',#5997,28.65);
#5997 = AXIS2_PLACEMENT_3D('',#5998,#5999,#6000);
#5998 = CARTESIAN_POINT('',(-9.37686570375E-04,-45.21714881219,
    14.999684915576));
#5999 = DIRECTION('',(0.,0.,1.));
#6000 = DIRECTION('',(1.,0.,-0.));
#6001 = DEFINITIONAL_REPRESENTATION('',(#6002),#6006);
#6002 = LINE('',#6003,#6004);
#6003 = CARTESIAN_POINT('',(1.015670059278,-15.));
#6004 = VECTOR('',#6005,1.);
#6005 = DIRECTION('',(1.,0.));
#6006 = ( GEOMETRIC_REPRESENTATION_CONTEXT(2) 
PARAMETRIC_REPRESENTATION_CONTEXT() REPRESENTATION_CONTEXT('2D SPACE',''
  ) );
#6007 = FACE_BOUND('',#6008,.T.);
#6008 = EDGE_LOOP('',(#6009));
#6009 = ORIENTED_EDGE('',*,*,#6010,.T.);
#6010 = EDGE_CURVE('',#6011,#6011,#6013,.T.);
#6011 = VERTEX_POINT('',#6012);
#6012 = CARTESIAN_POINT('',(-11.00093768657,-11.56714881219,
    -3.150844224997E-04));
#6013 = SURFACE_CURVE('',#6014,(#6019,#6030),.PCURVE_S1.);
#6014 = CIRCLE('',#6015,3.15);
#6015 = AXIS2_PLACEMENT_3D('',#6016,#6017,#6018);
#6016 = CARTESIAN_POINT('',(-11.00093768657,-14.71714881219,
    -3.150844244999E-04));
#6017 = DIRECTION('',(0.,0.,1.));
#6018 = DIRECTION('',(1.,0.,-0.));
#6019 = PCURVE('',#4065,#6020);
#6020 = DEFINITIONAL_REPRESENTATION('',(#6021),#6029);
#6021 = ( BOUNDED_CURVE() B_SPLINE_CURVE(2,(#6022,#6023,#6024,#6025,
#6026,#6027,#6028),.UNSPECIFIED.,.T.,.F.) B_SPLINE_CURVE_WITH_KNOTS((1,2
    ,2,2,2,1),(-2.094395102393,0.,2.094395102393,4.188790204786,
6.28318530718,8.377580409573),.UNSPECIFIED.) CURVE() 
GEOMETRIC_REPRESENTATION_ITEM() RATIONAL_B_SPLINE_CURVE((1.,0.5,1.,0.5,
1.,0.5,1.)) REPRESENTATION_ITEM('') );
#6022 = CARTESIAN_POINT('',(9.5,-27.05));
#6023 = CARTESIAN_POINT('',(14.955960043842,-27.05));
#6024 = CARTESIAN_POINT('',(12.227980021921,-31.775));
#6025 = CARTESIAN_POINT('',(9.5,-36.5));
#6026 = CARTESIAN_POINT('',(6.772019978079,-31.775));
#6027 = CARTESIAN_POINT('',(4.044039956158,-27.05));
#6028 = CARTESIAN_POINT('',(9.5,-27.05));
#6029 = ( GEOMETRIC_REPRESENTATION_CONTEXT(2) 
PARAMETRIC_REPRESENTATION_CONTEXT() REPRESENTATION_CONTEXT('2D SPACE',''
  ) );
#6030 = PCURVE('',#6031,#6036);
#6031 = CONICAL_SURFACE('',#6032,2.399999997624,0.785398163397);
#6032 = AXIS2_PLACEMENT_3D('',#6033,#6034,#6035);
#6033 = CARTESIAN_POINT('',(-11.00093768657,-14.71714881219,
    0.749684917956));
#6034 = DIRECTION('',(0.,0.,-1.));
#6035 = DIRECTION('',(0.,-1.,0.));
#6036 = DEFINITIONAL_REPRESENTATION('',(#6037),#6041);
#6037 = LINE('',#6038,#6039);
#6038 = CARTESIAN_POINT('',(4.712388980385,0.750000002378));
#6039 = VECTOR('',#6040,1.);
#6040 = DIRECTION('',(-1.,0.));
#6041 = ( GEOMETRIC_REPRESENTATION_CONTEXT(2) 
PARAMETRIC_REPRESENTATION_CONTEXT() REPRESENTATION_CONTEXT('2D SPACE',''
  ) );
#6042 = FACE_BOUND('',#6043,.T.);
#6043 = EDGE_LOOP('',(#6044));
#6044 = ORIENTED_EDGE('',*,*,#6045,.T.);
#6045 = EDGE_CURVE('',#6046,#6046,#6048,.T.);
#6046 = VERTEX_POINT('',#6047);
#6047 = CARTESIAN_POINT('',(10.99906231343,-11.56714881219,
    -3.150844224997E-04));
#6048 = SURFACE_CURVE('',#6049,(#6054,#6065),.PCURVE_S1.);
#6049 = CIRCLE('',#6050,3.15);
#6050 = AXIS2_PLACEMENT_3D('',#6051,#6052,#6053);
#6051 = CARTESIAN_POINT('',(10.99906231343,-14.71714881219,
    -3.150844244999E-04));
#6052 = DIRECTION('',(0.,0.,1.));
#6053 = DIRECTION('',(1.,0.,-0.));
#6054 = PCURVE('',#4065,#6055);
#6055 = DEFINITIONAL_REPRESENTATION('',(#6056),#6064);
#6056 = ( BOUNDED_CURVE() B_SPLINE_CURVE(2,(#6057,#6058,#6059,#6060,
#6061,#6062,#6063),.UNSPECIFIED.,.T.,.F.) B_SPLINE_CURVE_WITH_KNOTS((1,2
    ,2,2,2,1),(-2.094395102393,0.,2.094395102393,4.188790204786,
6.28318530718,8.377580409573),.UNSPECIFIED.) CURVE() 
GEOMETRIC_REPRESENTATION_ITEM() RATIONAL_B_SPLINE_CURVE((1.,0.5,1.,0.5,
1.,0.5,1.)) REPRESENTATION_ITEM('') );
#6057 = CARTESIAN_POINT('',(9.5,-5.05));
#6058 = CARTESIAN_POINT('',(14.955960043842,-5.05));
#6059 = CARTESIAN_POINT('',(12.227980021921,-9.775));
#6060 = CARTESIAN_POINT('',(9.5,-14.5));
#6061 = CARTESIAN_POINT('',(6.772019978079,-9.775));
#6062 = CARTESIAN_POINT('',(4.044039956158,-5.05));
#6063 = CARTESIAN_POINT('',(9.5,-5.05));
#6064 = ( GEOMETRIC_REPRESENTATION_CONTEXT(2) 
PARAMETRIC_REPRESENTATION_CONTEXT() REPRESENTATION_CONTEXT('2D SPACE',''
  ) );
#6065 = PCURVE('',#6066,#6071);
#6066 = CONICAL_SURFACE('',#6067,2.399999997624,0.785398163397);
#6067 = AXIS2_PLACEMENT_3D('',#6068,#6069,#6070);
#6068 = CARTESIAN_POINT('',(10.99906231343,-14.71714881219,
    0.749684917956));
#6069 = DIRECTION('',(0.,0.,-1.));
#6070 = DIRECTION('',(0.,-1.,0.));
#6071 = DEFINITIONAL_REPRESENTATION('',(#6072),#6076);
#6072 = LINE('',#6073,#6074);
#6073 = CARTESIAN_POINT('',(4.712388980385,0.750000002378));
#6074 = VECTOR('',#6075,1.);
#6075 = DIRECTION('',(-1.,0.));
#6076 = ( GEOMETRIC_REPRESENTATION_CONTEXT(2) 
PARAMETRIC_REPRESENTATION_CONTEXT() REPRESENTATION_CONTEXT('2D SPACE',''
  ) );
#6077 = ADVANCED_FACE('',(#6078),#4093,.T.);
#6078 = FACE_BOUND('',#6079,.T.);
#6079 = EDGE_LOOP('',(#6080,#6103,#6104,#6105,#6128,#6156,#6179));
#6080 = ORIENTED_EDGE('',*,*,#6081,.F.);
#6081 = EDGE_CURVE('',#4078,#6082,#6084,.T.);
#6082 = VERTEX_POINT('',#6083);
#6083 = CARTESIAN_POINT('',(-18.19979724686,-4.217628596664,0.));
#6084 = SURFACE_CURVE('',#6085,(#6089,#6096),.PCURVE_S1.);
#6085 = LINE('',#6086,#6087);
#6086 = CARTESIAN_POINT('',(-16.19092729526,-1.158687769444,
    -2.008869951599));
#6087 = VECTOR('',#6088,1.);
#6088 = DIRECTION('',(-0.481199433327,-0.732730653604,0.481199433327));
#6089 = PCURVE('',#4093,#6090);
#6090 = DEFINITIONAL_REPRESENTATION('',(#6091),#6095);
#6091 = LINE('',#6092,#6093);
#6092 = CARTESIAN_POINT('',(-3.547632315119,14.912259333246));
#6093 = VECTOR('',#6094,1.);
#6094 = DIRECTION('',(0.680518764817,-0.732730653604));
#6095 = ( GEOMETRIC_REPRESENTATION_CONTEXT(2) 
PARAMETRIC_REPRESENTATION_CONTEXT() REPRESENTATION_CONTEXT('2D SPACE',''
  ) );
#6096 = PCURVE('',#4121,#6097);
#6097 = DEFINITIONAL_REPRESENTATION('',(#6098),#6102);
#6098 = LINE('',#6099,#6100);
#6099 = CARTESIAN_POINT('',(34.38998960869,3.659026729126));
#6100 = VECTOR('',#6101,1.);
#6101 = DIRECTION('',(0.481199433327,-0.876611148324));
#6102 = ( GEOMETRIC_REPRESENTATION_CONTEXT(2) 
PARAMETRIC_REPRESENTATION_CONTEXT() REPRESENTATION_CONTEXT('2D SPACE',''
  ) );
#6103 = ORIENTED_EDGE('',*,*,#4077,.T.);
#6104 = ORIENTED_EDGE('',*,*,#5931,.F.);
#6105 = ORIENTED_EDGE('',*,*,#6106,.F.);
#6106 = EDGE_CURVE('',#6107,#5902,#6109,.T.);
#6107 = VERTEX_POINT('',#6108);
#6108 = CARTESIAN_POINT('',(-19.19948216244,-20.86940764386,
    0.999684915576));
#6109 = SURFACE_CURVE('',#6110,(#6114,#6121),.PCURVE_S1.);
#6110 = LINE('',#6111,#6112);
#6111 = CARTESIAN_POINT('',(-19.19948216244,-20.86940764386,
    0.999684915576));
#6112 = VECTOR('',#6113,1.);
#6113 = DIRECTION('',(0.707106781187,0.,-0.707106781187));
#6114 = PCURVE('',#4093,#6115);
#6115 = DEFINITIONAL_REPRESENTATION('',(#6116),#6120);
#6116 = LINE('',#6117,#6118);
#6117 = CARTESIAN_POINT('',(0.707106781187,-4.79846054117));
#6118 = VECTOR('',#6119,1.);
#6119 = DIRECTION('',(-1.,0.));
#6120 = ( GEOMETRIC_REPRESENTATION_CONTEXT(2) 
PARAMETRIC_REPRESENTATION_CONTEXT() REPRESENTATION_CONTEXT('2D SPACE',''
  ) );
#6121 = PCURVE('',#5919,#6122);
#6122 = DEFINITIONAL_REPRESENTATION('',(#6123),#6127);
#6123 = LINE('',#6124,#6125);
#6124 = CARTESIAN_POINT('',(61.63861332806,-14.));
#6125 = VECTOR('',#6126,1.);
#6126 = DIRECTION('',(-0.707106781187,-0.707106781187));
#6127 = ( GEOMETRIC_REPRESENTATION_CONTEXT(2) 
PARAMETRIC_REPRESENTATION_CONTEXT() REPRESENTATION_CONTEXT('2D SPACE',''
  ) );
#6128 = ORIENTED_EDGE('',*,*,#6129,.T.);
#6129 = EDGE_CURVE('',#6107,#6130,#6132,.T.);
#6130 = VERTEX_POINT('',#6131);
#6131 = CARTESIAN_POINT('',(-19.19948216244,-20.869,0.999684915576));
#6132 = SURFACE_CURVE('',#6133,(#6137,#6144),.PCURVE_S1.);
#6133 = LINE('',#6134,#6135);
#6134 = CARTESIAN_POINT('',(-19.19948216244,-20.86940764386,
    0.999684915576));
#6135 = VECTOR('',#6136,1.);
#6136 = DIRECTION('',(0.,1.,0.));
#6137 = PCURVE('',#4093,#6138);
#6138 = DEFINITIONAL_REPRESENTATION('',(#6139),#6143);
#6139 = LINE('',#6140,#6141);
#6140 = CARTESIAN_POINT('',(0.707106781187,-4.79846054117));
#6141 = VECTOR('',#6142,1.);
#6142 = DIRECTION('',(0.,1.));
#6143 = ( GEOMETRIC_REPRESENTATION_CONTEXT(2) 
PARAMETRIC_REPRESENTATION_CONTEXT() REPRESENTATION_CONTEXT('2D SPACE',''
  ) );
#6144 = PCURVE('',#6145,#6150);
#6145 = PLANE('',#6146);
#6146 = AXIS2_PLACEMENT_3D('',#6147,#6148,#6149);
#6147 = CARTESIAN_POINT('',(-19.19948216244,28.630405450773,
    -11.35436862383));
#6148 = DIRECTION('',(-1.,0.,0.));
#6149 = DIRECTION('',(0.,0.96592663781,0.258816016447));
#6150 = DEFINITIONAL_REPRESENTATION('',(#6151),#6155);
#6151 = LINE('',#6152,#6153);
#6152 = CARTESIAN_POINT('',(-44.61576111067,-24.74445383866));
#6153 = VECTOR('',#6154,1.);
#6154 = DIRECTION('',(0.96592663781,0.258816016447));
#6155 = ( GEOMETRIC_REPRESENTATION_CONTEXT(2) 
PARAMETRIC_REPRESENTATION_CONTEXT() REPRESENTATION_CONTEXT('2D SPACE',''
  ) );
#6156 = ORIENTED_EDGE('',*,*,#6157,.T.);
#6157 = EDGE_CURVE('',#6130,#6158,#6160,.T.);
#6158 = VERTEX_POINT('',#6159);
#6159 = CARTESIAN_POINT('',(-18.19979724686,-20.869,0.));
#6160 = SURFACE_CURVE('',#6161,(#6165,#6172),.PCURVE_S1.);
#6161 = LINE('',#6162,#6163);
#6162 = CARTESIAN_POINT('',(-21.66219039293,-20.869,3.462393146072));
#6163 = VECTOR('',#6164,1.);
#6164 = DIRECTION('',(0.707106781186,0.,-0.707106781187));
#6165 = PCURVE('',#4093,#6166);
#6166 = DEFINITIONAL_REPRESENTATION('',(#6167),#6171);
#6167 = LINE('',#6168,#6169);
#6168 = CARTESIAN_POINT('',(4.189902160918,-4.79805289731));
#6169 = VECTOR('',#6170,1.);
#6170 = DIRECTION('',(-1.,0.));
#6171 = ( GEOMETRIC_REPRESENTATION_CONTEXT(2) 
PARAMETRIC_REPRESENTATION_CONTEXT() REPRESENTATION_CONTEXT('2D SPACE',''
  ) );
#6172 = PCURVE('',#4506,#6173);
#6173 = DEFINITIONAL_REPRESENTATION('',(#6174),#6178);
#6174 = LINE('',#6175,#6176);
#6175 = CARTESIAN_POINT('',(3.462393146072,9.38780960707));
#6176 = VECTOR('',#6177,1.);
#6177 = DIRECTION('',(-0.707106781187,0.707106781186));
#6178 = ( GEOMETRIC_REPRESENTATION_CONTEXT(2) 
PARAMETRIC_REPRESENTATION_CONTEXT() REPRESENTATION_CONTEXT('2D SPACE',''
  ) );
#6179 = ORIENTED_EDGE('',*,*,#6180,.T.);
#6180 = EDGE_CURVE('',#6158,#6082,#6181,.T.);
#6181 = SURFACE_CURVE('',#6182,(#6186,#6193),.PCURVE_S1.);
#6182 = LINE('',#6183,#6184);
#6183 = CARTESIAN_POINT('',(-18.19979724686,-18.46997355134,0.));
#6184 = VECTOR('',#6185,1.);
#6185 = DIRECTION('',(0.,1.,-0.));
#6186 = PCURVE('',#4093,#6187);
#6187 = DEFINITIONAL_REPRESENTATION('',(#6188),#6192);
#6188 = LINE('',#6189,#6190);
#6189 = CARTESIAN_POINT('',(-0.706661184524,-2.39902644865));
#6190 = VECTOR('',#6191,1.);
#6191 = DIRECTION('',(0.,1.));
#6192 = ( GEOMETRIC_REPRESENTATION_CONTEXT(2) 
PARAMETRIC_REPRESENTATION_CONTEXT() REPRESENTATION_CONTEXT('2D SPACE',''
  ) );
#6193 = PCURVE('',#4177,#6194);
#6194 = DEFINITIONAL_REPRESENTATION('',(#6195),#6199);
#6195 = LINE('',#6196,#6197);
#6196 = CARTESIAN_POINT('',(12.85020275314,2.39902644866));
#6197 = VECTOR('',#6198,1.);
#6198 = DIRECTION('',(0.,1.));
#6199 = ( GEOMETRIC_REPRESENTATION_CONTEXT(2) 
PARAMETRIC_REPRESENTATION_CONTEXT() REPRESENTATION_CONTEXT('2D SPACE',''
  ) );
#6200 = ADVANCED_FACE('',(#6201),#4121,.T.);
#6201 = FACE_BOUND('',#6202,.T.);
#6202 = EDGE_LOOP('',(#6203,#6226,#6227,#6228));
#6203 = ORIENTED_EDGE('',*,*,#6204,.F.);
#6204 = EDGE_CURVE('',#4106,#6205,#6207,.T.);
#6205 = VERTEX_POINT('',#6206);
#6206 = CARTESIAN_POINT('',(-19.19948216244,-4.217628596664,0.));
#6207 = SURFACE_CURVE('',#6208,(#6212,#6219),.PCURVE_S1.);
#6208 = LINE('',#6209,#6210);
#6209 = CARTESIAN_POINT('',(-19.19948216244,9.862533761086,
    -9.246734955584));
#6210 = VECTOR('',#6211,1.);
#6211 = DIRECTION('',(0.,-0.835867368337,0.548931455238));
#6212 = PCURVE('',#4121,#6213);
#6213 = DEFINITIONAL_REPRESENTATION('',(#6214),#6218);
#6214 = LINE('',#6215,#6216);
#6215 = CARTESIAN_POINT('',(37.39854447587,16.844397935161));
#6216 = VECTOR('',#6217,1.);
#6217 = DIRECTION('',(0.,-1.));
#6218 = ( GEOMETRIC_REPRESENTATION_CONTEXT(2) 
PARAMETRIC_REPRESENTATION_CONTEXT() REPRESENTATION_CONTEXT('2D SPACE',''
  ) );
#6219 = PCURVE('',#4149,#6220);
#6220 = DEFINITIONAL_REPRESENTATION('',(#6221),#6225);
#6221 = LINE('',#6222,#6223);
#6222 = CARTESIAN_POINT('',(-17.58289784992,-6.893245290816));
#6223 = VECTOR('',#6224,1.);
#6224 = DIRECTION('',(-0.665314304205,-0.746563377497));
#6225 = ( GEOMETRIC_REPRESENTATION_CONTEXT(2) 
PARAMETRIC_REPRESENTATION_CONTEXT() REPRESENTATION_CONTEXT('2D SPACE',''
  ) );
#6226 = ORIENTED_EDGE('',*,*,#4105,.T.);
#6227 = ORIENTED_EDGE('',*,*,#6081,.T.);
#6228 = ORIENTED_EDGE('',*,*,#6229,.T.);
#6229 = EDGE_CURVE('',#6082,#6205,#6230,.T.);
#6230 = SURFACE_CURVE('',#6231,(#6235,#6242),.PCURVE_S1.);
#6231 = LINE('',#6232,#6233);
#6232 = CARTESIAN_POINT('',(-6.425468843285,-4.217628596664,
    5.421010862428E-20));
#6233 = VECTOR('',#6234,1.);
#6234 = DIRECTION('',(-1.,-0.,0.));
#6235 = PCURVE('',#4121,#6236);
#6236 = DEFINITIONAL_REPRESENTATION('',(#6237),#6241);
#6237 = LINE('',#6238,#6239);
#6238 = CARTESIAN_POINT('',(24.624531156715,-5.739959356434E-04));
#6239 = VECTOR('',#6240,1.);
#6240 = DIRECTION('',(1.,0.));
#6241 = ( GEOMETRIC_REPRESENTATION_CONTEXT(2) 
PARAMETRIC_REPRESENTATION_CONTEXT() REPRESENTATION_CONTEXT('2D SPACE',''
  ) );
#6242 = PCURVE('',#4177,#6243);
#6243 = DEFINITIONAL_REPRESENTATION('',(#6244),#6248);
#6244 = LINE('',#6245,#6246);
#6245 = CARTESIAN_POINT('',(24.624531156715,16.651371403336));
#6246 = VECTOR('',#6247,1.);
#6247 = DIRECTION('',(-1.,0.));
#6248 = ( GEOMETRIC_REPRESENTATION_CONTEXT(2) 
PARAMETRIC_REPRESENTATION_CONTEXT() REPRESENTATION_CONTEXT('2D SPACE',''
  ) );
#6249 = ADVANCED_FACE('',(#6250),#4149,.T.);
#6250 = FACE_BOUND('',#6251,.T.);
#6251 = EDGE_LOOP('',(#6252,#6273,#6274));
#6252 = ORIENTED_EDGE('',*,*,#6253,.T.);
#6253 = EDGE_CURVE('',#6205,#4134,#6254,.T.);
#6254 = SURFACE_CURVE('',#6255,(#6259,#6266),.PCURVE_S1.);
#6255 = LINE('',#6256,#6257);
#6256 = CARTESIAN_POINT('',(-19.19948216244,3.880702725387,0.));
#6257 = VECTOR('',#6258,1.);
#6258 = DIRECTION('',(0.,1.,-0.));
#6259 = PCURVE('',#4149,#6260);
#6260 = DEFINITIONAL_REPRESENTATION('',(#6261),#6265);
#6261 = LINE('',#6262,#6263);
#6262 = CARTESIAN_POINT('',(-20.96770468383,-17.3731065769));
#6263 = VECTOR('',#6264,1.);
#6264 = DIRECTION('',(0.96592663781,0.258816016447));
#6265 = ( GEOMETRIC_REPRESENTATION_CONTEXT(2) 
PARAMETRIC_REPRESENTATION_CONTEXT() REPRESENTATION_CONTEXT('2D SPACE',''
  ) );
#6266 = PCURVE('',#4177,#6267);
#6267 = DEFINITIONAL_REPRESENTATION('',(#6268),#6272);
#6268 = LINE('',#6269,#6270);
#6269 = CARTESIAN_POINT('',(11.85051783756,24.749702725387));
#6270 = VECTOR('',#6271,1.);
#6271 = DIRECTION('',(0.,1.));
#6272 = ( GEOMETRIC_REPRESENTATION_CONTEXT(2) 
PARAMETRIC_REPRESENTATION_CONTEXT() REPRESENTATION_CONTEXT('2D SPACE',''
  ) );
#6273 = ORIENTED_EDGE('',*,*,#4133,.T.);
#6274 = ORIENTED_EDGE('',*,*,#6204,.T.);
#6275 = ADVANCED_FACE('',(#6276),#4177,.F.);
#6276 = FACE_BOUND('',#6277,.F.);
#6277 = EDGE_LOOP('',(#6278,#6279,#6280,#6301,#6302,#6303));
#6278 = ORIENTED_EDGE('',*,*,#4161,.F.);
#6279 = ORIENTED_EDGE('',*,*,#4518,.F.);
#6280 = ORIENTED_EDGE('',*,*,#6281,.T.);
#6281 = EDGE_CURVE('',#4491,#6158,#6282,.T.);
#6282 = SURFACE_CURVE('',#6283,(#6287,#6294),.PCURVE_S1.);
#6283 = LINE('',#6284,#6285);
#6284 = CARTESIAN_POINT('',(-31.05,-20.869,0.));
#6285 = VECTOR('',#6286,1.);
#6286 = DIRECTION('',(1.,0.,-0.));
#6287 = PCURVE('',#4177,#6288);
#6288 = DEFINITIONAL_REPRESENTATION('',(#6289),#6293);
#6289 = LINE('',#6290,#6291);
#6290 = CARTESIAN_POINT('',(0.,0.));
#6291 = VECTOR('',#6292,1.);
#6292 = DIRECTION('',(1.,0.));
#6293 = ( GEOMETRIC_REPRESENTATION_CONTEXT(2) 
PARAMETRIC_REPRESENTATION_CONTEXT() REPRESENTATION_CONTEXT('2D SPACE',''
  ) );
#6294 = PCURVE('',#4506,#6295);
#6295 = DEFINITIONAL_REPRESENTATION('',(#6296),#6300);
#6296 = LINE('',#6297,#6298);
#6297 = CARTESIAN_POINT('',(0.,0.));
#6298 = VECTOR('',#6299,1.);
#6299 = DIRECTION('',(0.,1.));
#6300 = ( GEOMETRIC_REPRESENTATION_CONTEXT(2) 
PARAMETRIC_REPRESENTATION_CONTEXT() REPRESENTATION_CONTEXT('2D SPACE',''
  ) );
#6301 = ORIENTED_EDGE('',*,*,#6180,.T.);
#6302 = ORIENTED_EDGE('',*,*,#6229,.T.);
#6303 = ORIENTED_EDGE('',*,*,#6253,.T.);
#6304 = ADVANCED_FACE('',(#6305),#4272,.T.);
#6305 = FACE_BOUND('',#6306,.T.);
#6306 = EDGE_LOOP('',(#6307,#6308,#6309));
#6307 = ORIENTED_EDGE('',*,*,#4256,.T.);
#6308 = ORIENTED_EDGE('',*,*,#5565,.F.);
#6309 = ORIENTED_EDGE('',*,*,#5273,.T.);
#6310 = ADVANCED_FACE('',(#6311),#4323,.F.);
#6311 = FACE_BOUND('',#6312,.F.);
#6312 = EDGE_LOOP('',(#6313,#6314,#6315));
#6313 = ORIENTED_EDGE('',*,*,#4307,.T.);
#6314 = ORIENTED_EDGE('',*,*,#5607,.F.);
#6315 = ORIENTED_EDGE('',*,*,#5246,.T.);
#6316 = ADVANCED_FACE('',(#6317),#4506,.F.);
#6317 = FACE_BOUND('',#6318,.F.);
#6318 = EDGE_LOOP('',(#6319,#6320,#6321,#6344,#6372,#6400,#6421));
#6319 = ORIENTED_EDGE('',*,*,#6281,.F.);
#6320 = ORIENTED_EDGE('',*,*,#4490,.T.);
#6321 = ORIENTED_EDGE('',*,*,#6322,.T.);
#6322 = EDGE_CURVE('',#4463,#6323,#6325,.T.);
#6323 = VERTEX_POINT('',#6324);
#6324 = CARTESIAN_POINT('',(-18.,-20.869,2.8));
#6325 = SURFACE_CURVE('',#6326,(#6330,#6337),.PCURVE_S1.);
#6326 = LINE('',#6327,#6328);
#6327 = CARTESIAN_POINT('',(-31.05,-20.869,2.8));
#6328 = VECTOR('',#6329,1.);
#6329 = DIRECTION('',(1.,0.,-0.));
#6330 = PCURVE('',#4506,#6331);
#6331 = DEFINITIONAL_REPRESENTATION('',(#6332),#6336);
#6332 = LINE('',#6333,#6334);
#6333 = CARTESIAN_POINT('',(2.8,0.));
#6334 = VECTOR('',#6335,1.);
#6335 = DIRECTION('',(0.,1.));
#6336 = ( GEOMETRIC_REPRESENTATION_CONTEXT(2) 
PARAMETRIC_REPRESENTATION_CONTEXT() REPRESENTATION_CONTEXT('2D SPACE',''
  ) );
#6337 = PCURVE('',#4478,#6338);
#6338 = DEFINITIONAL_REPRESENTATION('',(#6339),#6343);
#6339 = LINE('',#6340,#6341);
#6340 = CARTESIAN_POINT('',(0.,0.));
#6341 = VECTOR('',#6342,1.);
#6342 = DIRECTION('',(1.,0.));
#6343 = ( GEOMETRIC_REPRESENTATION_CONTEXT(2) 
PARAMETRIC_REPRESENTATION_CONTEXT() REPRESENTATION_CONTEXT('2D SPACE',''
  ) );
#6344 = ORIENTED_EDGE('',*,*,#6345,.F.);
#6345 = EDGE_CURVE('',#6346,#6323,#6348,.T.);
#6346 = VERTEX_POINT('',#6347);
#6347 = CARTESIAN_POINT('',(-18.,-20.869,2.799684915576));
#6348 = SURFACE_CURVE('',#6349,(#6353,#6360),.PCURVE_S1.);
#6349 = LINE('',#6350,#6351);
#6350 = CARTESIAN_POINT('',(-18.,-20.869,0.));
#6351 = VECTOR('',#6352,1.);
#6352 = DIRECTION('',(0.,0.,1.));
#6353 = PCURVE('',#4506,#6354);
#6354 = DEFINITIONAL_REPRESENTATION('',(#6355),#6359);
#6355 = LINE('',#6356,#6357);
#6356 = CARTESIAN_POINT('',(0.,13.05));
#6357 = VECTOR('',#6358,1.);
#6358 = DIRECTION('',(1.,0.));
#6359 = ( GEOMETRIC_REPRESENTATION_CONTEXT(2) 
PARAMETRIC_REPRESENTATION_CONTEXT() REPRESENTATION_CONTEXT('2D SPACE',''
  ) );
#6360 = PCURVE('',#6361,#6366);
#6361 = PLANE('',#6362);
#6362 = AXIS2_PLACEMENT_3D('',#6363,#6364,#6365);
#6363 = CARTESIAN_POINT('',(-18.,-20.869,0.));
#6364 = DIRECTION('',(1.,0.,-0.));
#6365 = DIRECTION('',(0.,0.,1.));
#6366 = DEFINITIONAL_REPRESENTATION('',(#6367),#6371);
#6367 = LINE('',#6368,#6369);
#6368 = CARTESIAN_POINT('',(0.,0.));
#6369 = VECTOR('',#6370,1.);
#6370 = DIRECTION('',(1.,0.));
#6371 = ( GEOMETRIC_REPRESENTATION_CONTEXT(2) 
PARAMETRIC_REPRESENTATION_CONTEXT() REPRESENTATION_CONTEXT('2D SPACE',''
  ) );
#6372 = ORIENTED_EDGE('',*,*,#6373,.T.);
#6373 = EDGE_CURVE('',#6346,#6374,#6376,.T.);
#6374 = VERTEX_POINT('',#6375);
#6375 = CARTESIAN_POINT('',(-19.19948216244,-20.869,2.799684915576));
#6376 = SURFACE_CURVE('',#6377,(#6381,#6388),.PCURVE_S1.);
#6377 = LINE('',#6378,#6379);
#6378 = CARTESIAN_POINT('',(-5.925468843285,-20.869,2.799684915576));
#6379 = VECTOR('',#6380,1.);
#6380 = DIRECTION('',(-1.,-0.,0.));
#6381 = PCURVE('',#4506,#6382);
#6382 = DEFINITIONAL_REPRESENTATION('',(#6383),#6387);
#6383 = LINE('',#6384,#6385);
#6384 = CARTESIAN_POINT('',(2.799684915576,25.124531156715));
#6385 = VECTOR('',#6386,1.);
#6386 = DIRECTION('',(0.,-1.));
#6387 = ( GEOMETRIC_REPRESENTATION_CONTEXT(2) 
PARAMETRIC_REPRESENTATION_CONTEXT() REPRESENTATION_CONTEXT('2D SPACE',''
  ) );
#6388 = PCURVE('',#6389,#6394);
#6389 = PLANE('',#6390);
#6390 = AXIS2_PLACEMENT_3D('',#6391,#6392,#6393);
#6391 = CARTESIAN_POINT('',(19.19906231343,-21.82704313407,
    2.799684915576));
#6392 = DIRECTION('',(0.,0.,1.));
#6393 = DIRECTION('',(1.,0.,-0.));
#6394 = DEFINITIONAL_REPRESENTATION('',(#6395),#6399);
#6395 = LINE('',#6396,#6397);
#6396 = CARTESIAN_POINT('',(-25.12453115671,0.95804313407));
#6397 = VECTOR('',#6398,1.);
#6398 = DIRECTION('',(-1.,0.));
#6399 = ( GEOMETRIC_REPRESENTATION_CONTEXT(2) 
PARAMETRIC_REPRESENTATION_CONTEXT() REPRESENTATION_CONTEXT('2D SPACE',''
  ) );
#6400 = ORIENTED_EDGE('',*,*,#6401,.T.);
#6401 = EDGE_CURVE('',#6374,#6130,#6402,.T.);
#6402 = SURFACE_CURVE('',#6403,(#6407,#6414),.PCURVE_S1.);
#6403 = LINE('',#6404,#6405);
#6404 = CARTESIAN_POINT('',(-19.19948216244,-20.869,-5.677184311918));
#6405 = VECTOR('',#6406,1.);
#6406 = DIRECTION('',(0.,0.,-1.));
#6407 = PCURVE('',#4506,#6408);
#6408 = DEFINITIONAL_REPRESENTATION('',(#6409),#6413);
#6409 = LINE('',#6410,#6411);
#6410 = CARTESIAN_POINT('',(-5.677184311918,11.85051783756));
#6411 = VECTOR('',#6412,1.);
#6412 = DIRECTION('',(-1.,0.));
#6413 = ( GEOMETRIC_REPRESENTATION_CONTEXT(2) 
PARAMETRIC_REPRESENTATION_CONTEXT() REPRESENTATION_CONTEXT('2D SPACE',''
  ) );
#6414 = PCURVE('',#6145,#6415);
#6415 = DEFINITIONAL_REPRESENTATION('',(#6416),#6420);
#6416 = LINE('',#6417,#6418);
#6417 = CARTESIAN_POINT('',(-46.3434480524,-18.29498248989));
#6418 = VECTOR('',#6419,1.);
#6419 = DIRECTION('',(-0.258816016447,0.96592663781));
#6420 = ( GEOMETRIC_REPRESENTATION_CONTEXT(2) 
PARAMETRIC_REPRESENTATION_CONTEXT() REPRESENTATION_CONTEXT('2D SPACE',''
  ) );
#6421 = ORIENTED_EDGE('',*,*,#6157,.T.);
#6422 = ADVANCED_FACE('',(#6423),#4478,.T.);
#6423 = FACE_BOUND('',#6424,.T.);
#6424 = EDGE_LOOP('',(#6425,#6426,#6427,#6450,#6471,#6472));
#6425 = ORIENTED_EDGE('',*,*,#4462,.F.);
#6426 = ORIENTED_EDGE('',*,*,#6322,.T.);
#6427 = ORIENTED_EDGE('',*,*,#6428,.T.);
#6428 = EDGE_CURVE('',#6323,#6429,#6431,.T.);
#6429 = VERTEX_POINT('',#6430);
#6430 = CARTESIAN_POINT('',(-18.,-10.71714881219,2.8));
#6431 = SURFACE_CURVE('',#6432,(#6436,#6443),.PCURVE_S1.);
#6432 = LINE('',#6433,#6434);
#6433 = CARTESIAN_POINT('',(-18.,-20.869,2.8));
#6434 = VECTOR('',#6435,1.);
#6435 = DIRECTION('',(-0.,1.,0.));
#6436 = PCURVE('',#4478,#6437);
#6437 = DEFINITIONAL_REPRESENTATION('',(#6438),#6442);
#6438 = LINE('',#6439,#6440);
#6439 = CARTESIAN_POINT('',(13.05,0.));
#6440 = VECTOR('',#6441,1.);
#6441 = DIRECTION('',(0.,1.));
#6442 = ( GEOMETRIC_REPRESENTATION_CONTEXT(2) 
PARAMETRIC_REPRESENTATION_CONTEXT() REPRESENTATION_CONTEXT('2D SPACE',''
  ) );
#6443 = PCURVE('',#6361,#6444);
#6444 = DEFINITIONAL_REPRESENTATION('',(#6445),#6449);
#6445 = LINE('',#6446,#6447);
#6446 = CARTESIAN_POINT('',(2.8,0.));
#6447 = VECTOR('',#6448,1.);
#6448 = DIRECTION('',(0.,-1.));
#6449 = ( GEOMETRIC_REPRESENTATION_CONTEXT(2) 
PARAMETRIC_REPRESENTATION_CONTEXT() REPRESENTATION_CONTEXT('2D SPACE',''
  ) );
#6450 = ORIENTED_EDGE('',*,*,#6451,.F.);
#6451 = EDGE_CURVE('',#4641,#6429,#6452,.T.);
#6452 = SURFACE_CURVE('',#6453,(#6457,#6464),.PCURVE_S1.);
#6453 = LINE('',#6454,#6455);
#6454 = CARTESIAN_POINT('',(-7.975468843285,-10.71714881219,2.8));
#6455 = VECTOR('',#6456,1.);
#6456 = DIRECTION('',(1.,0.,0.));
#6457 = PCURVE('',#4478,#6458);
#6458 = DEFINITIONAL_REPRESENTATION('',(#6459),#6463);
#6459 = LINE('',#6460,#6461);
#6460 = CARTESIAN_POINT('',(23.074531156715,10.15185118781));
#6461 = VECTOR('',#6462,1.);
#6462 = DIRECTION('',(1.,0.));
#6463 = ( GEOMETRIC_REPRESENTATION_CONTEXT(2) 
PARAMETRIC_REPRESENTATION_CONTEXT() REPRESENTATION_CONTEXT('2D SPACE',''
  ) );
#6464 = PCURVE('',#4679,#6465);
#6465 = DEFINITIONAL_REPRESENTATION('',(#6466),#6470);
#6466 = LINE('',#6467,#6468);
#6467 = CARTESIAN_POINT('',(23.074531156715,-12.19968491557));
#6468 = VECTOR('',#6469,1.);
#6469 = DIRECTION('',(-1.,0.));
#6470 = ( GEOMETRIC_REPRESENTATION_CONTEXT(2) 
PARAMETRIC_REPRESENTATION_CONTEXT() REPRESENTATION_CONTEXT('2D SPACE',''
  ) );
#6471 = ORIENTED_EDGE('',*,*,#4640,.T.);
#6472 = ORIENTED_EDGE('',*,*,#6473,.T.);
#6473 = EDGE_CURVE('',#4618,#4435,#6474,.T.);
#6474 = SURFACE_CURVE('',#6475,(#6479,#6486),.PCURVE_S1.);
#6475 = LINE('',#6476,#6477);
#6476 = CARTESIAN_POINT('',(-31.05,-10.717,2.8));
#6477 = VECTOR('',#6478,1.);
#6478 = DIRECTION('',(-1.,-0.,0.));
#6479 = PCURVE('',#4478,#6480);
#6480 = DEFINITIONAL_REPRESENTATION('',(#6481),#6485);
#6481 = LINE('',#6482,#6483);
#6482 = CARTESIAN_POINT('',(0.,10.152));
#6483 = VECTOR('',#6484,1.);
#6484 = DIRECTION('',(-1.,0.));
#6485 = ( GEOMETRIC_REPRESENTATION_CONTEXT(2) 
PARAMETRIC_REPRESENTATION_CONTEXT() REPRESENTATION_CONTEXT('2D SPACE',''
  ) );
#6486 = PCURVE('',#4450,#6487);
#6487 = DEFINITIONAL_REPRESENTATION('',(#6488),#6492);
#6488 = LINE('',#6489,#6490);
#6489 = CARTESIAN_POINT('',(1.E-01,0.));
#6490 = VECTOR('',#6491,1.);
#6491 = DIRECTION('',(0.,-1.));
#6492 = ( GEOMETRIC_REPRESENTATION_CONTEXT(2) 
PARAMETRIC_REPRESENTATION_CONTEXT() REPRESENTATION_CONTEXT('2D SPACE',''
  ) );
#6493 = ADVANCED_FACE('',(#6494),#4450,.F.);
#6494 = FACE_BOUND('',#6495,.F.);
#6495 = EDGE_LOOP('',(#6496,#6497,#6498,#6519));
#6496 = ORIENTED_EDGE('',*,*,#6473,.T.);
#6497 = ORIENTED_EDGE('',*,*,#4434,.T.);
#6498 = ORIENTED_EDGE('',*,*,#6499,.F.);
#6499 = EDGE_CURVE('',#4595,#4407,#6500,.T.);
#6500 = SURFACE_CURVE('',#6501,(#6505,#6512),.PCURVE_S1.);
#6501 = LINE('',#6502,#6503);
#6502 = CARTESIAN_POINT('',(-31.05,-10.717,23.2));
#6503 = VECTOR('',#6504,1.);
#6504 = DIRECTION('',(-1.,-0.,0.));
#6505 = PCURVE('',#4450,#6506);
#6506 = DEFINITIONAL_REPRESENTATION('',(#6507),#6511);
#6507 = LINE('',#6508,#6509);
#6508 = CARTESIAN_POINT('',(20.5,0.));
#6509 = VECTOR('',#6510,1.);
#6510 = DIRECTION('',(0.,-1.));
#6511 = ( GEOMETRIC_REPRESENTATION_CONTEXT(2) 
PARAMETRIC_REPRESENTATION_CONTEXT() REPRESENTATION_CONTEXT('2D SPACE',''
  ) );
#6512 = PCURVE('',#4422,#6513);
#6513 = DEFINITIONAL_REPRESENTATION('',(#6514),#6518);
#6514 = LINE('',#6515,#6516);
#6515 = CARTESIAN_POINT('',(0.,10.152));
#6516 = VECTOR('',#6517,1.);
#6517 = DIRECTION('',(-1.,0.));
#6518 = ( GEOMETRIC_REPRESENTATION_CONTEXT(2) 
PARAMETRIC_REPRESENTATION_CONTEXT() REPRESENTATION_CONTEXT('2D SPACE',''
  ) );
#6519 = ORIENTED_EDGE('',*,*,#4617,.T.);
#6520 = ADVANCED_FACE('',(#6521),#4422,.F.);
#6521 = FACE_BOUND('',#6522,.F.);
#6522 = EDGE_LOOP('',(#6523,#6524,#6525,#6526));
#6523 = ORIENTED_EDGE('',*,*,#4406,.F.);
#6524 = ORIENTED_EDGE('',*,*,#4543,.T.);
#6525 = ORIENTED_EDGE('',*,*,#4594,.T.);
#6526 = ORIENTED_EDGE('',*,*,#6499,.T.);
#6527 = ADVANCED_FACE('',(#6528),#4679,.F.);
#6528 = FACE_BOUND('',#6529,.F.);
#6529 = EDGE_LOOP('',(#6530,#6551,#6552,#6575,#6603,#6626,#6647,#6648));
#6530 = ORIENTED_EDGE('',*,*,#6531,.F.);
#6531 = EDGE_CURVE('',#5004,#4664,#6532,.T.);
#6532 = SURFACE_CURVE('',#6533,(#6537,#6544),.PCURVE_S1.);
#6533 = LINE('',#6534,#6535);
#6534 = CARTESIAN_POINT('',(-15.10093768657,-10.71714881219,
    23.199684915575));
#6535 = VECTOR('',#6536,1.);
#6536 = DIRECTION('',(-1.,0.,0.));
#6537 = PCURVE('',#4679,#6538);
#6538 = DEFINITIONAL_REPRESENTATION('',(#6539),#6543);
#6539 = LINE('',#6540,#6541);
#6540 = CARTESIAN_POINT('',(30.2,8.199999999999));
#6541 = VECTOR('',#6542,1.);
#6542 = DIRECTION('',(1.,0.));
#6543 = ( GEOMETRIC_REPRESENTATION_CONTEXT(2) 
PARAMETRIC_REPRESENTATION_CONTEXT() REPRESENTATION_CONTEXT('2D SPACE',''
  ) );
#6544 = PCURVE('',#4707,#6545);
#6545 = DEFINITIONAL_REPRESENTATION('',(#6546),#6550);
#6546 = LINE('',#6547,#6548);
#6547 = CARTESIAN_POINT('',(-34.3,11.10989432188));
#6548 = VECTOR('',#6549,1.);
#6549 = DIRECTION('',(-1.,0.));
#6550 = ( GEOMETRIC_REPRESENTATION_CONTEXT(2) 
PARAMETRIC_REPRESENTATION_CONTEXT() REPRESENTATION_CONTEXT('2D SPACE',''
  ) );
#6551 = ORIENTED_EDGE('',*,*,#5003,.T.);
#6552 = ORIENTED_EDGE('',*,*,#6553,.F.);
#6553 = EDGE_CURVE('',#6554,#4976,#6556,.T.);
#6554 = VERTEX_POINT('',#6555);
#6555 = CARTESIAN_POINT('',(18.,-10.71714881219,2.8));
#6556 = SURFACE_CURVE('',#6557,(#6561,#6568),.PCURVE_S1.);
#6557 = LINE('',#6558,#6559);
#6558 = CARTESIAN_POINT('',(16.549531156715,-10.71714881219,2.8));
#6559 = VECTOR('',#6560,1.);
#6560 = DIRECTION('',(1.,0.,0.));
#6561 = PCURVE('',#4679,#6562);
#6562 = DEFINITIONAL_REPRESENTATION('',(#6563),#6567);
#6563 = LINE('',#6564,#6565);
#6564 = CARTESIAN_POINT('',(-1.450468843285,-12.19968491557));
#6565 = VECTOR('',#6566,1.);
#6566 = DIRECTION('',(-1.,0.));
#6567 = ( GEOMETRIC_REPRESENTATION_CONTEXT(2) 
PARAMETRIC_REPRESENTATION_CONTEXT() REPRESENTATION_CONTEXT('2D SPACE',''
  ) );
#6568 = PCURVE('',#4991,#6569);
#6569 = DEFINITIONAL_REPRESENTATION('',(#6570),#6574);
#6570 = LINE('',#6571,#6572);
#6571 = CARTESIAN_POINT('',(-1.450468843285,10.15185118781));
#6572 = VECTOR('',#6573,1.);
#6573 = DIRECTION('',(1.,0.));
#6574 = ( GEOMETRIC_REPRESENTATION_CONTEXT(2) 
PARAMETRIC_REPRESENTATION_CONTEXT() REPRESENTATION_CONTEXT('2D SPACE',''
  ) );
#6575 = ORIENTED_EDGE('',*,*,#6576,.T.);
#6576 = EDGE_CURVE('',#6554,#6577,#6579,.T.);
#6577 = VERTEX_POINT('',#6578);
#6578 = CARTESIAN_POINT('',(18.,-10.71714881219,2.799684915576));
#6579 = SURFACE_CURVE('',#6580,(#6584,#6591),.PCURVE_S1.);
#6580 = LINE('',#6581,#6582);
#6581 = CARTESIAN_POINT('',(18.,-10.71714881219,7.499842457788));
#6582 = VECTOR('',#6583,1.);
#6583 = DIRECTION('',(-0.,0.,-1.));
#6584 = PCURVE('',#4679,#6585);
#6585 = DEFINITIONAL_REPRESENTATION('',(#6586),#6590);
#6586 = LINE('',#6587,#6588);
#6587 = CARTESIAN_POINT('',(-2.90093768657,-7.499842457788));
#6588 = VECTOR('',#6589,1.);
#6589 = DIRECTION('',(0.,-1.));
#6590 = ( GEOMETRIC_REPRESENTATION_CONTEXT(2) 
PARAMETRIC_REPRESENTATION_CONTEXT() REPRESENTATION_CONTEXT('2D SPACE',''
  ) );
#6591 = PCURVE('',#6592,#6597);
#6592 = PLANE('',#6593);
#6593 = AXIS2_PLACEMENT_3D('',#6594,#6595,#6596);
#6594 = CARTESIAN_POINT('',(18.,-20.869,0.));
#6595 = DIRECTION('',(1.,0.,-0.));
#6596 = DIRECTION('',(0.,0.,1.));
#6597 = DEFINITIONAL_REPRESENTATION('',(#6598),#6602);
#6598 = LINE('',#6599,#6600);
#6599 = CARTESIAN_POINT('',(7.499842457788,-10.15185118781));
#6600 = VECTOR('',#6601,1.);
#6601 = DIRECTION('',(-1.,-0.));
#6602 = ( GEOMETRIC_REPRESENTATION_CONTEXT(2) 
PARAMETRIC_REPRESENTATION_CONTEXT() REPRESENTATION_CONTEXT('2D SPACE',''
  ) );
#6603 = ORIENTED_EDGE('',*,*,#6604,.F.);
#6604 = EDGE_CURVE('',#6605,#6577,#6607,.T.);
#6605 = VERTEX_POINT('',#6606);
#6606 = CARTESIAN_POINT('',(-18.,-10.71714881219,2.799684915576));
#6607 = SURFACE_CURVE('',#6608,(#6612,#6619),.PCURVE_S1.);
#6608 = LINE('',#6609,#6610);
#6609 = CARTESIAN_POINT('',(15.09906231343,-10.71714881219,
    2.799684915576));
#6610 = VECTOR('',#6611,1.);
#6611 = DIRECTION('',(1.,0.,0.));
#6612 = PCURVE('',#4679,#6613);
#6613 = DEFINITIONAL_REPRESENTATION('',(#6614),#6618);
#6614 = LINE('',#6615,#6616);
#6615 = CARTESIAN_POINT('',(0.,-12.2));
#6616 = VECTOR('',#6617,1.);
#6617 = DIRECTION('',(-1.,0.));
#6618 = ( GEOMETRIC_REPRESENTATION_CONTEXT(2) 
PARAMETRIC_REPRESENTATION_CONTEXT() REPRESENTATION_CONTEXT('2D SPACE',''
  ) );
#6619 = PCURVE('',#6389,#6620);
#6620 = DEFINITIONAL_REPRESENTATION('',(#6621),#6625);
#6621 = LINE('',#6622,#6623);
#6622 = CARTESIAN_POINT('',(-4.1,11.10989432188));
#6623 = VECTOR('',#6624,1.);
#6624 = DIRECTION('',(1.,0.));
#6625 = ( GEOMETRIC_REPRESENTATION_CONTEXT(2) 
PARAMETRIC_REPRESENTATION_CONTEXT() REPRESENTATION_CONTEXT('2D SPACE',''
  ) );
#6626 = ORIENTED_EDGE('',*,*,#6627,.F.);
#6627 = EDGE_CURVE('',#6429,#6605,#6628,.T.);
#6628 = SURFACE_CURVE('',#6629,(#6633,#6640),.PCURVE_S1.);
#6629 = LINE('',#6630,#6631);
#6630 = CARTESIAN_POINT('',(-18.,-10.71714881219,7.499842457788));
#6631 = VECTOR('',#6632,1.);
#6632 = DIRECTION('',(-0.,0.,-1.));
#6633 = PCURVE('',#4679,#6634);
#6634 = DEFINITIONAL_REPRESENTATION('',(#6635),#6639);
#6635 = LINE('',#6636,#6637);
#6636 = CARTESIAN_POINT('',(33.09906231343,-7.499842457788));
#6637 = VECTOR('',#6638,1.);
#6638 = DIRECTION('',(0.,-1.));
#6639 = ( GEOMETRIC_REPRESENTATION_CONTEXT(2) 
PARAMETRIC_REPRESENTATION_CONTEXT() REPRESENTATION_CONTEXT('2D SPACE',''
  ) );
#6640 = PCURVE('',#6361,#6641);
#6641 = DEFINITIONAL_REPRESENTATION('',(#6642),#6646);
#6642 = LINE('',#6643,#6644);
#6643 = CARTESIAN_POINT('',(7.499842457788,-10.15185118781));
#6644 = VECTOR('',#6645,1.);
#6645 = DIRECTION('',(-1.,-0.));
#6646 = ( GEOMETRIC_REPRESENTATION_CONTEXT(2) 
PARAMETRIC_REPRESENTATION_CONTEXT() REPRESENTATION_CONTEXT('2D SPACE',''
  ) );
#6647 = ORIENTED_EDGE('',*,*,#6451,.F.);
#6648 = ORIENTED_EDGE('',*,*,#4663,.T.);
#6649 = ADVANCED_FACE('',(#6650,#6658,#6689),#4707,.F.);
#6650 = FACE_BOUND('',#6651,.F.);
#6651 = EDGE_LOOP('',(#6652,#6653,#6654,#6655,#6656,#6657));
#6652 = ORIENTED_EDGE('',*,*,#4792,.T.);
#6653 = ORIENTED_EDGE('',*,*,#4846,.T.);
#6654 = ORIENTED_EDGE('',*,*,#5026,.T.);
#6655 = ORIENTED_EDGE('',*,*,#6531,.T.);
#6656 = ORIENTED_EDGE('',*,*,#4691,.T.);
#6657 = ORIENTED_EDGE('',*,*,#4743,.T.);
#6658 = FACE_BOUND('',#6659,.F.);
#6659 = EDGE_LOOP('',(#6660));
#6660 = ORIENTED_EDGE('',*,*,#6661,.F.);
#6661 = EDGE_CURVE('',#6662,#6662,#6664,.T.);
#6662 = VERTEX_POINT('',#6663);
#6663 = CARTESIAN_POINT('',(-9.251,-14.717,23.199684915575));
#6664 = SURFACE_CURVE('',#6665,(#6670,#6677),.PCURVE_S1.);
#6665 = CIRCLE('',#6666,1.75);
#6666 = AXIS2_PLACEMENT_3D('',#6667,#6668,#6669);
#6667 = CARTESIAN_POINT('',(-11.001,-14.717,23.199684915575));
#6668 = DIRECTION('',(0.,0.,1.));
#6669 = DIRECTION('',(1.,0.,-0.));
#6670 = PCURVE('',#4707,#6671);
#6671 = DEFINITIONAL_REPRESENTATION('',(#6672),#6676);
#6672 = CIRCLE('',#6673,1.75);
#6673 = AXIS2_PLACEMENT_2D('',#6674,#6675);
#6674 = CARTESIAN_POINT('',(-30.20006231343,7.11004313407));
#6675 = DIRECTION('',(1.,0.));
#6676 = ( GEOMETRIC_REPRESENTATION_CONTEXT(2) 
PARAMETRIC_REPRESENTATION_CONTEXT() REPRESENTATION_CONTEXT('2D SPACE',''
  ) );
#6677 = PCURVE('',#6678,#6683);
#6678 = CYLINDRICAL_SURFACE('',#6679,1.75);
#6679 = AXIS2_PLACEMENT_3D('',#6680,#6681,#6682);
#6680 = CARTESIAN_POINT('',(-11.001,-14.717,23.));
#6681 = DIRECTION('',(0.,0.,1.));
#6682 = DIRECTION('',(1.,0.,-0.));
#6683 = DEFINITIONAL_REPRESENTATION('',(#6684),#6688);
#6684 = LINE('',#6685,#6686);
#6685 = CARTESIAN_POINT('',(0.,0.199684915575));
#6686 = VECTOR('',#6687,1.);
#6687 = DIRECTION('',(1.,0.));
#6688 = ( GEOMETRIC_REPRESENTATION_CONTEXT(2) 
PARAMETRIC_REPRESENTATION_CONTEXT() REPRESENTATION_CONTEXT('2D SPACE',''
  ) );
#6689 = FACE_BOUND('',#6690,.F.);
#6690 = EDGE_LOOP('',(#6691));
#6691 = ORIENTED_EDGE('',*,*,#6692,.F.);
#6692 = EDGE_CURVE('',#6693,#6693,#6695,.T.);
#6693 = VERTEX_POINT('',#6694);
#6694 = CARTESIAN_POINT('',(12.749,-14.717,23.199684915575));
#6695 = SURFACE_CURVE('',#6696,(#6701,#6708),.PCURVE_S1.);
#6696 = CIRCLE('',#6697,1.75);
#6697 = AXIS2_PLACEMENT_3D('',#6698,#6699,#6700);
#6698 = CARTESIAN_POINT('',(10.999,-14.717,23.199684915575));
#6699 = DIRECTION('',(0.,0.,1.));
#6700 = DIRECTION('',(1.,0.,-0.));
#6701 = PCURVE('',#4707,#6702);
#6702 = DEFINITIONAL_REPRESENTATION('',(#6703),#6707);
#6703 = CIRCLE('',#6704,1.75);
#6704 = AXIS2_PLACEMENT_2D('',#6705,#6706);
#6705 = CARTESIAN_POINT('',(-8.20006231343,7.11004313407));
#6706 = DIRECTION('',(1.,0.));
#6707 = ( GEOMETRIC_REPRESENTATION_CONTEXT(2) 
PARAMETRIC_REPRESENTATION_CONTEXT() REPRESENTATION_CONTEXT('2D SPACE',''
  ) );
#6708 = PCURVE('',#6709,#6714);
#6709 = CYLINDRICAL_SURFACE('',#6710,1.75);
#6710 = AXIS2_PLACEMENT_3D('',#6711,#6712,#6713);
#6711 = CARTESIAN_POINT('',(10.999,-14.717,23.));
#6712 = DIRECTION('',(0.,0.,1.));
#6713 = DIRECTION('',(1.,0.,-0.));
#6714 = DEFINITIONAL_REPRESENTATION('',(#6715),#6719);
#6715 = LINE('',#6716,#6717);
#6716 = CARTESIAN_POINT('',(0.,0.199684915575));
#6717 = VECTOR('',#6718,1.);
#6718 = DIRECTION('',(1.,0.));
#6719 = ( GEOMETRIC_REPRESENTATION_CONTEXT(2) 
PARAMETRIC_REPRESENTATION_CONTEXT() REPRESENTATION_CONTEXT('2D SPACE',''
  ) );
#6720 = ADVANCED_FACE('',(#6721),#4935,.F.);
#6721 = FACE_BOUND('',#6722,.F.);
#6722 = EDGE_LOOP('',(#6723,#6724,#6725,#6726));
#6723 = ORIENTED_EDGE('',*,*,#4919,.F.);
#6724 = ORIENTED_EDGE('',*,*,#5051,.T.);
#6725 = ORIENTED_EDGE('',*,*,#5101,.T.);
#6726 = ORIENTED_EDGE('',*,*,#6727,.T.);
#6727 = EDGE_CURVE('',#5102,#4920,#6728,.T.);
#6728 = SURFACE_CURVE('',#6729,(#6733,#6740),.PCURVE_S1.);
#6729 = LINE('',#6730,#6731);
#6730 = CARTESIAN_POINT('',(18.,-10.717,23.2));
#6731 = VECTOR('',#6732,1.);
#6732 = DIRECTION('',(-1.,-0.,0.));
#6733 = PCURVE('',#4935,#6734);
#6734 = DEFINITIONAL_REPRESENTATION('',(#6735),#6739);
#6735 = LINE('',#6736,#6737);
#6736 = CARTESIAN_POINT('',(0.,10.152));
#6737 = VECTOR('',#6738,1.);
#6738 = DIRECTION('',(-1.,0.));
#6739 = ( GEOMETRIC_REPRESENTATION_CONTEXT(2) 
PARAMETRIC_REPRESENTATION_CONTEXT() REPRESENTATION_CONTEXT('2D SPACE',''
  ) );
#6740 = PCURVE('',#4963,#6741);
#6741 = DEFINITIONAL_REPRESENTATION('',(#6742),#6746);
#6742 = LINE('',#6743,#6744);
#6743 = CARTESIAN_POINT('',(20.5,0.));
#6744 = VECTOR('',#6745,1.);
#6745 = DIRECTION('',(0.,-1.));
#6746 = ( GEOMETRIC_REPRESENTATION_CONTEXT(2) 
PARAMETRIC_REPRESENTATION_CONTEXT() REPRESENTATION_CONTEXT('2D SPACE',''
  ) );
#6747 = ADVANCED_FACE('',(#6748),#4963,.F.);
#6748 = FACE_BOUND('',#6749,.F.);
#6749 = EDGE_LOOP('',(#6750,#6771,#6772,#6773));
#6750 = ORIENTED_EDGE('',*,*,#6751,.T.);
#6751 = EDGE_CURVE('',#5125,#4948,#6752,.T.);
#6752 = SURFACE_CURVE('',#6753,(#6757,#6764),.PCURVE_S1.);
#6753 = LINE('',#6754,#6755);
#6754 = CARTESIAN_POINT('',(18.,-10.717,2.8));
#6755 = VECTOR('',#6756,1.);
#6756 = DIRECTION('',(-1.,-0.,0.));
#6757 = PCURVE('',#4963,#6758);
#6758 = DEFINITIONAL_REPRESENTATION('',(#6759),#6763);
#6759 = LINE('',#6760,#6761);
#6760 = CARTESIAN_POINT('',(1.E-01,0.));
#6761 = VECTOR('',#6762,1.);
#6762 = DIRECTION('',(0.,-1.));
#6763 = ( GEOMETRIC_REPRESENTATION_CONTEXT(2) 
PARAMETRIC_REPRESENTATION_CONTEXT() REPRESENTATION_CONTEXT('2D SPACE',''
  ) );
#6764 = PCURVE('',#4991,#6765);
#6765 = DEFINITIONAL_REPRESENTATION('',(#6766),#6770);
#6766 = LINE('',#6767,#6768);
#6767 = CARTESIAN_POINT('',(0.,10.152));
#6768 = VECTOR('',#6769,1.);
#6769 = DIRECTION('',(-1.,0.));
#6770 = ( GEOMETRIC_REPRESENTATION_CONTEXT(2) 
PARAMETRIC_REPRESENTATION_CONTEXT() REPRESENTATION_CONTEXT('2D SPACE',''
  ) );
#6771 = ORIENTED_EDGE('',*,*,#4947,.F.);
#6772 = ORIENTED_EDGE('',*,*,#6727,.F.);
#6773 = ORIENTED_EDGE('',*,*,#5124,.F.);
#6774 = ADVANCED_FACE('',(#6775),#4991,.T.);
#6775 = FACE_BOUND('',#6776,.T.);
#6776 = EDGE_LOOP('',(#6777,#6778,#6801,#6822,#6823,#6824));
#6777 = ORIENTED_EDGE('',*,*,#6553,.F.);
#6778 = ORIENTED_EDGE('',*,*,#6779,.F.);
#6779 = EDGE_CURVE('',#6780,#6554,#6782,.T.);
#6780 = VERTEX_POINT('',#6781);
#6781 = CARTESIAN_POINT('',(18.,-20.869,2.8));
#6782 = SURFACE_CURVE('',#6783,(#6787,#6794),.PCURVE_S1.);
#6783 = LINE('',#6784,#6785);
#6784 = CARTESIAN_POINT('',(18.,-20.869,2.8));
#6785 = VECTOR('',#6786,1.);
#6786 = DIRECTION('',(-0.,1.,0.));
#6787 = PCURVE('',#4991,#6788);
#6788 = DEFINITIONAL_REPRESENTATION('',(#6789),#6793);
#6789 = LINE('',#6790,#6791);
#6790 = CARTESIAN_POINT('',(0.,0.));
#6791 = VECTOR('',#6792,1.);
#6792 = DIRECTION('',(0.,1.));
#6793 = ( GEOMETRIC_REPRESENTATION_CONTEXT(2) 
PARAMETRIC_REPRESENTATION_CONTEXT() REPRESENTATION_CONTEXT('2D SPACE',''
  ) );
#6794 = PCURVE('',#6592,#6795);
#6795 = DEFINITIONAL_REPRESENTATION('',(#6796),#6800);
#6796 = LINE('',#6797,#6798);
#6797 = CARTESIAN_POINT('',(2.8,0.));
#6798 = VECTOR('',#6799,1.);
#6799 = DIRECTION('',(0.,-1.));
#6800 = ( GEOMETRIC_REPRESENTATION_CONTEXT(2) 
PARAMETRIC_REPRESENTATION_CONTEXT() REPRESENTATION_CONTEXT('2D SPACE',''
  ) );
#6801 = ORIENTED_EDGE('',*,*,#6802,.T.);
#6802 = EDGE_CURVE('',#6780,#5148,#6803,.T.);
#6803 = SURFACE_CURVE('',#6804,(#6808,#6815),.PCURVE_S1.);
#6804 = LINE('',#6805,#6806);
#6805 = CARTESIAN_POINT('',(18.,-20.869,2.8));
#6806 = VECTOR('',#6807,1.);
#6807 = DIRECTION('',(1.,0.,-0.));
#6808 = PCURVE('',#4991,#6809);
#6809 = DEFINITIONAL_REPRESENTATION('',(#6810),#6814);
#6810 = LINE('',#6811,#6812);
#6811 = CARTESIAN_POINT('',(0.,0.));
#6812 = VECTOR('',#6813,1.);
#6813 = DIRECTION('',(1.,0.));
#6814 = ( GEOMETRIC_REPRESENTATION_CONTEXT(2) 
PARAMETRIC_REPRESENTATION_CONTEXT() REPRESENTATION_CONTEXT('2D SPACE',''
  ) );
#6815 = PCURVE('',#5186,#6816);
#6816 = DEFINITIONAL_REPRESENTATION('',(#6817),#6821);
#6817 = LINE('',#6818,#6819);
#6818 = CARTESIAN_POINT('',(2.8,0.));
#6819 = VECTOR('',#6820,1.);
#6820 = DIRECTION('',(0.,1.));
#6821 = ( GEOMETRIC_REPRESENTATION_CONTEXT(2) 
PARAMETRIC_REPRESENTATION_CONTEXT() REPRESENTATION_CONTEXT('2D SPACE',''
  ) );
#6822 = ORIENTED_EDGE('',*,*,#5147,.T.);
#6823 = ORIENTED_EDGE('',*,*,#6751,.T.);
#6824 = ORIENTED_EDGE('',*,*,#4975,.F.);
#6825 = ADVANCED_FACE('',(#6826),#5186,.F.);
#6826 = FACE_BOUND('',#6827,.F.);
#6827 = EDGE_LOOP('',(#6828,#6829,#6830,#6853,#6876,#6897,#6898));
#6828 = ORIENTED_EDGE('',*,*,#5717,.F.);
#6829 = ORIENTED_EDGE('',*,*,#5797,.T.);
#6830 = ORIENTED_EDGE('',*,*,#6831,.F.);
#6831 = EDGE_CURVE('',#6832,#5798,#6834,.T.);
#6832 = VERTEX_POINT('',#6833);
#6833 = CARTESIAN_POINT('',(19.19906231343,-20.869,2.799684915576));
#6834 = SURFACE_CURVE('',#6835,(#6839,#6846),.PCURVE_S1.);
#6835 = LINE('',#6836,#6837);
#6836 = CARTESIAN_POINT('',(19.19906231343,-20.869,-26.65534592237));
#6837 = VECTOR('',#6838,1.);
#6838 = DIRECTION('',(0.,0.,-1.));
#6839 = PCURVE('',#5186,#6840);
#6840 = DEFINITIONAL_REPRESENTATION('',(#6841),#6845);
#6841 = LINE('',#6842,#6843);
#6842 = CARTESIAN_POINT('',(-26.65534592237,1.19906231343));
#6843 = VECTOR('',#6844,1.);
#6844 = DIRECTION('',(-1.,0.));
#6845 = ( GEOMETRIC_REPRESENTATION_CONTEXT(2) 
PARAMETRIC_REPRESENTATION_CONTEXT() REPRESENTATION_CONTEXT('2D SPACE',''
  ) );
#6846 = PCURVE('',#5836,#6847);
#6847 = DEFINITIONAL_REPRESENTATION('',(#6848),#6852);
#6848 = LINE('',#6849,#6850);
#6849 = CARTESIAN_POINT('',(89.854680113233,26.65534592237));
#6850 = VECTOR('',#6851,1.);
#6851 = DIRECTION('',(0.,-1.));
#6852 = ( GEOMETRIC_REPRESENTATION_CONTEXT(2) 
PARAMETRIC_REPRESENTATION_CONTEXT() REPRESENTATION_CONTEXT('2D SPACE',''
  ) );
#6853 = ORIENTED_EDGE('',*,*,#6854,.T.);
#6854 = EDGE_CURVE('',#6832,#6855,#6857,.T.);
#6855 = VERTEX_POINT('',#6856);
#6856 = CARTESIAN_POINT('',(18.,-20.869,2.799684915576));
#6857 = SURFACE_CURVE('',#6858,(#6862,#6869),.PCURVE_S1.);
#6858 = LINE('',#6859,#6860);
#6859 = CARTESIAN_POINT('',(18.599531156715,-20.869,2.799684915576));
#6860 = VECTOR('',#6861,1.);
#6861 = DIRECTION('',(-1.,-0.,0.));
#6862 = PCURVE('',#5186,#6863);
#6863 = DEFINITIONAL_REPRESENTATION('',(#6864),#6868);
#6864 = LINE('',#6865,#6866);
#6865 = CARTESIAN_POINT('',(2.799684915576,0.599531156715));
#6866 = VECTOR('',#6867,1.);
#6867 = DIRECTION('',(0.,-1.));
#6868 = ( GEOMETRIC_REPRESENTATION_CONTEXT(2) 
PARAMETRIC_REPRESENTATION_CONTEXT() REPRESENTATION_CONTEXT('2D SPACE',''
  ) );
#6869 = PCURVE('',#6389,#6870);
#6870 = DEFINITIONAL_REPRESENTATION('',(#6871),#6875);
#6871 = LINE('',#6872,#6873);
#6872 = CARTESIAN_POINT('',(-0.599531156715,0.95804313407));
#6873 = VECTOR('',#6874,1.);
#6874 = DIRECTION('',(-1.,0.));
#6875 = ( GEOMETRIC_REPRESENTATION_CONTEXT(2) 
PARAMETRIC_REPRESENTATION_CONTEXT() REPRESENTATION_CONTEXT('2D SPACE',''
  ) );
#6876 = ORIENTED_EDGE('',*,*,#6877,.T.);
#6877 = EDGE_CURVE('',#6855,#6780,#6878,.T.);
#6878 = SURFACE_CURVE('',#6879,(#6883,#6890),.PCURVE_S1.);
#6879 = LINE('',#6880,#6881);
#6880 = CARTESIAN_POINT('',(18.,-20.869,0.));
#6881 = VECTOR('',#6882,1.);
#6882 = DIRECTION('',(0.,0.,1.));
#6883 = PCURVE('',#5186,#6884);
#6884 = DEFINITIONAL_REPRESENTATION('',(#6885),#6889);
#6885 = LINE('',#6886,#6887);
#6886 = CARTESIAN_POINT('',(0.,0.));
#6887 = VECTOR('',#6888,1.);
#6888 = DIRECTION('',(1.,0.));
#6889 = ( GEOMETRIC_REPRESENTATION_CONTEXT(2) 
PARAMETRIC_REPRESENTATION_CONTEXT() REPRESENTATION_CONTEXT('2D SPACE',''
  ) );
#6890 = PCURVE('',#6592,#6891);
#6891 = DEFINITIONAL_REPRESENTATION('',(#6892),#6896);
#6892 = LINE('',#6893,#6894);
#6893 = CARTESIAN_POINT('',(0.,0.));
#6894 = VECTOR('',#6895,1.);
#6895 = DIRECTION('',(1.,0.));
#6896 = ( GEOMETRIC_REPRESENTATION_CONTEXT(2) 
PARAMETRIC_REPRESENTATION_CONTEXT() REPRESENTATION_CONTEXT('2D SPACE',''
  ) );
#6897 = ORIENTED_EDGE('',*,*,#6802,.T.);
#6898 = ORIENTED_EDGE('',*,*,#5170,.F.);
#6899 = ADVANCED_FACE('',(#6900,#6931),#5477,.F.);
#6900 = FACE_BOUND('',#6901,.F.);
#6901 = EDGE_LOOP('',(#6902));
#6902 = ORIENTED_EDGE('',*,*,#6903,.T.);
#6903 = EDGE_CURVE('',#6904,#6904,#6906,.T.);
#6904 = VERTEX_POINT('',#6905);
#6905 = CARTESIAN_POINT('',(-13.75125277099,-14.71714881219,25.6));
#6906 = SURFACE_CURVE('',#6907,(#6912,#6919),.PCURVE_S1.);
#6907 = CIRCLE('',#6908,2.750315084425);
#6908 = AXIS2_PLACEMENT_3D('',#6909,#6910,#6911);
#6909 = CARTESIAN_POINT('',(-11.00093768657,-14.71714881219,25.6));
#6910 = DIRECTION('',(0.,0.,1.));
#6911 = DIRECTION('',(1.,0.,-0.));
#6912 = PCURVE('',#5477,#6913);
#6913 = DEFINITIONAL_REPRESENTATION('',(#6914),#6918);
#6914 = CIRCLE('',#6915,2.750315084425);
#6915 = AXIS2_PLACEMENT_2D('',#6916,#6917);
#6916 = CARTESIAN_POINT('',(36.49906231343,6.78285118781));
#6917 = DIRECTION('',(1.,0.));
#6918 = ( GEOMETRIC_REPRESENTATION_CONTEXT(2) 
PARAMETRIC_REPRESENTATION_CONTEXT() REPRESENTATION_CONTEXT('2D SPACE',''
  ) );
#6919 = PCURVE('',#6920,#6925);
#6920 = CONICAL_SURFACE('',#6921,2.25,0.785398163397);
#6921 = AXIS2_PLACEMENT_3D('',#6922,#6923,#6924);
#6922 = CARTESIAN_POINT('',(-11.00093768657,-14.71714881219,
    25.099684915575));
#6923 = DIRECTION('',(0.,0.,1.));
#6924 = DIRECTION('',(1.,0.,-0.));
#6925 = DEFINITIONAL_REPRESENTATION('',(#6926),#6930);
#6926 = LINE('',#6927,#6928);
#6927 = CARTESIAN_POINT('',(-6.28318530718,0.500315084425));
#6928 = VECTOR('',#6929,1.);
#6929 = DIRECTION('',(1.,0.));
#6930 = ( GEOMETRIC_REPRESENTATION_CONTEXT(2) 
PARAMETRIC_REPRESENTATION_CONTEXT() REPRESENTATION_CONTEXT('2D SPACE',''
  ) );
#6931 = FACE_BOUND('',#6932,.F.);
#6932 = EDGE_LOOP('',(#6933));
#6933 = ORIENTED_EDGE('',*,*,#5462,.F.);
#6934 = ADVANCED_FACE('',(#6935,#6966),#5532,.F.);
#6935 = FACE_BOUND('',#6936,.F.);
#6936 = EDGE_LOOP('',(#6937));
#6937 = ORIENTED_EDGE('',*,*,#6938,.T.);
#6938 = EDGE_CURVE('',#6939,#6939,#6941,.T.);
#6939 = VERTEX_POINT('',#6940);
#6940 = CARTESIAN_POINT('',(8.248747229005,-14.71714881219,25.6));
#6941 = SURFACE_CURVE('',#6942,(#6947,#6954),.PCURVE_S1.);
#6942 = CIRCLE('',#6943,2.750315084425);
#6943 = AXIS2_PLACEMENT_3D('',#6944,#6945,#6946);
#6944 = CARTESIAN_POINT('',(10.99906231343,-14.71714881219,25.6));
#6945 = DIRECTION('',(0.,0.,1.));
#6946 = DIRECTION('',(1.,0.,-0.));
#6947 = PCURVE('',#5532,#6948);
#6948 = DEFINITIONAL_REPRESENTATION('',(#6949),#6953);
#6949 = CIRCLE('',#6950,2.750315084425);
#6950 = AXIS2_PLACEMENT_2D('',#6951,#6952);
#6951 = CARTESIAN_POINT('',(58.49906231343,6.78285118781));
#6952 = DIRECTION('',(1.,0.));
#6953 = ( GEOMETRIC_REPRESENTATION_CONTEXT(2) 
PARAMETRIC_REPRESENTATION_CONTEXT() REPRESENTATION_CONTEXT('2D SPACE',''
  ) );
#6954 = PCURVE('',#6955,#6960);
#6955 = CONICAL_SURFACE('',#6956,2.25,0.785398163397);
#6956 = AXIS2_PLACEMENT_3D('',#6957,#6958,#6959);
#6957 = CARTESIAN_POINT('',(10.99906231343,-14.71714881219,
    25.099684915575));
#6958 = DIRECTION('',(0.,0.,1.));
#6959 = DIRECTION('',(1.,0.,-0.));
#6960 = DEFINITIONAL_REPRESENTATION('',(#6961),#6965);
#6961 = LINE('',#6962,#6963);
#6962 = CARTESIAN_POINT('',(-6.28318530718,0.500315084425));
#6963 = VECTOR('',#6964,1.);
#6964 = DIRECTION('',(1.,0.));
#6965 = ( GEOMETRIC_REPRESENTATION_CONTEXT(2) 
PARAMETRIC_REPRESENTATION_CONTEXT() REPRESENTATION_CONTEXT('2D SPACE',''
  ) );
#6966 = FACE_BOUND('',#6967,.F.);
#6967 = EDGE_LOOP('',(#6968));
#6968 = ORIENTED_EDGE('',*,*,#5517,.F.);
#6969 = ADVANCED_FACE('',(#6970),#5836,.F.);
#6970 = FACE_BOUND('',#6971,.F.);
#6971 = EDGE_LOOP('',(#6972,#6995,#6996,#6997));
#6972 = ORIENTED_EDGE('',*,*,#6973,.F.);
#6973 = EDGE_CURVE('',#6832,#6974,#6976,.T.);
#6974 = VERTEX_POINT('',#6975);
#6975 = CARTESIAN_POINT('',(19.19906231343,-20.86940764386,
    2.799684915576));
#6976 = SURFACE_CURVE('',#6977,(#6981,#6988),.PCURVE_S1.);
#6977 = LINE('',#6978,#6979);
#6978 = CARTESIAN_POINT('',(19.19906231343,24.058136234686,
    2.799684915576));
#6979 = VECTOR('',#6980,1.);
#6980 = DIRECTION('',(0.,-1.,0.));
#6981 = PCURVE('',#5836,#6982);
#6982 = DEFINITIONAL_REPRESENTATION('',(#6983),#6987);
#6983 = LINE('',#6984,#6985);
#6984 = CARTESIAN_POINT('',(44.927543878547,56.110376760316));
#6985 = VECTOR('',#6986,1.);
#6986 = DIRECTION('',(1.,0.));
#6987 = ( GEOMETRIC_REPRESENTATION_CONTEXT(2) 
PARAMETRIC_REPRESENTATION_CONTEXT() REPRESENTATION_CONTEXT('2D SPACE',''
  ) );
#6988 = PCURVE('',#6389,#6989);
#6989 = DEFINITIONAL_REPRESENTATION('',(#6990),#6994);
#6990 = LINE('',#6991,#6992);
#6991 = CARTESIAN_POINT('',(0.,45.885179368756));
#6992 = VECTOR('',#6993,1.);
#6993 = DIRECTION('',(0.,-1.));
#6994 = ( GEOMETRIC_REPRESENTATION_CONTEXT(2) 
PARAMETRIC_REPRESENTATION_CONTEXT() REPRESENTATION_CONTEXT('2D SPACE',''
  ) );
#6995 = ORIENTED_EDGE('',*,*,#6831,.T.);
#6996 = ORIENTED_EDGE('',*,*,#5820,.T.);
#6997 = ORIENTED_EDGE('',*,*,#6998,.T.);
#6998 = EDGE_CURVE('',#5821,#6974,#6999,.T.);
#6999 = SURFACE_CURVE('',#7000,(#7004,#7011),.PCURVE_S1.);
#7000 = LINE('',#7001,#7002);
#7001 = CARTESIAN_POINT('',(19.19906231343,-20.86940764386,
    0.999684915576));
#7002 = VECTOR('',#7003,1.);
#7003 = DIRECTION('',(0.,0.,1.));
#7004 = PCURVE('',#5836,#7005);
#7005 = DEFINITIONAL_REPRESENTATION('',(#7006),#7010);
#7006 = LINE('',#7007,#7008);
#7007 = CARTESIAN_POINT('',(89.855087757093,54.310376760316));
#7008 = VECTOR('',#7009,1.);
#7009 = DIRECTION('',(0.,1.));
#7010 = ( GEOMETRIC_REPRESENTATION_CONTEXT(2) 
PARAMETRIC_REPRESENTATION_CONTEXT() REPRESENTATION_CONTEXT('2D SPACE',''
  ) );
#7011 = PCURVE('',#5864,#7012);
#7012 = DEFINITIONAL_REPRESENTATION('',(#7013),#7017);
#7013 = LINE('',#7014,#7015);
#7014 = CARTESIAN_POINT('',(23.24006885219,-14.));
#7015 = VECTOR('',#7016,1.);
#7016 = DIRECTION('',(0.,1.));
#7017 = ( GEOMETRIC_REPRESENTATION_CONTEXT(2) 
PARAMETRIC_REPRESENTATION_CONTEXT() REPRESENTATION_CONTEXT('2D SPACE',''
  ) );
#7018 = ADVANCED_FACE('',(#7019,#7068),#5864,.F.);
#7019 = FACE_BOUND('',#7020,.F.);
#7020 = EDGE_LOOP('',(#7021,#7044,#7045,#7046,#7047));
#7021 = ORIENTED_EDGE('',*,*,#7022,.F.);
#7022 = EDGE_CURVE('',#6974,#7023,#7025,.T.);
#7023 = VERTEX_POINT('',#7024);
#7024 = CARTESIAN_POINT('',(15.09906231343,-20.86940764386,
    2.799684915576));
#7025 = SURFACE_CURVE('',#7026,(#7030,#7037),.PCURVE_S1.);
#7026 = LINE('',#7027,#7028);
#7027 = CARTESIAN_POINT('',(28.769096739525,-20.86940764386,
    2.799684915576));
#7028 = VECTOR('',#7029,1.);
#7029 = DIRECTION('',(-1.,0.,0.));
#7030 = PCURVE('',#5864,#7031);
#7031 = DEFINITIONAL_REPRESENTATION('',(#7032),#7036);
#7032 = LINE('',#7033,#7034);
#7033 = CARTESIAN_POINT('',(13.670034426095,-12.2));
#7034 = VECTOR('',#7035,1.);
#7035 = DIRECTION('',(1.,0.));
#7036 = ( GEOMETRIC_REPRESENTATION_CONTEXT(2) 
PARAMETRIC_REPRESENTATION_CONTEXT() REPRESENTATION_CONTEXT('2D SPACE',''
  ) );
#7037 = PCURVE('',#6389,#7038);
#7038 = DEFINITIONAL_REPRESENTATION('',(#7039),#7043);
#7039 = LINE('',#7040,#7041);
#7040 = CARTESIAN_POINT('',(9.570034426095,0.95763549021));
#7041 = VECTOR('',#7042,1.);
#7042 = DIRECTION('',(-1.,0.));
#7043 = ( GEOMETRIC_REPRESENTATION_CONTEXT(2) 
PARAMETRIC_REPRESENTATION_CONTEXT() REPRESENTATION_CONTEXT('2D SPACE',''
  ) );
#7044 = ORIENTED_EDGE('',*,*,#6998,.F.);
#7045 = ORIENTED_EDGE('',*,*,#5848,.F.);
#7046 = ORIENTED_EDGE('',*,*,#5954,.F.);
#7047 = ORIENTED_EDGE('',*,*,#7048,.T.);
#7048 = EDGE_CURVE('',#5955,#7023,#7049,.T.);
#7049 = SURFACE_CURVE('',#7050,(#7054,#7061),.PCURVE_S1.);
#7050 = LINE('',#7051,#7052);
#7051 = CARTESIAN_POINT('',(15.09906231343,-20.86940764386,
    -3.150844244999E-04));
#7052 = VECTOR('',#7053,1.);
#7053 = DIRECTION('',(0.,0.,1.));
#7054 = PCURVE('',#5864,#7055);
#7055 = DEFINITIONAL_REPRESENTATION('',(#7056),#7060);
#7056 = LINE('',#7057,#7058);
#7057 = CARTESIAN_POINT('',(27.34006885219,-15.));
#7058 = VECTOR('',#7059,1.);
#7059 = DIRECTION('',(0.,1.));
#7060 = ( GEOMETRIC_REPRESENTATION_CONTEXT(2) 
PARAMETRIC_REPRESENTATION_CONTEXT() REPRESENTATION_CONTEXT('2D SPACE',''
  ) );
#7061 = PCURVE('',#5996,#7062);
#7062 = DEFINITIONAL_REPRESENTATION('',(#7063),#7067);
#7063 = LINE('',#7064,#7065);
#7064 = CARTESIAN_POINT('',(1.015670059278,-15.));
#7065 = VECTOR('',#7066,1.);
#7066 = DIRECTION('',(0.,1.));
#7067 = ( GEOMETRIC_REPRESENTATION_CONTEXT(2) 
PARAMETRIC_REPRESENTATION_CONTEXT() REPRESENTATION_CONTEXT('2D SPACE',''
  ) );
#7068 = FACE_BOUND('',#7069,.F.);
#7069 = EDGE_LOOP('',(#7070,#7100,#7128,#7156));
#7070 = ORIENTED_EDGE('',*,*,#7071,.F.);
#7071 = EDGE_CURVE('',#7072,#7074,#7076,.T.);
#7072 = VERTEX_POINT('',#7073);
#7073 = CARTESIAN_POINT('',(16.,-20.86940764386,2.3));
#7074 = VERTEX_POINT('',#7075);
#7075 = CARTESIAN_POINT('',(18.,-20.86940764386,2.3));
#7076 = SURFACE_CURVE('',#7077,(#7081,#7088),.PCURVE_S1.);
#7077 = LINE('',#7078,#7079);
#7078 = CARTESIAN_POINT('',(29.21956558281,-20.86940764386,2.3));
#7079 = VECTOR('',#7080,1.);
#7080 = DIRECTION('',(1.,0.,0.));
#7081 = PCURVE('',#5864,#7082);
#7082 = DEFINITIONAL_REPRESENTATION('',(#7083),#7087);
#7083 = LINE('',#7084,#7085);
#7084 = CARTESIAN_POINT('',(13.21956558281,-12.69968491557));
#7085 = VECTOR('',#7086,1.);
#7086 = DIRECTION('',(-1.,0.));
#7087 = ( GEOMETRIC_REPRESENTATION_CONTEXT(2) 
PARAMETRIC_REPRESENTATION_CONTEXT() REPRESENTATION_CONTEXT('2D SPACE',''
  ) );
#7088 = PCURVE('',#7089,#7094);
#7089 = PLANE('',#7090);
#7090 = AXIS2_PLACEMENT_3D('',#7091,#7092,#7093);
#7091 = CARTESIAN_POINT('',(16.,-21.5,2.3));
#7092 = DIRECTION('',(0.,0.,1.));
#7093 = DIRECTION('',(1.,0.,-0.));
#7094 = DEFINITIONAL_REPRESENTATION('',(#7095),#7099);
#7095 = LINE('',#7096,#7097);
#7096 = CARTESIAN_POINT('',(13.21956558281,0.63059235614));
#7097 = VECTOR('',#7098,1.);
#7098 = DIRECTION('',(1.,0.));
#7099 = ( GEOMETRIC_REPRESENTATION_CONTEXT(2) 
PARAMETRIC_REPRESENTATION_CONTEXT() REPRESENTATION_CONTEXT('2D SPACE',''
  ) );
#7100 = ORIENTED_EDGE('',*,*,#7101,.T.);
#7101 = EDGE_CURVE('',#7072,#7102,#7104,.T.);
#7102 = VERTEX_POINT('',#7103);
#7103 = CARTESIAN_POINT('',(16.,-20.86940764386,0.5));
#7104 = SURFACE_CURVE('',#7105,(#7109,#7116),.PCURVE_S1.);
#7105 = LINE('',#7106,#7107);
#7106 = CARTESIAN_POINT('',(16.,-20.86940764386,7.749842457788));
#7107 = VECTOR('',#7108,1.);
#7108 = DIRECTION('',(-0.,0.,-1.));
#7109 = PCURVE('',#5864,#7110);
#7110 = DEFINITIONAL_REPRESENTATION('',(#7111),#7115);
#7111 = LINE('',#7112,#7113);
#7112 = CARTESIAN_POINT('',(26.43913116562,-7.249842457788));
#7113 = VECTOR('',#7114,1.);
#7114 = DIRECTION('',(0.,-1.));
#7115 = ( GEOMETRIC_REPRESENTATION_CONTEXT(2) 
PARAMETRIC_REPRESENTATION_CONTEXT() REPRESENTATION_CONTEXT('2D SPACE',''
  ) );
#7116 = PCURVE('',#7117,#7122);
#7117 = PLANE('',#7118);
#7118 = AXIS2_PLACEMENT_3D('',#7119,#7120,#7121);
#7119 = CARTESIAN_POINT('',(16.,-21.5,0.5));
#7120 = DIRECTION('',(1.,0.,-0.));
#7121 = DIRECTION('',(0.,0.,1.));
#7122 = DEFINITIONAL_REPRESENTATION('',(#7123),#7127);
#7123 = LINE('',#7124,#7125);
#7124 = CARTESIAN_POINT('',(7.249842457788,-0.63059235614));
#7125 = VECTOR('',#7126,1.);
#7126 = DIRECTION('',(-1.,-0.));
#7127 = ( GEOMETRIC_REPRESENTATION_CONTEXT(2) 
PARAMETRIC_REPRESENTATION_CONTEXT() REPRESENTATION_CONTEXT('2D SPACE',''
  ) );
#7128 = ORIENTED_EDGE('',*,*,#7129,.T.);
#7129 = EDGE_CURVE('',#7102,#7130,#7132,.T.);
#7130 = VERTEX_POINT('',#7131);
#7131 = CARTESIAN_POINT('',(18.,-20.86940764386,0.5));
#7132 = SURFACE_CURVE('',#7133,(#7137,#7144),.PCURVE_S1.);
#7133 = LINE('',#7134,#7135);
#7134 = CARTESIAN_POINT('',(29.21956558281,-20.86940764386,0.5));
#7135 = VECTOR('',#7136,1.);
#7136 = DIRECTION('',(1.,0.,0.));
#7137 = PCURVE('',#5864,#7138);
#7138 = DEFINITIONAL_REPRESENTATION('',(#7139),#7143);
#7139 = LINE('',#7140,#7141);
#7140 = CARTESIAN_POINT('',(13.21956558281,-14.49968491557));
#7141 = VECTOR('',#7142,1.);
#7142 = DIRECTION('',(-1.,0.));
#7143 = ( GEOMETRIC_REPRESENTATION_CONTEXT(2) 
PARAMETRIC_REPRESENTATION_CONTEXT() REPRESENTATION_CONTEXT('2D SPACE',''
  ) );
#7144 = PCURVE('',#7145,#7150);
#7145 = PLANE('',#7146);
#7146 = AXIS2_PLACEMENT_3D('',#7147,#7148,#7149);
#7147 = CARTESIAN_POINT('',(16.,-21.5,0.5));
#7148 = DIRECTION('',(0.,0.,1.));
#7149 = DIRECTION('',(1.,0.,-0.));
#7150 = DEFINITIONAL_REPRESENTATION('',(#7151),#7155);
#7151 = LINE('',#7152,#7153);
#7152 = CARTESIAN_POINT('',(13.21956558281,0.63059235614));
#7153 = VECTOR('',#7154,1.);
#7154 = DIRECTION('',(1.,0.));
#7155 = ( GEOMETRIC_REPRESENTATION_CONTEXT(2) 
PARAMETRIC_REPRESENTATION_CONTEXT() REPRESENTATION_CONTEXT('2D SPACE',''
  ) );
#7156 = ORIENTED_EDGE('',*,*,#7157,.F.);
#7157 = EDGE_CURVE('',#7074,#7130,#7158,.T.);
#7158 = SURFACE_CURVE('',#7159,(#7163,#7170),.PCURVE_S1.);
#7159 = LINE('',#7160,#7161);
#7160 = CARTESIAN_POINT('',(18.,-20.86940764386,7.749842457788));
#7161 = VECTOR('',#7162,1.);
#7162 = DIRECTION('',(-0.,0.,-1.));
#7163 = PCURVE('',#5864,#7164);
#7164 = DEFINITIONAL_REPRESENTATION('',(#7165),#7169);
#7165 = LINE('',#7166,#7167);
#7166 = CARTESIAN_POINT('',(24.43913116562,-7.249842457788));
#7167 = VECTOR('',#7168,1.);
#7168 = DIRECTION('',(0.,-1.));
#7169 = ( GEOMETRIC_REPRESENTATION_CONTEXT(2) 
PARAMETRIC_REPRESENTATION_CONTEXT() REPRESENTATION_CONTEXT('2D SPACE',''
  ) );
#7170 = PCURVE('',#7171,#7176);
#7171 = PLANE('',#7172);
#7172 = AXIS2_PLACEMENT_3D('',#7173,#7174,#7175);
#7173 = CARTESIAN_POINT('',(18.,-21.5,0.5));
#7174 = DIRECTION('',(1.,0.,-0.));
#7175 = DIRECTION('',(0.,0.,1.));
#7176 = DEFINITIONAL_REPRESENTATION('',(#7177),#7181);
#7177 = LINE('',#7178,#7179);
#7178 = CARTESIAN_POINT('',(7.249842457788,-0.63059235614));
#7179 = VECTOR('',#7180,1.);
#7180 = DIRECTION('',(-1.,-0.));
#7181 = ( GEOMETRIC_REPRESENTATION_CONTEXT(2) 
PARAMETRIC_REPRESENTATION_CONTEXT() REPRESENTATION_CONTEXT('2D SPACE',''
  ) );
#7182 = ADVANCED_FACE('',(#7183,#7254),#5919,.F.);
#7183 = FACE_BOUND('',#7184,.F.);
#7184 = EDGE_LOOP('',(#7185,#7210,#7231,#7232,#7233));
#7185 = ORIENTED_EDGE('',*,*,#7186,.F.);
#7186 = EDGE_CURVE('',#7187,#7189,#7191,.T.);
#7187 = VERTEX_POINT('',#7188);
#7188 = CARTESIAN_POINT('',(-15.10093768657,-20.86940764386,
    2.799684915576));
#7189 = VERTEX_POINT('',#7190);
#7190 = CARTESIAN_POINT('',(-19.19948216244,-20.86940764386,
    2.799684915576));
#7191 = SURFACE_CURVE('',#7192,(#7196,#7203),.PCURVE_S1.);
#7192 = LINE('',#7193,#7194);
#7193 = CARTESIAN_POINT('',(13.669096739525,-20.86940764386,
    2.799684915576));
#7194 = VECTOR('',#7195,1.);
#7195 = DIRECTION('',(-1.,0.,0.));
#7196 = PCURVE('',#5919,#7197);
#7197 = DEFINITIONAL_REPRESENTATION('',(#7198),#7202);
#7198 = LINE('',#7199,#7200);
#7199 = CARTESIAN_POINT('',(28.770034426095,-12.2));
#7200 = VECTOR('',#7201,1.);
#7201 = DIRECTION('',(1.,0.));
#7202 = ( GEOMETRIC_REPRESENTATION_CONTEXT(2) 
PARAMETRIC_REPRESENTATION_CONTEXT() REPRESENTATION_CONTEXT('2D SPACE',''
  ) );
#7203 = PCURVE('',#6389,#7204);
#7204 = DEFINITIONAL_REPRESENTATION('',(#7205),#7209);
#7205 = LINE('',#7206,#7207);
#7206 = CARTESIAN_POINT('',(-5.529965573905,0.95763549021));
#7207 = VECTOR('',#7208,1.);
#7208 = DIRECTION('',(-1.,0.));
#7209 = ( GEOMETRIC_REPRESENTATION_CONTEXT(2) 
PARAMETRIC_REPRESENTATION_CONTEXT() REPRESENTATION_CONTEXT('2D SPACE',''
  ) );
#7210 = ORIENTED_EDGE('',*,*,#7211,.F.);
#7211 = EDGE_CURVE('',#5904,#7187,#7212,.T.);
#7212 = SURFACE_CURVE('',#7213,(#7217,#7224),.PCURVE_S1.);
#7213 = LINE('',#7214,#7215);
#7214 = CARTESIAN_POINT('',(-15.10093768657,-20.86940764386,
    -3.150844244999E-04));
#7215 = VECTOR('',#7216,1.);
#7216 = DIRECTION('',(0.,0.,1.));
#7217 = PCURVE('',#5919,#7218);
#7218 = DEFINITIONAL_REPRESENTATION('',(#7219),#7223);
#7219 = LINE('',#7220,#7221);
#7220 = CARTESIAN_POINT('',(57.54006885219,-15.));
#7221 = VECTOR('',#7222,1.);
#7222 = DIRECTION('',(0.,1.));
#7223 = ( GEOMETRIC_REPRESENTATION_CONTEXT(2) 
PARAMETRIC_REPRESENTATION_CONTEXT() REPRESENTATION_CONTEXT('2D SPACE',''
  ) );
#7224 = PCURVE('',#5996,#7225);
#7225 = DEFINITIONAL_REPRESENTATION('',(#7226),#7230);
#7226 = LINE('',#7227,#7228);
#7227 = CARTESIAN_POINT('',(2.125922594311,-15.));
#7228 = VECTOR('',#7229,1.);
#7229 = DIRECTION('',(0.,1.));
#7230 = ( GEOMETRIC_REPRESENTATION_CONTEXT(2) 
PARAMETRIC_REPRESENTATION_CONTEXT() REPRESENTATION_CONTEXT('2D SPACE',''
  ) );
#7231 = ORIENTED_EDGE('',*,*,#5901,.F.);
#7232 = ORIENTED_EDGE('',*,*,#6106,.F.);
#7233 = ORIENTED_EDGE('',*,*,#7234,.T.);
#7234 = EDGE_CURVE('',#6107,#7189,#7235,.T.);
#7235 = SURFACE_CURVE('',#7236,(#7240,#7247),.PCURVE_S1.);
#7236 = LINE('',#7237,#7238);
#7237 = CARTESIAN_POINT('',(-19.19948216244,-20.86940764386,
    0.999684915576));
#7238 = VECTOR('',#7239,1.);
#7239 = DIRECTION('',(0.,0.,1.));
#7240 = PCURVE('',#5919,#7241);
#7241 = DEFINITIONAL_REPRESENTATION('',(#7242),#7246);
#7242 = LINE('',#7243,#7244);
#7243 = CARTESIAN_POINT('',(61.63861332806,-14.));
#7244 = VECTOR('',#7245,1.);
#7245 = DIRECTION('',(0.,1.));
#7246 = ( GEOMETRIC_REPRESENTATION_CONTEXT(2) 
PARAMETRIC_REPRESENTATION_CONTEXT() REPRESENTATION_CONTEXT('2D SPACE',''
  ) );
#7247 = PCURVE('',#6145,#7248);
#7248 = DEFINITIONAL_REPRESENTATION('',(#7249),#7253);
#7249 = LINE('',#7250,#7251);
#7250 = CARTESIAN_POINT('',(-44.61576111067,-24.74445383866));
#7251 = VECTOR('',#7252,1.);
#7252 = DIRECTION('',(0.258816016447,-0.96592663781));
#7253 = ( GEOMETRIC_REPRESENTATION_CONTEXT(2) 
PARAMETRIC_REPRESENTATION_CONTEXT() REPRESENTATION_CONTEXT('2D SPACE',''
  ) );
#7254 = FACE_BOUND('',#7255,.F.);
#7255 = EDGE_LOOP('',(#7256,#7286,#7314,#7342));
#7256 = ORIENTED_EDGE('',*,*,#7257,.F.);
#7257 = EDGE_CURVE('',#7258,#7260,#7262,.T.);
#7258 = VERTEX_POINT('',#7259);
#7259 = CARTESIAN_POINT('',(-18.,-20.86940764386,2.3));
#7260 = VERTEX_POINT('',#7261);
#7261 = CARTESIAN_POINT('',(-16.,-20.86940764386,2.3));
#7262 = SURFACE_CURVE('',#7263,(#7267,#7274),.PCURVE_S1.);
#7263 = LINE('',#7264,#7265);
#7264 = CARTESIAN_POINT('',(12.21956558281,-20.86940764386,2.3));
#7265 = VECTOR('',#7266,1.);
#7266 = DIRECTION('',(1.,0.,0.));
#7267 = PCURVE('',#5919,#7268);
#7268 = DEFINITIONAL_REPRESENTATION('',(#7269),#7273);
#7269 = LINE('',#7270,#7271);
#7270 = CARTESIAN_POINT('',(30.21956558281,-12.69968491557));
#7271 = VECTOR('',#7272,1.);
#7272 = DIRECTION('',(-1.,0.));
#7273 = ( GEOMETRIC_REPRESENTATION_CONTEXT(2) 
PARAMETRIC_REPRESENTATION_CONTEXT() REPRESENTATION_CONTEXT('2D SPACE',''
  ) );
#7274 = PCURVE('',#7275,#7280);
#7275 = PLANE('',#7276);
#7276 = AXIS2_PLACEMENT_3D('',#7277,#7278,#7279);
#7277 = CARTESIAN_POINT('',(-18.,-21.5,2.3));
#7278 = DIRECTION('',(0.,0.,1.));
#7279 = DIRECTION('',(1.,0.,-0.));
#7280 = DEFINITIONAL_REPRESENTATION('',(#7281),#7285);
#7281 = LINE('',#7282,#7283);
#7282 = CARTESIAN_POINT('',(30.21956558281,0.63059235614));
#7283 = VECTOR('',#7284,1.);
#7284 = DIRECTION('',(1.,0.));
#7285 = ( GEOMETRIC_REPRESENTATION_CONTEXT(2) 
PARAMETRIC_REPRESENTATION_CONTEXT() REPRESENTATION_CONTEXT('2D SPACE',''
  ) );
#7286 = ORIENTED_EDGE('',*,*,#7287,.T.);
#7287 = EDGE_CURVE('',#7258,#7288,#7290,.T.);
#7288 = VERTEX_POINT('',#7289);
#7289 = CARTESIAN_POINT('',(-18.,-20.86940764386,0.5));
#7290 = SURFACE_CURVE('',#7291,(#7295,#7302),.PCURVE_S1.);
#7291 = LINE('',#7292,#7293);
#7292 = CARTESIAN_POINT('',(-18.,-20.86940764386,7.749842457788));
#7293 = VECTOR('',#7294,1.);
#7294 = DIRECTION('',(-0.,0.,-1.));
#7295 = PCURVE('',#5919,#7296);
#7296 = DEFINITIONAL_REPRESENTATION('',(#7297),#7301);
#7297 = LINE('',#7298,#7299);
#7298 = CARTESIAN_POINT('',(60.43913116562,-7.249842457788));
#7299 = VECTOR('',#7300,1.);
#7300 = DIRECTION('',(0.,-1.));
#7301 = ( GEOMETRIC_REPRESENTATION_CONTEXT(2) 
PARAMETRIC_REPRESENTATION_CONTEXT() REPRESENTATION_CONTEXT('2D SPACE',''
  ) );
#7302 = PCURVE('',#7303,#7308);
#7303 = PLANE('',#7304);
#7304 = AXIS2_PLACEMENT_3D('',#7305,#7306,#7307);
#7305 = CARTESIAN_POINT('',(-18.,-21.5,0.5));
#7306 = DIRECTION('',(1.,0.,-0.));
#7307 = DIRECTION('',(0.,0.,1.));
#7308 = DEFINITIONAL_REPRESENTATION('',(#7309),#7313);
#7309 = LINE('',#7310,#7311);
#7310 = CARTESIAN_POINT('',(7.249842457788,-0.63059235614));
#7311 = VECTOR('',#7312,1.);
#7312 = DIRECTION('',(-1.,-0.));
#7313 = ( GEOMETRIC_REPRESENTATION_CONTEXT(2) 
PARAMETRIC_REPRESENTATION_CONTEXT() REPRESENTATION_CONTEXT('2D SPACE',''
  ) );
#7314 = ORIENTED_EDGE('',*,*,#7315,.T.);
#7315 = EDGE_CURVE('',#7288,#7316,#7318,.T.);
#7316 = VERTEX_POINT('',#7317);
#7317 = CARTESIAN_POINT('',(-16.,-20.86940764386,0.5));
#7318 = SURFACE_CURVE('',#7319,(#7323,#7330),.PCURVE_S1.);
#7319 = LINE('',#7320,#7321);
#7320 = CARTESIAN_POINT('',(12.21956558281,-20.86940764386,0.5));
#7321 = VECTOR('',#7322,1.);
#7322 = DIRECTION('',(1.,0.,0.));
#7323 = PCURVE('',#5919,#7324);
#7324 = DEFINITIONAL_REPRESENTATION('',(#7325),#7329);
#7325 = LINE('',#7326,#7327);
#7326 = CARTESIAN_POINT('',(30.21956558281,-14.49968491557));
#7327 = VECTOR('',#7328,1.);
#7328 = DIRECTION('',(-1.,0.));
#7329 = ( GEOMETRIC_REPRESENTATION_CONTEXT(2) 
PARAMETRIC_REPRESENTATION_CONTEXT() REPRESENTATION_CONTEXT('2D SPACE',''
  ) );
#7330 = PCURVE('',#7331,#7336);
#7331 = PLANE('',#7332);
#7332 = AXIS2_PLACEMENT_3D('',#7333,#7334,#7335);
#7333 = CARTESIAN_POINT('',(-18.,-21.5,0.5));
#7334 = DIRECTION('',(0.,0.,1.));
#7335 = DIRECTION('',(1.,0.,-0.));
#7336 = DEFINITIONAL_REPRESENTATION('',(#7337),#7341);
#7337 = LINE('',#7338,#7339);
#7338 = CARTESIAN_POINT('',(30.21956558281,0.63059235614));
#7339 = VECTOR('',#7340,1.);
#7340 = DIRECTION('',(1.,0.));
#7341 = ( GEOMETRIC_REPRESENTATION_CONTEXT(2) 
PARAMETRIC_REPRESENTATION_CONTEXT() REPRESENTATION_CONTEXT('2D SPACE',''
  ) );
#7342 = ORIENTED_EDGE('',*,*,#7343,.F.);
#7343 = EDGE_CURVE('',#7260,#7316,#7344,.T.);
#7344 = SURFACE_CURVE('',#7345,(#7349,#7356),.PCURVE_S1.);
#7345 = LINE('',#7346,#7347);
#7346 = CARTESIAN_POINT('',(-16.,-20.86940764386,7.749842457788));
#7347 = VECTOR('',#7348,1.);
#7348 = DIRECTION('',(-0.,0.,-1.));
#7349 = PCURVE('',#5919,#7350);
#7350 = DEFINITIONAL_REPRESENTATION('',(#7351),#7355);
#7351 = LINE('',#7352,#7353);
#7352 = CARTESIAN_POINT('',(58.43913116562,-7.249842457788));
#7353 = VECTOR('',#7354,1.);
#7354 = DIRECTION('',(0.,-1.));
#7355 = ( GEOMETRIC_REPRESENTATION_CONTEXT(2) 
PARAMETRIC_REPRESENTATION_CONTEXT() REPRESENTATION_CONTEXT('2D SPACE',''
  ) );
#7356 = PCURVE('',#7357,#7362);
#7357 = PLANE('',#7358);
#7358 = AXIS2_PLACEMENT_3D('',#7359,#7360,#7361);
#7359 = CARTESIAN_POINT('',(-16.,-21.5,0.5));
#7360 = DIRECTION('',(1.,0.,-0.));
#7361 = DIRECTION('',(0.,0.,1.));
#7362 = DEFINITIONAL_REPRESENTATION('',(#7363),#7367);
#7363 = LINE('',#7364,#7365);
#7364 = CARTESIAN_POINT('',(7.249842457788,-0.63059235614));
#7365 = VECTOR('',#7366,1.);
#7366 = DIRECTION('',(-1.,-0.));
#7367 = ( GEOMETRIC_REPRESENTATION_CONTEXT(2) 
PARAMETRIC_REPRESENTATION_CONTEXT() REPRESENTATION_CONTEXT('2D SPACE',''
  ) );
#7368 = ADVANCED_FACE('',(#7369),#5996,.F.);
#7369 = FACE_BOUND('',#7370,.F.);
#7370 = EDGE_LOOP('',(#7371,#7372,#7373,#7374));
#7371 = ORIENTED_EDGE('',*,*,#7048,.F.);
#7372 = ORIENTED_EDGE('',*,*,#5977,.T.);
#7373 = ORIENTED_EDGE('',*,*,#7211,.T.);
#7374 = ORIENTED_EDGE('',*,*,#7375,.F.);
#7375 = EDGE_CURVE('',#7023,#7187,#7376,.T.);
#7376 = SURFACE_CURVE('',#7377,(#7382,#7389),.PCURVE_S1.);
#7377 = CIRCLE('',#7378,28.65);
#7378 = AXIS2_PLACEMENT_3D('',#7379,#7380,#7381);
#7379 = CARTESIAN_POINT('',(-9.37686570375E-04,-45.21714881219,
    2.799684915576));
#7380 = DIRECTION('',(0.,0.,1.));
#7381 = DIRECTION('',(1.,0.,-0.));
#7382 = PCURVE('',#5996,#7383);
#7383 = DEFINITIONAL_REPRESENTATION('',(#7384),#7388);
#7384 = LINE('',#7385,#7386);
#7385 = CARTESIAN_POINT('',(0.,-12.2));
#7386 = VECTOR('',#7387,1.);
#7387 = DIRECTION('',(1.,0.));
#7388 = ( GEOMETRIC_REPRESENTATION_CONTEXT(2) 
PARAMETRIC_REPRESENTATION_CONTEXT() REPRESENTATION_CONTEXT('2D SPACE',''
  ) );
#7389 = PCURVE('',#6389,#7390);
#7390 = DEFINITIONAL_REPRESENTATION('',(#7391),#7395);
#7391 = CIRCLE('',#7392,28.65);
#7392 = AXIS2_PLACEMENT_2D('',#7393,#7394);
#7393 = CARTESIAN_POINT('',(-19.2,-23.39010567812));
#7394 = DIRECTION('',(1.,0.));
#7395 = ( GEOMETRIC_REPRESENTATION_CONTEXT(2) 
PARAMETRIC_REPRESENTATION_CONTEXT() REPRESENTATION_CONTEXT('2D SPACE',''
  ) );
#7396 = ADVANCED_FACE('',(#7397),#6031,.F.);
#7397 = FACE_BOUND('',#7398,.F.);
#7398 = EDGE_LOOP('',(#7399,#7430,#7451,#7452,#7453));
#7399 = ORIENTED_EDGE('',*,*,#7400,.F.);
#7400 = EDGE_CURVE('',#7401,#7403,#7405,.T.);
#7401 = VERTEX_POINT('',#7402);
#7402 = CARTESIAN_POINT('',(-11.00093768657,-13.06714881219,
    1.499684915578));
#7403 = VERTEX_POINT('',#7404);
#7404 = CARTESIAN_POINT('',(-12.65093768657,-14.71714881219,
    1.499684915576));
#7405 = SURFACE_CURVE('',#7406,(#7411,#7418),.PCURVE_S1.);
#7406 = CIRCLE('',#7407,1.65);
#7407 = AXIS2_PLACEMENT_3D('',#7408,#7409,#7410);
#7408 = CARTESIAN_POINT('',(-11.00093768657,-14.71714881219,
    1.499684915576));
#7409 = DIRECTION('',(0.,0.,1.));
#7410 = DIRECTION('',(1.,0.,-0.));
#7411 = PCURVE('',#6031,#7412);
#7412 = DEFINITIONAL_REPRESENTATION('',(#7413),#7417);
#7413 = LINE('',#7414,#7415);
#7414 = CARTESIAN_POINT('',(4.712388980385,-0.749999997622));
#7415 = VECTOR('',#7416,1.);
#7416 = DIRECTION('',(-1.,-1.699238236194E-15));
#7417 = ( GEOMETRIC_REPRESENTATION_CONTEXT(2) 
PARAMETRIC_REPRESENTATION_CONTEXT() REPRESENTATION_CONTEXT('2D SPACE',''
  ) );
#7418 = PCURVE('',#7419,#7424);
#7419 = CYLINDRICAL_SURFACE('',#7420,1.65);
#7420 = AXIS2_PLACEMENT_3D('',#7421,#7422,#7423);
#7421 = CARTESIAN_POINT('',(-11.00093768657,-14.71714881219,
    2.999684915576));
#7422 = DIRECTION('',(0.,0.,1.));
#7423 = DIRECTION('',(1.,0.,-0.));
#7424 = DEFINITIONAL_REPRESENTATION('',(#7425),#7429);
#7425 = LINE('',#7426,#7427);
#7426 = CARTESIAN_POINT('',(6.28318530718,-1.5));
#7427 = VECTOR('',#7428,1.);
#7428 = DIRECTION('',(1.,0.));
#7429 = ( GEOMETRIC_REPRESENTATION_CONTEXT(2) 
PARAMETRIC_REPRESENTATION_CONTEXT() REPRESENTATION_CONTEXT('2D SPACE',''
  ) );
#7430 = ORIENTED_EDGE('',*,*,#7431,.T.);
#7431 = EDGE_CURVE('',#7401,#6011,#7432,.T.);
#7432 = SEAM_CURVE('',#7433,(#7437,#7444),.PCURVE_S1.);
#7433 = LINE('',#7434,#7435);
#7434 = CARTESIAN_POINT('',(-11.00093768657,-12.31714881456,
    0.749684917956));
#7435 = VECTOR('',#7436,1.);
#7436 = DIRECTION('',(8.659560562343E-17,0.707106781187,-0.707106781187)
  );
#7437 = PCURVE('',#6031,#7438);
#7438 = DEFINITIONAL_REPRESENTATION('',(#7439),#7443);
#7439 = LINE('',#7440,#7441);
#7440 = CARTESIAN_POINT('',(3.14159265359,3.925231146709E-15));
#7441 = VECTOR('',#7442,1.);
#7442 = DIRECTION('',(0.,1.));
#7443 = ( GEOMETRIC_REPRESENTATION_CONTEXT(2) 
PARAMETRIC_REPRESENTATION_CONTEXT() REPRESENTATION_CONTEXT('2D SPACE',''
  ) );
#7444 = PCURVE('',#6031,#7445);
#7445 = DEFINITIONAL_REPRESENTATION('',(#7446),#7450);
#7446 = LINE('',#7447,#7448);
#7447 = CARTESIAN_POINT('',(-3.14159265359,3.925231146709E-15));
#7448 = VECTOR('',#7449,1.);
#7449 = DIRECTION('',(0.,1.));
#7450 = ( GEOMETRIC_REPRESENTATION_CONTEXT(2) 
PARAMETRIC_REPRESENTATION_CONTEXT() REPRESENTATION_CONTEXT('2D SPACE',''
  ) );
#7451 = ORIENTED_EDGE('',*,*,#6010,.T.);
#7452 = ORIENTED_EDGE('',*,*,#7431,.F.);
#7453 = ORIENTED_EDGE('',*,*,#7454,.F.);
#7454 = EDGE_CURVE('',#7403,#7401,#7455,.T.);
#7455 = SURFACE_CURVE('',#7456,(#7461,#7468),.PCURVE_S1.);
#7456 = CIRCLE('',#7457,1.65);
#7457 = AXIS2_PLACEMENT_3D('',#7458,#7459,#7460);
#7458 = CARTESIAN_POINT('',(-11.00093768657,-14.71714881219,
    1.499684915576));
#7459 = DIRECTION('',(0.,0.,1.));
#7460 = DIRECTION('',(1.,0.,-0.));
#7461 = PCURVE('',#6031,#7462);
#7462 = DEFINITIONAL_REPRESENTATION('',(#7463),#7467);
#7463 = LINE('',#7464,#7465);
#7464 = CARTESIAN_POINT('',(4.712388980385,-0.749999997622));
#7465 = VECTOR('',#7466,1.);
#7466 = DIRECTION('',(-1.,0.));
#7467 = ( GEOMETRIC_REPRESENTATION_CONTEXT(2) 
PARAMETRIC_REPRESENTATION_CONTEXT() REPRESENTATION_CONTEXT('2D SPACE',''
  ) );
#7468 = PCURVE('',#7419,#7469);
#7469 = DEFINITIONAL_REPRESENTATION('',(#7470),#7474);
#7470 = LINE('',#7471,#7472);
#7471 = CARTESIAN_POINT('',(0.,-1.5));
#7472 = VECTOR('',#7473,1.);
#7473 = DIRECTION('',(1.,0.));
#7474 = ( GEOMETRIC_REPRESENTATION_CONTEXT(2) 
PARAMETRIC_REPRESENTATION_CONTEXT() REPRESENTATION_CONTEXT('2D SPACE',''
  ) );
#7475 = ADVANCED_FACE('',(#7476),#6066,.F.);
#7476 = FACE_BOUND('',#7477,.F.);
#7477 = EDGE_LOOP('',(#7478,#7509,#7530,#7531,#7532));
#7478 = ORIENTED_EDGE('',*,*,#7479,.F.);
#7479 = EDGE_CURVE('',#7480,#7482,#7484,.T.);
#7480 = VERTEX_POINT('',#7481);
#7481 = CARTESIAN_POINT('',(10.99906231343,-13.06714881219,
    1.499684915578));
#7482 = VERTEX_POINT('',#7483);
#7483 = CARTESIAN_POINT('',(9.34906231343,-14.71714881219,1.499684915576
    ));
#7484 = SURFACE_CURVE('',#7485,(#7490,#7497),.PCURVE_S1.);
#7485 = CIRCLE('',#7486,1.65);
#7486 = AXIS2_PLACEMENT_3D('',#7487,#7488,#7489);
#7487 = CARTESIAN_POINT('',(10.99906231343,-14.71714881219,
    1.499684915576));
#7488 = DIRECTION('',(0.,0.,1.));
#7489 = DIRECTION('',(1.,0.,-0.));
#7490 = PCURVE('',#6066,#7491);
#7491 = DEFINITIONAL_REPRESENTATION('',(#7492),#7496);
#7492 = LINE('',#7493,#7494);
#7493 = CARTESIAN_POINT('',(4.712388980385,-0.749999997622));
#7494 = VECTOR('',#7495,1.);
#7495 = DIRECTION('',(-1.,-1.699238236194E-15));
#7496 = ( GEOMETRIC_REPRESENTATION_CONTEXT(2) 
PARAMETRIC_REPRESENTATION_CONTEXT() REPRESENTATION_CONTEXT('2D SPACE',''
  ) );
#7497 = PCURVE('',#7498,#7503);
#7498 = CYLINDRICAL_SURFACE('',#7499,1.65);
#7499 = AXIS2_PLACEMENT_3D('',#7500,#7501,#7502);
#7500 = CARTESIAN_POINT('',(10.99906231343,-14.71714881219,
    2.999684915576));
#7501 = DIRECTION('',(0.,0.,1.));
#7502 = DIRECTION('',(1.,0.,-0.));
#7503 = DEFINITIONAL_REPRESENTATION('',(#7504),#7508);
#7504 = LINE('',#7505,#7506);
#7505 = CARTESIAN_POINT('',(6.28318530718,-1.5));
#7506 = VECTOR('',#7507,1.);
#7507 = DIRECTION('',(1.,0.));
#7508 = ( GEOMETRIC_REPRESENTATION_CONTEXT(2) 
PARAMETRIC_REPRESENTATION_CONTEXT() REPRESENTATION_CONTEXT('2D SPACE',''
  ) );
#7509 = ORIENTED_EDGE('',*,*,#7510,.T.);
#7510 = EDGE_CURVE('',#7480,#6046,#7511,.T.);
#7511 = SEAM_CURVE('',#7512,(#7516,#7523),.PCURVE_S1.);
#7512 = LINE('',#7513,#7514);
#7513 = CARTESIAN_POINT('',(10.99906231343,-12.31714881456,
    0.749684917956));
#7514 = VECTOR('',#7515,1.);
#7515 = DIRECTION('',(8.659560562343E-17,0.707106781187,-0.707106781187)
  );
#7516 = PCURVE('',#6066,#7517);
#7517 = DEFINITIONAL_REPRESENTATION('',(#7518),#7522);
#7518 = LINE('',#7519,#7520);
#7519 = CARTESIAN_POINT('',(3.14159265359,3.925231146709E-15));
#7520 = VECTOR('',#7521,1.);
#7521 = DIRECTION('',(0.,1.));
#7522 = ( GEOMETRIC_REPRESENTATION_CONTEXT(2) 
PARAMETRIC_REPRESENTATION_CONTEXT() REPRESENTATION_CONTEXT('2D SPACE',''
  ) );
#7523 = PCURVE('',#6066,#7524);
#7524 = DEFINITIONAL_REPRESENTATION('',(#7525),#7529);
#7525 = LINE('',#7526,#7527);
#7526 = CARTESIAN_POINT('',(-3.14159265359,3.925231146709E-15));
#7527 = VECTOR('',#7528,1.);
#7528 = DIRECTION('',(0.,1.));
#7529 = ( GEOMETRIC_REPRESENTATION_CONTEXT(2) 
PARAMETRIC_REPRESENTATION_CONTEXT() REPRESENTATION_CONTEXT('2D SPACE',''
  ) );
#7530 = ORIENTED_EDGE('',*,*,#6045,.T.);
#7531 = ORIENTED_EDGE('',*,*,#7510,.F.);
#7532 = ORIENTED_EDGE('',*,*,#7533,.F.);
#7533 = EDGE_CURVE('',#7482,#7480,#7534,.T.);
#7534 = SURFACE_CURVE('',#7535,(#7540,#7547),.PCURVE_S1.);
#7535 = CIRCLE('',#7536,1.65);
#7536 = AXIS2_PLACEMENT_3D('',#7537,#7538,#7539);
#7537 = CARTESIAN_POINT('',(10.99906231343,-14.71714881219,
    1.499684915576));
#7538 = DIRECTION('',(0.,0.,1.));
#7539 = DIRECTION('',(1.,0.,-0.));
#7540 = PCURVE('',#6066,#7541);
#7541 = DEFINITIONAL_REPRESENTATION('',(#7542),#7546);
#7542 = LINE('',#7543,#7544);
#7543 = CARTESIAN_POINT('',(4.712388980385,-0.749999997622));
#7544 = VECTOR('',#7545,1.);
#7545 = DIRECTION('',(-1.,0.));
#7546 = ( GEOMETRIC_REPRESENTATION_CONTEXT(2) 
PARAMETRIC_REPRESENTATION_CONTEXT() REPRESENTATION_CONTEXT('2D SPACE',''
  ) );
#7547 = PCURVE('',#7498,#7548);
#7548 = DEFINITIONAL_REPRESENTATION('',(#7549),#7553);
#7549 = LINE('',#7550,#7551);
#7550 = CARTESIAN_POINT('',(0.,-1.5));
#7551 = VECTOR('',#7552,1.);
#7552 = DIRECTION('',(1.,0.));
#7553 = ( GEOMETRIC_REPRESENTATION_CONTEXT(2) 
PARAMETRIC_REPRESENTATION_CONTEXT() REPRESENTATION_CONTEXT('2D SPACE',''
  ) );
#7554 = ADVANCED_FACE('',(#7555),#6145,.T.);
#7555 = FACE_BOUND('',#7556,.T.);
#7556 = EDGE_LOOP('',(#7557,#7578,#7579,#7580));
#7557 = ORIENTED_EDGE('',*,*,#7558,.T.);
#7558 = EDGE_CURVE('',#7189,#6374,#7559,.T.);
#7559 = SURFACE_CURVE('',#7560,(#7564,#7571),.PCURVE_S1.);
#7560 = LINE('',#7561,#7562);
#7561 = CARTESIAN_POINT('',(-19.19948216244,3.880498903456,
    2.799684915576));
#7562 = VECTOR('',#7563,1.);
#7563 = DIRECTION('',(0.,1.,0.));
#7564 = PCURVE('',#6145,#7565);
#7565 = DEFINITIONAL_REPRESENTATION('',(#7566),#7570);
#7566 = LINE('',#7567,#7568);
#7567 = CARTESIAN_POINT('',(-20.24329826371,-20.0774495667));
#7568 = VECTOR('',#7569,1.);
#7569 = DIRECTION('',(0.96592663781,0.258816016447));
#7570 = ( GEOMETRIC_REPRESENTATION_CONTEXT(2) 
PARAMETRIC_REPRESENTATION_CONTEXT() REPRESENTATION_CONTEXT('2D SPACE',''
  ) );
#7571 = PCURVE('',#6389,#7572);
#7572 = DEFINITIONAL_REPRESENTATION('',(#7573),#7577);
#7573 = LINE('',#7574,#7575);
#7574 = CARTESIAN_POINT('',(-38.39854447587,25.707542037526));
#7575 = VECTOR('',#7576,1.);
#7576 = DIRECTION('',(0.,1.));
#7577 = ( GEOMETRIC_REPRESENTATION_CONTEXT(2) 
PARAMETRIC_REPRESENTATION_CONTEXT() REPRESENTATION_CONTEXT('2D SPACE',''
  ) );
#7578 = ORIENTED_EDGE('',*,*,#6401,.T.);
#7579 = ORIENTED_EDGE('',*,*,#6129,.F.);
#7580 = ORIENTED_EDGE('',*,*,#7234,.T.);
#7581 = ADVANCED_FACE('',(#7582),#6361,.T.);
#7582 = FACE_BOUND('',#7583,.T.);
#7583 = EDGE_LOOP('',(#7584,#7585,#7606,#7607));
#7584 = ORIENTED_EDGE('',*,*,#6345,.F.);
#7585 = ORIENTED_EDGE('',*,*,#7586,.T.);
#7586 = EDGE_CURVE('',#6346,#6605,#7587,.T.);
#7587 = SURFACE_CURVE('',#7588,(#7592,#7599),.PCURVE_S1.);
#7588 = LINE('',#7589,#7590);
#7589 = CARTESIAN_POINT('',(-18.,-21.34802156703,2.799684915576));
#7590 = VECTOR('',#7591,1.);
#7591 = DIRECTION('',(-0.,1.,0.));
#7592 = PCURVE('',#6361,#7593);
#7593 = DEFINITIONAL_REPRESENTATION('',(#7594),#7598);
#7594 = LINE('',#7595,#7596);
#7595 = CARTESIAN_POINT('',(2.799684915576,0.47902156703));
#7596 = VECTOR('',#7597,1.);
#7597 = DIRECTION('',(0.,-1.));
#7598 = ( GEOMETRIC_REPRESENTATION_CONTEXT(2) 
PARAMETRIC_REPRESENTATION_CONTEXT() REPRESENTATION_CONTEXT('2D SPACE',''
  ) );
#7599 = PCURVE('',#6389,#7600);
#7600 = DEFINITIONAL_REPRESENTATION('',(#7601),#7605);
#7601 = LINE('',#7602,#7603);
#7602 = CARTESIAN_POINT('',(-37.19906231343,0.47902156704));
#7603 = VECTOR('',#7604,1.);
#7604 = DIRECTION('',(0.,1.));
#7605 = ( GEOMETRIC_REPRESENTATION_CONTEXT(2) 
PARAMETRIC_REPRESENTATION_CONTEXT() REPRESENTATION_CONTEXT('2D SPACE',''
  ) );
#7606 = ORIENTED_EDGE('',*,*,#6627,.F.);
#7607 = ORIENTED_EDGE('',*,*,#6428,.F.);
#7608 = ADVANCED_FACE('',(#7609,#7641,#7667),#6389,.T.);
#7609 = FACE_BOUND('',#7610,.T.);
#7610 = EDGE_LOOP('',(#7611,#7612,#7613,#7614,#7615,#7616,#7617,#7618,
    #7619,#7620));
#7611 = ORIENTED_EDGE('',*,*,#6604,.F.);
#7612 = ORIENTED_EDGE('',*,*,#7586,.F.);
#7613 = ORIENTED_EDGE('',*,*,#6373,.T.);
#7614 = ORIENTED_EDGE('',*,*,#7558,.F.);
#7615 = ORIENTED_EDGE('',*,*,#7186,.F.);
#7616 = ORIENTED_EDGE('',*,*,#7375,.F.);
#7617 = ORIENTED_EDGE('',*,*,#7022,.F.);
#7618 = ORIENTED_EDGE('',*,*,#6973,.F.);
#7619 = ORIENTED_EDGE('',*,*,#6854,.T.);
#7620 = ORIENTED_EDGE('',*,*,#7621,.T.);
#7621 = EDGE_CURVE('',#6855,#6577,#7622,.T.);
#7622 = SURFACE_CURVE('',#7623,(#7627,#7634),.PCURVE_S1.);
#7623 = LINE('',#7624,#7625);
#7624 = CARTESIAN_POINT('',(18.,-21.34802156703,2.799684915576));
#7625 = VECTOR('',#7626,1.);
#7626 = DIRECTION('',(-0.,1.,0.));
#7627 = PCURVE('',#6389,#7628);
#7628 = DEFINITIONAL_REPRESENTATION('',(#7629),#7633);
#7629 = LINE('',#7630,#7631);
#7630 = CARTESIAN_POINT('',(-1.19906231343,0.47902156704));
#7631 = VECTOR('',#7632,1.);
#7632 = DIRECTION('',(0.,1.));
#7633 = ( GEOMETRIC_REPRESENTATION_CONTEXT(2) 
PARAMETRIC_REPRESENTATION_CONTEXT() REPRESENTATION_CONTEXT('2D SPACE',''
  ) );
#7634 = PCURVE('',#6592,#7635);
#7635 = DEFINITIONAL_REPRESENTATION('',(#7636),#7640);
#7636 = LINE('',#7637,#7638);
#7637 = CARTESIAN_POINT('',(2.799684915576,0.47902156703));
#7638 = VECTOR('',#7639,1.);
#7639 = DIRECTION('',(0.,-1.));
#7640 = ( GEOMETRIC_REPRESENTATION_CONTEXT(2) 
PARAMETRIC_REPRESENTATION_CONTEXT() REPRESENTATION_CONTEXT('2D SPACE',''
  ) );
#7641 = FACE_BOUND('',#7642,.T.);
#7642 = EDGE_LOOP('',(#7643));
#7643 = ORIENTED_EDGE('',*,*,#7644,.F.);
#7644 = EDGE_CURVE('',#7645,#7645,#7647,.T.);
#7645 = VERTEX_POINT('',#7646);
#7646 = CARTESIAN_POINT('',(-12.65093768657,-14.71714881219,
    2.799684915576));
#7647 = SURFACE_CURVE('',#7648,(#7653,#7660),.PCURVE_S1.);
#7648 = CIRCLE('',#7649,1.65);
#7649 = AXIS2_PLACEMENT_3D('',#7650,#7651,#7652);
#7650 = CARTESIAN_POINT('',(-11.00093768657,-14.71714881219,
    2.799684915576));
#7651 = DIRECTION('',(0.,0.,1.));
#7652 = DIRECTION('',(1.,0.,-0.));
#7653 = PCURVE('',#6389,#7654);
#7654 = DEFINITIONAL_REPRESENTATION('',(#7655),#7659);
#7655 = CIRCLE('',#7656,1.65);
#7656 = AXIS2_PLACEMENT_2D('',#7657,#7658);
#7657 = CARTESIAN_POINT('',(-30.2,7.10989432188));
#7658 = DIRECTION('',(1.,0.));
#7659 = ( GEOMETRIC_REPRESENTATION_CONTEXT(2) 
PARAMETRIC_REPRESENTATION_CONTEXT() REPRESENTATION_CONTEXT('2D SPACE',''
  ) );
#7660 = PCURVE('',#7419,#7661);
#7661 = DEFINITIONAL_REPRESENTATION('',(#7662),#7666);
#7662 = LINE('',#7663,#7664);
#7663 = CARTESIAN_POINT('',(0.,-0.2));
#7664 = VECTOR('',#7665,1.);
#7665 = DIRECTION('',(1.,0.));
#7666 = ( GEOMETRIC_REPRESENTATION_CONTEXT(2) 
PARAMETRIC_REPRESENTATION_CONTEXT() REPRESENTATION_CONTEXT('2D SPACE',''
  ) );
#7667 = FACE_BOUND('',#7668,.T.);
#7668 = EDGE_LOOP('',(#7669));
#7669 = ORIENTED_EDGE('',*,*,#7670,.F.);
#7670 = EDGE_CURVE('',#7671,#7671,#7673,.T.);
#7671 = VERTEX_POINT('',#7672);
#7672 = CARTESIAN_POINT('',(9.34906231343,-14.71714881219,2.799684915576
    ));
#7673 = SURFACE_CURVE('',#7674,(#7679,#7686),.PCURVE_S1.);
#7674 = CIRCLE('',#7675,1.65);
#7675 = AXIS2_PLACEMENT_3D('',#7676,#7677,#7678);
#7676 = CARTESIAN_POINT('',(10.99906231343,-14.71714881219,
    2.799684915576));
#7677 = DIRECTION('',(0.,0.,1.));
#7678 = DIRECTION('',(1.,0.,-0.));
#7679 = PCURVE('',#6389,#7680);
#7680 = DEFINITIONAL_REPRESENTATION('',(#7681),#7685);
#7681 = CIRCLE('',#7682,1.65);
#7682 = AXIS2_PLACEMENT_2D('',#7683,#7684);
#7683 = CARTESIAN_POINT('',(-8.2,7.10989432188));
#7684 = DIRECTION('',(1.,0.));
#7685 = ( GEOMETRIC_REPRESENTATION_CONTEXT(2) 
PARAMETRIC_REPRESENTATION_CONTEXT() REPRESENTATION_CONTEXT('2D SPACE',''
  ) );
#7686 = PCURVE('',#7498,#7687);
#7687 = DEFINITIONAL_REPRESENTATION('',(#7688),#7692);
#7688 = LINE('',#7689,#7690);
#7689 = CARTESIAN_POINT('',(0.,-0.2));
#7690 = VECTOR('',#7691,1.);
#7691 = DIRECTION('',(1.,0.));
#7692 = ( GEOMETRIC_REPRESENTATION_CONTEXT(2) 
PARAMETRIC_REPRESENTATION_CONTEXT() REPRESENTATION_CONTEXT('2D SPACE',''
  ) );
#7693 = ADVANCED_FACE('',(#7694),#6592,.F.);
#7694 = FACE_BOUND('',#7695,.F.);
#7695 = EDGE_LOOP('',(#7696,#7697,#7698,#7699));
#7696 = ORIENTED_EDGE('',*,*,#6877,.F.);
#7697 = ORIENTED_EDGE('',*,*,#7621,.T.);
#7698 = ORIENTED_EDGE('',*,*,#6576,.F.);
#7699 = ORIENTED_EDGE('',*,*,#6779,.F.);
#7700 = ADVANCED_FACE('',(#7701),#6678,.F.);
#7701 = FACE_BOUND('',#7702,.F.);
#7702 = EDGE_LOOP('',(#7703,#7934,#7955,#7956,#7957));
#7703 = ORIENTED_EDGE('',*,*,#7704,.F.);
#7704 = EDGE_CURVE('',#7705,#7707,#7709,.T.);
#7705 = VERTEX_POINT('',#7706);
#7706 = CARTESIAN_POINT('',(-9.251,-14.717,24.599622608473));
#7707 = VERTEX_POINT('',#7708);
#7708 = CARTESIAN_POINT('',(-12.75099999367,-14.71714881219,
    24.599747222678));
#7709 = SURFACE_CURVE('',#7710,(#7788,#7861),.PCURVE_S1.);
#7710 = B_SPLINE_CURVE_WITH_KNOTS('',6,(#7711,#7712,#7713,#7714,#7715,
    #7716,#7717,#7718,#7719,#7720,#7721,#7722,#7723,#7724,#7725,#7726,
    #7727,#7728,#7729,#7730,#7731,#7732,#7733,#7734,#7735,#7736,#7737,
    #7738,#7739,#7740,#7741,#7742,#7743,#7744,#7745,#7746,#7747,#7748,
    #7749,#7750,#7751,#7752,#7753,#7754,#7755,#7756,#7757,#7758,#7759,
    #7760,#7761,#7762,#7763,#7764,#7765,#7766,#7767,#7768,#7769,#7770,
    #7771,#7772,#7773,#7774,#7775,#7776,#7777,#7778,#7779,#7780,#7781,
    #7782,#7783,#7784,#7785,#7786,#7787),.UNSPECIFIED.,.T.,.F.,(1,6,5,5,
    5,5,5,5,5,5,5,5,5,5,5,5,6,1),(-9.3490195831E-02,0.,
    6.283436039658E-02,9.098458630761E-02,0.105562355838,0.120140101932,
    0.310498691927,0.499855834994,0.56320449521,0.594118732993,
    0.609952910978,0.617995679112,0.625284443757,0.720030814086,
    0.81327030976,0.906509804169,1.,1.062834360397),.UNSPECIFIED.);
#7711 = CARTESIAN_POINT('',(-9.251,-14.717,24.599622608473));
#7712 = CARTESIAN_POINT('',(-9.2509998297,-14.60188757218,
    24.599632397463));
#7713 = CARTESIAN_POINT('',(-9.260086888348,-14.4867707187,
    24.59964251035));
#7714 = CARTESIAN_POINT('',(-9.278259257075,-14.37255858071,
    24.599652869746));
#7715 = CARTESIAN_POINT('',(-9.305399449213,-14.26013849386,
    24.599663396004));
#7716 = CARTESIAN_POINT('',(-9.341274410296,-14.1503759883,
    24.599674007221));
#7717 = CARTESIAN_POINT('',(-9.405364641488,-13.99650897434,
    24.599689373492));
#7718 = CARTESIAN_POINT('',(-9.426877299606,-13.94960422614,
    24.599694128063));
#7719 = CARTESIAN_POINT('',(-9.450042381015,-13.90347520572,
    24.599698875494));
#7720 = CARTESIAN_POINT('',(-9.474824567428,-13.85819436876,
    24.599703608365));
#7721 = CARTESIAN_POINT('',(-9.501184333671,-13.81383196495,
    24.599708319295));
#7722 = CARTESIAN_POINT('',(-9.543522828147,-13.74799354393,
    24.599715425362));
#7723 = CARTESIAN_POINT('',(-9.558379066897,-13.72579556461,
    24.599717841932));
#7724 = CARTESIAN_POINT('',(-9.573640603403,-13.70387152503,
    24.599720249636));
#7725 = CARTESIAN_POINT('',(-9.589301098481,-13.68223065243,
    24.599722647462));
#7726 = CARTESIAN_POINT('',(-9.605353934298,-13.6608819763,
    24.599725034409));
#7727 = CARTESIAN_POINT('',(-9.638230467941,-13.6187867143,
    24.599729784544));
#7728 = CARTESIAN_POINT('',(-9.655054170301,-13.59804012006,
    24.599732147733));
#7729 = CARTESIAN_POINT('',(-9.672256424499,-13.57760337704,
    24.59973449805));
#7730 = CARTESIAN_POINT('',(-9.689830074183,-13.55748509418,
    24.599736834508));
#7731 = CARTESIAN_POINT('',(-9.707767703595,-13.53769365803,
    24.599739156129));
#7732 = CARTESIAN_POINT('',(-9.964941426171,-13.26416698583,
    24.599771571927));
#7733 = CARTESIAN_POINT('',(-10.26537878816,-13.06645561283,
    24.599799080787));
#7734 = CARTESIAN_POINT('',(-10.60888506815,-12.94572986828,
    24.599821576452));
#7735 = CARTESIAN_POINT('',(-10.97125119516,-12.91019251811,
    24.599837499942));
#7736 = CARTESIAN_POINT('',(-11.32706748633,-12.96262717148,
    24.599845710169));
#7737 = CARTESIAN_POINT('',(-11.97296485725,-13.22095486578,
    24.599846741942));
#7738 = CARTESIAN_POINT('',(-12.26539974675,-13.42684419451,
    24.59983964761));
#7739 = CARTESIAN_POINT('',(-12.50265203024,-13.70029058874,
    24.599824844331));
#7740 = CARTESIAN_POINT('',(-12.66843844935,-14.02212230604,
    24.599803382211));
#7741 = CARTESIAN_POINT('',(-12.75100710138,-14.37010063554,
    24.599776733309));
#7742 = CARTESIAN_POINT('',(-12.75100028686,-14.83305376811,
    24.599737366999));
#7743 = CARTESIAN_POINT('',(-12.74176368664,-14.94911456796,
    24.599727169109));
#7744 = CARTESIAN_POINT('',(-12.72329235906,-15.06424805464,
    24.59971672118));
#7745 = CARTESIAN_POINT('',(-12.69570779138,-15.17754395741,
    24.599706104935));
#7746 = CARTESIAN_POINT('',(-12.65925079848,-15.28811607971,
    24.599695404304));
#7747 = CARTESIAN_POINT('',(-12.59233658343,-15.44731178447,
    24.59967948435));
#7748 = CARTESIAN_POINT('',(-12.56836402266,-15.49866918441,
    24.599674263519));
#7749 = CARTESIAN_POINT('',(-12.54240541096,-15.54907568722,
    24.599669052811));
#7750 = CARTESIAN_POINT('',(-12.51450839772,-15.59843576364,
    24.599663862046));
#7751 = CARTESIAN_POINT('',(-12.48472671125,-15.64665716691,
    24.599658700982));
#7752 = CARTESIAN_POINT('',(-12.43693138103,-15.71772099693,
    24.599650956012));
#7753 = CARTESIAN_POINT('',(-12.4202638279,-15.74146904779,
    24.59964834304));
#7754 = CARTESIAN_POINT('',(-12.40312551538,-15.76488316916,
    24.599645741696));
#7755 = CARTESIAN_POINT('',(-12.38552484035,-15.78795172961,
    24.599643153269));
#7756 = CARTESIAN_POINT('',(-12.3674705806,-15.81066338246,
    24.599640579037));
#7757 = CARTESIAN_POINT('',(-12.33957572402,-15.84435625387,
    24.599636720571));
#7758 = CARTESIAN_POINT('',(-12.33006488998,-15.8556105074,
    24.599635424865));
#7759 = CARTESIAN_POINT('',(-12.32044059201,-15.8667683779,
    24.599634133313));
#7760 = CARTESIAN_POINT('',(-12.31070405328,-15.87782843774,
    24.599632846082));
#7761 = CARTESIAN_POINT('',(-12.30085652087,-15.88878928006,
    24.599631563334));
#7762 = CARTESIAN_POINT('',(-12.28187549572,-15.90949161833,
    24.599629126953));
#7763 = CARTESIAN_POINT('',(-12.27276161127,-15.91925109336,
    24.59962797249));
#7764 = CARTESIAN_POINT('',(-12.26355855823,-15.92892691233,
    24.599626821964));
#7765 = CARTESIAN_POINT('',(-12.2542672979,-15.93851805846,
    24.599625675497));
#7766 = CARTESIAN_POINT('',(-12.24488880701,-15.94802352977,
    24.599624533209));
#7767 = CARTESIAN_POINT('',(-12.11239468319,-16.07987934545,
    24.599608602412));
#7768 = CARTESIAN_POINT('',(-11.97474507675,-16.18769948907,
    24.599594531839));
#7769 = CARTESIAN_POINT('',(-11.82475267439,-16.27866982874,
    24.599581454515));
#7770 = CARTESIAN_POINT('',(-11.66497869447,-16.35109558073,
    24.599569605806));
#7771 = CARTESIAN_POINT('',(-11.49826815764,-16.40382011879,
    24.599559185422));
#7772 = CARTESIAN_POINT('',(-11.15994471895,-16.46812039435,
    24.599541669357));
#7773 = CARTESIAN_POINT('',(-10.98835363516,-16.48035692928,
    24.599534518254));
#7774 = CARTESIAN_POINT('',(-10.81596332186,-16.47238878063,
    24.599529056924));
#7775 = CARTESIAN_POINT('',(-10.64570062716,-16.44423762363,
    24.599525387776));
#7776 = CARTESIAN_POINT('',(-10.48043256088,-16.39649260695,
    24.599523562819));
#7777 = CARTESIAN_POINT('',(-10.1654977811,-16.26413345154,
    24.59952360396));
#7778 = CARTESIAN_POINT('',(-10.01574081991,-16.17948138459,
    24.59952547007));
#7779 = CARTESIAN_POINT('',(-9.876486036912,-16.07755014251,
    24.599529179651));
#7780 = CARTESIAN_POINT('',(-9.750160545136,-15.95997556266,
    24.599534680002));
#7781 = CARTESIAN_POINT('',(-9.638827944739,-15.82883332917,
    24.599541868063));
#7782 = CARTESIAN_POINT('',(-9.449289356134,-15.54406553333,
    24.599559335757));
#7783 = CARTESIAN_POINT('',(-9.37111861705,-15.39029812127,
    24.599569628714));
#7784 = CARTESIAN_POINT('',(-9.311354283459,-15.22789705246,
    24.599581311263));
#7785 = CARTESIAN_POINT('',(-9.271122433551,-15.05958963845,
    24.599594191533));
#7786 = CARTESIAN_POINT('',(-9.250997046008,-14.88827018658,
    24.599608043798));
#7787 = CARTESIAN_POINT('',(-9.251,-14.717,24.599622608473));
#7788 = PCURVE('',#6678,#7789);
#7789 = DEFINITIONAL_REPRESENTATION('',(#7790),#7860);
#7790 = B_SPLINE_CURVE_WITH_KNOTS('',3,(#7791,#7792,#7793,#7794,#7795,
    #7796,#7797,#7798,#7799,#7800,#7801,#7802,#7803,#7804,#7805,#7806,
    #7807,#7808,#7809,#7810,#7811,#7812,#7813,#7814,#7815,#7816,#7817,
    #7818,#7819,#7820,#7821,#7822,#7823,#7824,#7825,#7826,#7827,#7828,
    #7829,#7830,#7831,#7832,#7833,#7834,#7835,#7836,#7837,#7838,#7839,
    #7840,#7841,#7842,#7843,#7844,#7845,#7846,#7847,#7848,#7849,#7850,
    #7851,#7852,#7853,#7854,#7855,#7856,#7857,#7858,#7859),
  .UNSPECIFIED.,.F.,.F.,(4,1,1,1,1,1,1,1,1,1,1,1,1,1,1,1,1,1,1,1,1,1,1,1
    ,1,1,1,1,1,1,1,1,1,1,1,1,1,1,1,1,1,1,1,1,1,1,1,1,1,1,1,1,1,1,1,1,1,1
    ,1,1,1,1,1,1,1,1,4),(0.,7.573778384113E-03,1.514755676823E-02,
    2.272133515234E-02,3.029511353645E-02,3.786889192056E-02,
    4.544267030468E-02,5.301644868879E-02,6.05902270729E-02,
    6.816400545702E-02,7.573778384113E-02,8.331156222524E-02,
    9.088534060935E-02,9.845911899347E-02,0.106032897378,0.113606675762,
    0.121180454146,0.12875423253,0.136328010914,0.143901789298,
    0.151475567682,0.159049346066,0.16662312445,0.174196902835,
    0.181770681219,0.189344459603,0.196918237987,0.204492016371,
    0.212065794755,0.219639573139,0.227213351523,0.234787129907,
    0.242360908292,0.249934686676,0.25750846506,0.265082243444,
    0.272656021828,0.280229800212,0.287803578596,0.29537735698,
    0.302951135365,0.310524913749,0.318098692133,0.325672470517,
    0.333246248901,0.340820027285,0.348393805669,0.355967584053,
    0.363541362437,0.371115140822,0.378688919206,0.38626269759,
    0.393836475974,0.401410254358,0.408984032742,0.416557811126,
    0.42413158951,0.431705367894,0.439279146279,0.446852924663,
    0.454426703047,0.462000481431,0.469574259815,0.477148038199,
    0.484721816583,0.492295594967,0.499869373351),
  .QUASI_UNIFORM_KNOTS.);
#7791 = CARTESIAN_POINT('',(0.,1.599622608473));
#7792 = CARTESIAN_POINT('',(1.585736499864E-02,1.599624968303));
#7793 = CARTESIAN_POINT('',(4.757225105001E-02,1.599629735075));
#7794 = CARTESIAN_POINT('',(9.514469623652E-02,1.599637010033));
#7795 = CARTESIAN_POINT('',(0.142716704455,1.599644393324));
#7796 = CARTESIAN_POINT('',(0.190288426214,1.599651868239));
#7797 = CARTESIAN_POINT('',(0.237860174383,1.59965941792));
#7798 = CARTESIAN_POINT('',(0.285432257953,1.599667025331));
#7799 = CARTESIAN_POINT('',(0.333004715705,1.599674673264));
#7800 = CARTESIAN_POINT('',(0.380577078435,1.599682344343));
#7801 = CARTESIAN_POINT('',(0.428148169325,1.599690021016));
#7802 = CARTESIAN_POINT('',(0.475719556082,1.599697686169));
#7803 = CARTESIAN_POINT('',(0.523290906732,1.599705322405));
#7804 = CARTESIAN_POINT('',(0.570862317883,1.599712912462));
#7805 = CARTESIAN_POINT('',(0.618433801973,1.599720439167));
#7806 = CARTESIAN_POINT('',(0.666004982984,1.599727885441));
#7807 = CARTESIAN_POINT('',(0.713577544201,1.599735234673));
#7808 = CARTESIAN_POINT('',(0.761145128964,1.599742469333));
#7809 = CARTESIAN_POINT('',(0.808733120935,1.599749576812));
#7810 = CARTESIAN_POINT('',(0.856341357006,1.599756540752));
#7811 = CARTESIAN_POINT('',(0.903959544256,1.599763343774));
#7812 = CARTESIAN_POINT('',(0.951582718409,1.599769969678));
#7813 = CARTESIAN_POINT('',(0.999206675986,1.599776402828));
#7814 = CARTESIAN_POINT('',(1.046828812452,1.59978262829));
#7815 = CARTESIAN_POINT('',(1.094447554362,1.599788631776));
#7816 = CARTESIAN_POINT('',(1.142062211298,1.59979439964));
#7817 = CARTESIAN_POINT('',(1.189672756981,1.599799918868));
#7818 = CARTESIAN_POINT('',(1.237279667906,1.599805177074));
#7819 = CARTESIAN_POINT('',(1.284883780467,1.599810162494));
#7820 = CARTESIAN_POINT('',(1.332486171119,1.599814863994));
#7821 = CARTESIAN_POINT('',(1.380088051452,1.599819271068));
#7822 = CARTESIAN_POINT('',(1.427690672683,1.599823373847));
#7823 = CARTESIAN_POINT('',(1.475295232859,1.599827163115));
#7824 = CARTESIAN_POINT('',(1.522902780428,1.599830630318));
#7825 = CARTESIAN_POINT('',(1.570514107027,1.599833767584));
#7826 = CARTESIAN_POINT('',(1.618129625972,1.599836567748));
#7827 = CARTESIAN_POINT('',(1.665749221235,1.599839024369));
#7828 = CARTESIAN_POINT('',(1.713372098436,1.599841131766));
#7829 = CARTESIAN_POINT('',(1.760996498701,1.599842885046));
#7830 = CARTESIAN_POINT('',(1.808619778186,1.599844280138));
#7831 = CARTESIAN_POINT('',(1.856236966079,1.59984531383));
#7832 = CARTESIAN_POINT('',(1.903844839905,1.599845983824));
#7833 = CARTESIAN_POINT('',(1.951425251945,1.599846288732));
#7834 = CARTESIAN_POINT('',(1.99900574645,1.599846228296));
#7835 = CARTESIAN_POINT('',(2.046613105053,1.599845802374));
#7836 = CARTESIAN_POINT('',(2.094229540655,1.599845011708));
#7837 = CARTESIAN_POINT('',(2.141851865014,1.599843858032));
#7838 = CARTESIAN_POINT('',(2.18947520524,1.599842343985));
#7839 = CARTESIAN_POINT('',(2.237096977054,1.599840473082));
#7840 = CARTESIAN_POINT('',(2.284715472695,1.59983824967));
#7841 = CARTESIAN_POINT('',(2.332329934935,1.599835678899));
#7842 = CARTESIAN_POINT('',(2.379940274755,1.599832766684));
#7843 = CARTESIAN_POINT('',(2.427546923355,1.599829519684));
#7844 = CARTESIAN_POINT('',(2.475150682508,1.599825945271));
#7845 = CARTESIAN_POINT('',(2.522752603863,1.599822051516));
#7846 = CARTESIAN_POINT('',(2.570353882149,1.599817847166));
#7847 = CARTESIAN_POINT('',(2.617955758685,1.599813341634));
#7848 = CARTESIAN_POINT('',(2.665559428046,1.599808544987));
#7849 = CARTESIAN_POINT('',(2.7131659415,1.599803467936));
#7850 = CARTESIAN_POINT('',(2.760776100662,1.599798121838));
#7851 = CARTESIAN_POINT('',(2.808390335405,1.599792518694));
#7852 = CARTESIAN_POINT('',(2.856008559825,1.599786671149));
#7853 = CARTESIAN_POINT('',(2.903630003869,1.599780592502));
#7854 = CARTESIAN_POINT('',(2.951253007802,1.599774296717));
#7855 = CARTESIAN_POINT('',(2.99887481049,1.599767798431));
#7856 = CARTESIAN_POINT('',(3.046491204715,1.599761112995));
#7857 = CARTESIAN_POINT('',(3.094096527998,1.599754256398));
#7858 = CARTESIAN_POINT('',(3.125820338094,1.599749582568));
#7859 = CARTESIAN_POINT('',(3.141677689144,1.599747222749));
#7860 = ( GEOMETRIC_REPRESENTATION_CONTEXT(2) 
PARAMETRIC_REPRESENTATION_CONTEXT() REPRESENTATION_CONTEXT('2D SPACE',''
  ) );
#7861 = PCURVE('',#6920,#7862);
#7862 = DEFINITIONAL_REPRESENTATION('',(#7863),#7933);
#7863 = B_SPLINE_CURVE_WITH_KNOTS('',3,(#7864,#7865,#7866,#7867,#7868,
    #7869,#7870,#7871,#7872,#7873,#7874,#7875,#7876,#7877,#7878,#7879,
    #7880,#7881,#7882,#7883,#7884,#7885,#7886,#7887,#7888,#7889,#7890,
    #7891,#7892,#7893,#7894,#7895,#7896,#7897,#7898,#7899,#7900,#7901,
    #7902,#7903,#7904,#7905,#7906,#7907,#7908,#7909,#7910,#7911,#7912,
    #7913,#7914,#7915,#7916,#7917,#7918,#7919,#7920,#7921,#7922,#7923,
    #7924,#7925,#7926,#7927,#7928,#7929,#7930,#7931,#7932),
  .UNSPECIFIED.,.F.,.F.,(4,1,1,1,1,1,1,1,1,1,1,1,1,1,1,1,1,1,1,1,1,1,1,1
    ,1,1,1,1,1,1,1,1,1,1,1,1,1,1,1,1,1,1,1,1,1,1,1,1,1,1,1,1,1,1,1,1,1,1
    ,1,1,1,1,1,1,1,1,4),(0.,7.573778384113E-03,1.514755676823E-02,
    2.272133515234E-02,3.029511353645E-02,3.786889192056E-02,
    4.544267030468E-02,5.301644868879E-02,6.05902270729E-02,
    6.816400545702E-02,7.573778384113E-02,8.331156222524E-02,
    9.088534060935E-02,9.845911899347E-02,0.106032897378,0.113606675762,
    0.121180454146,0.12875423253,0.136328010914,0.143901789298,
    0.151475567682,0.159049346066,0.16662312445,0.174196902835,
    0.181770681219,0.189344459603,0.196918237987,0.204492016371,
    0.212065794755,0.219639573139,0.227213351523,0.234787129907,
    0.242360908292,0.249934686676,0.25750846506,0.265082243444,
    0.272656021828,0.280229800212,0.287803578596,0.29537735698,
    0.302951135365,0.310524913749,0.318098692133,0.325672470517,
    0.333246248901,0.340820027285,0.348393805669,0.355967584053,
    0.363541362437,0.371115140822,0.378688919206,0.38626269759,
    0.393836475974,0.401410254358,0.408984032742,0.416557811126,
    0.42413158951,0.431705367894,0.439279146279,0.446852924663,
    0.454426703047,0.462000481431,0.469574259815,0.477148038199,
    0.484721816583,0.492295594967,0.499869373351),
  .QUASI_UNIFORM_KNOTS.);
#7864 = CARTESIAN_POINT('',(8.503856496338E-05,-0.500062307103));
#7865 = CARTESIAN_POINT('',(1.594296814977E-02,-0.500059939117));
#7866 = CARTESIAN_POINT('',(4.765891908063E-02,-0.500055171652));
#7867 = CARTESIAN_POINT('',(9.523276557339E-02,-0.500047915935));
#7868 = CARTESIAN_POINT('',(0.142805975764,-0.50004051599));
#7869 = CARTESIAN_POINT('',(0.190378697494,-0.500033035954));
#7870 = CARTESIAN_POINT('',(0.237951241371,-0.500025503466));
#7871 = CARTESIAN_POINT('',(0.285523914592,-0.500017905962));
#7872 = CARTESIAN_POINT('',(0.333096754596,-0.500010215719));
#7873 = CARTESIAN_POINT('',(0.38066929131,-0.500002466765));
#7874 = CARTESIAN_POINT('',(0.428240347558,-0.499994896408));
#7875 = CARTESIAN_POINT('',(0.475811491101,-0.499987226293));
#7876 = CARTESIAN_POINT('',(0.523382390528,-0.499979594638));
#7877 = CARTESIAN_POINT('',(0.570953143471,-0.499972000329));
#7878 = CARTESIAN_POINT('',(0.618523763858,-0.499964483633));
#7879 = CARTESIAN_POINT('',(0.666093877637,-0.499957003974));
#7880 = CARTESIAN_POINT('',(0.713665170469,-0.499949778196));
#7881 = CARTESIAN_POINT('',(0.761231288709,-0.499942038682));
#7882 = CARTESIAN_POINT('',(0.808817618559,-0.49993469363));
#7883 = CARTESIAN_POINT('',(0.856424000426,-0.499928091216));
#7884 = CARTESIAN_POINT('',(0.904040145747,-0.499921550772));
#7885 = CARTESIAN_POINT('',(0.951661095006,-0.499915052537));
#7886 = CARTESIAN_POINT('',(0.999282649935,-0.499908606676));
#7887 = CARTESIAN_POINT('',(1.046902211594,-0.499902301567));
#7888 = CARTESIAN_POINT('',(1.094518212497,-0.499896216506));
#7889 = CARTESIAN_POINT('',(1.142129968523,-0.499890406593));
#7890 = CARTESIAN_POINT('',(1.189737460014,-0.499884894251));
#7891 = CARTESIAN_POINT('',(1.23734117039,-0.499879676014));
#7892 = CARTESIAN_POINT('',(1.284941943267,-0.499874734466));
#7893 = CARTESIAN_POINT('',(1.33254086261,-0.499870051575));
#7894 = CARTESIAN_POINT('',(1.380139147793,-0.499865619398));
#7895 = CARTESIAN_POINT('',(1.427738058081,-0.499861445744));
#7896 = CARTESIAN_POINT('',(1.475338799825,-0.499857553571));
#7897 = CARTESIAN_POINT('',(1.522942430027,-0.499853974214));
#7898 = CARTESIAN_POINT('',(1.570549749113,-0.499850735852));
#7899 = CARTESIAN_POINT('',(1.618161179424,-0.49984784987));
#7900 = CARTESIAN_POINT('',(1.665776614187,-0.499845299042));
#7901 = CARTESIAN_POINT('',(1.713395268503,-0.499843032544));
#7902 = CARTESIAN_POINT('',(1.76101539322,-0.499840973981));
#7903 = CARTESIAN_POINT('',(1.808634354422,-0.499839049111));
#7904 = CARTESIAN_POINT('',(1.856247191549,-0.499837242296));
#7905 = CARTESIAN_POINT('',(1.903850692299,-0.499835685219));
#7906 = CARTESIAN_POINT('',(1.951426720551,-0.499834804521));
#7907 = CARTESIAN_POINT('',(1.999002827939,-0.499835469992));
#7908 = CARTESIAN_POINT('',(2.046605803547,-0.499836775798));
#7909 = CARTESIAN_POINT('',(2.094217871858,-0.499838329929));
#7910 = CARTESIAN_POINT('',(2.141835854831,-0.499840004847));
#7911 = CARTESIAN_POINT('',(2.189454889874,-0.499841820708));
#7912 = CARTESIAN_POINT('',(2.2370724027,-0.499843851432));
#7913 = CARTESIAN_POINT('',(2.284686695347,-0.499846172011));
#7914 = CARTESIAN_POINT('',(2.332297020164,-0.499848831481));
#7915 = CARTESIAN_POINT('',(2.379903297497,-0.499851845809));
#7916 = CARTESIAN_POINT('',(2.427505967695,-0.499855203197));
#7917 = CARTESIAN_POINT('',(2.475105841459,-0.499858875935));
#7918 = CARTESIAN_POINT('',(2.522703979141,-0.499862833792));
#7919 = CARTESIAN_POINT('',(2.570301583939,-0.499867055133));
#7920 = CARTESIAN_POINT('',(2.617899905396,-0.499871533182));
#7921 = CARTESIAN_POINT('',(2.665500146061,-0.49987627613));
#7922 = CARTESIAN_POINT('',(2.713103364911,-0.499881301078));
#7923 = CARTESIAN_POINT('',(2.760710370997,-0.499886623134));
#7924 = CARTESIAN_POINT('',(2.808321601344,-0.499892242211));
#7925 = CARTESIAN_POINT('',(2.855936976904,-0.499898131458));
#7926 = CARTESIAN_POINT('',(2.903555734169,-0.499904231861));
#7927 = CARTESIAN_POINT('',(2.951176219623,-0.499910460681));
#7928 = CARTESIAN_POINT('',(2.998795678001,-0.499916734478));
#7929 = CARTESIAN_POINT('',(3.046409907566,-0.499923037644));
#7930 = CARTESIAN_POINT('',(3.094013250948,-0.499929458128));
#7931 = CARTESIAN_POINT('',(3.125735867246,-0.499934167554));
#7932 = CARTESIAN_POINT('',(3.141592653703,-0.49993669639));
#7933 = ( GEOMETRIC_REPRESENTATION_CONTEXT(2) 
PARAMETRIC_REPRESENTATION_CONTEXT() REPRESENTATION_CONTEXT('2D SPACE',''
  ) );
#7934 = ORIENTED_EDGE('',*,*,#7935,.F.);
#7935 = EDGE_CURVE('',#6662,#7705,#7936,.T.);
#7936 = SEAM_CURVE('',#7937,(#7941,#7948),.PCURVE_S1.);
#7937 = LINE('',#7938,#7939);
#7938 = CARTESIAN_POINT('',(-9.251,-14.717,23.));
#7939 = VECTOR('',#7940,1.);
#7940 = DIRECTION('',(0.,0.,1.));
#7941 = PCURVE('',#6678,#7942);
#7942 = DEFINITIONAL_REPRESENTATION('',(#7943),#7947);
#7943 = LINE('',#7944,#7945);
#7944 = CARTESIAN_POINT('',(0.,-0.));
#7945 = VECTOR('',#7946,1.);
#7946 = DIRECTION('',(0.,1.));
#7947 = ( GEOMETRIC_REPRESENTATION_CONTEXT(2) 
PARAMETRIC_REPRESENTATION_CONTEXT() REPRESENTATION_CONTEXT('2D SPACE',''
  ) );
#7948 = PCURVE('',#6678,#7949);
#7949 = DEFINITIONAL_REPRESENTATION('',(#7950),#7954);
#7950 = LINE('',#7951,#7952);
#7951 = CARTESIAN_POINT('',(6.28318530718,-0.));
#7952 = VECTOR('',#7953,1.);
#7953 = DIRECTION('',(0.,1.));
#7954 = ( GEOMETRIC_REPRESENTATION_CONTEXT(2) 
PARAMETRIC_REPRESENTATION_CONTEXT() REPRESENTATION_CONTEXT('2D SPACE',''
  ) );
#7955 = ORIENTED_EDGE('',*,*,#6661,.T.);
#7956 = ORIENTED_EDGE('',*,*,#7935,.T.);
#7957 = ORIENTED_EDGE('',*,*,#7958,.F.);
#7958 = EDGE_CURVE('',#7707,#7705,#7959,.T.);
#7959 = SURFACE_CURVE('',#7960,(#8038,#8111),.PCURVE_S1.);
#7960 = B_SPLINE_CURVE_WITH_KNOTS('',6,(#7961,#7962,#7963,#7964,#7965,
    #7966,#7967,#7968,#7969,#7970,#7971,#7972,#7973,#7974,#7975,#7976,
    #7977,#7978,#7979,#7980,#7981,#7982,#7983,#7984,#7985,#7986,#7987,
    #7988,#7989,#7990,#7991,#7992,#7993,#7994,#7995,#7996,#7997,#7998,
    #7999,#8000,#8001,#8002,#8003,#8004,#8005,#8006,#8007,#8008,#8009,
    #8010,#8011,#8012,#8013,#8014,#8015,#8016,#8017,#8018,#8019,#8020,
    #8021,#8022,#8023,#8024,#8025,#8026,#8027,#8028,#8029,#8030,#8031,
    #8032,#8033,#8034,#8035,#8036,#8037),.UNSPECIFIED.,.T.,.F.,(1,6,5,5,
    5,5,5,5,5,5,5,5,5,5,5,5,6,1),(-9.3490195831E-02,0.,
    6.283436039658E-02,9.098458630761E-02,0.105562355838,0.120140101932,
    0.310498691927,0.499855834994,0.56320449521,0.594118732993,
    0.609952910978,0.617995679112,0.625284443757,0.720030814086,
    0.81327030976,0.906509804169,1.,1.062834360397),.UNSPECIFIED.);
#7961 = CARTESIAN_POINT('',(-9.251,-14.717,24.599622608473));
#7962 = CARTESIAN_POINT('',(-9.2509998297,-14.60188757218,
    24.599632397463));
#7963 = CARTESIAN_POINT('',(-9.260086888348,-14.4867707187,
    24.59964251035));
#7964 = CARTESIAN_POINT('',(-9.278259257075,-14.37255858071,
    24.599652869746));
#7965 = CARTESIAN_POINT('',(-9.305399449213,-14.26013849386,
    24.599663396004));
#7966 = CARTESIAN_POINT('',(-9.341274410296,-14.1503759883,
    24.599674007221));
#7967 = CARTESIAN_POINT('',(-9.405364641488,-13.99650897434,
    24.599689373492));
#7968 = CARTESIAN_POINT('',(-9.426877299606,-13.94960422614,
    24.599694128063));
#7969 = CARTESIAN_POINT('',(-9.450042381015,-13.90347520572,
    24.599698875494));
#7970 = CARTESIAN_POINT('',(-9.474824567428,-13.85819436876,
    24.599703608365));
#7971 = CARTESIAN_POINT('',(-9.501184333671,-13.81383196495,
    24.599708319295));
#7972 = CARTESIAN_POINT('',(-9.543522828147,-13.74799354393,
    24.599715425362));
#7973 = CARTESIAN_POINT('',(-9.558379066897,-13.72579556461,
    24.599717841932));
#7974 = CARTESIAN_POINT('',(-9.573640603403,-13.70387152503,
    24.599720249636));
#7975 = CARTESIAN_POINT('',(-9.589301098481,-13.68223065243,
    24.599722647462));
#7976 = CARTESIAN_POINT('',(-9.605353934298,-13.6608819763,
    24.599725034409));
#7977 = CARTESIAN_POINT('',(-9.638230467941,-13.6187867143,
    24.599729784544));
#7978 = CARTESIAN_POINT('',(-9.655054170301,-13.59804012006,
    24.599732147733));
#7979 = CARTESIAN_POINT('',(-9.672256424499,-13.57760337704,
    24.59973449805));
#7980 = CARTESIAN_POINT('',(-9.689830074183,-13.55748509418,
    24.599736834508));
#7981 = CARTESIAN_POINT('',(-9.707767703595,-13.53769365803,
    24.599739156129));
#7982 = CARTESIAN_POINT('',(-9.964941426171,-13.26416698583,
    24.599771571927));
#7983 = CARTESIAN_POINT('',(-10.26537878816,-13.06645561283,
    24.599799080787));
#7984 = CARTESIAN_POINT('',(-10.60888506815,-12.94572986828,
    24.599821576452));
#7985 = CARTESIAN_POINT('',(-10.97125119516,-12.91019251811,
    24.599837499942));
#7986 = CARTESIAN_POINT('',(-11.32706748633,-12.96262717148,
    24.599845710169));
#7987 = CARTESIAN_POINT('',(-11.97296485725,-13.22095486578,
    24.599846741942));
#7988 = CARTESIAN_POINT('',(-12.26539974675,-13.42684419451,
    24.59983964761));
#7989 = CARTESIAN_POINT('',(-12.50265203024,-13.70029058874,
    24.599824844331));
#7990 = CARTESIAN_POINT('',(-12.66843844935,-14.02212230604,
    24.599803382211));
#7991 = CARTESIAN_POINT('',(-12.75100710138,-14.37010063554,
    24.599776733309));
#7992 = CARTESIAN_POINT('',(-12.75100028686,-14.83305376811,
    24.599737366999));
#7993 = CARTESIAN_POINT('',(-12.74176368664,-14.94911456796,
    24.599727169109));
#7994 = CARTESIAN_POINT('',(-12.72329235906,-15.06424805464,
    24.59971672118));
#7995 = CARTESIAN_POINT('',(-12.69570779138,-15.17754395741,
    24.599706104935));
#7996 = CARTESIAN_POINT('',(-12.65925079848,-15.28811607971,
    24.599695404304));
#7997 = CARTESIAN_POINT('',(-12.59233658343,-15.44731178447,
    24.59967948435));
#7998 = CARTESIAN_POINT('',(-12.56836402266,-15.49866918441,
    24.599674263519));
#7999 = CARTESIAN_POINT('',(-12.54240541096,-15.54907568722,
    24.599669052811));
#8000 = CARTESIAN_POINT('',(-12.51450839772,-15.59843576364,
    24.599663862046));
#8001 = CARTESIAN_POINT('',(-12.48472671125,-15.64665716691,
    24.599658700982));
#8002 = CARTESIAN_POINT('',(-12.43693138103,-15.71772099693,
    24.599650956012));
#8003 = CARTESIAN_POINT('',(-12.4202638279,-15.74146904779,
    24.59964834304));
#8004 = CARTESIAN_POINT('',(-12.40312551538,-15.76488316916,
    24.599645741696));
#8005 = CARTESIAN_POINT('',(-12.38552484035,-15.78795172961,
    24.599643153269));
#8006 = CARTESIAN_POINT('',(-12.3674705806,-15.81066338246,
    24.599640579037));
#8007 = CARTESIAN_POINT('',(-12.33957572402,-15.84435625387,
    24.599636720571));
#8008 = CARTESIAN_POINT('',(-12.33006488998,-15.8556105074,
    24.599635424865));
#8009 = CARTESIAN_POINT('',(-12.32044059201,-15.8667683779,
    24.599634133313));
#8010 = CARTESIAN_POINT('',(-12.31070405328,-15.87782843774,
    24.599632846082));
#8011 = CARTESIAN_POINT('',(-12.30085652087,-15.88878928006,
    24.599631563334));
#8012 = CARTESIAN_POINT('',(-12.28187549572,-15.90949161833,
    24.599629126953));
#8013 = CARTESIAN_POINT('',(-12.27276161127,-15.91925109336,
    24.59962797249));
#8014 = CARTESIAN_POINT('',(-12.26355855823,-15.92892691233,
    24.599626821964));
#8015 = CARTESIAN_POINT('',(-12.2542672979,-15.93851805846,
    24.599625675497));
#8016 = CARTESIAN_POINT('',(-12.24488880701,-15.94802352977,
    24.599624533209));
#8017 = CARTESIAN_POINT('',(-12.11239468319,-16.07987934545,
    24.599608602412));
#8018 = CARTESIAN_POINT('',(-11.97474507675,-16.18769948907,
    24.599594531839));
#8019 = CARTESIAN_POINT('',(-11.82475267439,-16.27866982874,
    24.599581454515));
#8020 = CARTESIAN_POINT('',(-11.66497869447,-16.35109558073,
    24.599569605806));
#8021 = CARTESIAN_POINT('',(-11.49826815764,-16.40382011879,
    24.599559185422));
#8022 = CARTESIAN_POINT('',(-11.15994471895,-16.46812039435,
    24.599541669357));
#8023 = CARTESIAN_POINT('',(-10.98835363516,-16.48035692928,
    24.599534518254));
#8024 = CARTESIAN_POINT('',(-10.81596332186,-16.47238878063,
    24.599529056924));
#8025 = CARTESIAN_POINT('',(-10.64570062716,-16.44423762363,
    24.599525387776));
#8026 = CARTESIAN_POINT('',(-10.48043256088,-16.39649260695,
    24.599523562819));
#8027 = CARTESIAN_POINT('',(-10.1654977811,-16.26413345154,
    24.59952360396));
#8028 = CARTESIAN_POINT('',(-10.01574081991,-16.17948138459,
    24.59952547007));
#8029 = CARTESIAN_POINT('',(-9.876486036912,-16.07755014251,
    24.599529179651));
#8030 = CARTESIAN_POINT('',(-9.750160545136,-15.95997556266,
    24.599534680002));
#8031 = CARTESIAN_POINT('',(-9.638827944739,-15.82883332917,
    24.599541868063));
#8032 = CARTESIAN_POINT('',(-9.449289356134,-15.54406553333,
    24.599559335757));
#8033 = CARTESIAN_POINT('',(-9.37111861705,-15.39029812127,
    24.599569628714));
#8034 = CARTESIAN_POINT('',(-9.311354283459,-15.22789705246,
    24.599581311263));
#8035 = CARTESIAN_POINT('',(-9.271122433551,-15.05958963845,
    24.599594191533));
#8036 = CARTESIAN_POINT('',(-9.250997046008,-14.88827018658,
    24.599608043798));
#8037 = CARTESIAN_POINT('',(-9.251,-14.717,24.599622608473));
#8038 = PCURVE('',#6678,#8039);
#8039 = DEFINITIONAL_REPRESENTATION('',(#8040),#8110);
#8040 = B_SPLINE_CURVE_WITH_KNOTS('',3,(#8041,#8042,#8043,#8044,#8045,
    #8046,#8047,#8048,#8049,#8050,#8051,#8052,#8053,#8054,#8055,#8056,
    #8057,#8058,#8059,#8060,#8061,#8062,#8063,#8064,#8065,#8066,#8067,
    #8068,#8069,#8070,#8071,#8072,#8073,#8074,#8075,#8076,#8077,#8078,
    #8079,#8080,#8081,#8082,#8083,#8084,#8085,#8086,#8087,#8088,#8089,
    #8090,#8091,#8092,#8093,#8094,#8095,#8096,#8097,#8098,#8099,#8100,
    #8101,#8102,#8103,#8104,#8105,#8106,#8107,#8108,#8109),
  .UNSPECIFIED.,.F.,.F.,(4,1,1,1,1,1,1,1,1,1,1,1,1,1,1,1,1,1,1,1,1,1,1,1
    ,1,1,1,1,1,1,1,1,1,1,1,1,1,1,1,1,1,1,1,1,1,1,1,1,1,1,1,1,1,1,1,1,1,1
    ,1,1,1,1,1,1,1,1,4),(0.499869373351,0.507447110119,0.515024846886,
    0.522602583654,0.530180320421,0.537758057188,0.545335793956,
    0.552913530723,0.560491267491,0.568069004258,0.575646741025,
    0.583224477793,0.59080221456,0.598379951328,0.605957688095,
    0.613535424862,0.62111316163,0.628690898397,0.636268635165,
    0.643846371932,0.651424108699,0.659001845467,0.666579582234,
    0.674157319002,0.681735055769,0.689312792537,0.696890529304,
    0.704468266071,0.712046002839,0.719623739606,0.727201476374,
    0.734779213141,0.742356949908,0.749934686676,0.757512423443,
    0.765090160211,0.772667896978,0.780245633745,0.787823370513,
    0.79540110728,0.802978844048,0.810556580815,0.818134317582,
    0.82571205435,0.833289791117,0.840867527885,0.848445264652,
    0.856023001419,0.863600738187,0.871178474954,0.878756211722,
    0.886333948489,0.893911685256,0.901489422024,0.909067158791,
    0.916644895559,0.924222632326,0.931800369093,0.939378105861,
    0.946955842628,0.954533579396,0.962111316163,0.96968905293,
    0.977266789698,0.984844526465,0.992422263233,1.),
  .QUASI_UNIFORM_KNOTS.);
#8041 = CARTESIAN_POINT('',(3.141677689144,1.599747222749));
#8042 = CARTESIAN_POINT('',(3.157543214956,1.599744861771));
#8043 = CARTESIAN_POINT('',(3.189274626122,1.599740092626));
#8044 = CARTESIAN_POINT('',(3.236872237103,1.599732813928));
#8045 = CARTESIAN_POINT('',(3.284469525162,1.599725426769));
#8046 = CARTESIAN_POINT('',(3.332066487839,1.599717947896));
#8047 = CARTESIAN_POINT('',(3.379663347999,1.599710394204));
#8048 = CARTESIAN_POINT('',(3.427260397596,1.599702782758));
#8049 = CARTESIAN_POINT('',(3.474857706553,1.599695130784));
#8050 = CARTESIAN_POINT('',(3.522454943716,1.599687455665));
#8051 = CARTESIAN_POINT('',(3.570050934867,1.599679774978));
#8052 = CARTESIAN_POINT('',(3.617647106182,1.599672105888));
#8053 = CARTESIAN_POINT('',(3.665243137572,1.599664465817));
#8054 = CARTESIAN_POINT('',(3.712839202725,1.599656872043));
#8055 = CARTESIAN_POINT('',(3.760435144194,1.599649341791));
#8056 = CARTESIAN_POINT('',(3.808031054166,1.599641892103));
#8057 = CARTESIAN_POINT('',(3.855626892918,1.599634539853));
#8058 = CARTESIAN_POINT('',(3.903222802683,1.599627301694));
#8059 = CARTESIAN_POINT('',(3.950818254443,1.599620194031));
#8060 = CARTESIAN_POINT('',(3.998418358729,1.599613232321));
#8061 = CARTESIAN_POINT('',(4.046019610346,1.599606432847));
#8062 = CARTESIAN_POINT('',(4.093620635124,1.599599811185));
#8063 = CARTESIAN_POINT('',(4.141220674259,1.599593382435));
#8064 = CARTESIAN_POINT('',(4.188819732138,1.599587161157));
#8065 = CARTESIAN_POINT('',(4.236418245781,1.59958116139));
#8066 = CARTESIAN_POINT('',(4.28401686504,1.599575396647));
#8067 = CARTESIAN_POINT('',(4.331616176876,1.599569879915));
#8068 = CARTESIAN_POINT('',(4.379216500145,1.599564623649));
#8069 = CARTESIAN_POINT('',(4.426817461256,1.599559639794));
#8070 = CARTESIAN_POINT('',(4.474418432043,1.599554939718));
#8071 = CARTESIAN_POINT('',(4.522015842864,1.599550534436));
#8072 = CARTESIAN_POINT('',(4.569612285183,1.599546433786));
#8073 = CARTESIAN_POINT('',(4.617212884607,1.599542646526));
#8074 = CARTESIAN_POINT('',(4.664813385292,1.599539181563));
#8075 = CARTESIAN_POINT('',(4.712413310403,1.59953604676));
#8076 = CARTESIAN_POINT('',(4.760012214932,1.59953324925));
#8077 = CARTESIAN_POINT('',(4.80761040804,1.599530795357));
#8078 = CARTESIAN_POINT('',(4.855208453339,1.599528690616));
#8079 = CARTESIAN_POINT('',(4.902806981525,1.599526939767));
#8080 = CARTESIAN_POINT('',(4.950406417203,1.599525546755));
#8081 = CARTESIAN_POINT('',(4.998006726736,1.599524514733));
#8082 = CARTESIAN_POINT('',(5.045607206536,1.599523846061));
#8083 = CARTESIAN_POINT('',(5.093206175559,1.599523542296));
#8084 = CARTESIAN_POINT('',(5.140801144957,1.599523604231));
#8085 = CARTESIAN_POINT('',(5.188401164169,1.599524031696));
#8086 = CARTESIAN_POINT('',(5.236001611542,1.599524823632));
#8087 = CARTESIAN_POINT('',(5.283601740815,1.599525978208));
#8088 = CARTESIAN_POINT('',(5.331200890422,1.599527492796));
#8089 = CARTESIAN_POINT('',(5.378799227517,1.599529363973));
#8090 = CARTESIAN_POINT('',(5.426397247592,1.599531587523));
#8091 = CARTESIAN_POINT('',(5.473995595979,1.599534158438));
#8092 = CARTESIAN_POINT('',(5.521594772952,1.599537070917));
#8093 = CARTESIAN_POINT('',(5.569194957669,1.599540318368));
#8094 = CARTESIAN_POINT('',(5.616795497016,1.599543893391));
#8095 = CARTESIAN_POINT('',(5.664395688282,1.599547787857));
#8096 = CARTESIAN_POINT('',(5.711990841639,1.599551992597));
#8097 = CARTESIAN_POINT('',(5.75958990628,1.599556498906));
#8098 = CARTESIAN_POINT('',(5.807190627231,1.599561296281));
#8099 = CARTESIAN_POINT('',(5.854791214491,1.599566373661));
#8100 = CARTESIAN_POINT('',(5.902390956474,1.599571719464));
#8101 = CARTESIAN_POINT('',(5.949989794371,1.599577321579));
#8102 = CARTESIAN_POINT('',(5.997588144017,1.599583167367));
#8103 = CARTESIAN_POINT('',(6.045186631741,1.599589243662));
#8104 = CARTESIAN_POINT('',(6.092785839905,1.59959553677));
#8105 = CARTESIAN_POINT('',(6.14038606178,1.599602032476));
#8106 = CARTESIAN_POINT('',(6.187987020836,1.599608716022));
#8107 = CARTESIAN_POINT('',(6.235587783771,1.599615572177));
#8108 = CARTESIAN_POINT('',(6.267319956911,1.599620247384));
#8109 = CARTESIAN_POINT('',(6.28318530718,1.599622608473));
#8110 = ( GEOMETRIC_REPRESENTATION_CONTEXT(2) 
PARAMETRIC_REPRESENTATION_CONTEXT() REPRESENTATION_CONTEXT('2D SPACE',''
  ) );
#8111 = PCURVE('',#6920,#8112);
#8112 = DEFINITIONAL_REPRESENTATION('',(#8113),#8183);
#8113 = B_SPLINE_CURVE_WITH_KNOTS('',3,(#8114,#8115,#8116,#8117,#8118,
    #8119,#8120,#8121,#8122,#8123,#8124,#8125,#8126,#8127,#8128,#8129,
    #8130,#8131,#8132,#8133,#8134,#8135,#8136,#8137,#8138,#8139,#8140,
    #8141,#8142,#8143,#8144,#8145,#8146,#8147,#8148,#8149,#8150,#8151,
    #8152,#8153,#8154,#8155,#8156,#8157,#8158,#8159,#8160,#8161,#8162,
    #8163,#8164,#8165,#8166,#8167,#8168,#8169,#8170,#8171,#8172,#8173,
    #8174,#8175,#8176,#8177,#8178,#8179,#8180,#8181,#8182),
  .UNSPECIFIED.,.F.,.F.,(4,1,1,1,1,1,1,1,1,1,1,1,1,1,1,1,1,1,1,1,1,1,1,1
    ,1,1,1,1,1,1,1,1,1,1,1,1,1,1,1,1,1,1,1,1,1,1,1,1,1,1,1,1,1,1,1,1,1,1
    ,1,1,1,1,1,1,1,1,4),(0.499869373351,0.507447110119,0.515024846886,
    0.522602583654,0.530180320421,0.537758057188,0.545335793956,
    0.552913530723,0.560491267491,0.568069004258,0.575646741025,
    0.583224477793,0.59080221456,0.598379951328,0.605957688095,
    0.613535424862,0.62111316163,0.628690898397,0.636268635165,
    0.643846371932,0.651424108699,0.659001845467,0.666579582234,
    0.674157319002,0.681735055769,0.689312792537,0.696890529304,
    0.704468266071,0.712046002839,0.719623739606,0.727201476374,
    0.734779213141,0.742356949908,0.749934686676,0.757512423443,
    0.765090160211,0.772667896978,0.780245633745,0.787823370513,
    0.79540110728,0.802978844048,0.810556580815,0.818134317582,
    0.82571205435,0.833289791117,0.840867527885,0.848445264652,
    0.856023001419,0.863600738187,0.871178474954,0.878756211722,
    0.886333948489,0.893911685256,0.901489422024,0.909067158791,
    0.916644895559,0.924222632326,0.931800369093,0.939378105861,
    0.946955842628,0.954533579396,0.962111316163,0.96968905293,
    0.977266789698,0.984844526465,0.992422263233,1.),
  .QUASI_UNIFORM_KNOTS.);
#8114 = CARTESIAN_POINT('',(-3.141592653476,-0.49993669639));
#8115 = CARTESIAN_POINT('',(-3.125727692636,-0.499939272883));
#8116 = CARTESIAN_POINT('',(-3.09399734707,-0.499944381414));
#8117 = CARTESIAN_POINT('',(-3.046401138299,-0.499951949415));
#8118 = CARTESIAN_POINT('',(-2.998805052929,-0.499959437083));
#8119 = CARTESIAN_POINT('',(-2.951209090745,-0.499966943279));
#8120 = CARTESIAN_POINT('',(-2.903613026615,-0.499974515802));
#8121 = CARTESIAN_POINT('',(-2.856016566789,-0.499982141684));
#8122 = CARTESIAN_POINT('',(-2.80841964,-0.499989771838));
#8123 = CARTESIAN_POINT('',(-2.760822576525,-0.499997377061));
#8124 = CARTESIAN_POINT('',(-2.713226550213,-0.50000513591));
#8125 = CARTESIAN_POINT('',(-2.665630134949,-0.500012807433));
#8126 = CARTESIAN_POINT('',(-2.618033651379,-0.500020450341));
#8127 = CARTESIAN_POINT('',(-2.570436926836,-0.500028043042));
#8128 = CARTESIAN_POINT('',(-2.522840120261,-0.500035571707));
#8129 = CARTESIAN_POINT('',(-2.475243141424,-0.50004303169));
#8130 = CARTESIAN_POINT('',(-2.427646032462,-0.500050344946));
#8131 = CARTESIAN_POINT('',(-2.380048654036,-0.500057728776));
#8132 = CARTESIAN_POINT('',(-2.332451538424,-0.500064288556));
#8133 = CARTESIAN_POINT('',(-2.284849578797,-0.500071435808));
#8134 = CARTESIAN_POINT('',(-2.23724628458,-0.500078511712));
#8135 = CARTESIAN_POINT('',(-2.189643034603,-0.500085225067));
#8136 = CARTESIAN_POINT('',(-2.142040592755,-0.50009158504));
#8137 = CARTESIAN_POINT('',(-2.094438960113,-0.50009769576));
#8138 = CARTESIAN_POINT('',(-2.046837705483,-0.500103648285));
#8139 = CARTESIAN_POINT('',(-1.999236185188,-0.500109449451));
#8140 = CARTESIAN_POINT('',(-1.95163381879,-0.500115005243));
#8141 = CARTESIAN_POINT('',(-1.904030294312,-0.500120155024));
#8142 = CARTESIAN_POINT('',(-1.856425992609,-0.500124755425));
#8143 = CARTESIAN_POINT('',(-1.80882154946,-0.500128819378));
#8144 = CARTESIAN_POINT('',(-1.761220542672,-0.500132681928));
#8145 = CARTESIAN_POINT('',(-1.713620388806,-0.500137288407));
#8146 = CARTESIAN_POINT('',(-1.666015970187,-0.500141713155));
#8147 = CARTESIAN_POINT('',(-1.618411551619,-0.500145572717));
#8148 = CARTESIAN_POINT('',(-1.570807618861,-0.500148828353));
#8149 = CARTESIAN_POINT('',(-1.52320462605,-0.500151594924));
#8150 = CARTESIAN_POINT('',(-1.475602273274,-0.500154007217));
#8151 = CARTESIAN_POINT('',(-1.4280000063,-0.500156132975));
#8152 = CARTESIAN_POINT('',(-1.380397203938,-0.500157936458));
#8153 = CARTESIAN_POINT('',(-1.332793451223,-0.5001592958));
#8154 = CARTESIAN_POINT('',(-1.285188791577,-0.500160060505));
#8155 = CARTESIAN_POINT('',(-1.237583938511,-0.500160199046));
#8156 = CARTESIAN_POINT('',(-1.189980583138,-0.500159844458));
#8157 = CARTESIAN_POINT('',(-1.142381224476,-0.500159945838));
#8158 = CARTESIAN_POINT('',(-1.094776822183,-0.500160187447));
#8159 = CARTESIAN_POINT('',(-1.047172008274,-0.500159856667));
#8160 = CARTESIAN_POINT('',(-0.999567538978,-0.500158891675));
#8161 = CARTESIAN_POINT('',(-0.951964085757,-0.500157371122));
#8162 = CARTESIAN_POINT('',(-0.904361491189,-0.500155447546));
#8163 = CARTESIAN_POINT('',(-0.856759269378,-0.500153223174));
#8164 = CARTESIAN_POINT('',(-0.809156784458,-0.500150703996));
#8165 = CARTESIAN_POINT('',(-0.761553545485,-0.50014779913));
#8166 = CARTESIAN_POINT('',(-0.713949382505,-0.500144366135));
#8167 = CARTESIAN_POINT('',(-0.666344957709,-0.500140332677));
#8168 = CARTESIAN_POINT('',(-0.618740982673,-0.500135767761));
#8169 = CARTESIAN_POINT('',(-0.57114215611,-0.500131370098));
#8170 = CARTESIAN_POINT('',(-0.523539536419,-0.50012752171));
#8171 = CARTESIAN_POINT('',(-0.47593538688,-0.500123265075));
#8172 = CARTESIAN_POINT('',(-0.428331505408,-0.500118465366));
#8173 = CARTESIAN_POINT('',(-0.380728611096,-0.50011315978));
#8174 = CARTESIAN_POINT('',(-0.333126769884,-0.500107510554));
#8175 = CARTESIAN_POINT('',(-0.285525572693,-0.500101657025));
#8176 = CARTESIAN_POINT('',(-0.237924399603,-0.500095657494));
#8177 = CARTESIAN_POINT('',(-0.190322674307,-0.500089473147));
#8178 = CARTESIAN_POINT('',(-0.142720109244,-0.500083000173));
#8179 = CARTESIAN_POINT('',(-9.511698627303E-02,-0.500076174425));
#8180 = CARTESIAN_POINT('',(-4.751424367849E-02,-0.500069041603));
#8181 = CARTESIAN_POINT('',(-1.578087651744E-02,-0.500064472842));
#8182 = CARTESIAN_POINT('',(8.503856496311E-05,-0.500062307103));
#8183 = ( GEOMETRIC_REPRESENTATION_CONTEXT(2) 
PARAMETRIC_REPRESENTATION_CONTEXT() REPRESENTATION_CONTEXT('2D SPACE',''
  ) );
#8184 = ADVANCED_FACE('',(#8185),#6709,.F.);
#8185 = FACE_BOUND('',#8186,.F.);
#8186 = EDGE_LOOP('',(#8187,#8418,#8439,#8440,#8441));
#8187 = ORIENTED_EDGE('',*,*,#8188,.F.);
#8188 = EDGE_CURVE('',#8189,#8191,#8193,.T.);
#8189 = VERTEX_POINT('',#8190);
#8190 = CARTESIAN_POINT('',(12.749,-14.717,24.599622608473));
#8191 = VERTEX_POINT('',#8192);
#8192 = CARTESIAN_POINT('',(9.249000006327,-14.71714881219,
    24.599747222678));
#8193 = SURFACE_CURVE('',#8194,(#8272,#8345),.PCURVE_S1.);
#8194 = B_SPLINE_CURVE_WITH_KNOTS('',6,(#8195,#8196,#8197,#8198,#8199,
    #8200,#8201,#8202,#8203,#8204,#8205,#8206,#8207,#8208,#8209,#8210,
    #8211,#8212,#8213,#8214,#8215,#8216,#8217,#8218,#8219,#8220,#8221,
    #8222,#8223,#8224,#8225,#8226,#8227,#8228,#8229,#8230,#8231,#8232,
    #8233,#8234,#8235,#8236,#8237,#8238,#8239,#8240,#8241,#8242,#8243,
    #8244,#8245,#8246,#8247,#8248,#8249,#8250,#8251,#8252,#8253,#8254,
    #8255,#8256,#8257,#8258,#8259,#8260,#8261,#8262,#8263,#8264,#8265,
    #8266,#8267,#8268,#8269,#8270,#8271),.UNSPECIFIED.,.T.,.F.,(1,6,5,5,
    5,5,5,5,5,5,5,5,5,5,5,5,6,1),(-9.3490195831E-02,0.,
    6.283436039657E-02,9.09845863076E-02,0.105562355838,0.120140101932,
    0.310498691927,0.499855834994,0.56320449521,0.594118732992,
    0.609952910978,0.617995679111,0.625284443757,0.720030814086,
    0.813270309759,0.906509804169,1.,1.062834360397),.UNSPECIFIED.);
#8195 = CARTESIAN_POINT('',(12.749,-14.717,24.599622608473));
#8196 = CARTESIAN_POINT('',(12.7490001703,-14.60188757218,
    24.599632397463));
#8197 = CARTESIAN_POINT('',(12.739913111652,-14.4867707187,
    24.59964251035));
#8198 = CARTESIAN_POINT('',(12.721740742925,-14.37255858071,
    24.599652869746));
#8199 = CARTESIAN_POINT('',(12.694600550787,-14.26013849386,
    24.599663396004));
#8200 = CARTESIAN_POINT('',(12.658725589704,-14.1503759883,
    24.599674007221));
#8201 = CARTESIAN_POINT('',(12.594635358512,-13.99650897434,
    24.599689373492));
#8202 = CARTESIAN_POINT('',(12.573122700394,-13.94960422614,
    24.599694128063));
#8203 = CARTESIAN_POINT('',(12.549957618985,-13.90347520572,
    24.599698875494));
#8204 = CARTESIAN_POINT('',(12.525175432572,-13.85819436876,
    24.599703608365));
#8205 = CARTESIAN_POINT('',(12.498815666329,-13.81383196495,
    24.599708319295));
#8206 = CARTESIAN_POINT('',(12.456477171853,-13.74799354393,
    24.599715425362));
#8207 = CARTESIAN_POINT('',(12.441620933103,-13.72579556461,
    24.599717841932));
#8208 = CARTESIAN_POINT('',(12.426359396597,-13.70387152503,
    24.599720249636));
#8209 = CARTESIAN_POINT('',(12.410698901519,-13.68223065243,
    24.599722647462));
#8210 = CARTESIAN_POINT('',(12.394646065702,-13.6608819763,
    24.599725034409));
#8211 = CARTESIAN_POINT('',(12.361769532059,-13.6187867143,
    24.599729784544));
#8212 = CARTESIAN_POINT('',(12.344945829699,-13.59804012006,
    24.599732147733));
#8213 = CARTESIAN_POINT('',(12.327743575501,-13.57760337704,
    24.59973449805));
#8214 = CARTESIAN_POINT('',(12.310169925817,-13.55748509418,
    24.599736834508));
#8215 = CARTESIAN_POINT('',(12.292232296405,-13.53769365803,
    24.599739156129));
#8216 = CARTESIAN_POINT('',(12.035058573829,-13.26416698583,
    24.599771571927));
#8217 = CARTESIAN_POINT('',(11.734621211832,-13.06645561283,
    24.599799080787));
#8218 = CARTESIAN_POINT('',(11.391114931848,-12.94572986828,
    24.599821576452));
#8219 = CARTESIAN_POINT('',(11.028748804833,-12.91019251811,
    24.599837499942));
#8220 = CARTESIAN_POINT('',(10.672932513661,-12.96262717148,
    24.599845710169));
#8221 = CARTESIAN_POINT('',(10.02703514275,-13.22095486578,
    24.599846741942));
#8222 = CARTESIAN_POINT('',(9.734600253244,-13.42684419451,
    24.59983964761));
#8223 = CARTESIAN_POINT('',(9.497347969759,-13.70029058874,
    24.599824844331));
#8224 = CARTESIAN_POINT('',(9.331561550641,-14.02212230604,
    24.599803382211));
#8225 = CARTESIAN_POINT('',(9.248992898615,-14.37010063554,
    24.599776733309));
#8226 = CARTESIAN_POINT('',(9.24899971314,-14.83305376811,
    24.599737366999));
#8227 = CARTESIAN_POINT('',(9.258236313352,-14.94911456796,
    24.599727169109));
#8228 = CARTESIAN_POINT('',(9.276707640938,-15.06424805464,
    24.59971672118));
#8229 = CARTESIAN_POINT('',(9.304292208614,-15.17754395741,
    24.599706104935));
#8230 = CARTESIAN_POINT('',(9.340749201511,-15.28811607971,
    24.599695404304));
#8231 = CARTESIAN_POINT('',(9.407663416561,-15.44731178447,
    24.59967948435));
#8232 = CARTESIAN_POINT('',(9.431635977337,-15.49866918441,
    24.599674263519));
#8233 = CARTESIAN_POINT('',(9.457594589037,-15.54907568722,
    24.599669052811));
#8234 = CARTESIAN_POINT('',(9.485491602275,-15.59843576364,
    24.599663862046));
#8235 = CARTESIAN_POINT('',(9.515273288742,-15.64665716691,
    24.599658700982));
#8236 = CARTESIAN_POINT('',(9.563068618961,-15.71772099693,
    24.599650956012));
#8237 = CARTESIAN_POINT('',(9.579736172093,-15.74146904779,
    24.599648343039));
#8238 = CARTESIAN_POINT('',(9.596874484616,-15.76488316916,
    24.599645741696));
#8239 = CARTESIAN_POINT('',(9.614475159643,-15.78795172961,
    24.599643153269));
#8240 = CARTESIAN_POINT('',(9.632529419398,-15.81066338246,
    24.599640579036));
#8241 = CARTESIAN_POINT('',(9.660424275974,-15.84435625387,
    24.599636720571));
#8242 = CARTESIAN_POINT('',(9.669935110012,-15.8556105074,
    24.599635424865));
#8243 = CARTESIAN_POINT('',(9.67955940799,-15.8667683779,24.599634133313
    ));
#8244 = CARTESIAN_POINT('',(9.689295946716,-15.87782843774,
    24.599632846082));
#8245 = CARTESIAN_POINT('',(9.69914347913,-15.88878928006,
    24.599631563334));
#8246 = CARTESIAN_POINT('',(9.718124504277,-15.90949161833,
    24.599629126953));
#8247 = CARTESIAN_POINT('',(9.72723838873,-15.91925109336,24.59962797249
    ));
#8248 = CARTESIAN_POINT('',(9.73644144177,-15.92892691233,
    24.599626821964));
#8249 = CARTESIAN_POINT('',(9.745732702091,-15.93851805846,
    24.599625675497));
#8250 = CARTESIAN_POINT('',(9.755111192986,-15.94802352977,
    24.599624533209));
#8251 = CARTESIAN_POINT('',(9.887605316806,-16.07987934545,
    24.599608602412));
#8252 = CARTESIAN_POINT('',(10.025254923245,-16.18769948907,
    24.599594531839));
#8253 = CARTESIAN_POINT('',(10.175247325604,-16.27866982874,
    24.599581454515));
#8254 = CARTESIAN_POINT('',(10.335021305524,-16.35109558073,
    24.599569605806));
#8255 = CARTESIAN_POINT('',(10.501731842353,-16.40382011879,
    24.599559185422));
#8256 = CARTESIAN_POINT('',(10.840055281042,-16.46812039435,
    24.599541669357));
#8257 = CARTESIAN_POINT('',(11.011646364831,-16.48035692928,
    24.599534518254));
#8258 = CARTESIAN_POINT('',(11.184036678131,-16.47238878063,
    24.599529056924));
#8259 = CARTESIAN_POINT('',(11.354299372837,-16.44423762363,
    24.599525387776));
#8260 = CARTESIAN_POINT('',(11.519567439116,-16.39649260695,
    24.599523562819));
#8261 = CARTESIAN_POINT('',(11.834502218897,-16.26413345154,
    24.59952360396));
#8262 = CARTESIAN_POINT('',(11.98425918009,-16.17948138459,
    24.59952547007));
#8263 = CARTESIAN_POINT('',(12.123513963088,-16.07755014251,
    24.599529179651));
#8264 = CARTESIAN_POINT('',(12.249839454864,-15.95997556266,
    24.599534680002));
#8265 = CARTESIAN_POINT('',(12.361172055261,-15.82883332917,
    24.599541868063));
#8266 = CARTESIAN_POINT('',(12.550710643866,-15.54406553333,
    24.599559335757));
#8267 = CARTESIAN_POINT('',(12.62888138295,-15.39029812127,
    24.599569628714));
#8268 = CARTESIAN_POINT('',(12.688645716541,-15.22789705246,
    24.599581311263));
#8269 = CARTESIAN_POINT('',(12.728877566449,-15.05958963845,
    24.599594191533));
#8270 = CARTESIAN_POINT('',(12.749002953992,-14.88827018658,
    24.599608043798));
#8271 = CARTESIAN_POINT('',(12.749,-14.717,24.599622608473));
#8272 = PCURVE('',#6709,#8273);
#8273 = DEFINITIONAL_REPRESENTATION('',(#8274),#8344);
#8274 = B_SPLINE_CURVE_WITH_KNOTS('',3,(#8275,#8276,#8277,#8278,#8279,
    #8280,#8281,#8282,#8283,#8284,#8285,#8286,#8287,#8288,#8289,#8290,
    #8291,#8292,#8293,#8294,#8295,#8296,#8297,#8298,#8299,#8300,#8301,
    #8302,#8303,#8304,#8305,#8306,#8307,#8308,#8309,#8310,#8311,#8312,
    #8313,#8314,#8315,#8316,#8317,#8318,#8319,#8320,#8321,#8322,#8323,
    #8324,#8325,#8326,#8327,#8328,#8329,#8330,#8331,#8332,#8333,#8334,
    #8335,#8336,#8337,#8338,#8339,#8340,#8341,#8342,#8343),
  .UNSPECIFIED.,.F.,.F.,(4,1,1,1,1,1,1,1,1,1,1,1,1,1,1,1,1,1,1,1,1,1,1,1
    ,1,1,1,1,1,1,1,1,1,1,1,1,1,1,1,1,1,1,1,1,1,1,1,1,1,1,1,1,1,1,1,1,1,1
    ,1,1,1,1,1,1,1,1,4),(0.,7.573778384113E-03,1.514755676823E-02,
    2.272133515234E-02,3.029511353645E-02,3.786889192056E-02,
    4.544267030468E-02,5.301644868879E-02,6.05902270729E-02,
    6.816400545702E-02,7.573778384113E-02,8.331156222524E-02,
    9.088534060935E-02,9.845911899347E-02,0.106032897378,0.113606675762,
    0.121180454146,0.12875423253,0.136328010914,0.143901789298,
    0.151475567682,0.159049346066,0.16662312445,0.174196902835,
    0.181770681219,0.189344459603,0.196918237987,0.204492016371,
    0.212065794755,0.219639573139,0.227213351523,0.234787129907,
    0.242360908292,0.249934686676,0.25750846506,0.265082243444,
    0.272656021828,0.280229800212,0.287803578596,0.29537735698,
    0.302951135365,0.310524913749,0.318098692133,0.325672470517,
    0.333246248901,0.340820027285,0.348393805669,0.355967584053,
    0.363541362437,0.371115140822,0.378688919206,0.38626269759,
    0.393836475974,0.401410254358,0.408984032742,0.416557811126,
    0.42413158951,0.431705367894,0.439279146279,0.446852924663,
    0.454426703047,0.462000481431,0.469574259815,0.477148038199,
    0.484721816583,0.492295594967,0.499869373351),
  .QUASI_UNIFORM_KNOTS.);
#8275 = CARTESIAN_POINT('',(0.,1.599622608473));
#8276 = CARTESIAN_POINT('',(1.585736499864E-02,1.599624968303));
#8277 = CARTESIAN_POINT('',(4.757225105002E-02,1.599629735075));
#8278 = CARTESIAN_POINT('',(9.514469623653E-02,1.599637010033));
#8279 = CARTESIAN_POINT('',(0.142716704455,1.599644393324));
#8280 = CARTESIAN_POINT('',(0.190288426214,1.599651868239));
#8281 = CARTESIAN_POINT('',(0.237860174383,1.59965941792));
#8282 = CARTESIAN_POINT('',(0.285432257953,1.599667025331));
#8283 = CARTESIAN_POINT('',(0.333004715705,1.599674673264));
#8284 = CARTESIAN_POINT('',(0.380577078435,1.599682344343));
#8285 = CARTESIAN_POINT('',(0.428148169325,1.599690021016));
#8286 = CARTESIAN_POINT('',(0.475719556083,1.599697686169));
#8287 = CARTESIAN_POINT('',(0.523290906732,1.599705322405));
#8288 = CARTESIAN_POINT('',(0.570862317883,1.599712912462));
#8289 = CARTESIAN_POINT('',(0.618433801973,1.599720439167));
#8290 = CARTESIAN_POINT('',(0.666004982984,1.599727885441));
#8291 = CARTESIAN_POINT('',(0.713577544201,1.599735234673));
#8292 = CARTESIAN_POINT('',(0.761145128964,1.599742469333));
#8293 = CARTESIAN_POINT('',(0.808733120935,1.599749576812));
#8294 = CARTESIAN_POINT('',(0.856341357006,1.599756540752));
#8295 = CARTESIAN_POINT('',(0.903959544256,1.599763343774));
#8296 = CARTESIAN_POINT('',(0.95158271841,1.599769969678));
#8297 = CARTESIAN_POINT('',(0.999206675987,1.599776402828));
#8298 = CARTESIAN_POINT('',(1.046828812454,1.59978262829));
#8299 = CARTESIAN_POINT('',(1.094447554364,1.599788631776));
#8300 = CARTESIAN_POINT('',(1.142062211299,1.59979439964));
#8301 = CARTESIAN_POINT('',(1.189672756983,1.599799918868));
#8302 = CARTESIAN_POINT('',(1.237279667909,1.599805177074));
#8303 = CARTESIAN_POINT('',(1.284883780469,1.599810162494));
#8304 = CARTESIAN_POINT('',(1.332486171121,1.599814863994));
#8305 = CARTESIAN_POINT('',(1.380088051455,1.599819271068));
#8306 = CARTESIAN_POINT('',(1.427690672687,1.599823373847));
#8307 = CARTESIAN_POINT('',(1.475295232862,1.599827163115));
#8308 = CARTESIAN_POINT('',(1.522902780432,1.599830630318));
#8309 = CARTESIAN_POINT('',(1.57051410703,1.599833767584));
#8310 = CARTESIAN_POINT('',(1.618129625975,1.599836567748));
#8311 = CARTESIAN_POINT('',(1.665749221239,1.599839024369));
#8312 = CARTESIAN_POINT('',(1.713372098439,1.599841131766));
#8313 = CARTESIAN_POINT('',(1.760996498705,1.599842885046));
#8314 = CARTESIAN_POINT('',(1.80861977819,1.599844280138));
#8315 = CARTESIAN_POINT('',(1.856236966082,1.59984531383));
#8316 = CARTESIAN_POINT('',(1.903844839908,1.599845983824));
#8317 = CARTESIAN_POINT('',(1.951425251947,1.599846288732));
#8318 = CARTESIAN_POINT('',(1.999005746452,1.599846228296));
#8319 = CARTESIAN_POINT('',(2.046613105054,1.599845802374));
#8320 = CARTESIAN_POINT('',(2.094229540656,1.599845011708));
#8321 = CARTESIAN_POINT('',(2.141851865015,1.599843858032));
#8322 = CARTESIAN_POINT('',(2.189475205241,1.599842343985));
#8323 = CARTESIAN_POINT('',(2.237096977055,1.599840473082));
#8324 = CARTESIAN_POINT('',(2.284715472696,1.59983824967));
#8325 = CARTESIAN_POINT('',(2.332329934937,1.599835678899));
#8326 = CARTESIAN_POINT('',(2.379940274757,1.599832766684));
#8327 = CARTESIAN_POINT('',(2.427546923357,1.599829519684));
#8328 = CARTESIAN_POINT('',(2.475150682509,1.599825945271));
#8329 = CARTESIAN_POINT('',(2.522752603864,1.599822051516));
#8330 = CARTESIAN_POINT('',(2.570353882151,1.599817847166));
#8331 = CARTESIAN_POINT('',(2.617955758687,1.599813341634));
#8332 = CARTESIAN_POINT('',(2.665559428047,1.599808544987));
#8333 = CARTESIAN_POINT('',(2.713165941502,1.599803467936));
#8334 = CARTESIAN_POINT('',(2.760776100664,1.599798121838));
#8335 = CARTESIAN_POINT('',(2.808390335406,1.599792518694));
#8336 = CARTESIAN_POINT('',(2.856008559826,1.599786671149));
#8337 = CARTESIAN_POINT('',(2.90363000387,1.599780592502));
#8338 = CARTESIAN_POINT('',(2.951253007803,1.599774296717));
#8339 = CARTESIAN_POINT('',(2.99887481049,1.599767798431));
#8340 = CARTESIAN_POINT('',(3.046491204715,1.599761112995));
#8341 = CARTESIAN_POINT('',(3.094096527998,1.599754256398));
#8342 = CARTESIAN_POINT('',(3.125820338094,1.599749582568));
#8343 = CARTESIAN_POINT('',(3.141677689144,1.599747222749));
#8344 = ( GEOMETRIC_REPRESENTATION_CONTEXT(2) 
PARAMETRIC_REPRESENTATION_CONTEXT() REPRESENTATION_CONTEXT('2D SPACE',''
  ) );
#8345 = PCURVE('',#6955,#8346);
#8346 = DEFINITIONAL_REPRESENTATION('',(#8347),#8417);
#8347 = B_SPLINE_CURVE_WITH_KNOTS('',3,(#8348,#8349,#8350,#8351,#8352,
    #8353,#8354,#8355,#8356,#8357,#8358,#8359,#8360,#8361,#8362,#8363,
    #8364,#8365,#8366,#8367,#8368,#8369,#8370,#8371,#8372,#8373,#8374,
    #8375,#8376,#8377,#8378,#8379,#8380,#8381,#8382,#8383,#8384,#8385,
    #8386,#8387,#8388,#8389,#8390,#8391,#8392,#8393,#8394,#8395,#8396,
    #8397,#8398,#8399,#8400,#8401,#8402,#8403,#8404,#8405,#8406,#8407,
    #8408,#8409,#8410,#8411,#8412,#8413,#8414,#8415,#8416),
  .UNSPECIFIED.,.F.,.F.,(4,1,1,1,1,1,1,1,1,1,1,1,1,1,1,1,1,1,1,1,1,1,1,1
    ,1,1,1,1,1,1,1,1,1,1,1,1,1,1,1,1,1,1,1,1,1,1,1,1,1,1,1,1,1,1,1,1,1,1
    ,1,1,1,1,1,1,1,1,4),(0.,7.573778384113E-03,1.514755676823E-02,
    2.272133515234E-02,3.029511353645E-02,3.786889192056E-02,
    4.544267030468E-02,5.301644868879E-02,6.05902270729E-02,
    6.816400545702E-02,7.573778384113E-02,8.331156222524E-02,
    9.088534060935E-02,9.845911899347E-02,0.106032897378,0.113606675762,
    0.121180454146,0.12875423253,0.136328010914,0.143901789298,
    0.151475567682,0.159049346066,0.16662312445,0.174196902835,
    0.181770681219,0.189344459603,0.196918237987,0.204492016371,
    0.212065794755,0.219639573139,0.227213351523,0.234787129907,
    0.242360908292,0.249934686676,0.25750846506,0.265082243444,
    0.272656021828,0.280229800212,0.287803578596,0.29537735698,
    0.302951135365,0.310524913749,0.318098692133,0.325672470517,
    0.333246248901,0.340820027285,0.348393805669,0.355967584053,
    0.363541362437,0.371115140822,0.378688919206,0.38626269759,
    0.393836475974,0.401410254358,0.408984032742,0.416557811126,
    0.42413158951,0.431705367894,0.439279146279,0.446852924663,
    0.454426703047,0.462000481431,0.469574259815,0.477148038199,
    0.484721816583,0.492295594967,0.499869373351),
  .QUASI_UNIFORM_KNOTS.);
#8348 = CARTESIAN_POINT('',(8.503856496338E-05,-0.500062307103));
#8349 = CARTESIAN_POINT('',(1.594296814977E-02,-0.500059939117));
#8350 = CARTESIAN_POINT('',(4.765891908063E-02,-0.500055171652));
#8351 = CARTESIAN_POINT('',(9.523276557341E-02,-0.500047915935));
#8352 = CARTESIAN_POINT('',(0.142805975764,-0.50004051599));
#8353 = CARTESIAN_POINT('',(0.190378697494,-0.500033035954));
#8354 = CARTESIAN_POINT('',(0.237951241371,-0.500025503466));
#8355 = CARTESIAN_POINT('',(0.285523914592,-0.500017905962));
#8356 = CARTESIAN_POINT('',(0.333096754596,-0.500010215719));
#8357 = CARTESIAN_POINT('',(0.38066929131,-0.500002466765));
#8358 = CARTESIAN_POINT('',(0.428240347558,-0.499994896408));
#8359 = CARTESIAN_POINT('',(0.475811491101,-0.499987226293));
#8360 = CARTESIAN_POINT('',(0.523382390528,-0.499979594638));
#8361 = CARTESIAN_POINT('',(0.570953143471,-0.499972000329));
#8362 = CARTESIAN_POINT('',(0.618523763858,-0.499964483633));
#8363 = CARTESIAN_POINT('',(0.666093877637,-0.499957003974));
#8364 = CARTESIAN_POINT('',(0.713665170469,-0.499949778196));
#8365 = CARTESIAN_POINT('',(0.761231288709,-0.499942038682));
#8366 = CARTESIAN_POINT('',(0.808817618559,-0.49993469363));
#8367 = CARTESIAN_POINT('',(0.856424000426,-0.499928091216));
#8368 = CARTESIAN_POINT('',(0.904040145748,-0.499921550773));
#8369 = CARTESIAN_POINT('',(0.951661095007,-0.499915052537));
#8370 = CARTESIAN_POINT('',(0.999282649936,-0.499908606677));
#8371 = CARTESIAN_POINT('',(1.046902211595,-0.499902301568));
#8372 = CARTESIAN_POINT('',(1.094518212499,-0.499896216507));
#8373 = CARTESIAN_POINT('',(1.142129968525,-0.499890406593));
#8374 = CARTESIAN_POINT('',(1.189737460016,-0.499884894252));
#8375 = CARTESIAN_POINT('',(1.237341170392,-0.499879676015));
#8376 = CARTESIAN_POINT('',(1.284941943269,-0.499874734467));
#8377 = CARTESIAN_POINT('',(1.332540862613,-0.499870051576));
#8378 = CARTESIAN_POINT('',(1.380139147796,-0.499865619399));
#8379 = CARTESIAN_POINT('',(1.427738058084,-0.499861445745));
#8380 = CARTESIAN_POINT('',(1.475338799829,-0.499857553571));
#8381 = CARTESIAN_POINT('',(1.522942430031,-0.499853974214));
#8382 = CARTESIAN_POINT('',(1.570549749117,-0.499850735852));
#8383 = CARTESIAN_POINT('',(1.618161179428,-0.49984784987));
#8384 = CARTESIAN_POINT('',(1.665776614191,-0.499845299042));
#8385 = CARTESIAN_POINT('',(1.713395268507,-0.499843032543));
#8386 = CARTESIAN_POINT('',(1.761015393223,-0.49984097398));
#8387 = CARTESIAN_POINT('',(1.808634354426,-0.49983904911));
#8388 = CARTESIAN_POINT('',(1.856247191552,-0.499837242295));
#8389 = CARTESIAN_POINT('',(1.903850692302,-0.499835685218));
#8390 = CARTESIAN_POINT('',(1.951426720553,-0.49983480452));
#8391 = CARTESIAN_POINT('',(1.999002827941,-0.499835469991));
#8392 = CARTESIAN_POINT('',(2.046605803549,-0.499836775797));
#8393 = CARTESIAN_POINT('',(2.094217871859,-0.499838329928));
#8394 = CARTESIAN_POINT('',(2.141835854833,-0.499840004846));
#8395 = CARTESIAN_POINT('',(2.189454889875,-0.499841820707));
#8396 = CARTESIAN_POINT('',(2.237072402701,-0.499843851431));
#8397 = CARTESIAN_POINT('',(2.284686695348,-0.49984617201));
#8398 = CARTESIAN_POINT('',(2.332297020166,-0.49984883148));
#8399 = CARTESIAN_POINT('',(2.379903297499,-0.499851845808));
#8400 = CARTESIAN_POINT('',(2.427505967697,-0.499855203195));
#8401 = CARTESIAN_POINT('',(2.475105841461,-0.499858875933));
#8402 = CARTESIAN_POINT('',(2.522703979142,-0.499862833791));
#8403 = CARTESIAN_POINT('',(2.57030158394,-0.499867055131));
#8404 = CARTESIAN_POINT('',(2.617899905398,-0.49987153318));
#8405 = CARTESIAN_POINT('',(2.665500146062,-0.499876276127));
#8406 = CARTESIAN_POINT('',(2.713103364912,-0.499881301076));
#8407 = CARTESIAN_POINT('',(2.760710370998,-0.499886623132));
#8408 = CARTESIAN_POINT('',(2.808321601345,-0.499892242208));
#8409 = CARTESIAN_POINT('',(2.855936976905,-0.499898131456));
#8410 = CARTESIAN_POINT('',(2.90355573417,-0.499904231859));
#8411 = CARTESIAN_POINT('',(2.951176219624,-0.499910460679));
#8412 = CARTESIAN_POINT('',(2.998795678002,-0.499916734476));
#8413 = CARTESIAN_POINT('',(3.046409907566,-0.499923037642));
#8414 = CARTESIAN_POINT('',(3.094013250948,-0.499929458126));
#8415 = CARTESIAN_POINT('',(3.125735867246,-0.499934167553));
#8416 = CARTESIAN_POINT('',(3.141592653703,-0.499936696389));
#8417 = ( GEOMETRIC_REPRESENTATION_CONTEXT(2) 
PARAMETRIC_REPRESENTATION_CONTEXT() REPRESENTATION_CONTEXT('2D SPACE',''
  ) );
#8418 = ORIENTED_EDGE('',*,*,#8419,.F.);
#8419 = EDGE_CURVE('',#6693,#8189,#8420,.T.);
#8420 = SEAM_CURVE('',#8421,(#8425,#8432),.PCURVE_S1.);
#8421 = LINE('',#8422,#8423);
#8422 = CARTESIAN_POINT('',(12.749,-14.717,23.));
#8423 = VECTOR('',#8424,1.);
#8424 = DIRECTION('',(0.,0.,1.));
#8425 = PCURVE('',#6709,#8426);
#8426 = DEFINITIONAL_REPRESENTATION('',(#8427),#8431);
#8427 = LINE('',#8428,#8429);
#8428 = CARTESIAN_POINT('',(0.,-0.));
#8429 = VECTOR('',#8430,1.);
#8430 = DIRECTION('',(0.,1.));
#8431 = ( GEOMETRIC_REPRESENTATION_CONTEXT(2) 
PARAMETRIC_REPRESENTATION_CONTEXT() REPRESENTATION_CONTEXT('2D SPACE',''
  ) );
#8432 = PCURVE('',#6709,#8433);
#8433 = DEFINITIONAL_REPRESENTATION('',(#8434),#8438);
#8434 = LINE('',#8435,#8436);
#8435 = CARTESIAN_POINT('',(6.28318530718,-0.));
#8436 = VECTOR('',#8437,1.);
#8437 = DIRECTION('',(0.,1.));
#8438 = ( GEOMETRIC_REPRESENTATION_CONTEXT(2) 
PARAMETRIC_REPRESENTATION_CONTEXT() REPRESENTATION_CONTEXT('2D SPACE',''
  ) );
#8439 = ORIENTED_EDGE('',*,*,#6692,.T.);
#8440 = ORIENTED_EDGE('',*,*,#8419,.T.);
#8441 = ORIENTED_EDGE('',*,*,#8442,.F.);
#8442 = EDGE_CURVE('',#8191,#8189,#8443,.T.);
#8443 = SURFACE_CURVE('',#8444,(#8522,#8595),.PCURVE_S1.);
#8444 = B_SPLINE_CURVE_WITH_KNOTS('',6,(#8445,#8446,#8447,#8448,#8449,
    #8450,#8451,#8452,#8453,#8454,#8455,#8456,#8457,#8458,#8459,#8460,
    #8461,#8462,#8463,#8464,#8465,#8466,#8467,#8468,#8469,#8470,#8471,
    #8472,#8473,#8474,#8475,#8476,#8477,#8478,#8479,#8480,#8481,#8482,
    #8483,#8484,#8485,#8486,#8487,#8488,#8489,#8490,#8491,#8492,#8493,
    #8494,#8495,#8496,#8497,#8498,#8499,#8500,#8501,#8502,#8503,#8504,
    #8505,#8506,#8507,#8508,#8509,#8510,#8511,#8512,#8513,#8514,#8515,
    #8516,#8517,#8518,#8519,#8520,#8521),.UNSPECIFIED.,.T.,.F.,(1,6,5,5,
    5,5,5,5,5,5,5,5,5,5,5,5,6,1),(-9.3490195831E-02,0.,
    6.283436039657E-02,9.09845863076E-02,0.105562355838,0.120140101932,
    0.310498691927,0.499855834994,0.56320449521,0.594118732992,
    0.609952910978,0.617995679111,0.625284443757,0.720030814086,
    0.813270309759,0.906509804169,1.,1.062834360397),.UNSPECIFIED.);
#8445 = CARTESIAN_POINT('',(12.749,-14.717,24.599622608473));
#8446 = CARTESIAN_POINT('',(12.7490001703,-14.60188757218,
    24.599632397463));
#8447 = CARTESIAN_POINT('',(12.739913111652,-14.4867707187,
    24.59964251035));
#8448 = CARTESIAN_POINT('',(12.721740742925,-14.37255858071,
    24.599652869746));
#8449 = CARTESIAN_POINT('',(12.694600550787,-14.26013849386,
    24.599663396004));
#8450 = CARTESIAN_POINT('',(12.658725589704,-14.1503759883,
    24.599674007221));
#8451 = CARTESIAN_POINT('',(12.594635358512,-13.99650897434,
    24.599689373492));
#8452 = CARTESIAN_POINT('',(12.573122700394,-13.94960422614,
    24.599694128063));
#8453 = CARTESIAN_POINT('',(12.549957618985,-13.90347520572,
    24.599698875494));
#8454 = CARTESIAN_POINT('',(12.525175432572,-13.85819436876,
    24.599703608365));
#8455 = CARTESIAN_POINT('',(12.498815666329,-13.81383196495,
    24.599708319295));
#8456 = CARTESIAN_POINT('',(12.456477171853,-13.74799354393,
    24.599715425362));
#8457 = CARTESIAN_POINT('',(12.441620933103,-13.72579556461,
    24.599717841932));
#8458 = CARTESIAN_POINT('',(12.426359396597,-13.70387152503,
    24.599720249636));
#8459 = CARTESIAN_POINT('',(12.410698901519,-13.68223065243,
    24.599722647462));
#8460 = CARTESIAN_POINT('',(12.394646065702,-13.6608819763,
    24.599725034409));
#8461 = CARTESIAN_POINT('',(12.361769532059,-13.6187867143,
    24.599729784544));
#8462 = CARTESIAN_POINT('',(12.344945829699,-13.59804012006,
    24.599732147733));
#8463 = CARTESIAN_POINT('',(12.327743575501,-13.57760337704,
    24.59973449805));
#8464 = CARTESIAN_POINT('',(12.310169925817,-13.55748509418,
    24.599736834508));
#8465 = CARTESIAN_POINT('',(12.292232296405,-13.53769365803,
    24.599739156129));
#8466 = CARTESIAN_POINT('',(12.035058573829,-13.26416698583,
    24.599771571927));
#8467 = CARTESIAN_POINT('',(11.734621211832,-13.06645561283,
    24.599799080787));
#8468 = CARTESIAN_POINT('',(11.391114931848,-12.94572986828,
    24.599821576452));
#8469 = CARTESIAN_POINT('',(11.028748804833,-12.91019251811,
    24.599837499942));
#8470 = CARTESIAN_POINT('',(10.672932513661,-12.96262717148,
    24.599845710169));
#8471 = CARTESIAN_POINT('',(10.02703514275,-13.22095486578,
    24.599846741942));
#8472 = CARTESIAN_POINT('',(9.734600253244,-13.42684419451,
    24.59983964761));
#8473 = CARTESIAN_POINT('',(9.497347969759,-13.70029058874,
    24.599824844331));
#8474 = CARTESIAN_POINT('',(9.331561550641,-14.02212230604,
    24.599803382211));
#8475 = CARTESIAN_POINT('',(9.248992898615,-14.37010063554,
    24.599776733309));
#8476 = CARTESIAN_POINT('',(9.24899971314,-14.83305376811,
    24.599737366999));
#8477 = CARTESIAN_POINT('',(9.258236313352,-14.94911456796,
    24.599727169109));
#8478 = CARTESIAN_POINT('',(9.276707640938,-15.06424805464,
    24.59971672118));
#8479 = CARTESIAN_POINT('',(9.304292208614,-15.17754395741,
    24.599706104935));
#8480 = CARTESIAN_POINT('',(9.340749201511,-15.28811607971,
    24.599695404304));
#8481 = CARTESIAN_POINT('',(9.407663416561,-15.44731178447,
    24.59967948435));
#8482 = CARTESIAN_POINT('',(9.431635977337,-15.49866918441,
    24.599674263519));
#8483 = CARTESIAN_POINT('',(9.457594589037,-15.54907568722,
    24.599669052811));
#8484 = CARTESIAN_POINT('',(9.485491602275,-15.59843576364,
    24.599663862046));
#8485 = CARTESIAN_POINT('',(9.515273288742,-15.64665716691,
    24.599658700982));
#8486 = CARTESIAN_POINT('',(9.563068618961,-15.71772099693,
    24.599650956012));
#8487 = CARTESIAN_POINT('',(9.579736172093,-15.74146904779,
    24.599648343039));
#8488 = CARTESIAN_POINT('',(9.596874484616,-15.76488316916,
    24.599645741696));
#8489 = CARTESIAN_POINT('',(9.614475159643,-15.78795172961,
    24.599643153269));
#8490 = CARTESIAN_POINT('',(9.632529419398,-15.81066338246,
    24.599640579036));
#8491 = CARTESIAN_POINT('',(9.660424275974,-15.84435625387,
    24.599636720571));
#8492 = CARTESIAN_POINT('',(9.669935110012,-15.8556105074,
    24.599635424865));
#8493 = CARTESIAN_POINT('',(9.67955940799,-15.8667683779,24.599634133313
    ));
#8494 = CARTESIAN_POINT('',(9.689295946716,-15.87782843774,
    24.599632846082));
#8495 = CARTESIAN_POINT('',(9.69914347913,-15.88878928006,
    24.599631563334));
#8496 = CARTESIAN_POINT('',(9.718124504277,-15.90949161833,
    24.599629126953));
#8497 = CARTESIAN_POINT('',(9.72723838873,-15.91925109336,24.59962797249
    ));
#8498 = CARTESIAN_POINT('',(9.73644144177,-15.92892691233,
    24.599626821964));
#8499 = CARTESIAN_POINT('',(9.745732702091,-15.93851805846,
    24.599625675497));
#8500 = CARTESIAN_POINT('',(9.755111192986,-15.94802352977,
    24.599624533209));
#8501 = CARTESIAN_POINT('',(9.887605316806,-16.07987934545,
    24.599608602412));
#8502 = CARTESIAN_POINT('',(10.025254923245,-16.18769948907,
    24.599594531839));
#8503 = CARTESIAN_POINT('',(10.175247325604,-16.27866982874,
    24.599581454515));
#8504 = CARTESIAN_POINT('',(10.335021305524,-16.35109558073,
    24.599569605806));
#8505 = CARTESIAN_POINT('',(10.501731842353,-16.40382011879,
    24.599559185422));
#8506 = CARTESIAN_POINT('',(10.840055281042,-16.46812039435,
    24.599541669357));
#8507 = CARTESIAN_POINT('',(11.011646364831,-16.48035692928,
    24.599534518254));
#8508 = CARTESIAN_POINT('',(11.184036678131,-16.47238878063,
    24.599529056924));
#8509 = CARTESIAN_POINT('',(11.354299372837,-16.44423762363,
    24.599525387776));
#8510 = CARTESIAN_POINT('',(11.519567439116,-16.39649260695,
    24.599523562819));
#8511 = CARTESIAN_POINT('',(11.834502218897,-16.26413345154,
    24.59952360396));
#8512 = CARTESIAN_POINT('',(11.98425918009,-16.17948138459,
    24.59952547007));
#8513 = CARTESIAN_POINT('',(12.123513963088,-16.07755014251,
    24.599529179651));
#8514 = CARTESIAN_POINT('',(12.249839454864,-15.95997556266,
    24.599534680002));
#8515 = CARTESIAN_POINT('',(12.361172055261,-15.82883332917,
    24.599541868063));
#8516 = CARTESIAN_POINT('',(12.550710643866,-15.54406553333,
    24.599559335757));
#8517 = CARTESIAN_POINT('',(12.62888138295,-15.39029812127,
    24.599569628714));
#8518 = CARTESIAN_POINT('',(12.688645716541,-15.22789705246,
    24.599581311263));
#8519 = CARTESIAN_POINT('',(12.728877566449,-15.05958963845,
    24.599594191533));
#8520 = CARTESIAN_POINT('',(12.749002953992,-14.88827018658,
    24.599608043798));
#8521 = CARTESIAN_POINT('',(12.749,-14.717,24.599622608473));
#8522 = PCURVE('',#6709,#8523);
#8523 = DEFINITIONAL_REPRESENTATION('',(#8524),#8594);
#8524 = B_SPLINE_CURVE_WITH_KNOTS('',3,(#8525,#8526,#8527,#8528,#8529,
    #8530,#8531,#8532,#8533,#8534,#8535,#8536,#8537,#8538,#8539,#8540,
    #8541,#8542,#8543,#8544,#8545,#8546,#8547,#8548,#8549,#8550,#8551,
    #8552,#8553,#8554,#8555,#8556,#8557,#8558,#8559,#8560,#8561,#8562,
    #8563,#8564,#8565,#8566,#8567,#8568,#8569,#8570,#8571,#8572,#8573,
    #8574,#8575,#8576,#8577,#8578,#8579,#8580,#8581,#8582,#8583,#8584,
    #8585,#8586,#8587,#8588,#8589,#8590,#8591,#8592,#8593),
  .UNSPECIFIED.,.F.,.F.,(4,1,1,1,1,1,1,1,1,1,1,1,1,1,1,1,1,1,1,1,1,1,1,1
    ,1,1,1,1,1,1,1,1,1,1,1,1,1,1,1,1,1,1,1,1,1,1,1,1,1,1,1,1,1,1,1,1,1,1
    ,1,1,1,1,1,1,1,1,4),(0.499869373351,0.507447110119,0.515024846886,
    0.522602583654,0.530180320421,0.537758057188,0.545335793956,
    0.552913530723,0.560491267491,0.568069004258,0.575646741025,
    0.583224477793,0.59080221456,0.598379951328,0.605957688095,
    0.613535424862,0.62111316163,0.628690898397,0.636268635165,
    0.643846371932,0.651424108699,0.659001845467,0.666579582234,
    0.674157319002,0.681735055769,0.689312792537,0.696890529304,
    0.704468266071,0.712046002839,0.719623739606,0.727201476374,
    0.734779213141,0.742356949908,0.749934686676,0.757512423443,
    0.765090160211,0.772667896978,0.780245633745,0.787823370513,
    0.79540110728,0.802978844048,0.810556580815,0.818134317582,
    0.82571205435,0.833289791117,0.840867527885,0.848445264652,
    0.856023001419,0.863600738187,0.871178474954,0.878756211722,
    0.886333948489,0.893911685256,0.901489422024,0.909067158791,
    0.916644895559,0.924222632326,0.931800369093,0.939378105861,
    0.946955842628,0.954533579396,0.962111316163,0.96968905293,
    0.977266789698,0.984844526465,0.992422263233,1.),
  .QUASI_UNIFORM_KNOTS.);
#8525 = CARTESIAN_POINT('',(3.141677689144,1.599747222749));
#8526 = CARTESIAN_POINT('',(3.157543214956,1.599744861771));
#8527 = CARTESIAN_POINT('',(3.189274626122,1.599740092626));
#8528 = CARTESIAN_POINT('',(3.236872237103,1.599732813928));
#8529 = CARTESIAN_POINT('',(3.284469525162,1.599725426769));
#8530 = CARTESIAN_POINT('',(3.332066487838,1.599717947896));
#8531 = CARTESIAN_POINT('',(3.379663347998,1.599710394204));
#8532 = CARTESIAN_POINT('',(3.427260397595,1.599702782758));
#8533 = CARTESIAN_POINT('',(3.474857706551,1.599695130784));
#8534 = CARTESIAN_POINT('',(3.522454943714,1.599687455665));
#8535 = CARTESIAN_POINT('',(3.570050934866,1.599679774978));
#8536 = CARTESIAN_POINT('',(3.617647106184,1.599672105888));
#8537 = CARTESIAN_POINT('',(3.665243137575,1.599664465817));
#8538 = CARTESIAN_POINT('',(3.712839202728,1.599656872043));
#8539 = CARTESIAN_POINT('',(3.760435144196,1.599649341791));
#8540 = CARTESIAN_POINT('',(3.808031054165,1.599641892102));
#8541 = CARTESIAN_POINT('',(3.855626892919,1.599634539854));
#8542 = CARTESIAN_POINT('',(3.903222802687,1.599627301693));
#8543 = CARTESIAN_POINT('',(3.950818254441,1.599620194031));
#8544 = CARTESIAN_POINT('',(3.998418358728,1.599613232321));
#8545 = CARTESIAN_POINT('',(4.046019610344,1.599606432847));
#8546 = CARTESIAN_POINT('',(4.093620635122,1.599599811185));
#8547 = CARTESIAN_POINT('',(4.141220674257,1.599593382435));
#8548 = CARTESIAN_POINT('',(4.188819732135,1.599587161157));
#8549 = CARTESIAN_POINT('',(4.236418245778,1.59958116139));
#8550 = CARTESIAN_POINT('',(4.284016865037,1.599575396647));
#8551 = CARTESIAN_POINT('',(4.331616176873,1.599569879915));
#8552 = CARTESIAN_POINT('',(4.379216500142,1.599564623649));
#8553 = CARTESIAN_POINT('',(4.426817461253,1.599559639794));
#8554 = CARTESIAN_POINT('',(4.474418432039,1.599554939718));
#8555 = CARTESIAN_POINT('',(4.522015842861,1.599550534436));
#8556 = CARTESIAN_POINT('',(4.56961228518,1.599546433786));
#8557 = CARTESIAN_POINT('',(4.617212884604,1.599542646526));
#8558 = CARTESIAN_POINT('',(4.664813385288,1.599539181563));
#8559 = CARTESIAN_POINT('',(4.712413310401,1.59953604676));
#8560 = CARTESIAN_POINT('',(4.76001221493,1.59953324925));
#8561 = CARTESIAN_POINT('',(4.807610408039,1.599530795357));
#8562 = CARTESIAN_POINT('',(4.855208453339,1.599528690616));
#8563 = CARTESIAN_POINT('',(4.902806981526,1.599526939767));
#8564 = CARTESIAN_POINT('',(4.950406417205,1.599525546755));
#8565 = CARTESIAN_POINT('',(4.998006726739,1.599524514733));
#8566 = CARTESIAN_POINT('',(5.045607206539,1.599523846061));
#8567 = CARTESIAN_POINT('',(5.093206175563,1.599523542296));
#8568 = CARTESIAN_POINT('',(5.140801144961,1.599523604231));
#8569 = CARTESIAN_POINT('',(5.188401164173,1.599524031696));
#8570 = CARTESIAN_POINT('',(5.236001611545,1.599524823632));
#8571 = CARTESIAN_POINT('',(5.283601740818,1.599525978208));
#8572 = CARTESIAN_POINT('',(5.331200890425,1.599527492796));
#8573 = CARTESIAN_POINT('',(5.37879922752,1.599529363973));
#8574 = CARTESIAN_POINT('',(5.426397247595,1.599531587523));
#8575 = CARTESIAN_POINT('',(5.473995595981,1.599534158438));
#8576 = CARTESIAN_POINT('',(5.521594772954,1.599537070917));
#8577 = CARTESIAN_POINT('',(5.56919495767,1.599540318368));
#8578 = CARTESIAN_POINT('',(5.616795497017,1.599543893391));
#8579 = CARTESIAN_POINT('',(5.664395688283,1.599547787857));
#8580 = CARTESIAN_POINT('',(5.71199084164,1.599551992597));
#8581 = CARTESIAN_POINT('',(5.75958990628,1.599556498906));
#8582 = CARTESIAN_POINT('',(5.807190627231,1.599561296281));
#8583 = CARTESIAN_POINT('',(5.854791214491,1.599566373661));
#8584 = CARTESIAN_POINT('',(5.902390956474,1.599571719464));
#8585 = CARTESIAN_POINT('',(5.949989794371,1.599577321579));
#8586 = CARTESIAN_POINT('',(5.997588144017,1.599583167367));
#8587 = CARTESIAN_POINT('',(6.045186631741,1.599589243662));
#8588 = CARTESIAN_POINT('',(6.092785839905,1.59959553677));
#8589 = CARTESIAN_POINT('',(6.14038606178,1.599602032476));
#8590 = CARTESIAN_POINT('',(6.187987020836,1.599608716022));
#8591 = CARTESIAN_POINT('',(6.235587783771,1.599615572177));
#8592 = CARTESIAN_POINT('',(6.267319956911,1.599620247384));
#8593 = CARTESIAN_POINT('',(6.28318530718,1.599622608473));
#8594 = ( GEOMETRIC_REPRESENTATION_CONTEXT(2) 
PARAMETRIC_REPRESENTATION_CONTEXT() REPRESENTATION_CONTEXT('2D SPACE',''
  ) );
#8595 = PCURVE('',#6955,#8596);
#8596 = DEFINITIONAL_REPRESENTATION('',(#8597),#8667);
#8597 = B_SPLINE_CURVE_WITH_KNOTS('',3,(#8598,#8599,#8600,#8601,#8602,
    #8603,#8604,#8605,#8606,#8607,#8608,#8609,#8610,#8611,#8612,#8613,
    #8614,#8615,#8616,#8617,#8618,#8619,#8620,#8621,#8622,#8623,#8624,
    #8625,#8626,#8627,#8628,#8629,#8630,#8631,#8632,#8633,#8634,#8635,
    #8636,#8637,#8638,#8639,#8640,#8641,#8642,#8643,#8644,#8645,#8646,
    #8647,#8648,#8649,#8650,#8651,#8652,#8653,#8654,#8655,#8656,#8657,
    #8658,#8659,#8660,#8661,#8662,#8663,#8664,#8665,#8666),
  .UNSPECIFIED.,.F.,.F.,(4,1,1,1,1,1,1,1,1,1,1,1,1,1,1,1,1,1,1,1,1,1,1,1
    ,1,1,1,1,1,1,1,1,1,1,1,1,1,1,1,1,1,1,1,1,1,1,1,1,1,1,1,1,1,1,1,1,1,1
    ,1,1,1,1,1,1,1,1,4),(0.499869373351,0.507447110119,0.515024846886,
    0.522602583654,0.530180320421,0.537758057188,0.545335793956,
    0.552913530723,0.560491267491,0.568069004258,0.575646741025,
    0.583224477793,0.59080221456,0.598379951328,0.605957688095,
    0.613535424862,0.62111316163,0.628690898397,0.636268635165,
    0.643846371932,0.651424108699,0.659001845467,0.666579582234,
    0.674157319002,0.681735055769,0.689312792537,0.696890529304,
    0.704468266071,0.712046002839,0.719623739606,0.727201476374,
    0.734779213141,0.742356949908,0.749934686676,0.757512423443,
    0.765090160211,0.772667896978,0.780245633745,0.787823370513,
    0.79540110728,0.802978844048,0.810556580815,0.818134317582,
    0.82571205435,0.833289791117,0.840867527885,0.848445264652,
    0.856023001419,0.863600738187,0.871178474954,0.878756211722,
    0.886333948489,0.893911685256,0.901489422024,0.909067158791,
    0.916644895559,0.924222632326,0.931800369093,0.939378105861,
    0.946955842628,0.954533579396,0.962111316163,0.96968905293,
    0.977266789698,0.984844526465,0.992422263233,1.),
  .QUASI_UNIFORM_KNOTS.);
#8598 = CARTESIAN_POINT('',(-3.141592653476,-0.499936696389));
#8599 = CARTESIAN_POINT('',(-3.125727692636,-0.499939272883));
#8600 = CARTESIAN_POINT('',(-3.09399734707,-0.499944381413));
#8601 = CARTESIAN_POINT('',(-3.046401138299,-0.499951949414));
#8602 = CARTESIAN_POINT('',(-2.99880505293,-0.499959437081));
#8603 = CARTESIAN_POINT('',(-2.951209090745,-0.499966943277));
#8604 = CARTESIAN_POINT('',(-2.903613026616,-0.499974515799));
#8605 = CARTESIAN_POINT('',(-2.85601656679,-0.499982141681));
#8606 = CARTESIAN_POINT('',(-2.808419640002,-0.499989771834));
#8607 = CARTESIAN_POINT('',(-2.760822576526,-0.499997377056));
#8608 = CARTESIAN_POINT('',(-2.713226550214,-0.500005135907));
#8609 = CARTESIAN_POINT('',(-2.665630134948,-0.500012807431));
#8610 = CARTESIAN_POINT('',(-2.618033651377,-0.500020450339));
#8611 = CARTESIAN_POINT('',(-2.570436926833,-0.500028043038));
#8612 = CARTESIAN_POINT('',(-2.522840120259,-0.500035571704));
#8613 = CARTESIAN_POINT('',(-2.475243141425,-0.500043031689));
#8614 = CARTESIAN_POINT('',(-2.427646032461,-0.500050344944));
#8615 = CARTESIAN_POINT('',(-2.380048654031,-0.500057728775));
#8616 = CARTESIAN_POINT('',(-2.332451538426,-0.500064288554));
#8617 = CARTESIAN_POINT('',(-2.284849578798,-0.500071435806));
#8618 = CARTESIAN_POINT('',(-2.237246284582,-0.500078511711));
#8619 = CARTESIAN_POINT('',(-2.189643034605,-0.500085225065));
#8620 = CARTESIAN_POINT('',(-2.142040592757,-0.500091585039));
#8621 = CARTESIAN_POINT('',(-2.094438960116,-0.500097695758));
#8622 = CARTESIAN_POINT('',(-2.046837705486,-0.500103648284));
#8623 = CARTESIAN_POINT('',(-1.999236185191,-0.50010944945));
#8624 = CARTESIAN_POINT('',(-1.951633818793,-0.500115005242));
#8625 = CARTESIAN_POINT('',(-1.904030294315,-0.500120155023));
#8626 = CARTESIAN_POINT('',(-1.856425992613,-0.500124755424));
#8627 = CARTESIAN_POINT('',(-1.808821549464,-0.500128819377));
#8628 = CARTESIAN_POINT('',(-1.761220542676,-0.500132681927));
#8629 = CARTESIAN_POINT('',(-1.71362038881,-0.500137288406));
#8630 = CARTESIAN_POINT('',(-1.66601597019,-0.500141713155));
#8631 = CARTESIAN_POINT('',(-1.618411551623,-0.500145572717));
#8632 = CARTESIAN_POINT('',(-1.570807618863,-0.500148828353));
#8633 = CARTESIAN_POINT('',(-1.523204626052,-0.500151594924));
#8634 = CARTESIAN_POINT('',(-1.475602273275,-0.500154007218));
#8635 = CARTESIAN_POINT('',(-1.4280000063,-0.500156132975));
#8636 = CARTESIAN_POINT('',(-1.380397203937,-0.500157936458));
#8637 = CARTESIAN_POINT('',(-1.332793451221,-0.5001592958));
#8638 = CARTESIAN_POINT('',(-1.285188791575,-0.500160060506));
#8639 = CARTESIAN_POINT('',(-1.237583938508,-0.500160199047));
#8640 = CARTESIAN_POINT('',(-1.189980583135,-0.500159844459));
#8641 = CARTESIAN_POINT('',(-1.142381224472,-0.500159945839));
#8642 = CARTESIAN_POINT('',(-1.094776822179,-0.500160187447));
#8643 = CARTESIAN_POINT('',(-1.04717200827,-0.500159856667));
#8644 = CARTESIAN_POINT('',(-0.999567538975,-0.500158891676));
#8645 = CARTESIAN_POINT('',(-0.951964085753,-0.500157371122));
#8646 = CARTESIAN_POINT('',(-0.904361491186,-0.500155447546));
#8647 = CARTESIAN_POINT('',(-0.856759269376,-0.500153223174));
#8648 = CARTESIAN_POINT('',(-0.809156784455,-0.500150703996));
#8649 = CARTESIAN_POINT('',(-0.761553545483,-0.50014779913));
#8650 = CARTESIAN_POINT('',(-0.713949382503,-0.500144366135));
#8651 = CARTESIAN_POINT('',(-0.666344957708,-0.500140332677));
#8652 = CARTESIAN_POINT('',(-0.618740982673,-0.500135767761));
#8653 = CARTESIAN_POINT('',(-0.571142156109,-0.500131370098));
#8654 = CARTESIAN_POINT('',(-0.523539536419,-0.50012752171));
#8655 = CARTESIAN_POINT('',(-0.47593538688,-0.500123265075));
#8656 = CARTESIAN_POINT('',(-0.428331505408,-0.500118465366));
#8657 = CARTESIAN_POINT('',(-0.380728611096,-0.50011315978));
#8658 = CARTESIAN_POINT('',(-0.333126769884,-0.500107510554));
#8659 = CARTESIAN_POINT('',(-0.285525572693,-0.500101657025));
#8660 = CARTESIAN_POINT('',(-0.237924399603,-0.500095657494));
#8661 = CARTESIAN_POINT('',(-0.190322674307,-0.500089473147));
#8662 = CARTESIAN_POINT('',(-0.142720109244,-0.500083000173));
#8663 = CARTESIAN_POINT('',(-9.511698627303E-02,-0.500076174425));
#8664 = CARTESIAN_POINT('',(-4.751424367849E-02,-0.500069041603));
#8665 = CARTESIAN_POINT('',(-1.578087651744E-02,-0.500064472842));
#8666 = CARTESIAN_POINT('',(8.503856496311E-05,-0.500062307103));
#8667 = ( GEOMETRIC_REPRESENTATION_CONTEXT(2) 
PARAMETRIC_REPRESENTATION_CONTEXT() REPRESENTATION_CONTEXT('2D SPACE',''
  ) );
#8668 = ADVANCED_FACE('',(#8669),#6920,.F.);
#8669 = FACE_BOUND('',#8670,.F.);
#8670 = EDGE_LOOP('',(#8671,#8692,#8693,#8694,#8695));
#8671 = ORIENTED_EDGE('',*,*,#8672,.F.);
#8672 = EDGE_CURVE('',#6904,#7707,#8673,.T.);
#8673 = SEAM_CURVE('',#8674,(#8678,#8685),.PCURVE_S1.);
#8674 = LINE('',#8675,#8676);
#8675 = CARTESIAN_POINT('',(-13.25093768657,-14.71714881219,
    25.099684915575));
#8676 = VECTOR('',#8677,1.);
#8677 = DIRECTION('',(0.707106781187,-8.659560562343E-17,-0.707106781187
    ));
#8678 = PCURVE('',#6920,#8679);
#8679 = DEFINITIONAL_REPRESENTATION('',(#8680),#8684);
#8680 = LINE('',#8681,#8682);
#8681 = CARTESIAN_POINT('',(3.14159265359,-9.420554752103E-16));
#8682 = VECTOR('',#8683,1.);
#8683 = DIRECTION('',(0.,-1.));
#8684 = ( GEOMETRIC_REPRESENTATION_CONTEXT(2) 
PARAMETRIC_REPRESENTATION_CONTEXT() REPRESENTATION_CONTEXT('2D SPACE',''
  ) );
#8685 = PCURVE('',#6920,#8686);
#8686 = DEFINITIONAL_REPRESENTATION('',(#8687),#8691);
#8687 = LINE('',#8688,#8689);
#8688 = CARTESIAN_POINT('',(-3.14159265359,-9.420554752103E-16));
#8689 = VECTOR('',#8690,1.);
#8690 = DIRECTION('',(0.,-1.));
#8691 = ( GEOMETRIC_REPRESENTATION_CONTEXT(2) 
PARAMETRIC_REPRESENTATION_CONTEXT() REPRESENTATION_CONTEXT('2D SPACE',''
  ) );
#8692 = ORIENTED_EDGE('',*,*,#6903,.F.);
#8693 = ORIENTED_EDGE('',*,*,#8672,.T.);
#8694 = ORIENTED_EDGE('',*,*,#7958,.T.);
#8695 = ORIENTED_EDGE('',*,*,#7704,.T.);
#8696 = ADVANCED_FACE('',(#8697),#6955,.F.);
#8697 = FACE_BOUND('',#8698,.F.);
#8698 = EDGE_LOOP('',(#8699,#8720,#8721,#8722,#8723));
#8699 = ORIENTED_EDGE('',*,*,#8700,.F.);
#8700 = EDGE_CURVE('',#6939,#8191,#8701,.T.);
#8701 = SEAM_CURVE('',#8702,(#8706,#8713),.PCURVE_S1.);
#8702 = LINE('',#8703,#8704);
#8703 = CARTESIAN_POINT('',(8.74906231343,-14.71714881219,
    25.099684915575));
#8704 = VECTOR('',#8705,1.);
#8705 = DIRECTION('',(0.707106781187,-8.659560562343E-17,-0.707106781187
    ));
#8706 = PCURVE('',#6955,#8707);
#8707 = DEFINITIONAL_REPRESENTATION('',(#8708),#8712);
#8708 = LINE('',#8709,#8710);
#8709 = CARTESIAN_POINT('',(3.14159265359,-2.13532574381E-14));
#8710 = VECTOR('',#8711,1.);
#8711 = DIRECTION('',(0.,-1.));
#8712 = ( GEOMETRIC_REPRESENTATION_CONTEXT(2) 
PARAMETRIC_REPRESENTATION_CONTEXT() REPRESENTATION_CONTEXT('2D SPACE',''
  ) );
#8713 = PCURVE('',#6955,#8714);
#8714 = DEFINITIONAL_REPRESENTATION('',(#8715),#8719);
#8715 = LINE('',#8716,#8717);
#8716 = CARTESIAN_POINT('',(-3.14159265359,-2.13532574381E-14));
#8717 = VECTOR('',#8718,1.);
#8718 = DIRECTION('',(0.,-1.));
#8719 = ( GEOMETRIC_REPRESENTATION_CONTEXT(2) 
PARAMETRIC_REPRESENTATION_CONTEXT() REPRESENTATION_CONTEXT('2D SPACE',''
  ) );
#8720 = ORIENTED_EDGE('',*,*,#6938,.F.);
#8721 = ORIENTED_EDGE('',*,*,#8700,.T.);
#8722 = ORIENTED_EDGE('',*,*,#8442,.T.);
#8723 = ORIENTED_EDGE('',*,*,#8188,.T.);
#8724 = ADVANCED_FACE('',(#8725),#7089,.T.);
#8725 = FACE_BOUND('',#8726,.T.);
#8726 = EDGE_LOOP('',(#8727,#8750,#8778,#8799));
#8727 = ORIENTED_EDGE('',*,*,#8728,.F.);
#8728 = EDGE_CURVE('',#8729,#7072,#8731,.T.);
#8729 = VERTEX_POINT('',#8730);
#8730 = CARTESIAN_POINT('',(16.,-21.5,2.3));
#8731 = SURFACE_CURVE('',#8732,(#8736,#8743),.PCURVE_S1.);
#8732 = LINE('',#8733,#8734);
#8733 = CARTESIAN_POINT('',(16.,-21.5,2.3));
#8734 = VECTOR('',#8735,1.);
#8735 = DIRECTION('',(-0.,1.,0.));
#8736 = PCURVE('',#7089,#8737);
#8737 = DEFINITIONAL_REPRESENTATION('',(#8738),#8742);
#8738 = LINE('',#8739,#8740);
#8739 = CARTESIAN_POINT('',(0.,0.));
#8740 = VECTOR('',#8741,1.);
#8741 = DIRECTION('',(0.,1.));
#8742 = ( GEOMETRIC_REPRESENTATION_CONTEXT(2) 
PARAMETRIC_REPRESENTATION_CONTEXT() REPRESENTATION_CONTEXT('2D SPACE',''
  ) );
#8743 = PCURVE('',#7117,#8744);
#8744 = DEFINITIONAL_REPRESENTATION('',(#8745),#8749);
#8745 = LINE('',#8746,#8747);
#8746 = CARTESIAN_POINT('',(1.8,0.));
#8747 = VECTOR('',#8748,1.);
#8748 = DIRECTION('',(0.,-1.));
#8749 = ( GEOMETRIC_REPRESENTATION_CONTEXT(2) 
PARAMETRIC_REPRESENTATION_CONTEXT() REPRESENTATION_CONTEXT('2D SPACE',''
  ) );
#8750 = ORIENTED_EDGE('',*,*,#8751,.T.);
#8751 = EDGE_CURVE('',#8729,#8752,#8754,.T.);
#8752 = VERTEX_POINT('',#8753);
#8753 = CARTESIAN_POINT('',(18.,-21.5,2.3));
#8754 = SURFACE_CURVE('',#8755,(#8759,#8766),.PCURVE_S1.);
#8755 = LINE('',#8756,#8757);
#8756 = CARTESIAN_POINT('',(16.,-21.5,2.3));
#8757 = VECTOR('',#8758,1.);
#8758 = DIRECTION('',(1.,0.,-0.));
#8759 = PCURVE('',#7089,#8760);
#8760 = DEFINITIONAL_REPRESENTATION('',(#8761),#8765);
#8761 = LINE('',#8762,#8763);
#8762 = CARTESIAN_POINT('',(0.,0.));
#8763 = VECTOR('',#8764,1.);
#8764 = DIRECTION('',(1.,0.));
#8765 = ( GEOMETRIC_REPRESENTATION_CONTEXT(2) 
PARAMETRIC_REPRESENTATION_CONTEXT() REPRESENTATION_CONTEXT('2D SPACE',''
  ) );
#8766 = PCURVE('',#8767,#8772);
#8767 = PLANE('',#8768);
#8768 = AXIS2_PLACEMENT_3D('',#8769,#8770,#8771);
#8769 = CARTESIAN_POINT('',(16.,-21.5,0.5));
#8770 = DIRECTION('',(-0.,1.,0.));
#8771 = DIRECTION('',(0.,0.,1.));
#8772 = DEFINITIONAL_REPRESENTATION('',(#8773),#8777);
#8773 = LINE('',#8774,#8775);
#8774 = CARTESIAN_POINT('',(1.8,0.));
#8775 = VECTOR('',#8776,1.);
#8776 = DIRECTION('',(0.,1.));
#8777 = ( GEOMETRIC_REPRESENTATION_CONTEXT(2) 
PARAMETRIC_REPRESENTATION_CONTEXT() REPRESENTATION_CONTEXT('2D SPACE',''
  ) );
#8778 = ORIENTED_EDGE('',*,*,#8779,.T.);
#8779 = EDGE_CURVE('',#8752,#7074,#8780,.T.);
#8780 = SURFACE_CURVE('',#8781,(#8785,#8792),.PCURVE_S1.);
#8781 = LINE('',#8782,#8783);
#8782 = CARTESIAN_POINT('',(18.,-21.5,2.3));
#8783 = VECTOR('',#8784,1.);
#8784 = DIRECTION('',(-0.,1.,0.));
#8785 = PCURVE('',#7089,#8786);
#8786 = DEFINITIONAL_REPRESENTATION('',(#8787),#8791);
#8787 = LINE('',#8788,#8789);
#8788 = CARTESIAN_POINT('',(2.,0.));
#8789 = VECTOR('',#8790,1.);
#8790 = DIRECTION('',(0.,1.));
#8791 = ( GEOMETRIC_REPRESENTATION_CONTEXT(2) 
PARAMETRIC_REPRESENTATION_CONTEXT() REPRESENTATION_CONTEXT('2D SPACE',''
  ) );
#8792 = PCURVE('',#7171,#8793);
#8793 = DEFINITIONAL_REPRESENTATION('',(#8794),#8798);
#8794 = LINE('',#8795,#8796);
#8795 = CARTESIAN_POINT('',(1.8,0.));
#8796 = VECTOR('',#8797,1.);
#8797 = DIRECTION('',(0.,-1.));
#8798 = ( GEOMETRIC_REPRESENTATION_CONTEXT(2) 
PARAMETRIC_REPRESENTATION_CONTEXT() REPRESENTATION_CONTEXT('2D SPACE',''
  ) );
#8799 = ORIENTED_EDGE('',*,*,#7071,.F.);
#8800 = ADVANCED_FACE('',(#8801),#7117,.F.);
#8801 = FACE_BOUND('',#8802,.F.);
#8802 = EDGE_LOOP('',(#8803,#8804,#8827,#8848));
#8803 = ORIENTED_EDGE('',*,*,#8728,.F.);
#8804 = ORIENTED_EDGE('',*,*,#8805,.F.);
#8805 = EDGE_CURVE('',#8806,#8729,#8808,.T.);
#8806 = VERTEX_POINT('',#8807);
#8807 = CARTESIAN_POINT('',(16.,-21.5,0.5));
#8808 = SURFACE_CURVE('',#8809,(#8813,#8820),.PCURVE_S1.);
#8809 = LINE('',#8810,#8811);
#8810 = CARTESIAN_POINT('',(16.,-21.5,0.5));
#8811 = VECTOR('',#8812,1.);
#8812 = DIRECTION('',(0.,0.,1.));
#8813 = PCURVE('',#7117,#8814);
#8814 = DEFINITIONAL_REPRESENTATION('',(#8815),#8819);
#8815 = LINE('',#8816,#8817);
#8816 = CARTESIAN_POINT('',(0.,0.));
#8817 = VECTOR('',#8818,1.);
#8818 = DIRECTION('',(1.,0.));
#8819 = ( GEOMETRIC_REPRESENTATION_CONTEXT(2) 
PARAMETRIC_REPRESENTATION_CONTEXT() REPRESENTATION_CONTEXT('2D SPACE',''
  ) );
#8820 = PCURVE('',#8767,#8821);
#8821 = DEFINITIONAL_REPRESENTATION('',(#8822),#8826);
#8822 = LINE('',#8823,#8824);
#8823 = CARTESIAN_POINT('',(0.,0.));
#8824 = VECTOR('',#8825,1.);
#8825 = DIRECTION('',(1.,0.));
#8826 = ( GEOMETRIC_REPRESENTATION_CONTEXT(2) 
PARAMETRIC_REPRESENTATION_CONTEXT() REPRESENTATION_CONTEXT('2D SPACE',''
  ) );
#8827 = ORIENTED_EDGE('',*,*,#8828,.T.);
#8828 = EDGE_CURVE('',#8806,#7102,#8829,.T.);
#8829 = SURFACE_CURVE('',#8830,(#8834,#8841),.PCURVE_S1.);
#8830 = LINE('',#8831,#8832);
#8831 = CARTESIAN_POINT('',(16.,-21.5,0.5));
#8832 = VECTOR('',#8833,1.);
#8833 = DIRECTION('',(-0.,1.,0.));
#8834 = PCURVE('',#7117,#8835);
#8835 = DEFINITIONAL_REPRESENTATION('',(#8836),#8840);
#8836 = LINE('',#8837,#8838);
#8837 = CARTESIAN_POINT('',(0.,0.));
#8838 = VECTOR('',#8839,1.);
#8839 = DIRECTION('',(0.,-1.));
#8840 = ( GEOMETRIC_REPRESENTATION_CONTEXT(2) 
PARAMETRIC_REPRESENTATION_CONTEXT() REPRESENTATION_CONTEXT('2D SPACE',''
  ) );
#8841 = PCURVE('',#7145,#8842);
#8842 = DEFINITIONAL_REPRESENTATION('',(#8843),#8847);
#8843 = LINE('',#8844,#8845);
#8844 = CARTESIAN_POINT('',(0.,0.));
#8845 = VECTOR('',#8846,1.);
#8846 = DIRECTION('',(0.,1.));
#8847 = ( GEOMETRIC_REPRESENTATION_CONTEXT(2) 
PARAMETRIC_REPRESENTATION_CONTEXT() REPRESENTATION_CONTEXT('2D SPACE',''
  ) );
#8848 = ORIENTED_EDGE('',*,*,#7101,.F.);
#8849 = ADVANCED_FACE('',(#8850),#7145,.F.);
#8850 = FACE_BOUND('',#8851,.F.);
#8851 = EDGE_LOOP('',(#8852,#8853,#8876,#8897));
#8852 = ORIENTED_EDGE('',*,*,#8828,.F.);
#8853 = ORIENTED_EDGE('',*,*,#8854,.T.);
#8854 = EDGE_CURVE('',#8806,#8855,#8857,.T.);
#8855 = VERTEX_POINT('',#8856);
#8856 = CARTESIAN_POINT('',(18.,-21.5,0.5));
#8857 = SURFACE_CURVE('',#8858,(#8862,#8869),.PCURVE_S1.);
#8858 = LINE('',#8859,#8860);
#8859 = CARTESIAN_POINT('',(16.,-21.5,0.5));
#8860 = VECTOR('',#8861,1.);
#8861 = DIRECTION('',(1.,0.,-0.));
#8862 = PCURVE('',#7145,#8863);
#8863 = DEFINITIONAL_REPRESENTATION('',(#8864),#8868);
#8864 = LINE('',#8865,#8866);
#8865 = CARTESIAN_POINT('',(0.,0.));
#8866 = VECTOR('',#8867,1.);
#8867 = DIRECTION('',(1.,0.));
#8868 = ( GEOMETRIC_REPRESENTATION_CONTEXT(2) 
PARAMETRIC_REPRESENTATION_CONTEXT() REPRESENTATION_CONTEXT('2D SPACE',''
  ) );
#8869 = PCURVE('',#8767,#8870);
#8870 = DEFINITIONAL_REPRESENTATION('',(#8871),#8875);
#8871 = LINE('',#8872,#8873);
#8872 = CARTESIAN_POINT('',(0.,0.));
#8873 = VECTOR('',#8874,1.);
#8874 = DIRECTION('',(0.,1.));
#8875 = ( GEOMETRIC_REPRESENTATION_CONTEXT(2) 
PARAMETRIC_REPRESENTATION_CONTEXT() REPRESENTATION_CONTEXT('2D SPACE',''
  ) );
#8876 = ORIENTED_EDGE('',*,*,#8877,.T.);
#8877 = EDGE_CURVE('',#8855,#7130,#8878,.T.);
#8878 = SURFACE_CURVE('',#8879,(#8883,#8890),.PCURVE_S1.);
#8879 = LINE('',#8880,#8881);
#8880 = CARTESIAN_POINT('',(18.,-21.5,0.5));
#8881 = VECTOR('',#8882,1.);
#8882 = DIRECTION('',(-0.,1.,0.));
#8883 = PCURVE('',#7145,#8884);
#8884 = DEFINITIONAL_REPRESENTATION('',(#8885),#8889);
#8885 = LINE('',#8886,#8887);
#8886 = CARTESIAN_POINT('',(2.,0.));
#8887 = VECTOR('',#8888,1.);
#8888 = DIRECTION('',(0.,1.));
#8889 = ( GEOMETRIC_REPRESENTATION_CONTEXT(2) 
PARAMETRIC_REPRESENTATION_CONTEXT() REPRESENTATION_CONTEXT('2D SPACE',''
  ) );
#8890 = PCURVE('',#7171,#8891);
#8891 = DEFINITIONAL_REPRESENTATION('',(#8892),#8896);
#8892 = LINE('',#8893,#8894);
#8893 = CARTESIAN_POINT('',(0.,0.));
#8894 = VECTOR('',#8895,1.);
#8895 = DIRECTION('',(0.,-1.));
#8896 = ( GEOMETRIC_REPRESENTATION_CONTEXT(2) 
PARAMETRIC_REPRESENTATION_CONTEXT() REPRESENTATION_CONTEXT('2D SPACE',''
  ) );
#8897 = ORIENTED_EDGE('',*,*,#7129,.F.);
#8898 = ADVANCED_FACE('',(#8899),#7171,.T.);
#8899 = FACE_BOUND('',#8900,.T.);
#8900 = EDGE_LOOP('',(#8901,#8902,#8923,#8924));
#8901 = ORIENTED_EDGE('',*,*,#8779,.F.);
#8902 = ORIENTED_EDGE('',*,*,#8903,.F.);
#8903 = EDGE_CURVE('',#8855,#8752,#8904,.T.);
#8904 = SURFACE_CURVE('',#8905,(#8909,#8916),.PCURVE_S1.);
#8905 = LINE('',#8906,#8907);
#8906 = CARTESIAN_POINT('',(18.,-21.5,0.5));
#8907 = VECTOR('',#8908,1.);
#8908 = DIRECTION('',(0.,0.,1.));
#8909 = PCURVE('',#7171,#8910);
#8910 = DEFINITIONAL_REPRESENTATION('',(#8911),#8915);
#8911 = LINE('',#8912,#8913);
#8912 = CARTESIAN_POINT('',(0.,0.));
#8913 = VECTOR('',#8914,1.);
#8914 = DIRECTION('',(1.,0.));
#8915 = ( GEOMETRIC_REPRESENTATION_CONTEXT(2) 
PARAMETRIC_REPRESENTATION_CONTEXT() REPRESENTATION_CONTEXT('2D SPACE',''
  ) );
#8916 = PCURVE('',#8767,#8917);
#8917 = DEFINITIONAL_REPRESENTATION('',(#8918),#8922);
#8918 = LINE('',#8919,#8920);
#8919 = CARTESIAN_POINT('',(0.,2.));
#8920 = VECTOR('',#8921,1.);
#8921 = DIRECTION('',(1.,0.));
#8922 = ( GEOMETRIC_REPRESENTATION_CONTEXT(2) 
PARAMETRIC_REPRESENTATION_CONTEXT() REPRESENTATION_CONTEXT('2D SPACE',''
  ) );
#8923 = ORIENTED_EDGE('',*,*,#8877,.T.);
#8924 = ORIENTED_EDGE('',*,*,#7157,.F.);
#8925 = ADVANCED_FACE('',(#8926),#7275,.T.);
#8926 = FACE_BOUND('',#8927,.T.);
#8927 = EDGE_LOOP('',(#8928,#8951,#8979,#9000));
#8928 = ORIENTED_EDGE('',*,*,#8929,.F.);
#8929 = EDGE_CURVE('',#8930,#7258,#8932,.T.);
#8930 = VERTEX_POINT('',#8931);
#8931 = CARTESIAN_POINT('',(-18.,-21.5,2.3));
#8932 = SURFACE_CURVE('',#8933,(#8937,#8944),.PCURVE_S1.);
#8933 = LINE('',#8934,#8935);
#8934 = CARTESIAN_POINT('',(-18.,-21.5,2.3));
#8935 = VECTOR('',#8936,1.);
#8936 = DIRECTION('',(-0.,1.,0.));
#8937 = PCURVE('',#7275,#8938);
#8938 = DEFINITIONAL_REPRESENTATION('',(#8939),#8943);
#8939 = LINE('',#8940,#8941);
#8940 = CARTESIAN_POINT('',(0.,0.));
#8941 = VECTOR('',#8942,1.);
#8942 = DIRECTION('',(0.,1.));
#8943 = ( GEOMETRIC_REPRESENTATION_CONTEXT(2) 
PARAMETRIC_REPRESENTATION_CONTEXT() REPRESENTATION_CONTEXT('2D SPACE',''
  ) );
#8944 = PCURVE('',#7303,#8945);
#8945 = DEFINITIONAL_REPRESENTATION('',(#8946),#8950);
#8946 = LINE('',#8947,#8948);
#8947 = CARTESIAN_POINT('',(1.8,0.));
#8948 = VECTOR('',#8949,1.);
#8949 = DIRECTION('',(0.,-1.));
#8950 = ( GEOMETRIC_REPRESENTATION_CONTEXT(2) 
PARAMETRIC_REPRESENTATION_CONTEXT() REPRESENTATION_CONTEXT('2D SPACE',''
  ) );
#8951 = ORIENTED_EDGE('',*,*,#8952,.T.);
#8952 = EDGE_CURVE('',#8930,#8953,#8955,.T.);
#8953 = VERTEX_POINT('',#8954);
#8954 = CARTESIAN_POINT('',(-16.,-21.5,2.3));
#8955 = SURFACE_CURVE('',#8956,(#8960,#8967),.PCURVE_S1.);
#8956 = LINE('',#8957,#8958);
#8957 = CARTESIAN_POINT('',(-18.,-21.5,2.3));
#8958 = VECTOR('',#8959,1.);
#8959 = DIRECTION('',(1.,0.,-0.));
#8960 = PCURVE('',#7275,#8961);
#8961 = DEFINITIONAL_REPRESENTATION('',(#8962),#8966);
#8962 = LINE('',#8963,#8964);
#8963 = CARTESIAN_POINT('',(0.,0.));
#8964 = VECTOR('',#8965,1.);
#8965 = DIRECTION('',(1.,0.));
#8966 = ( GEOMETRIC_REPRESENTATION_CONTEXT(2) 
PARAMETRIC_REPRESENTATION_CONTEXT() REPRESENTATION_CONTEXT('2D SPACE',''
  ) );
#8967 = PCURVE('',#8968,#8973);
#8968 = PLANE('',#8969);
#8969 = AXIS2_PLACEMENT_3D('',#8970,#8971,#8972);
#8970 = CARTESIAN_POINT('',(-18.,-21.5,0.5));
#8971 = DIRECTION('',(-0.,1.,0.));
#8972 = DIRECTION('',(0.,0.,1.));
#8973 = DEFINITIONAL_REPRESENTATION('',(#8974),#8978);
#8974 = LINE('',#8975,#8976);
#8975 = CARTESIAN_POINT('',(1.8,0.));
#8976 = VECTOR('',#8977,1.);
#8977 = DIRECTION('',(0.,1.));
#8978 = ( GEOMETRIC_REPRESENTATION_CONTEXT(2) 
PARAMETRIC_REPRESENTATION_CONTEXT() REPRESENTATION_CONTEXT('2D SPACE',''
  ) );
#8979 = ORIENTED_EDGE('',*,*,#8980,.T.);
#8980 = EDGE_CURVE('',#8953,#7260,#8981,.T.);
#8981 = SURFACE_CURVE('',#8982,(#8986,#8993),.PCURVE_S1.);
#8982 = LINE('',#8983,#8984);
#8983 = CARTESIAN_POINT('',(-16.,-21.5,2.3));
#8984 = VECTOR('',#8985,1.);
#8985 = DIRECTION('',(-0.,1.,0.));
#8986 = PCURVE('',#7275,#8987);
#8987 = DEFINITIONAL_REPRESENTATION('',(#8988),#8992);
#8988 = LINE('',#8989,#8990);
#8989 = CARTESIAN_POINT('',(2.,0.));
#8990 = VECTOR('',#8991,1.);
#8991 = DIRECTION('',(0.,1.));
#8992 = ( GEOMETRIC_REPRESENTATION_CONTEXT(2) 
PARAMETRIC_REPRESENTATION_CONTEXT() REPRESENTATION_CONTEXT('2D SPACE',''
  ) );
#8993 = PCURVE('',#7357,#8994);
#8994 = DEFINITIONAL_REPRESENTATION('',(#8995),#8999);
#8995 = LINE('',#8996,#8997);
#8996 = CARTESIAN_POINT('',(1.8,0.));
#8997 = VECTOR('',#8998,1.);
#8998 = DIRECTION('',(0.,-1.));
#8999 = ( GEOMETRIC_REPRESENTATION_CONTEXT(2) 
PARAMETRIC_REPRESENTATION_CONTEXT() REPRESENTATION_CONTEXT('2D SPACE',''
  ) );
#9000 = ORIENTED_EDGE('',*,*,#7257,.F.);
#9001 = ADVANCED_FACE('',(#9002),#7303,.F.);
#9002 = FACE_BOUND('',#9003,.F.);
#9003 = EDGE_LOOP('',(#9004,#9005,#9028,#9049));
#9004 = ORIENTED_EDGE('',*,*,#8929,.F.);
#9005 = ORIENTED_EDGE('',*,*,#9006,.F.);
#9006 = EDGE_CURVE('',#9007,#8930,#9009,.T.);
#9007 = VERTEX_POINT('',#9008);
#9008 = CARTESIAN_POINT('',(-18.,-21.5,0.5));
#9009 = SURFACE_CURVE('',#9010,(#9014,#9021),.PCURVE_S1.);
#9010 = LINE('',#9011,#9012);
#9011 = CARTESIAN_POINT('',(-18.,-21.5,0.5));
#9012 = VECTOR('',#9013,1.);
#9013 = DIRECTION('',(0.,0.,1.));
#9014 = PCURVE('',#7303,#9015);
#9015 = DEFINITIONAL_REPRESENTATION('',(#9016),#9020);
#9016 = LINE('',#9017,#9018);
#9017 = CARTESIAN_POINT('',(0.,0.));
#9018 = VECTOR('',#9019,1.);
#9019 = DIRECTION('',(1.,0.));
#9020 = ( GEOMETRIC_REPRESENTATION_CONTEXT(2) 
PARAMETRIC_REPRESENTATION_CONTEXT() REPRESENTATION_CONTEXT('2D SPACE',''
  ) );
#9021 = PCURVE('',#8968,#9022);
#9022 = DEFINITIONAL_REPRESENTATION('',(#9023),#9027);
#9023 = LINE('',#9024,#9025);
#9024 = CARTESIAN_POINT('',(0.,0.));
#9025 = VECTOR('',#9026,1.);
#9026 = DIRECTION('',(1.,0.));
#9027 = ( GEOMETRIC_REPRESENTATION_CONTEXT(2) 
PARAMETRIC_REPRESENTATION_CONTEXT() REPRESENTATION_CONTEXT('2D SPACE',''
  ) );
#9028 = ORIENTED_EDGE('',*,*,#9029,.T.);
#9029 = EDGE_CURVE('',#9007,#7288,#9030,.T.);
#9030 = SURFACE_CURVE('',#9031,(#9035,#9042),.PCURVE_S1.);
#9031 = LINE('',#9032,#9033);
#9032 = CARTESIAN_POINT('',(-18.,-21.5,0.5));
#9033 = VECTOR('',#9034,1.);
#9034 = DIRECTION('',(-0.,1.,0.));
#9035 = PCURVE('',#7303,#9036);
#9036 = DEFINITIONAL_REPRESENTATION('',(#9037),#9041);
#9037 = LINE('',#9038,#9039);
#9038 = CARTESIAN_POINT('',(0.,0.));
#9039 = VECTOR('',#9040,1.);
#9040 = DIRECTION('',(0.,-1.));
#9041 = ( GEOMETRIC_REPRESENTATION_CONTEXT(2) 
PARAMETRIC_REPRESENTATION_CONTEXT() REPRESENTATION_CONTEXT('2D SPACE',''
  ) );
#9042 = PCURVE('',#7331,#9043);
#9043 = DEFINITIONAL_REPRESENTATION('',(#9044),#9048);
#9044 = LINE('',#9045,#9046);
#9045 = CARTESIAN_POINT('',(0.,0.));
#9046 = VECTOR('',#9047,1.);
#9047 = DIRECTION('',(0.,1.));
#9048 = ( GEOMETRIC_REPRESENTATION_CONTEXT(2) 
PARAMETRIC_REPRESENTATION_CONTEXT() REPRESENTATION_CONTEXT('2D SPACE',''
  ) );
#9049 = ORIENTED_EDGE('',*,*,#7287,.F.);
#9050 = ADVANCED_FACE('',(#9051),#7331,.F.);
#9051 = FACE_BOUND('',#9052,.F.);
#9052 = EDGE_LOOP('',(#9053,#9054,#9077,#9098));
#9053 = ORIENTED_EDGE('',*,*,#9029,.F.);
#9054 = ORIENTED_EDGE('',*,*,#9055,.T.);
#9055 = EDGE_CURVE('',#9007,#9056,#9058,.T.);
#9056 = VERTEX_POINT('',#9057);
#9057 = CARTESIAN_POINT('',(-16.,-21.5,0.5));
#9058 = SURFACE_CURVE('',#9059,(#9063,#9070),.PCURVE_S1.);
#9059 = LINE('',#9060,#9061);
#9060 = CARTESIAN_POINT('',(-18.,-21.5,0.5));
#9061 = VECTOR('',#9062,1.);
#9062 = DIRECTION('',(1.,0.,-0.));
#9063 = PCURVE('',#7331,#9064);
#9064 = DEFINITIONAL_REPRESENTATION('',(#9065),#9069);
#9065 = LINE('',#9066,#9067);
#9066 = CARTESIAN_POINT('',(0.,0.));
#9067 = VECTOR('',#9068,1.);
#9068 = DIRECTION('',(1.,0.));
#9069 = ( GEOMETRIC_REPRESENTATION_CONTEXT(2) 
PARAMETRIC_REPRESENTATION_CONTEXT() REPRESENTATION_CONTEXT('2D SPACE',''
  ) );
#9070 = PCURVE('',#8968,#9071);
#9071 = DEFINITIONAL_REPRESENTATION('',(#9072),#9076);
#9072 = LINE('',#9073,#9074);
#9073 = CARTESIAN_POINT('',(0.,0.));
#9074 = VECTOR('',#9075,1.);
#9075 = DIRECTION('',(0.,1.));
#9076 = ( GEOMETRIC_REPRESENTATION_CONTEXT(2) 
PARAMETRIC_REPRESENTATION_CONTEXT() REPRESENTATION_CONTEXT('2D SPACE',''
  ) );
#9077 = ORIENTED_EDGE('',*,*,#9078,.T.);
#9078 = EDGE_CURVE('',#9056,#7316,#9079,.T.);
#9079 = SURFACE_CURVE('',#9080,(#9084,#9091),.PCURVE_S1.);
#9080 = LINE('',#9081,#9082);
#9081 = CARTESIAN_POINT('',(-16.,-21.5,0.5));
#9082 = VECTOR('',#9083,1.);
#9083 = DIRECTION('',(-0.,1.,0.));
#9084 = PCURVE('',#7331,#9085);
#9085 = DEFINITIONAL_REPRESENTATION('',(#9086),#9090);
#9086 = LINE('',#9087,#9088);
#9087 = CARTESIAN_POINT('',(2.,0.));
#9088 = VECTOR('',#9089,1.);
#9089 = DIRECTION('',(0.,1.));
#9090 = ( GEOMETRIC_REPRESENTATION_CONTEXT(2) 
PARAMETRIC_REPRESENTATION_CONTEXT() REPRESENTATION_CONTEXT('2D SPACE',''
  ) );
#9091 = PCURVE('',#7357,#9092);
#9092 = DEFINITIONAL_REPRESENTATION('',(#9093),#9097);
#9093 = LINE('',#9094,#9095);
#9094 = CARTESIAN_POINT('',(0.,0.));
#9095 = VECTOR('',#9096,1.);
#9096 = DIRECTION('',(0.,-1.));
#9097 = ( GEOMETRIC_REPRESENTATION_CONTEXT(2) 
PARAMETRIC_REPRESENTATION_CONTEXT() REPRESENTATION_CONTEXT('2D SPACE',''
  ) );
#9098 = ORIENTED_EDGE('',*,*,#7315,.F.);
#9099 = ADVANCED_FACE('',(#9100),#7357,.T.);
#9100 = FACE_BOUND('',#9101,.T.);
#9101 = EDGE_LOOP('',(#9102,#9103,#9124,#9125));
#9102 = ORIENTED_EDGE('',*,*,#8980,.F.);
#9103 = ORIENTED_EDGE('',*,*,#9104,.F.);
#9104 = EDGE_CURVE('',#9056,#8953,#9105,.T.);
#9105 = SURFACE_CURVE('',#9106,(#9110,#9117),.PCURVE_S1.);
#9106 = LINE('',#9107,#9108);
#9107 = CARTESIAN_POINT('',(-16.,-21.5,0.5));
#9108 = VECTOR('',#9109,1.);
#9109 = DIRECTION('',(0.,0.,1.));
#9110 = PCURVE('',#7357,#9111);
#9111 = DEFINITIONAL_REPRESENTATION('',(#9112),#9116);
#9112 = LINE('',#9113,#9114);
#9113 = CARTESIAN_POINT('',(0.,0.));
#9114 = VECTOR('',#9115,1.);
#9115 = DIRECTION('',(1.,0.));
#9116 = ( GEOMETRIC_REPRESENTATION_CONTEXT(2) 
PARAMETRIC_REPRESENTATION_CONTEXT() REPRESENTATION_CONTEXT('2D SPACE',''
  ) );
#9117 = PCURVE('',#8968,#9118);
#9118 = DEFINITIONAL_REPRESENTATION('',(#9119),#9123);
#9119 = LINE('',#9120,#9121);
#9120 = CARTESIAN_POINT('',(0.,2.));
#9121 = VECTOR('',#9122,1.);
#9122 = DIRECTION('',(1.,0.));
#9123 = ( GEOMETRIC_REPRESENTATION_CONTEXT(2) 
PARAMETRIC_REPRESENTATION_CONTEXT() REPRESENTATION_CONTEXT('2D SPACE',''
  ) );
#9124 = ORIENTED_EDGE('',*,*,#9078,.T.);
#9125 = ORIENTED_EDGE('',*,*,#7343,.F.);
#9126 = ADVANCED_FACE('',(#9127),#7419,.F.);
#9127 = FACE_BOUND('',#9128,.F.);
#9128 = EDGE_LOOP('',(#9129,#9130,#9151,#9152,#9153));
#9129 = ORIENTED_EDGE('',*,*,#7400,.T.);
#9130 = ORIENTED_EDGE('',*,*,#9131,.T.);
#9131 = EDGE_CURVE('',#7403,#7645,#9132,.T.);
#9132 = SEAM_CURVE('',#9133,(#9137,#9144),.PCURVE_S1.);
#9133 = LINE('',#9134,#9135);
#9134 = CARTESIAN_POINT('',(-12.65093768657,-14.71714881219,
    2.999684915576));
#9135 = VECTOR('',#9136,1.);
#9136 = DIRECTION('',(0.,0.,1.));
#9137 = PCURVE('',#7419,#9138);
#9138 = DEFINITIONAL_REPRESENTATION('',(#9139),#9143);
#9139 = LINE('',#9140,#9141);
#9140 = CARTESIAN_POINT('',(9.424777960769,0.));
#9141 = VECTOR('',#9142,1.);
#9142 = DIRECTION('',(0.,1.));
#9143 = ( GEOMETRIC_REPRESENTATION_CONTEXT(2) 
PARAMETRIC_REPRESENTATION_CONTEXT() REPRESENTATION_CONTEXT('2D SPACE',''
  ) );
#9144 = PCURVE('',#7419,#9145);
#9145 = DEFINITIONAL_REPRESENTATION('',(#9146),#9150);
#9146 = LINE('',#9147,#9148);
#9147 = CARTESIAN_POINT('',(3.14159265359,0.));
#9148 = VECTOR('',#9149,1.);
#9149 = DIRECTION('',(0.,1.));
#9150 = ( GEOMETRIC_REPRESENTATION_CONTEXT(2) 
PARAMETRIC_REPRESENTATION_CONTEXT() REPRESENTATION_CONTEXT('2D SPACE',''
  ) );
#9151 = ORIENTED_EDGE('',*,*,#7644,.F.);
#9152 = ORIENTED_EDGE('',*,*,#9131,.F.);
#9153 = ORIENTED_EDGE('',*,*,#7454,.T.);
#9154 = ADVANCED_FACE('',(#9155),#7498,.F.);
#9155 = FACE_BOUND('',#9156,.F.);
#9156 = EDGE_LOOP('',(#9157,#9158,#9179,#9180,#9181));
#9157 = ORIENTED_EDGE('',*,*,#7479,.T.);
#9158 = ORIENTED_EDGE('',*,*,#9159,.T.);
#9159 = EDGE_CURVE('',#7482,#7671,#9160,.T.);
#9160 = SEAM_CURVE('',#9161,(#9165,#9172),.PCURVE_S1.);
#9161 = LINE('',#9162,#9163);
#9162 = CARTESIAN_POINT('',(9.34906231343,-14.71714881219,2.999684915576
    ));
#9163 = VECTOR('',#9164,1.);
#9164 = DIRECTION('',(0.,0.,1.));
#9165 = PCURVE('',#7498,#9166);
#9166 = DEFINITIONAL_REPRESENTATION('',(#9167),#9171);
#9167 = LINE('',#9168,#9169);
#9168 = CARTESIAN_POINT('',(9.424777960769,0.));
#9169 = VECTOR('',#9170,1.);
#9170 = DIRECTION('',(0.,1.));
#9171 = ( GEOMETRIC_REPRESENTATION_CONTEXT(2) 
PARAMETRIC_REPRESENTATION_CONTEXT() REPRESENTATION_CONTEXT('2D SPACE',''
  ) );
#9172 = PCURVE('',#7498,#9173);
#9173 = DEFINITIONAL_REPRESENTATION('',(#9174),#9178);
#9174 = LINE('',#9175,#9176);
#9175 = CARTESIAN_POINT('',(3.14159265359,0.));
#9176 = VECTOR('',#9177,1.);
#9177 = DIRECTION('',(0.,1.));
#9178 = ( GEOMETRIC_REPRESENTATION_CONTEXT(2) 
PARAMETRIC_REPRESENTATION_CONTEXT() REPRESENTATION_CONTEXT('2D SPACE',''
  ) );
#9179 = ORIENTED_EDGE('',*,*,#7670,.F.);
#9180 = ORIENTED_EDGE('',*,*,#9159,.F.);
#9181 = ORIENTED_EDGE('',*,*,#7533,.T.);
#9182 = ADVANCED_FACE('',(#9183),#8767,.F.);
#9183 = FACE_BOUND('',#9184,.F.);
#9184 = EDGE_LOOP('',(#9185,#9186,#9187,#9188));
#9185 = ORIENTED_EDGE('',*,*,#8854,.F.);
#9186 = ORIENTED_EDGE('',*,*,#8805,.T.);
#9187 = ORIENTED_EDGE('',*,*,#8751,.T.);
#9188 = ORIENTED_EDGE('',*,*,#8903,.F.);
#9189 = ADVANCED_FACE('',(#9190),#8968,.F.);
#9190 = FACE_BOUND('',#9191,.F.);
#9191 = EDGE_LOOP('',(#9192,#9193,#9194,#9195));
#9192 = ORIENTED_EDGE('',*,*,#9055,.F.);
#9193 = ORIENTED_EDGE('',*,*,#9006,.T.);
#9194 = ORIENTED_EDGE('',*,*,#8952,.T.);
#9195 = ORIENTED_EDGE('',*,*,#9104,.F.);
#9196 = ( GEOMETRIC_REPRESENTATION_CONTEXT(3) 
GLOBAL_UNCERTAINTY_ASSIGNED_CONTEXT((#9200)) 
GLOBAL_UNIT_ASSIGNED_CONTEXT((#9197,#9198,#9199)) REPRESENTATION_CONTEXT
('Context #1','3D Context with UNIT and UNCERTAINTY') );
#9197 = ( LENGTH_UNIT() NAMED_UNIT(*) SI_UNIT(.MILLI.,.METRE.) );
#9198 = ( NAMED_UNIT(*) PLANE_ANGLE_UNIT() SI_UNIT($,.RADIAN.) );
#9199 = ( NAMED_UNIT(*) SI_UNIT($,.STERADIAN.) SOLID_ANGLE_UNIT() );
#9200 = UNCERTAINTY_MEASURE_WITH_UNIT(LENGTH_MEASURE(2.E-07),#9197,
  'distance_accuracy_value','confusion accuracy');
#9201 = PRODUCT_RELATED_PRODUCT_CATEGORY('part',$,(#7));
ENDSEC;
END-ISO-10303-21;
